obs_id,prediction
0,13
1,2
2,19
3,6
4,22
5,2
6,3
7,20
8,14
9,2
10,14
11,1
12,7
13,22
14,6
15,11
16,13
17,6
18,1
19,13
20,13
21,1
22,13
23,22
24,3
25,9
26,11
27,18
28,15
29,19
30,13
31,11
32,2
33,7
34,22
35,13
36,13
37,7
38,5
39,19
40,1
41,22
42,18
43,9
44,17
45,4
46,13
47,19
48,13
49,1
50,18
51,2
52,18
53,11
54,2
55,3
56,2
57,16
58,7
59,1
60,19
61,22
62,15
63,7
64,13
65,9
66,18
67,11
68,8
69,13
70,11
71,13
72,18
73,18
74,20
75,8
76,18
77,13
78,13
79,11
80,18
81,2
82,22
83,13
84,0
85,18
86,22
87,11
88,17
89,14
90,13
91,14
92,21
93,13
94,19
95,18
96,22
97,11
98,18
99,13
100,3
101,14
102,19
103,22
104,1
105,1
106,14
107,14
108,13
109,9
110,22
111,7
112,19
113,13
114,22
115,7
116,13
117,9
118,13
119,18
120,7
121,3
122,13
123,19
124,13
125,11
126,13
127,7
128,11
129,11
130,18
131,5
132,13
133,8
134,9
135,19
136,5
137,13
138,7
139,13
140,19
141,23
142,1
143,7
144,13
145,9
146,7
147,9
148,1
149,7
150,19
151,18
152,20
153,10
154,19
155,2
156,1
157,13
158,18
159,21
160,1
161,18
162,11
163,13
164,0
165,2
166,18
167,2
168,11
169,18
170,13
171,11
172,21
173,21
174,7
175,18
176,23
177,7
178,10
179,13
180,22
181,4
182,11
183,10
184,14
185,22
186,1
187,13
188,4
189,11
190,22
191,11
192,11
193,2
194,1
195,5
196,5
197,8
198,4
199,21
200,18
201,15
202,19
203,1
204,1
205,7
206,22
207,1
208,7
209,19
210,17
211,23
212,3
213,1
214,14
215,8
216,7
217,13
218,7
219,13
220,7
221,13
222,18
223,19
224,19
225,11
226,14
227,13
228,19
229,13
230,7
231,23
232,21
233,7
234,1
235,11
236,11
237,19
238,1
239,21
240,4
241,2
242,0
243,14
244,21
245,20
246,4
247,11
248,12
249,7
250,3
251,13
252,11
253,19
254,1
255,13
256,3
257,7
258,22
259,11
260,22
261,16
262,7
263,1
264,2
265,11
266,13
267,19
268,5
269,16
270,19
271,11
272,11
273,13
274,13
275,5
276,23
277,7
278,1
279,23
280,8
281,9
282,5
283,13
284,7
285,13
286,7
287,18
288,13
289,7
290,19
291,1
292,13
293,13
294,1
295,7
296,14
297,7
298,11
299,20
300,18
301,7
302,13
303,11
304,18
305,14
306,7
307,2
308,23
309,3
310,2
311,22
312,1
313,1
314,13
315,18
316,23
317,20
318,13
319,13
320,5
321,21
322,5
323,13
324,13
325,23
326,3
327,13
328,7
329,13
330,11
331,13
332,13
333,13
334,1
335,12
336,9
337,11
338,2
339,18
340,10
341,22
342,4
343,13
344,21
345,18
346,12
347,7
348,13
349,9
350,19
351,3
352,1
353,13
354,11
355,7
356,23
357,23
358,7
359,8
360,7
361,16
362,9
363,1
364,23
365,19
366,2
367,18
368,22
369,19
370,2
371,18
372,11
373,5
374,1
375,23
376,13
377,13
378,1
379,7
380,16
381,1
382,11
383,13
384,5
385,11
386,14
387,7
388,11
389,21
390,14
391,8
392,11
393,13
394,13
395,19
396,9
397,11
398,14
399,19
400,11
401,4
402,7
403,11
404,7
405,22
406,12
407,4
408,4
409,1
410,21
411,1
412,21
413,13
414,22
415,18
416,18
417,19
418,11
419,13
420,10
421,19
422,13
423,19
424,11
425,4
426,13
427,2
428,7
429,2
430,22
431,1
432,13
433,13
434,14
435,1
436,11
437,1
438,18
439,16
440,0
441,18
442,1
443,13
444,19
445,5
446,22
447,7
448,2
449,18
450,13
451,14
452,6
453,1
454,13
455,13
456,21
457,11
458,11
459,7
460,13
461,11
462,22
463,1
464,19
465,23
466,10
467,7
468,19
469,3
470,15
471,8
472,18
473,8
474,18
475,13
476,23
477,8
478,13
479,19
480,18
481,13
482,11
483,11
484,14
485,9
486,19
487,13
488,19
489,2
490,19
491,18
492,18
493,13
494,13
495,13
496,1
497,1
498,11
499,7
500,2
501,11
502,1
503,13
504,11
505,0
506,16
507,8
508,22
509,8
510,4
511,14
512,1
513,18
514,16
515,11
516,13
517,0
518,13
519,22
520,19
521,11
522,19
523,18
524,7
525,20
526,11
527,2
528,11
529,2
530,19
531,2
532,19
533,7
534,13
535,21
536,11
537,11
538,22
539,9
540,16
541,18
542,19
543,7
544,16
545,7
546,1
547,15
548,19
549,19
550,15
551,3
552,7
553,13
554,22
555,13
556,14
557,7
558,13
559,2
560,8
561,1
562,11
563,18
564,19
565,4
566,18
567,1
568,13
569,16
570,2
571,13
572,1
573,7
574,14
575,2
576,9
577,11
578,18
579,13
580,14
581,2
582,23
583,22
584,23
585,14
586,19
587,16
588,11
589,2
590,23
591,19
592,13
593,2
594,7
595,13
596,21
597,22
598,0
599,22
600,13
601,11
602,14
603,19
604,8
605,22
606,21
607,18
608,18
609,5
610,16
611,13
612,2
613,13
614,11
615,11
616,22
617,7
618,13
619,1
620,21
621,13
622,4
623,2
624,2
625,19
626,2
627,11
628,6
629,1
630,3
631,9
632,13
633,13
634,13
635,2
636,22
637,19
638,7
639,11
640,9
641,12
642,21
643,18
644,19
645,11
646,0
647,12
648,13
649,1
650,18
651,13
652,13
653,13
654,13
655,19
656,22
657,18
658,19
659,18
660,21
661,21
662,2
663,13
664,14
665,1
666,13
667,20
668,13
669,5
670,18
671,8
672,18
673,22
674,8
675,13
676,13
677,7
678,11
679,20
680,2
681,19
682,20
683,11
684,11
685,9
686,19
687,5
688,22
689,13
690,23
691,1
692,7
693,19
694,18
695,19
696,13
697,19
698,13
699,1
700,2
701,19
702,11
703,21
704,1
705,7
706,7
707,4
708,19
709,19
710,13
711,1
712,18
713,14
714,16
715,5
716,19
717,9
718,12
719,1
720,22
721,7
722,7
723,19
724,2
725,18
726,9
727,13
728,1
729,1
730,13
731,13
732,11
733,2
734,5
735,10
736,22
737,13
738,5
739,1
740,20
741,4
742,7
743,19
744,17
745,22
746,3
747,19
748,11
749,11
750,22
751,8
752,23
753,1
754,13
755,0
756,21
757,2
758,13
759,9
760,1
761,19
762,11
763,8
764,1
765,19
766,8
767,13
768,13
769,4
770,2
771,5
772,19
773,7
774,22
775,7
776,19
777,11
778,19
779,9
780,20
781,22
782,21
783,22
784,19
785,13
786,13
787,9
788,1
789,13
790,13
791,11
792,23
793,13
794,11
795,7
796,13
797,18
798,16
799,11
800,13
801,7
802,18
803,19
804,19
805,11
806,1
807,22
808,19
809,13
810,14
811,22
812,13
813,3
814,11
815,5
816,19
817,13
818,9
819,13
820,13
821,1
822,6
823,7
824,15
825,5
826,2
827,1
828,7
829,8
830,11
831,6
832,13
833,18
834,9
835,23
836,1
837,14
838,9
839,1
840,2
841,7
842,22
843,7
844,7
845,7
846,1
847,20
848,7
849,9
850,7
851,7
852,11
853,7
854,11
855,7
856,3
857,1
858,13
859,19
860,19
861,7
862,13
863,2
864,1
865,7
866,11
867,1
868,16
869,1
870,7
871,11
872,6
873,14
874,9
875,11
876,1
877,18
878,7
879,7
880,19
881,23
882,19
883,3
884,13
885,7
886,13
887,13
888,23
889,8
890,11
891,13
892,11
893,13
894,22
895,14
896,14
897,10
898,23
899,11
900,7
901,13
902,20
903,19
904,19
905,21
906,3
907,22
908,1
909,7
910,14
911,18
912,13
913,10
914,11
915,2
916,22
917,7
918,13
919,1
920,8
921,3
922,23
923,2
924,7
925,1
926,23
927,1
928,19
929,13
930,13
931,19
932,13
933,7
934,1
935,20
936,1
937,16
938,16
939,11
940,7
941,19
942,13
943,11
944,8
945,7
946,20
947,18
948,21
949,1
950,18
951,1
952,21
953,21
954,19
955,1
956,9
957,13
958,8
959,11
960,13
961,4
962,6
963,1
964,14
965,22
966,18
967,13
968,9
969,20
970,21
971,13
972,11
973,19
974,14
975,13
976,11
977,19
978,19
979,0
980,7
981,10
982,7
983,16
984,14
985,21
986,7
987,17
988,13
989,19
990,13
991,19
992,22
993,23
994,19
995,19
996,1
997,11
998,7
999,7
1000,13
1001,13
1002,6
1003,18
1004,22
1005,13
1006,19
1007,18
1008,19
1009,0
1010,0
1011,2
1012,10
1013,7
1014,22
1015,11
1016,2
1017,13
1018,13
1019,19
1020,13
1021,11
1022,13
1023,8
1024,19
1025,18
1026,19
1027,13
1028,23
1029,1
1030,7
1031,22
1032,6
1033,2
1034,13
1035,23
1036,23
1037,9
1038,20
1039,21
1040,5
1041,19
1042,18
1043,23
1044,5
1045,7
1046,14
1047,11
1048,22
1049,23
1050,11
1051,7
1052,18
1053,18
1054,21
1055,7
1056,16
1057,13
1058,13
1059,19
1060,13
1061,18
1062,18
1063,13
1064,22
1065,7
1066,4
1067,1
1068,12
1069,21
1070,23
1071,13
1072,13
1073,13
1074,9
1075,2
1076,13
1077,19
1078,13
1079,22
1080,13
1081,15
1082,19
1083,9
1084,7
1085,9
1086,5
1087,22
1088,7
1089,11
1090,8
1091,7
1092,3
1093,13
1094,3
1095,18
1096,11
1097,1
1098,14
1099,14
1100,14
1101,4
1102,14
1103,2
1104,11
1105,11
1106,1
1107,13
1108,11
1109,7
1110,19
1111,22
1112,1
1113,2
1114,23
1115,22
1116,2
1117,7
1118,11
1119,8
1120,0
1121,19
1122,3
1123,11
1124,13
1125,10
1126,7
1127,23
1128,3
1129,19
1130,13
1131,5
1132,13
1133,2
1134,11
1135,21
1136,7
1137,2
1138,3
1139,7
1140,22
1141,19
1142,20
1143,16
1144,13
1145,1
1146,19
1147,22
1148,14
1149,13
1150,9
1151,13
1152,1
1153,22
1154,21
1155,13
1156,14
1157,13
1158,1
1159,13
1160,23
1161,23
1162,7
1163,11
1164,3
1165,19
1166,0
1167,1
1168,11
1169,13
1170,14
1171,21
1172,20
1173,11
1174,4
1175,13
1176,23
1177,7
1178,8
1179,13
1180,7
1181,11
1182,9
1183,11
1184,14
1185,6
1186,14
1187,8
1188,18
1189,7
1190,19
1191,5
1192,19
1193,22
1194,13
1195,11
1196,18
1197,5
1198,22
1199,1
1200,1
1201,6
1202,11
1203,16
1204,9
1205,11
1206,13
1207,21
1208,13
1209,13
1210,7
1211,13
1212,13
1213,3
1214,3
1215,21
1216,11
1217,18
1218,13
1219,11
1220,21
1221,1
1222,13
1223,13
1224,13
1225,3
1226,5
1227,6
1228,14
1229,2
1230,1
1231,19
1232,1
1233,13
1234,1
1235,1
1236,19
1237,2
1238,19
1239,6
1240,8
1241,21
1242,11
1243,2
1244,20
1245,4
1246,19
1247,19
1248,18
1249,21
1250,21
1251,1
1252,19
1253,13
1254,14
1255,21
1256,1
1257,8
1258,1
1259,3
1260,1
1261,21
1262,2
1263,19
1264,18
1265,19
1266,7
1267,5
1268,13
1269,18
1270,6
1271,19
1272,18
1273,8
1274,4
1275,14
1276,13
1277,23
1278,15
1279,13
1280,1
1281,11
1282,1
1283,13
1284,1
1285,11
1286,13
1287,21
1288,1
1289,22
1290,21
1291,7
1292,3
1293,2
1294,7
1295,19
1296,1
1297,17
1298,15
1299,18
1300,7
1301,13
1302,13
1303,11
1304,1
1305,11
1306,0
1307,10
1308,1
1309,22
1310,13
1311,13
1312,13
1313,21
1314,2
1315,19
1316,1
1317,7
1318,13
1319,23
1320,23
1321,22
1322,13
1323,1
1324,10
1325,13
1326,18
1327,4
1328,13
1329,9
1330,8
1331,14
1332,11
1333,21
1334,1
1335,19
1336,5
1337,21
1338,7
1339,7
1340,13
1341,18
1342,1
1343,22
1344,18
1345,13
1346,21
1347,13
1348,13
1349,18
1350,18
1351,13
1352,11
1353,19
1354,23
1355,22
1356,19
1357,13
1358,18
1359,21
1360,18
1361,1
1362,13
1363,3
1364,9
1365,18
1366,11
1367,12
1368,19
1369,13
1370,12
1371,13
1372,11
1373,13
1374,12
1375,13
1376,13
1377,13
1378,19
1379,18
1380,11
1381,2
1382,22
1383,11
1384,7
1385,18
1386,2
1387,19
1388,7
1389,19
1390,2
1391,15
1392,13
1393,7
1394,13
1395,11
1396,3
1397,11
1398,1
1399,13
1400,7
1401,23
1402,19
1403,2
1404,13
1405,1
1406,15
1407,1
1408,2
1409,22
1410,11
1411,7
1412,1
1413,13
1414,22
1415,14
1416,6
1417,13
1418,2
1419,18
1420,2
1421,18
1422,9
1423,20
1424,2
1425,13
1426,13
1427,21
1428,18
1429,11
1430,21
1431,18
1432,7
1433,3
1434,0
1435,13
1436,7
1437,18
1438,13
1439,13
1440,5
1441,11
1442,11
1443,19
1444,1
1445,7
1446,21
1447,21
1448,14
1449,19
1450,1
1451,21
1452,7
1453,2
1454,1
1455,13
1456,19
1457,21
1458,0
1459,8
1460,7
1461,18
1462,23
1463,1
1464,14
1465,13
1466,1
1467,7
1468,22
1469,13
1470,23
1471,1
1472,13
1473,2
1474,22
1475,13
1476,14
1477,13
1478,1
1479,13
1480,2
1481,21
1482,1
1483,13
1484,8
1485,21
1486,1
1487,2
1488,12
1489,7
1490,13
1491,11
1492,13
1493,11
1494,11
1495,14
1496,14
1497,11
1498,19
1499,19
1500,12
1501,1
1502,11
1503,11
1504,13
1505,19
1506,11
1507,13
1508,19
1509,2
1510,13
1511,22
1512,13
1513,19
1514,1
1515,1
1516,2
1517,11
1518,11
1519,18
1520,1
1521,19
1522,7
1523,13
1524,1
1525,3
1526,19
1527,12
1528,7
1529,13
1530,14
1531,7
1532,13
1533,13
1534,6
1535,14
1536,14
1537,11
1538,8
1539,3
1540,2
1541,10
1542,22
1543,2
1544,5
1545,3
1546,13
1547,18
1548,11
1549,1
1550,13
1551,2
1552,22
1553,23
1554,0
1555,11
1556,18
1557,13
1558,13
1559,7
1560,2
1561,18
1562,11
1563,9
1564,19
1565,9
1566,14
1567,19
1568,1
1569,0
1570,11
1571,19
1572,11
1573,2
1574,22
1575,11
1576,13
1577,2
1578,0
1579,11
1580,16
1581,13
1582,22
1583,11
1584,7
1585,4
1586,7
1587,23
1588,23
1589,18
1590,20
1591,14
1592,20
1593,1
1594,7
1595,22
1596,21
1597,2
1598,22
1599,2
1600,11
1601,19
1602,21
1603,19
1604,14
1605,5
1606,11
1607,7
1608,11
1609,18
1610,21
1611,7
1612,13
1613,22
1614,19
1615,13
1616,19
1617,22
1618,7
1619,13
1620,18
1621,21
1622,19
1623,13
1624,21
1625,22
1626,19
1627,3
1628,19
1629,11
1630,1
1631,13
1632,18
1633,13
1634,13
1635,11
1636,9
1637,10
1638,18
1639,19
1640,2
1641,2
1642,10
1643,19
1644,11
1645,1
1646,13
1647,1
1648,19
1649,13
1650,13
1651,11
1652,2
1653,15
1654,19
1655,4
1656,1
1657,11
1658,11
1659,19
1660,17
1661,18
1662,4
1663,13
1664,17
1665,5
1666,5
1667,5
1668,7
1669,10
1670,4
1671,19
1672,13
1673,11
1674,13
1675,19
1676,19
1677,21
1678,6
1679,1
1680,19
1681,19
1682,14
1683,22
1684,11
1685,14
1686,18
1687,1
1688,1
1689,5
1690,13
1691,22
1692,19
1693,3
1694,13
1695,11
1696,3
1697,13
1698,0
1699,1
1700,23
1701,13
1702,6
1703,6
1704,16
1705,13
1706,7
1707,19
1708,19
1709,18
1710,18
1711,13
1712,22
1713,2
1714,5
1715,13
1716,0
1717,13
1718,2
1719,13
1720,11
1721,19
1722,19
1723,7
1724,14
1725,16
1726,9
1727,1
1728,13
1729,7
1730,11
1731,0
1732,11
1733,2
1734,2
1735,5
1736,13
1737,13
1738,3
1739,8
1740,4
1741,3
1742,2
1743,13
1744,0
1745,14
1746,3
1747,1
1748,18
1749,11
1750,0
1751,7
1752,4
1753,2
1754,22
1755,7
1756,12
1757,2
1758,18
1759,13
1760,2
1761,2
1762,9
1763,2
1764,20
1765,7
1766,13
1767,2
1768,13
1769,21
1770,14
1771,13
1772,13
1773,19
1774,1
1775,18
1776,4
1777,11
1778,21
1779,9
1780,11
1781,13
1782,18
1783,1
1784,7
1785,2
1786,7
1787,11
1788,19
1789,11
1790,18
1791,18
1792,11
1793,8
1794,6
1795,23
1796,4
1797,11
1798,11
1799,13
1800,7
1801,6
1802,6
1803,23
1804,18
1805,11
1806,6
1807,5
1808,22
1809,11
1810,13
1811,13
1812,11
1813,6
1814,19
1815,11
1816,7
1817,11
1818,13
1819,7
1820,4
1821,18
1822,5
1823,1
1824,2
1825,2
1826,13
1827,15
1828,19
1829,22
1830,6
1831,11
1832,13
1833,21
1834,21
1835,1
1836,13
1837,18
1838,11
1839,13
1840,18
1841,14
1842,2
1843,16
1844,13
1845,13
1846,16
1847,7
1848,18
1849,13
1850,22
1851,11
1852,5
1853,22
1854,13
1855,2
1856,7
1857,13
1858,11
1859,23
1860,13
1861,2
1862,9
1863,13
1864,13
1865,13
1866,22
1867,13
1868,23
1869,11
1870,3
1871,9
1872,3
1873,19
1874,7
1875,1
1876,10
1877,18
1878,6
1879,3
1880,5
1881,7
1882,19
1883,13
1884,8
1885,19
1886,5
1887,13
1888,21
1889,18
1890,4
1891,4
1892,22
1893,19
1894,7
1895,0
1896,13
1897,13
1898,19
1899,22
1900,21
1901,1
1902,2
1903,11
1904,13
1905,1
1906,7
1907,15
1908,11
1909,19
1910,7
1911,13
1912,11
1913,18
1914,11
1915,1
1916,18
1917,19
1918,19
1919,11
1920,19
1921,5
1922,13
1923,13
1924,1
1925,1
1926,22
1927,18
1928,13
1929,18
1930,8
1931,22
1932,14
1933,19
1934,11
1935,7
1936,4
1937,10
1938,11
1939,3
1940,19
1941,2
1942,22
1943,6
1944,13
1945,19
1946,2
1947,22
1948,11
1949,2
1950,9
1951,2
1952,7
1953,21
1954,22
1955,1
1956,2
1957,22
1958,22
1959,0
1960,19
1961,10
1962,7
1963,1
1964,13
1965,1
1966,18
1967,13
1968,3
1969,11
1970,7
1971,18
1972,18
1973,19
1974,13
1975,11
1976,18
1977,18
1978,19
1979,2
1980,10
1981,2
1982,13
1983,13
1984,13
1985,2
1986,13
1987,14
1988,11
1989,14
1990,9
1991,1
1992,18
1993,5
1994,1
1995,11
1996,1
1997,15
1998,13
1999,22
2000,11
2001,7
2002,1
2003,2
2004,9
2005,18
2006,23
2007,1
2008,11
2009,19
2010,14
2011,11
2012,14
2013,2
2014,13
2015,13
2016,13
2017,19
2018,11
2019,7
2020,19
2021,6
2022,13
2023,13
2024,2
2025,1
2026,7
2027,23
2028,13
2029,13
2030,1
2031,13
2032,1
2033,14
2034,2
2035,13
2036,2
2037,11
2038,22
2039,13
2040,6
2041,2
2042,14
2043,11
2044,23
2045,19
2046,18
2047,8
2048,13
2049,21
2050,7
2051,1
2052,2
2053,0
2054,21
2055,2
2056,2
2057,23
2058,9
2059,0
2060,19
2061,11
2062,19
2063,11
2064,13
2065,13
2066,1
2067,1
2068,13
2069,22
2070,18
2071,4
2072,21
2073,2
2074,13
2075,11
2076,22
2077,19
2078,3
2079,1
2080,8
2081,1
2082,11
2083,18
2084,13
2085,13
2086,17
2087,19
2088,5
2089,0
2090,7
2091,13
2092,1
2093,19
2094,8
2095,22
2096,22
2097,11
2098,13
2099,23
2100,13
2101,13
2102,1
2103,14
2104,23
2105,18
2106,11
2107,19
2108,7
2109,7
2110,18
2111,18
2112,1
2113,13
2114,21
2115,21
2116,13
2117,13
2118,1
2119,13
2120,7
2121,2
2122,13
2123,1
2124,22
2125,1
2126,11
2127,11
2128,13
2129,2
2130,11
2131,13
2132,19
2133,16
2134,19
2135,13
2136,2
2137,22
2138,7
2139,13
2140,1
2141,1
2142,8
2143,9
2144,11
2145,13
2146,13
2147,11
2148,1
2149,7
2150,13
2151,11
2152,22
2153,22
2154,11
2155,21
2156,18
2157,19
2158,11
2159,11
2160,8
2161,4
2162,11
2163,5
2164,14
2165,23
2166,13
2167,13
2168,1
2169,13
2170,2
2171,1
2172,13
2173,19
2174,1
2175,11
2176,19
2177,2
2178,18
2179,11
2180,13
2181,11
2182,5
2183,18
2184,13
2185,2
2186,22
2187,9
2188,7
2189,11
2190,21
2191,13
2192,10
2193,18
2194,14
2195,19
2196,21
2197,7
2198,22
2199,11
2200,18
2201,13
2202,11
2203,2
2204,13
2205,19
2206,11
2207,2
2208,14
2209,13
2210,13
2211,1
2212,13
2213,13
2214,11
2215,13
2216,22
2217,13
2218,18
2219,2
2220,8
2221,2
2222,7
2223,1
2224,14
2225,19
2226,8
2227,2
2228,10
2229,19
2230,13
2231,4
2232,13
2233,19
2234,13
2235,11
2236,7
2237,14
2238,19
2239,19
2240,7
2241,2
2242,1
2243,7
2244,2
2245,13
2246,14
2247,11
2248,13
2249,18
2250,1
2251,7
2252,13
2253,20
2254,13
2255,1
2256,7
2257,13
2258,19
2259,4
2260,19
2261,1
2262,13
2263,22
2264,11
2265,21
2266,5
2267,13
2268,22
2269,13
2270,15
2271,19
2272,14
2273,13
2274,9
2275,13
2276,21
2277,13
2278,1
2279,8
2280,19
2281,10
2282,1
2283,18
2284,11
2285,7
2286,13
2287,22
2288,18
2289,1
2290,18
2291,7
2292,4
2293,3
2294,5
2295,14
2296,22
2297,18
2298,14
2299,13
2300,13
2301,13
2302,1
2303,13
2304,8
2305,1
2306,11
2307,9
2308,18
2309,13
2310,2
2311,22
2312,5
2313,13
2314,13
2315,19
2316,6
2317,2
2318,19
2319,13
2320,23
2321,4
2322,20
2323,1
2324,2
2325,21
2326,11
2327,14
2328,19
2329,8
2330,13
2331,11
2332,18
2333,1
2334,19
2335,13
2336,2
2337,19
2338,22
2339,19
2340,2
2341,22
2342,19
2343,1
2344,11
2345,8
2346,18
2347,11
2348,1
2349,13
2350,23
2351,13
2352,2
2353,7
2354,18
2355,19
2356,22
2357,7
2358,13
2359,13
2360,1
2361,11
2362,18
2363,13
2364,19
2365,23
2366,21
2367,13
2368,5
2369,10
2370,23
2371,13
2372,21
2373,14
2374,13
2375,13
2376,22
2377,8
2378,19
2379,13
2380,7
2381,8
2382,11
2383,7
2384,1
2385,9
2386,8
2387,13
2388,19
2389,1
2390,7
2391,22
2392,7
2393,11
2394,19
2395,18
2396,13
2397,19
2398,21
2399,19
2400,19
2401,11
2402,13
2403,11
2404,13
2405,19
2406,6
2407,14
2408,6
2409,13
2410,13
2411,13
2412,7
2413,18
2414,13
2415,11
2416,1
2417,11
2418,19
2419,11
2420,22
2421,22
2422,15
2423,13
2424,11
2425,19
2426,1
2427,13
2428,2
2429,4
2430,3
2431,19
2432,21
2433,13
2434,18
2435,18
2436,11
2437,1
2438,13
2439,13
2440,11
2441,8
2442,13
2443,1
2444,17
2445,3
2446,1
2447,18
2448,18
2449,19
2450,1
2451,19
2452,14
2453,22
2454,18
2455,13
2456,9
2457,20
2458,11
2459,1
2460,19
2461,13
2462,7
2463,1
2464,3
2465,22
2466,15
2467,19
2468,1
2469,22
2470,1
2471,9
2472,2
2473,13
2474,13
2475,2
2476,13
2477,1
2478,10
2479,13
2480,10
2481,23
2482,13
2483,1
2484,10
2485,7
2486,5
2487,11
2488,18
2489,14
2490,19
2491,18
2492,21
2493,13
2494,11
2495,5
2496,2
2497,23
2498,19
2499,8
2500,4
2501,19
2502,1
2503,18
2504,19
2505,14
2506,1
2507,11
2508,11
2509,11
2510,8
2511,13
2512,5
2513,11
2514,1
2515,19
2516,8
2517,1
2518,1
2519,19
2520,11
2521,0
2522,22
2523,13
2524,13
2525,1
2526,14
2527,18
2528,13
2529,5
2530,1
2531,2
2532,14
2533,21
2534,1
2535,1
2536,8
2537,1
2538,3
2539,1
2540,1
2541,19
2542,3
2543,19
2544,11
2545,7
2546,4
2547,2
2548,7
2549,9
2550,9
2551,11
2552,6
2553,18
2554,21
2555,4
2556,13
2557,19
2558,1
2559,4
2560,13
2561,7
2562,19
2563,2
2564,11
2565,15
2566,2
2567,1
2568,2
2569,21
2570,21
2571,22
2572,10
2573,18
2574,1
2575,1
2576,19
2577,10
2578,8
2579,13
2580,6
2581,20
2582,7
2583,1
2584,19
2585,19
2586,21
2587,13
2588,19
2589,4
2590,13
2591,7
2592,13
2593,15
2594,12
2595,1
2596,0
2597,3
2598,1
2599,13
2600,11
2601,23
2602,1
2603,2
2604,13
2605,17
2606,2
2607,22
2608,14
2609,11
2610,11
2611,18
2612,12
2613,2
2614,18
2615,19
2616,20
2617,11
2618,1
2619,19
2620,13
2621,2
2622,3
2623,12
2624,13
2625,19
2626,14
2627,13
2628,1
2629,22
2630,18
2631,7
2632,18
2633,13
2634,2
2635,3
2636,21
2637,14
2638,1
2639,21
2640,7
2641,13
2642,13
2643,23
2644,13
2645,20
2646,7
2647,13
2648,7
2649,1
2650,13
2651,22
2652,11
2653,18
2654,1
2655,19
2656,2
2657,13
2658,19
2659,14
2660,21
2661,13
2662,11
2663,15
2664,19
2665,7
2666,19
2667,2
2668,4
2669,9
2670,18
2671,2
2672,2
2673,2
2674,2
2675,22
2676,13
2677,2
2678,18
2679,9
2680,13
2681,18
2682,2
2683,13
2684,18
2685,23
2686,5
2687,11
2688,15
2689,23
2690,23
2691,18
2692,22
2693,2
2694,1
2695,22
2696,2
2697,19
2698,1
2699,13
2700,14
2701,8
2702,20
2703,6
2704,14
2705,3
2706,19
2707,11
2708,15
2709,7
2710,9
2711,19
2712,1
2713,13
2714,1
2715,23
2716,13
2717,12
2718,2
2719,21
2720,9
2721,7
2722,2
2723,22
2724,4
2725,11
2726,13
2727,22
2728,14
2729,14
2730,11
2731,11
2732,7
2733,13
2734,13
2735,11
2736,9
2737,13
2738,3
2739,14
2740,10
2741,2
2742,9
2743,1
2744,2
2745,10
2746,11
2747,7
2748,2
2749,3
2750,11
2751,2
2752,1
2753,22
2754,11
2755,7
2756,19
2757,22
2758,13
2759,5
2760,17
2761,13
2762,1
2763,18
2764,13
2765,23
2766,19
2767,23
2768,13
2769,13
2770,13
2771,1
2772,13
2773,1
2774,11
2775,13
2776,1
2777,1
2778,9
2779,2
2780,14
2781,18
2782,1
2783,19
2784,18
2785,13
2786,22
2787,20
2788,15
2789,7
2790,7
2791,4
2792,10
2793,9
2794,19
2795,19
2796,1
2797,13
2798,0
2799,19
2800,4
2801,22
2802,13
2803,8
2804,21
2805,19
2806,22
2807,2
2808,11
2809,11
2810,11
2811,22
2812,2
2813,2
2814,1
2815,2
2816,13
2817,3
2818,1
2819,3
2820,13
2821,13
2822,4
2823,11
2824,7
2825,19
2826,1
2827,1
2828,3
2829,13
2830,10
2831,21
2832,4
2833,19
2834,13
2835,7
2836,11
2837,13
2838,2
2839,22
2840,11
2841,2
2842,13
2843,18
2844,1
2845,1
2846,1
2847,18
2848,11
2849,8
2850,13
2851,2
2852,21
2853,11
2854,1
2855,18
2856,11
2857,7
2858,13
2859,19
2860,2
2861,21
2862,4
2863,16
2864,21
2865,1
2866,13
2867,14
2868,11
2869,10
2870,13
2871,5
2872,5
2873,13
2874,3
2875,18
2876,14
2877,2
2878,13
2879,4
2880,11
2881,1
2882,1
2883,11
2884,19
2885,19
2886,2
2887,22
2888,11
2889,23
2890,8
2891,7
2892,2
2893,13
2894,19
2895,2
2896,11
2897,13
2898,13
2899,22
2900,4
2901,22
2902,4
2903,18
2904,7
2905,21
2906,18
2907,3
2908,2
2909,1
2910,20
2911,10
2912,3
2913,4
2914,18
2915,2
2916,14
2917,8
2918,13
2919,8
2920,22
2921,11
2922,13
2923,1
2924,13
2925,22
2926,7
2927,23
2928,1
2929,13
2930,13
2931,19
2932,19
2933,9
2934,1
2935,19
2936,14
2937,1
2938,13
2939,0
2940,18
2941,8
2942,19
2943,11
2944,13
2945,2
2946,1
2947,13
2948,13
2949,21
2950,1
2951,19
2952,11
2953,13
2954,4
2955,22
2956,22
2957,2
2958,13
2959,19
2960,2
2961,13
2962,19
2963,15
2964,13
2965,18
2966,7
2967,19
2968,19
2969,13
2970,19
2971,0
2972,19
2973,14
2974,5
2975,13
2976,3
2977,19
2978,11
2979,18
2980,16
2981,7
2982,3
2983,7
2984,11
2985,13
2986,19
2987,7
2988,14
2989,13
2990,13
2991,14
2992,0
2993,11
2994,20
2995,18
2996,13
2997,21
2998,2
2999,13
3000,3
3001,1
3002,5
3003,18
3004,2
3005,11
3006,7
3007,22
3008,15
3009,11
3010,2
3011,19
3012,11
3013,11
3014,22
3015,11
3016,7
3017,13
3018,1
3019,1
3020,19
3021,18
3022,19
3023,14
3024,13
3025,1
3026,13
3027,11
3028,14
3029,19
3030,19
3031,7
3032,1
3033,19
3034,23
3035,18
3036,18
3037,4
3038,14
3039,1
3040,13
3041,2
3042,23
3043,7
3044,4
3045,13
3046,3
3047,20
3048,11
3049,5
3050,14
3051,22
3052,10
3053,21
3054,10
3055,14
3056,21
3057,1
3058,18
3059,13
3060,21
3061,8
3062,7
3063,11
3064,13
3065,13
3066,19
3067,19
3068,6
3069,7
3070,1
3071,21
3072,11
3073,21
3074,2
3075,1
3076,23
3077,18
3078,1
3079,19
3080,2
3081,13
3082,13
3083,13
3084,1
3085,4
3086,11
3087,11
3088,14
3089,7
3090,23
3091,3
3092,20
3093,19
3094,19
3095,4
3096,18
3097,14
3098,8
3099,13
3100,16
3101,4
3102,2
3103,7
3104,1
3105,1
3106,19
3107,18
3108,15
3109,13
3110,4
3111,13
3112,2
3113,13
3114,3
3115,8
3116,22
3117,10
3118,12
3119,22
3120,7
3121,7
3122,13
3123,7
3124,1
3125,13
3126,11
3127,2
3128,19
3129,14
3130,5
3131,2
3132,14
3133,18
3134,14
3135,2
3136,19
3137,2
3138,7
3139,17
3140,18
3141,13
3142,19
3143,11
3144,22
3145,7
3146,11
3147,1
3148,1
3149,11
3150,8
3151,15
3152,19
3153,7
3154,2
3155,11
3156,5
3157,7
3158,9
3159,14
3160,0
3161,2
3162,13
3163,21
3164,4
3165,7
3166,7
3167,4
3168,20
3169,15
3170,16
3171,13
3172,11
3173,19
3174,19
3175,13
3176,1
3177,13
3178,22
3179,22
3180,19
3181,18
3182,21
3183,1
3184,18
3185,13
3186,1
3187,10
3188,11
3189,18
3190,13
3191,2
3192,13
3193,11
3194,22
3195,13
3196,18
3197,4
3198,8
3199,13
3200,13
3201,13
3202,22
3203,5
3204,13
3205,19
3206,10
3207,13
3208,2
3209,11
3210,11
3211,14
3212,11
3213,22
3214,7
3215,13
3216,7
3217,9
3218,4
3219,22
3220,3
3221,19
3222,1
3223,13
3224,18
3225,11
3226,11
3227,19
3228,13
3229,7
3230,1
3231,21
3232,13
3233,11
3234,11
3235,2
3236,19
3237,13
3238,22
3239,6
3240,13
3241,19
3242,11
3243,13
3244,1
3245,18
3246,21
3247,13
3248,13
3249,2
3250,22
3251,13
3252,13
3253,15
3254,22
3255,13
3256,14
3257,21
3258,13
3259,13
3260,6
3261,13
3262,8
3263,13
3264,13
3265,18
3266,9
3267,23
3268,19
3269,18
3270,5
3271,21
3272,13
3273,11
3274,1
3275,13
3276,12
3277,13
3278,2
3279,7
3280,13
3281,7
3282,19
3283,8
3284,13
3285,8
3286,7
3287,4
3288,13
3289,21
3290,18
3291,19
3292,11
3293,11
3294,21
3295,18
3296,11
3297,11
3298,19
3299,8
3300,0
3301,1
3302,13
3303,11
3304,3
3305,8
3306,3
3307,13
3308,1
3309,11
3310,7
3311,7
3312,11
3313,8
3314,7
3315,13
3316,1
3317,13
3318,1
3319,14
3320,5
3321,21
3322,13
3323,4
3324,13
3325,13
3326,1
3327,7
3328,13
3329,11
3330,13
3331,18
3332,18
3333,11
3334,10
3335,23
3336,16
3337,13
3338,1
3339,1
3340,1
3341,11
3342,18
3343,11
3344,1
3345,10
3346,16
3347,11
3348,13
3349,13
3350,23
3351,9
3352,8
3353,13
3354,21
3355,11
3356,11
3357,0
3358,4
3359,7
3360,14
3361,22
3362,1
3363,11
3364,19
3365,13
3366,18
3367,14
3368,18
3369,18
3370,23
3371,19
3372,22
3373,13
3374,10
3375,18
3376,2
3377,4
3378,19
3379,2
3380,22
3381,18
3382,6
3383,1
3384,1
3385,2
3386,13
3387,1
3388,13
3389,14
3390,4
3391,6
3392,1
3393,9
3394,2
3395,4
3396,0
3397,19
3398,13
3399,13
3400,13
3401,1
3402,9
3403,13
3404,15
3405,18
3406,11
3407,5
3408,14
3409,11
3410,7
3411,13
3412,1
3413,1
3414,19
3415,11
3416,13
3417,14
3418,13
3419,1
3420,13
3421,4
3422,15
3423,13
3424,11
3425,18
3426,19
3427,22
3428,11
3429,2
3430,4
3431,11
3432,1
3433,1
3434,19
3435,3
3436,14
3437,14
3438,14
3439,22
3440,19
3441,7
3442,19
3443,4
3444,19
3445,8
3446,2
3447,14
3448,1
3449,14
3450,14
3451,21
3452,11
3453,22
3454,13
3455,23
3456,22
3457,19
3458,1
3459,1
3460,14
3461,22
3462,13
3463,0
3464,23
3465,1
3466,21
3467,1
3468,13
3469,13
3470,13
3471,11
3472,13
3473,13
3474,13
3475,13
3476,22
3477,8
3478,11
3479,2
3480,13
3481,11
3482,7
3483,13
3484,7
3485,7
3486,13
3487,11
3488,8
3489,13
3490,14
3491,8
3492,13
3493,1
3494,13
3495,21
3496,1
3497,5
3498,2
3499,21
3500,7
3501,11
3502,2
3503,9
3504,2
3505,13
3506,1
3507,1
3508,3
3509,13
3510,7
3511,1
3512,1
3513,21
3514,23
3515,19
3516,22
3517,14
3518,13
3519,7
3520,1
3521,2
3522,11
3523,3
3524,7
3525,13
3526,21
3527,21
3528,2
3529,8
3530,19
3531,18
3532,13
3533,11
3534,19
3535,13
3536,2
3537,13
3538,14
3539,4
3540,19
3541,19
3542,21
3543,21
3544,8
3545,13
3546,1
3547,19
3548,14
3549,11
3550,4
3551,10
3552,11
3553,7
3554,2
3555,11
3556,7
3557,4
3558,13
3559,22
3560,7
3561,2
3562,0
3563,4
3564,11
3565,7
3566,11
3567,1
3568,19
3569,7
3570,19
3571,2
3572,13
3573,11
3574,13
3575,19
3576,23
3577,11
3578,11
3579,11
3580,18
3581,19
3582,11
3583,21
3584,13
3585,22
3586,3
3587,2
3588,13
3589,13
3590,11
3591,7
3592,19
3593,18
3594,19
3595,18
3596,22
3597,18
3598,7
3599,5
3600,1
3601,13
3602,11
3603,7
3604,13
3605,13
3606,7
3607,22
3608,13
3609,19
3610,18
3611,19
3612,11
3613,8
3614,13
3615,21
3616,3
3617,13
3618,1
3619,21
3620,13
3621,14
3622,13
3623,13
3624,23
3625,3
3626,1
3627,15
3628,13
3629,13
3630,21
3631,18
3632,19
3633,1
3634,11
3635,8
3636,11
3637,7
3638,3
3639,7
3640,13
3641,18
3642,0
3643,13
3644,2
3645,7
3646,13
3647,2
3648,1
3649,7
3650,19
3651,19
3652,11
3653,13
3654,11
3655,22
3656,21
3657,13
3658,11
3659,13
3660,18
3661,9
3662,0
3663,23
3664,19
3665,7
3666,18
3667,7
3668,2
3669,1
3670,22
3671,7
3672,19
3673,23
3674,11
3675,14
3676,19
3677,13
3678,2
3679,18
3680,22
3681,19
3682,7
3683,5
3684,5
3685,7
3686,7
3687,19
3688,19
3689,10
3690,11
3691,8
3692,7
3693,13
3694,14
3695,19
3696,13
3697,13
3698,1
3699,19
3700,23
3701,6
3702,13
3703,6
3704,11
3705,19
3706,11
3707,18
3708,7
3709,18
3710,18
3711,13
3712,22
3713,17
3714,23
3715,13
3716,9
3717,2
3718,1
3719,11
3720,13
3721,7
3722,1
3723,13
3724,1
3725,23
3726,12
3727,7
3728,13
3729,13
3730,19
3731,23
3732,4
3733,3
3734,9
3735,7
3736,1
3737,1
3738,3
3739,21
3740,7
3741,7
3742,14
3743,13
3744,19
3745,13
3746,20
3747,2
3748,2
3749,13
3750,21
3751,7
3752,7
3753,6
3754,11
3755,7
3756,9
3757,11
3758,7
3759,8
3760,13
3761,1
3762,21
3763,5
3764,13
3765,6
3766,14
3767,6
3768,1
3769,19
3770,18
3771,13
3772,2
3773,19
3774,18
3775,22
3776,18
3777,17
3778,14
3779,13
3780,2
3781,10
3782,2
3783,21
3784,21
3785,11
3786,7
3787,9
3788,2
3789,2
3790,11
3791,18
3792,2
3793,18
3794,1
3795,14
3796,7
3797,13
3798,13
3799,18
3800,19
3801,2
3802,18
3803,19
3804,23
3805,1
3806,13
3807,3
3808,11
3809,13
3810,15
3811,18
3812,22
3813,14
3814,1
3815,2
3816,13
3817,15
3818,7
3819,14
3820,21
3821,13
3822,0
3823,14
3824,8
3825,1
3826,22
3827,10
3828,19
3829,19
3830,11
3831,18
3832,14
3833,13
3834,11
3835,14
3836,11
3837,11
3838,11
3839,19
3840,13
3841,21
3842,16
3843,7
3844,13
3845,11
3846,18
3847,9
3848,13
3849,2
3850,13
3851,7
3852,22
3853,2
3854,10
3855,15
3856,13
3857,11
3858,1
3859,20
3860,13
3861,1
3862,13
3863,18
3864,22
3865,19
3866,6
3867,19
3868,2
3869,15
3870,14
3871,1
3872,13
3873,18
3874,11
3875,5
3876,4
3877,13
3878,11
3879,19
3880,18
3881,14
3882,18
3883,2
3884,1
3885,11
3886,5
3887,11
3888,13
3889,13
3890,11
3891,17
3892,22
3893,8
3894,11
3895,13
3896,21
3897,21
3898,19
3899,4
3900,9
3901,22
3902,19
3903,10
3904,7
3905,13
3906,19
3907,13
3908,11
3909,13
3910,19
3911,13
3912,13
3913,11
3914,11
3915,22
3916,7
3917,22
3918,19
3919,11
3920,9
3921,13
3922,18
3923,2
3924,19
3925,2
3926,9
3927,21
3928,7
3929,1
3930,20
3931,11
3932,12
3933,1
3934,0
3935,19
3936,9
3937,18
3938,11
3939,13
3940,13
3941,19
3942,13
3943,21
3944,7
3945,4
3946,11
3947,13
3948,21
3949,22
3950,13
3951,7
3952,13
3953,18
3954,21
3955,11
3956,18
3957,1
3958,22
3959,22
3960,13
3961,3
3962,1
3963,21
3964,11
3965,14
3966,19
3967,2
3968,13
3969,13
3970,1
3971,13
3972,18
3973,10
3974,3
3975,2
3976,7
3977,22
3978,2
3979,5
3980,13
3981,22
3982,1
3983,13
3984,1
3985,19
3986,19
3987,23
3988,1
3989,19
3990,1
3991,21
3992,16
3993,14
3994,19
3995,14
3996,15
3997,9
3998,11
3999,16
4000,13
4001,9
4002,11
4003,7
4004,1
4005,18
4006,23
4007,21
4008,13
4009,21
4010,9
4011,7
4012,18
4013,19
4014,23
4015,13
4016,18
4017,6
4018,19
4019,21
4020,20
4021,11
4022,8
4023,13
4024,1
4025,22
4026,13
4027,1
4028,11
4029,16
4030,8
4031,19
4032,13
4033,5
4034,19
4035,11
4036,6
4037,11
4038,5
4039,4
4040,23
4041,1
4042,11
4043,11
4044,21
4045,7
4046,22
4047,4
4048,22
4049,11
4050,18
4051,19
4052,11
4053,13
4054,22
4055,7
4056,11
4057,18
4058,2
4059,17
4060,1
4061,7
4062,13
4063,2
4064,19
4065,22
4066,13
4067,15
4068,2
4069,22
4070,6
4071,8
4072,13
4073,10
4074,5
4075,19
4076,21
4077,13
4078,2
4079,5
4080,1
4081,19
4082,2
4083,9
4084,1
4085,2
4086,4
4087,11
4088,19
4089,6
4090,1
4091,11
4092,2
4093,23
4094,18
4095,18
4096,14
4097,4
4098,19
4099,13
4100,13
4101,13
4102,2
4103,13
4104,1
4105,22
4106,7
4107,13
4108,13
4109,0
4110,13
4111,11
4112,11
4113,1
4114,13
4115,19
4116,4
4117,7
4118,11
4119,1
4120,2
4121,19
4122,4
4123,22
4124,19
4125,13
4126,23
4127,22
4128,1
4129,2
4130,7
4131,19
4132,14
4133,16
4134,13
4135,1
4136,2
4137,1
4138,11
4139,4
4140,11
4141,11
4142,1
4143,13
4144,7
4145,10
4146,13
4147,14
4148,18
4149,7
4150,18
4151,19
4152,2
4153,13
4154,20
4155,19
4156,22
4157,13
4158,9
4159,19
4160,18
4161,7
4162,13
4163,0
4164,9
4165,13
4166,13
4167,7
4168,2
4169,14
4170,19
4171,8
4172,9
4173,5
4174,18
4175,22
4176,13
4177,13
4178,19
4179,13
4180,19
4181,4
4182,13
4183,2
4184,2
4185,10
4186,11
4187,7
4188,21
4189,13
4190,18
4191,11
4192,13
4193,22
4194,13
4195,13
4196,19
4197,21
4198,5
4199,19
4200,2
4201,7
4202,13
4203,19
4204,13
4205,21
4206,1
4207,5
4208,7
4209,21
4210,1
4211,1
4212,19
4213,14
4214,7
4215,13
4216,20
4217,4
4218,1
4219,2
4220,13
4221,19
4222,18
4223,22
4224,7
4225,2
4226,7
4227,11
4228,2
4229,1
4230,19
4231,7
4232,7
4233,13
4234,21
4235,13
4236,14
4237,15
4238,13
4239,7
4240,19
4241,2
4242,2
4243,11
4244,15
4245,11
4246,5
4247,13
4248,7
4249,21
4250,18
4251,2
4252,21
4253,22
4254,7
4255,13
4256,7
4257,22
4258,3
4259,14
4260,15
4261,13
4262,10
4263,19
4264,19
4265,9
4266,13
4267,4
4268,13
4269,13
4270,21
4271,1
4272,11
4273,2
4274,13
4275,11
4276,14
4277,22
4278,7
4279,21
4280,19
4281,19
4282,21
4283,14
4284,21
4285,11
4286,20
4287,3
4288,13
4289,13
4290,7
4291,7
4292,16
4293,13
4294,7
4295,23
4296,21
4297,13
4298,22
4299,7
4300,10
4301,8
4302,13
4303,21
4304,23
4305,13
4306,18
4307,19
4308,11
4309,14
4310,6
4311,7
4312,10
4313,0
4314,11
4315,13
4316,23
4317,8
4318,2
4319,14
4320,23
4321,9
4322,7
4323,13
4324,19
4325,2
4326,2
4327,11
4328,0
4329,18
4330,13
4331,18
4332,5
4333,21
4334,3
4335,13
4336,21
4337,7
4338,19
4339,18
4340,19
4341,10
4342,22
4343,2
4344,13
4345,0
4346,13
4347,7
4348,11
4349,11
4350,21
4351,2
4352,22
4353,19
4354,7
4355,13
4356,18
4357,19
4358,19
4359,13
4360,14
4361,5
4362,22
4363,6
4364,13
4365,18
4366,19
4367,7
4368,5
4369,14
4370,1
4371,17
4372,13
4373,20
4374,2
4375,5
4376,13
4377,1
4378,2
4379,6
4380,16
4381,13
4382,13
4383,9
4384,7
4385,1
4386,18
4387,13
4388,19
4389,21
4390,13
4391,7
4392,13
4393,3
4394,3
4395,11
4396,21
4397,13
4398,3
4399,11
4400,1
4401,13
4402,15
4403,11
4404,6
4405,11
4406,1
4407,21
4408,13
4409,7
4410,19
4411,14
4412,2
4413,13
4414,13
4415,19
4416,13
4417,19
4418,11
4419,13
4420,7
4421,7
4422,19
4423,21
4424,8
4425,19
4426,11
4427,16
4428,13
4429,2
4430,19
4431,22
4432,19
4433,13
4434,19
4435,13
4436,8
4437,22
4438,7
4439,19
4440,2
4441,13
4442,19
4443,16
4444,18
4445,11
4446,13
4447,13
4448,5
4449,7
4450,23
4451,22
4452,18
4453,19
4454,7
4455,1
4456,14
4457,13
4458,13
4459,13
4460,19
4461,10
4462,1
4463,13
4464,5
4465,19
4466,13
4467,7
4468,1
4469,18
4470,22
4471,2
4472,11
4473,11
4474,23
4475,13
4476,13
4477,11
4478,11
4479,18
4480,21
4481,8
4482,19
4483,13
4484,11
4485,1
4486,13
4487,3
4488,4
4489,19
4490,8
4491,11
4492,2
4493,2
4494,22
4495,14
4496,1
4497,13
4498,10
4499,13
4500,7
4501,13
4502,13
4503,19
4504,18
4505,2
4506,2
4507,10
4508,11
4509,7
4510,19
4511,4
4512,22
4513,13
4514,11
4515,13
4516,3
4517,13
4518,13
4519,19
4520,14
4521,14
4522,1
4523,11
4524,7
4525,18
4526,1
4527,11
4528,14
4529,9
4530,14
4531,2
4532,13
4533,7
4534,8
4535,13
4536,2
4537,19
4538,13
4539,7
4540,10
4541,18
4542,23
4543,12
4544,7
4545,7
4546,1
4547,18
4548,21
4549,8
4550,14
4551,7
4552,2
4553,19
4554,11
4555,11
4556,13
4557,1
4558,4
4559,11
4560,18
4561,11
4562,8
4563,13
4564,1
4565,11
4566,19
4567,11
4568,12
4569,1
4570,1
4571,18
4572,16
4573,22
4574,18
4575,7
4576,13
4577,13
4578,1
4579,6
4580,16
4581,9
4582,23
4583,13
4584,18
4585,0
4586,6
4587,11
4588,18
4589,2
4590,2
4591,21
4592,18
4593,18
4594,18
4595,20
4596,20
4597,19
4598,5
4599,7
4600,2
4601,1
4602,14
4603,10
4604,11
4605,8
4606,13
4607,1
4608,2
4609,4
4610,13
4611,11
4612,18
4613,7
4614,19
4615,1
4616,22
4617,19
4618,19
4619,20
4620,23
4621,18
4622,22
4623,9
4624,13
4625,2
4626,18
4627,1
4628,7
4629,11
4630,13
4631,15
4632,8
4633,15
4634,13
4635,7
4636,7
4637,9
4638,15
4639,13
4640,18
4641,13
4642,11
4643,7
4644,13
4645,13
4646,22
4647,11
4648,22
4649,11
4650,13
4651,22
4652,5
4653,16
4654,15
4655,19
4656,13
4657,13
4658,21
4659,22
4660,8
4661,13
4662,18
4663,13
4664,7
4665,2
4666,11
4667,11
4668,18
4669,4
4670,13
4671,18
4672,1
4673,9
4674,2
4675,19
4676,5
4677,18
4678,11
4679,13
4680,0
4681,18
4682,13
4683,5
4684,8
4685,11
4686,18
4687,11
4688,4
4689,14
4690,18
4691,2
4692,13
4693,11
4694,14
4695,16
4696,23
4697,22
4698,2
4699,5
4700,18
4701,21
4702,13
4703,22
4704,13
4705,1
4706,7
4707,9
4708,19
4709,22
4710,7
4711,7
4712,10
4713,4
4714,13
4715,2
4716,7
4717,13
4718,19
4719,1
4720,1
4721,1
4722,11
4723,13
4724,19
4725,13
4726,19
4727,5
4728,1
4729,2
4730,2
4731,11
4732,15
4733,19
4734,13
4735,4
4736,19
4737,9
4738,2
4739,5
4740,11
4741,14
4742,11
4743,19
4744,13
4745,13
4746,13
4747,11
4748,13
4749,13
4750,11
4751,21
4752,22
4753,7
4754,7
4755,7
4756,1
4757,2
4758,7
4759,2
4760,19
4761,23
4762,8
4763,22
4764,16
4765,13
4766,2
4767,21
4768,13
4769,11
4770,19
4771,6
4772,4
4773,3
4774,19
4775,2
4776,18
4777,2
4778,3
4779,1
4780,8
4781,1
4782,11
4783,7
4784,18
4785,4
4786,11
4787,23
4788,18
4789,11
4790,18
4791,10
4792,7
4793,13
4794,9
4795,13
4796,1
4797,1
4798,14
4799,9
4800,21
4801,3
4802,1
4803,5
4804,22
4805,11
4806,7
4807,13
4808,13
4809,13
4810,19
4811,13
4812,1
4813,7
4814,1
4815,19
4816,16
4817,7
4818,1
4819,13
4820,13
4821,13
4822,1
4823,18
4824,22
4825,21
4826,7
4827,2
4828,7
4829,13
4830,4
4831,19
4832,18
4833,19
4834,13
4835,2
4836,13
4837,4
4838,1
4839,22
4840,11
4841,7
4842,7
4843,23
4844,1
4845,18
4846,7
4847,7
4848,21
4849,7
4850,7
4851,7
4852,13
4853,17
4854,4
4855,4
4856,4
4857,23
4858,5
4859,13
4860,19
4861,11
4862,1
4863,14
4864,11
4865,22
4866,21
4867,13
4868,7
4869,13
4870,13
4871,21
4872,2
4873,15
4874,8
4875,13
4876,7
4877,7
4878,22
4879,19
4880,5
4881,14
4882,11
4883,7
4884,18
4885,0
4886,23
4887,13
4888,11
4889,11
4890,5
4891,7
4892,7
4893,2
4894,2
4895,14
4896,14
4897,1
4898,21
4899,14
4900,11
4901,2
4902,13
4903,9
4904,7
4905,19
4906,13
4907,13
4908,7
4909,14
4910,7
4911,5
4912,22
4913,19
4914,14
4915,4
4916,13
4917,13
4918,1
4919,23
4920,1
4921,13
4922,13
4923,1
4924,7
4925,21
4926,1
4927,4
4928,7
4929,19
4930,1
4931,14
4932,13
4933,11
4934,7
4935,9
4936,19
4937,5
4938,13
4939,1
4940,7
4941,7
4942,22
4943,13
4944,19
4945,20
4946,13
4947,7
4948,16
4949,13
4950,19
4951,18
4952,11
4953,4
4954,2
4955,1
4956,4
4957,1
4958,7
4959,1
4960,13
4961,3
4962,2
4963,23
4964,22
4965,5
4966,19
4967,14
4968,2
4969,14
4970,19
4971,19
4972,14
4973,22
4974,22
4975,9
4976,21
4977,21
4978,11
4979,7
4980,19
4981,19
4982,4
4983,22
4984,13
4985,10
4986,14
4987,23
4988,18
4989,13
4990,13
4991,2
4992,19
4993,13
4994,18
4995,2
4996,1
4997,21
4998,9
4999,13
5000,13
5001,18
5002,8
5003,20
5004,23
5005,13
5006,19
5007,22
5008,2
5009,11
5010,7
5011,7
5012,2
5013,1
5014,22
5015,1
5016,21
5017,13
5018,4
5019,2
5020,18
5021,21
5022,1
5023,21
5024,13
5025,13
5026,19
5027,1
5028,9
5029,11
5030,16
5031,13
5032,4
5033,1
5034,19
5035,11
5036,2
5037,13
5038,9
5039,11
5040,21
5041,13
5042,22
5043,7
5044,9
5045,13
5046,13
5047,13
5048,1
5049,13
5050,0
5051,1
5052,7
5053,11
5054,10
5055,16
5056,18
5057,1
5058,19
5059,11
5060,20
5061,13
5062,22
5063,7
5064,18
5065,2
5066,13
5067,7
5068,11
5069,17
5070,5
5071,18
5072,2
5073,19
5074,11
5075,1
5076,5
5077,2
5078,13
5079,13
5080,13
5081,11
5082,2
5083,19
5084,13
5085,11
5086,18
5087,19
5088,6
5089,19
5090,18
5091,5
5092,2
5093,1
5094,23
5095,1
5096,13
5097,19
5098,5
5099,11
5100,19
5101,22
5102,9
5103,2
5104,11
5105,1
5106,15
5107,2
5108,18
5109,19
5110,22
5111,19
5112,22
5113,9
5114,18
5115,11
5116,13
5117,18
5118,20
5119,3
5120,20
5121,1
5122,22
5123,1
5124,5
5125,7
5126,1
5127,13
5128,15
5129,19
5130,13
5131,3
5132,11
5133,9
5134,18
5135,4
5136,7
5137,13
5138,11
5139,6
5140,2
5141,7
5142,10
5143,0
5144,11
5145,18
5146,18
5147,18
5148,5
5149,2
5150,13
5151,6
5152,13
5153,19
5154,2
5155,22
5156,14
5157,8
5158,7
5159,13
5160,5
5161,7
5162,21
5163,7
5164,11
5165,22
5166,1
5167,22
5168,18
5169,1
5170,13
5171,7
5172,13
5173,7
5174,13
5175,13
5176,19
5177,19
5178,3
5179,14
5180,13
5181,7
5182,4
5183,14
5184,21
5185,14
5186,16
5187,19
5188,19
5189,22
5190,18
5191,11
5192,7
5193,13
5194,11
5195,19
5196,14
5197,5
5198,13
5199,22
5200,22
5201,2
5202,7
5203,9
5204,4
5205,21
5206,18
5207,11
5208,8
5209,19
5210,2
5211,14
5212,1
5213,13
5214,13
5215,19
5216,13
5217,13
5218,1
5219,11
5220,23
5221,22
5222,8
5223,22
5224,15
5225,4
5226,10
5227,11
5228,6
5229,7
5230,13
5231,23
5232,7
5233,13
5234,7
5235,13
5236,6
5237,13
5238,7
5239,18
5240,19
5241,1
5242,15
5243,13
5244,4
5245,11
5246,14
5247,11
5248,7
5249,11
5250,1
5251,5
5252,11
5253,11
5254,23
5255,1
5256,13
5257,7
5258,7
5259,2
5260,11
5261,13
5262,2
5263,23
5264,13
5265,1
5266,20
5267,9
5268,13
5269,14
5270,1
5271,1
5272,21
5273,20
5274,5
5275,1
5276,11
5277,13
5278,18
5279,19
5280,10
5281,13
5282,2
5283,1
5284,19
5285,21
5286,2
5287,22
5288,14
5289,21
5290,13
5291,22
5292,13
5293,13
5294,19
5295,11
5296,3
5297,15
5298,13
5299,22
5300,9
5301,1
5302,1
5303,21
5304,21
5305,13
5306,2
5307,13
5308,5
5309,2
5310,23
5311,18
5312,13
5313,7
5314,7
5315,23
5316,4
5317,19
5318,19
5319,6
5320,7
5321,21
5322,8
5323,20
5324,9
5325,21
5326,13
5327,7
5328,7
5329,22
5330,22
5331,22
5332,13
5333,2
5334,22
5335,19
5336,22
5337,11
5338,16
5339,18
5340,11
5341,2
5342,19
5343,19
5344,18
5345,13
5346,14
5347,13
5348,10
5349,11
5350,13
5351,13
5352,20
5353,14
5354,21
5355,8
5356,2
5357,5
5358,5
5359,7
5360,3
5361,13
5362,19
5363,2
5364,23
5365,21
5366,0
5367,2
5368,13
5369,11
5370,13
5371,13
5372,1
5373,15
5374,13
5375,13
5376,14
5377,1
5378,4
5379,22
5380,11
5381,13
5382,13
5383,19
5384,1
5385,13
5386,13
5387,22
5388,7
5389,21
5390,18
5391,6
5392,23
5393,1
5394,9
5395,11
5396,19
5397,13
5398,19
5399,7
5400,7
5401,18
5402,13
5403,1
5404,1
5405,2
5406,16
5407,8
5408,21
5409,7
5410,7
5411,11
5412,16
5413,2
5414,21
5415,10
5416,1
5417,5
5418,23
5419,6
5420,7
5421,7
5422,11
5423,3
5424,13
5425,13
5426,7
5427,13
5428,15
5429,0
5430,20
5431,22
5432,1
5433,13
5434,18
5435,16
5436,13
5437,7
5438,13
5439,19
5440,13
5441,14
5442,14
5443,20
5444,1
5445,19
5446,22
5447,13
5448,5
5449,23
5450,13
5451,11
5452,13
5453,17
5454,6
5455,18
5456,18
5457,11
5458,7
5459,1
5460,9
5461,1
5462,13
5463,7
5464,7
5465,21
5466,1
5467,11
5468,10
5469,13
5470,11
5471,9
5472,19
5473,19
5474,13
5475,13
5476,19
5477,11
5478,1
5479,14
5480,18
5481,13
5482,7
5483,11
5484,22
5485,13
5486,18
5487,13
5488,22
5489,1
5490,22
5491,19
5492,2
5493,7
5494,18
5495,19
5496,18
5497,8
5498,7
5499,13
5500,1
5501,18
5502,19
5503,7
5504,13
5505,19
5506,18
5507,13
5508,20
5509,11
5510,19
5511,13
5512,20
5513,18
5514,2
5515,0
5516,7
5517,2
5518,19
5519,1
5520,23
5521,13
5522,21
5523,19
5524,14
5525,15
5526,6
5527,11
5528,1
5529,19
5530,20
5531,13
5532,2
5533,13
5534,7
5535,11
5536,13
5537,4
5538,5
5539,4
5540,11
5541,18
5542,21
5543,7
5544,19
5545,11
5546,2
5547,1
5548,22
5549,4
5550,14
5551,11
5552,11
5553,13
5554,5
5555,11
5556,11
5557,6
5558,0
5559,1
5560,7
5561,23
5562,13
5563,1
5564,11
5565,9
5566,2
5567,1
5568,1
5569,10
5570,13
5571,9
5572,7
5573,1
5574,19
5575,1
5576,4
5577,6
5578,17
5579,7
5580,5
5581,10
5582,11
5583,7
5584,9
5585,7
5586,7
5587,14
5588,11
5589,15
5590,18
5591,4
5592,13
5593,13
5594,1
5595,22
5596,18
5597,13
5598,11
5599,13
5600,23
5601,2
5602,13
5603,13
5604,13
5605,13
5606,9
5607,7
5608,14
5609,13
5610,14
5611,10
5612,5
5613,21
5614,11
5615,13
5616,13
5617,2
5618,2
5619,13
5620,16
5621,18
5622,1
5623,14
5624,22
5625,11
5626,7
5627,4
5628,18
5629,10
5630,11
5631,11
5632,10
5633,18
5634,13
5635,21
5636,13
5637,9
5638,3
5639,13
5640,8
5641,13
5642,13
5643,3
5644,13
5645,14
5646,2
5647,20
5648,20
5649,18
5650,23
5651,15
5652,13
5653,19
5654,11
5655,11
5656,4
5657,11
5658,7
5659,2
5660,11
5661,13
5662,19
5663,1
5664,11
5665,0
5666,13
5667,13
5668,8
5669,8
5670,13
5671,6
5672,19
5673,14
5674,19
5675,22
5676,13
5677,16
5678,13
5679,21
5680,22
5681,13
5682,11
5683,23
5684,14
5685,19
5686,14
5687,19
5688,1
5689,6
5690,5
5691,13
5692,14
5693,18
5694,7
5695,18
5696,13
5697,13
5698,13
5699,13
5700,11
5701,6
5702,19
5703,14
5704,19
5705,2
5706,21
5707,13
5708,1
5709,4
5710,8
5711,22
5712,18
5713,2
5714,14
5715,1
5716,1
5717,13
5718,4
5719,22
5720,13
5721,18
5722,21
5723,14
5724,11
5725,11
5726,13
5727,6
5728,23
5729,11
5730,22
5731,11
5732,21
5733,14
5734,11
5735,4
5736,13
5737,18
5738,18
5739,13
5740,11
5741,19
5742,2
5743,7
5744,13
5745,1
5746,7
5747,11
5748,1
5749,14
5750,2
5751,7
5752,11
5753,14
5754,8
5755,5
5756,14
5757,7
5758,4
5759,1
5760,11
5761,13
5762,7
5763,11
5764,14
5765,11
5766,1
5767,3
5768,18
5769,5
5770,6
5771,11
5772,21
5773,4
5774,13
5775,18
5776,1
5777,19
5778,6
5779,4
5780,14
5781,13
5782,13
5783,11
5784,13
5785,7
5786,10
5787,13
5788,11
5789,1
5790,2
5791,19
5792,13
5793,1
5794,5
5795,5
5796,13
5797,7
5798,22
5799,18
5800,11
5801,13
5802,15
5803,22
5804,2
5805,10
5806,5
5807,5
5808,19
5809,14
5810,13
5811,3
5812,10
5813,3
5814,13
5815,2
5816,11
5817,5
5818,11
5819,11
5820,5
5821,18
5822,16
5823,7
5824,8
5825,16
5826,7
5827,23
5828,19
5829,7
5830,0
5831,13
5832,23
5833,2
5834,16
5835,18
5836,11
5837,2
5838,19
5839,2
5840,22
5841,1
5842,2
5843,13
5844,7
5845,9
5846,13
5847,13
5848,0
5849,4
5850,19
5851,5
5852,4
5853,1
5854,13
5855,1
5856,19
5857,20
5858,2
5859,22
5860,18
5861,11
5862,10
5863,13
5864,3
5865,7
5866,7
5867,11
5868,7
5869,13
5870,19
5871,13
5872,22
5873,14
5874,5
5875,19
5876,23
5877,2
5878,7
5879,11
5880,18
5881,13
5882,9
5883,11
5884,13
5885,19
5886,21
5887,23
5888,4
5889,8
5890,13
5891,19
5892,19
5893,10
5894,13
5895,13
5896,2
5897,23
5898,19
5899,11
5900,19
5901,10
5902,11
5903,22
5904,7
5905,7
5906,1
5907,19
5908,16
5909,13
5910,23
5911,18
5912,22
5913,13
5914,14
5915,4
5916,13
5917,5
5918,4
5919,13
5920,5
5921,21
5922,13
5923,2
5924,19
5925,19
5926,11
5927,13
5928,6
5929,5
5930,7
5931,13
5932,22
5933,13
5934,14
5935,7
5936,9
5937,13
5938,8
5939,13
5940,22
5941,18
5942,2
5943,18
5944,11
5945,2
5946,7
5947,2
5948,13
5949,7
5950,18
5951,8
5952,9
5953,18
5954,22
5955,11
5956,4
5957,13
5958,2
5959,20
5960,14
5961,11
5962,13
5963,7
5964,2
5965,7
5966,13
5967,19
5968,2
5969,13
5970,11
5971,3
5972,2
5973,23
5974,21
5975,19
5976,5
5977,7
5978,13
5979,19
5980,11
5981,18
5982,3
5983,7
5984,19
5985,22
5986,1
5987,1
5988,8
5989,17
5990,22
5991,7
5992,2
5993,18
5994,20
5995,9
5996,18
5997,19
5998,19
5999,15
6000,2
6001,13
6002,2
6003,5
6004,23
6005,18
6006,21
6007,1
6008,6
6009,13
6010,13
6011,1
6012,11
6013,4
6014,19
6015,1
6016,7
6017,13
6018,13
6019,11
6020,13
6021,4
6022,13
6023,4
6024,1
6025,11
6026,8
6027,6
6028,7
6029,13
6030,2
6031,13
6032,19
6033,19
6034,2
6035,6
6036,22
6037,13
6038,2
6039,20
6040,13
6041,0
6042,22
6043,23
6044,13
6045,1
6046,1
6047,16
6048,13
6049,11
6050,1
6051,4
6052,11
6053,11
6054,13
6055,13
6056,22
6057,7
6058,13
6059,1
6060,6
6061,19
6062,1
6063,5
6064,1
6065,2
6066,13
6067,19
6068,18
6069,2
6070,1
6071,14
6072,19
6073,13
6074,7
6075,13
6076,11
6077,23
6078,9
6079,11
6080,13
6081,20
6082,10
6083,15
6084,23
6085,19
6086,13
6087,21
6088,18
6089,13
6090,2
6091,5
6092,1
6093,19
6094,13
6095,11
6096,2
6097,11
6098,1
6099,10
6100,13
6101,1
6102,21
6103,15
6104,11
6105,5
6106,2
6107,19
6108,7
6109,21
6110,22
6111,2
6112,13
6113,8
6114,14
6115,22
6116,11
6117,18
6118,19
6119,13
6120,9
6121,19
6122,13
6123,7
6124,19
6125,13
6126,1
6127,13
6128,23
6129,19
6130,2
6131,13
6132,2
6133,2
6134,8
6135,13
6136,22
6137,14
6138,14
6139,5
6140,2
6141,6
6142,23
6143,1
6144,3
6145,21
6146,11
6147,7
6148,13
6149,1
6150,23
6151,2
6152,21
6153,14
6154,18
6155,13
6156,7
6157,1
6158,14
6159,2
6160,8
6161,11
6162,14
6163,19
6164,22
6165,13
6166,19
6167,4
6168,18
6169,8
6170,7
6171,16
6172,22
6173,7
6174,7
6175,13
6176,13
6177,7
6178,18
6179,16
6180,0
6181,22
6182,7
6183,3
6184,18
6185,13
6186,8
6187,5
6188,7
6189,19
6190,7
6191,2
6192,2
6193,22
6194,13
6195,15
6196,14
6197,14
6198,9
6199,3
6200,7
6201,21
6202,19
6203,4
6204,13
6205,13
6206,19
6207,3
6208,7
6209,11
6210,20
6211,13
6212,22
6213,11
6214,14
6215,11
6216,11
6217,7
6218,13
6219,2
6220,7
6221,13
6222,0
6223,9
6224,1
6225,11
6226,10
6227,3
6228,1
6229,19
6230,1
6231,19
6232,22
6233,1
6234,23
6235,14
6236,2
6237,18
6238,11
6239,19
6240,13
6241,10
6242,2
6243,18
6244,22
6245,11
6246,1
6247,19
6248,2
6249,0
6250,4
6251,11
6252,1
6253,11
6254,1
6255,18
6256,3
6257,11
6258,18
6259,13
6260,19
6261,22
6262,19
6263,12
6264,4
6265,20
6266,19
6267,2
6268,22
6269,22
6270,1
6271,11
6272,9
6273,19
6274,13
6275,22
6276,13
6277,8
6278,13
6279,14
6280,13
6281,1
6282,6
6283,13
6284,18
6285,19
6286,19
6287,18
6288,1
6289,13
6290,2
6291,13
6292,18
6293,7
6294,7
6295,22
6296,2
6297,4
6298,5
6299,16
6300,19
6301,10
6302,22
6303,18
6304,13
6305,7
6306,14
6307,1
6308,20
6309,13
6310,13
6311,7
6312,7
6313,5
6314,11
6315,1
6316,7
6317,16
6318,3
6319,14
6320,21
6321,18
6322,22
6323,11
6324,11
6325,2
6326,1
6327,1
6328,6
6329,13
6330,18
6331,22
6332,22
6333,23
6334,21
6335,22
6336,4
6337,23
6338,23
6339,16
6340,11
6341,19
6342,9
6343,13
6344,11
6345,7
6346,0
6347,6
6348,13
6349,2
6350,4
6351,18
6352,13
6353,22
6354,13
6355,3
6356,11
6357,13
6358,11
6359,13
6360,8
6361,7
6362,7
6363,18
6364,13
6365,11
6366,13
6367,11
6368,8
6369,11
6370,14
6371,11
6372,2
6373,21
6374,2
6375,21
6376,12
6377,2
6378,1
6379,20
6380,13
6381,14
6382,18
6383,8
6384,7
6385,2
6386,13
6387,3
6388,19
6389,13
6390,19
6391,17
6392,13
6393,19
6394,13
6395,11
6396,2
6397,11
6398,22
6399,18
6400,3
6401,2
6402,18
6403,13
6404,13
6405,19
6406,13
6407,19
6408,1
6409,22
6410,18
6411,18
6412,1
6413,2
6414,11
6415,19
6416,7
6417,11
6418,13
6419,12
6420,5
6421,17
6422,19
6423,13
6424,11
6425,19
6426,18
6427,2
6428,18
6429,18
6430,11
6431,22
6432,4
6433,14
6434,19
6435,13
6436,18
6437,7
6438,7
6439,18
6440,3
6441,18
6442,14
6443,1
6444,13
6445,18
6446,4
6447,11
6448,13
6449,10
6450,7
6451,7
6452,11
6453,7
6454,2
6455,5
6456,11
6457,13
6458,23
6459,23
6460,6
6461,16
6462,14
6463,9
6464,11
6465,11
6466,13
6467,23
6468,1
6469,2
6470,11
6471,12
6472,11
6473,11
6474,13
6475,18
6476,18
6477,22
6478,19
6479,23
6480,8
6481,1
6482,13
6483,21
6484,19
6485,13
6486,18
6487,4
6488,1
6489,14
6490,11
6491,21
6492,18
6493,17
6494,13
6495,4
6496,13
6497,23
6498,23
6499,4
6500,19
6501,14
6502,13
6503,8
6504,9
6505,2
6506,13
6507,4
6508,22
6509,18
6510,1
6511,19
6512,11
6513,7
6514,14
6515,11
6516,18
6517,21
6518,1
6519,19
6520,22
6521,19
6522,8
6523,13
6524,3
6525,2
6526,7
6527,11
6528,1
6529,11
6530,13
6531,13
6532,13
6533,1
6534,19
6535,18
6536,14
6537,15
6538,9
6539,13
6540,2
6541,18
6542,19
6543,16
6544,11
6545,4
6546,4
6547,2
6548,23
6549,7
6550,15
6551,18
6552,7
6553,13
6554,4
6555,13
6556,8
6557,11
6558,23
6559,11
6560,21
6561,13
6562,1
6563,20
6564,11
6565,13
6566,18
6567,1
6568,9
6569,4
6570,9
6571,13
6572,22
6573,1
6574,18
6575,23
6576,1
6577,21
6578,13
6579,21
6580,2
6581,13
6582,19
6583,18
6584,2
6585,2
6586,5
6587,12
6588,14
6589,2
6590,16
6591,9
6592,7
6593,23
6594,22
6595,7
6596,1
6597,21
6598,22
6599,11
6600,4
6601,5
6602,19
6603,13
6604,20
6605,2
6606,3
6607,22
6608,19
6609,23
6610,19
6611,19
6612,1
6613,7
6614,22
6615,19
6616,11
6617,2
6618,22
6619,14
6620,11
6621,2
6622,14
6623,1
6624,7
6625,11
6626,21
6627,1
6628,11
6629,3
6630,19
6631,2
6632,22
6633,6
6634,11
6635,1
6636,13
6637,1
6638,18
6639,18
6640,11
6641,19
6642,7
6643,21
6644,2
6645,1
6646,7
6647,12
6648,6
6649,9
6650,22
6651,1
6652,14
6653,22
6654,1
6655,19
6656,13
6657,5
6658,13
6659,13
6660,1
6661,11
6662,0
6663,14
6664,11
6665,13
6666,23
6667,19
6668,7
6669,1
6670,8
6671,2
6672,2
6673,5
6674,7
6675,4
6676,9
6677,14
6678,14
6679,13
6680,7
6681,6
6682,19
6683,21
6684,11
6685,16
6686,14
6687,13
6688,8
6689,18
6690,21
6691,12
6692,13
6693,1
6694,13
6695,13
6696,2
6697,13
6698,15
6699,7
6700,11
6701,7
6702,19
6703,11
6704,1
6705,1
6706,22
6707,13
6708,19
6709,22
6710,11
6711,8
6712,21
6713,19
6714,11
6715,2
6716,7
6717,7
6718,11
6719,1
6720,23
6721,13
6722,11
6723,13
6724,9
6725,8
6726,23
6727,5
6728,3
6729,13
6730,14
6731,13
6732,7
6733,11
6734,3
6735,11
6736,18
6737,14
6738,8
6739,21
6740,13
6741,20
6742,18
6743,3
6744,5
6745,1
6746,19
6747,13
6748,2
6749,13
6750,18
6751,21
6752,2
6753,7
6754,1
6755,14
6756,19
6757,0
6758,1
6759,5
6760,13
6761,2
6762,1
6763,7
6764,19
6765,7
6766,19
6767,13
6768,3
6769,13
6770,18
6771,1
6772,7
6773,13
6774,2
6775,1
6776,22
6777,11
6778,9
6779,1
6780,13
6781,13
6782,6
6783,8
6784,5
6785,23
6786,11
6787,1
6788,1
6789,3
6790,13
6791,2
6792,13
6793,1
6794,19
6795,22
6796,8
6797,19
6798,1
6799,11
6800,13
6801,11
6802,13
6803,0
6804,13
6805,14
6806,19
6807,2
6808,13
6809,19
6810,8
6811,11
6812,22
6813,19
6814,19
6815,5
6816,2
6817,1
6818,7
6819,15
6820,1
6821,13
6822,1
6823,1
6824,11
6825,19
6826,6
6827,13
6828,18
6829,11
6830,13
6831,16
6832,0
6833,20
6834,8
6835,2
6836,13
6837,1
6838,22
6839,14
6840,16
6841,13
6842,13
6843,1
6844,1
6845,1
6846,16
6847,1
6848,7
6849,2
6850,23
6851,4
6852,7
6853,1
6854,7
6855,3
6856,8
6857,4
6858,6
6859,13
6860,1
6861,22
6862,10
6863,16
6864,3
6865,14
6866,13
6867,13
6868,5
6869,7
6870,1
6871,4
6872,11
6873,11
6874,14
6875,1
6876,19
6877,7
6878,19
6879,13
6880,11
6881,19
6882,11
6883,13
6884,11
6885,11
6886,19
6887,22
6888,21
6889,13
6890,4
6891,11
6892,19
6893,19
6894,22
6895,21
6896,11
6897,8
6898,13
6899,13
6900,3
6901,22
6902,13
6903,2
6904,13
6905,13
6906,13
6907,7
6908,13
6909,11
6910,19
6911,0
6912,0
6913,6
6914,8
6915,11
6916,1
6917,6
6918,19
6919,2
6920,18
6921,8
6922,2
6923,14
6924,7
6925,13
6926,22
6927,0
6928,7
6929,11
6930,3
6931,13
6932,20
6933,19
6934,13
6935,11
6936,0
6937,1
6938,1
6939,11
6940,13
6941,7
6942,19
6943,22
6944,7
6945,13
6946,18
6947,16
6948,7
6949,3
6950,2
6951,16
6952,4
6953,13
6954,12
6955,9
6956,22
6957,21
6958,6
6959,13
6960,1
6961,13
6962,19
6963,12
6964,2
6965,1
6966,13
6967,13
6968,1
6969,2
6970,13
6971,8
6972,19
6973,19
6974,11
6975,11
6976,18
6977,13
6978,13
6979,7
6980,11
6981,2
6982,19
6983,7
6984,11
6985,13
6986,13
6987,1
6988,21
6989,18
6990,19
6991,2
6992,2
6993,11
6994,22
6995,6
6996,11
6997,1
6998,11
6999,2
7000,1
7001,19
7002,5
7003,11
7004,14
7005,22
7006,4
7007,11
7008,1
7009,15
7010,7
7011,1
7012,13
7013,5
7014,13
7015,14
7016,14
7017,16
7018,2
7019,13
7020,18
7021,18
7022,2
7023,8
7024,14
7025,0
7026,7
7027,13
7028,6
7029,11
7030,4
7031,1
7032,19
7033,20
7034,9
7035,7
7036,2
7037,18
7038,9
7039,12
7040,13
7041,1
7042,13
7043,18
7044,7
7045,3
7046,19
7047,18
7048,14
7049,1
7050,18
7051,13
7052,6
7053,22
7054,22
7055,22
7056,19
7057,22
7058,14
7059,13
7060,13
7061,13
7062,18
7063,22
7064,11
7065,8
7066,14
7067,10
7068,3
7069,13
7070,3
7071,7
7072,4
7073,7
7074,1
7075,8
7076,13
7077,18
7078,18
7079,18
7080,8
7081,1
7082,11
7083,22
7084,13
7085,9
7086,11
7087,7
7088,1
7089,1
7090,4
7091,19
7092,4
7093,14
7094,18
7095,19
7096,13
7097,11
7098,14
7099,7
7100,13
7101,21
7102,7
7103,2
7104,22
7105,13
7106,8
7107,7
7108,1
7109,18
7110,9
7111,6
7112,13
7113,11
7114,12
7115,7
7116,7
7117,13
7118,21
7119,22
7120,18
7121,0
7122,13
7123,13
7124,13
7125,20
7126,13
7127,13
7128,11
7129,22
7130,7
7131,5
7132,7
7133,18
7134,13
7135,13
7136,13
7137,21
7138,1
7139,7
7140,22
7141,21
7142,13
7143,3
7144,18
7145,13
7146,20
7147,13
7148,2
7149,2
7150,11
7151,14
7152,21
7153,4
7154,13
7155,7
7156,2
7157,11
7158,8
7159,6
7160,18
7161,22
7162,2
7163,14
7164,1
7165,22
7166,22
7167,11
7168,1
7169,1
7170,18
7171,1
7172,14
7173,13
7174,19
7175,22
7176,7
7177,2
7178,14
7179,11
7180,1
7181,10
7182,22
7183,7
7184,22
7185,11
7186,1
7187,18
7188,2
7189,11
7190,11
7191,23
7192,13
7193,3
7194,1
7195,7
7196,22
7197,11
7198,7
7199,5
7200,2
7201,19
7202,18
7203,5
7204,1
7205,13
7206,2
7207,10
7208,6
7209,0
7210,1
7211,2
7212,1
7213,13
7214,11
7215,19
7216,1
7217,12
7218,1
7219,22
7220,18
7221,20
7222,22
7223,10
7224,14
7225,7
7226,7
7227,23
7228,12
7229,1
7230,9
7231,11
7232,23
7233,4
7234,7
7235,13
7236,22
7237,22
7238,19
7239,18
7240,13
7241,1
7242,18
7243,13
7244,18
7245,2
7246,22
7247,13
7248,2
7249,18
7250,7
7251,13
7252,19
7253,21
7254,18
7255,16
7256,23
7257,8
7258,2
7259,19
7260,21
7261,11
7262,19
7263,21
7264,19
7265,7
7266,4
7267,2
7268,18
7269,6
7270,11
7271,5
7272,22
7273,1
7274,19
7275,11
7276,7
7277,7
7278,1
7279,21
7280,19
7281,22
7282,3
7283,13
7284,13
7285,3
7286,1
7287,1
7288,18
7289,8
7290,12
7291,8
7292,21
7293,22
7294,2
7295,21
7296,7
7297,13
7298,18
7299,2
7300,18
7301,7
7302,4
7303,4
7304,13
7305,19
7306,1
7307,11
7308,19
7309,11
7310,11
7311,11
7312,9
7313,2
7314,23
7315,3
7316,2
7317,13
7318,15
7319,19
7320,18
7321,14
7322,13
7323,21
7324,1
7325,13
7326,9
7327,22
7328,22
7329,19
7330,8
7331,22
7332,13
7333,11
7334,14
7335,13
7336,13
7337,8
7338,8
7339,19
7340,19
7341,10
7342,18
7343,13
7344,9
7345,22
7346,10
7347,13
7348,6
7349,18
7350,0
7351,13
7352,13
7353,2
7354,18
7355,19
7356,22
7357,13
7358,13
7359,2
7360,1
7361,13
7362,8
7363,23
7364,2
7365,7
7366,23
7367,2
7368,7
7369,13
7370,7
7371,14
7372,13
7373,2
7374,13
7375,7
7376,13
7377,11
7378,13
7379,12
7380,22
7381,13
7382,1
7383,13
7384,13
7385,13
7386,19
7387,3
7388,11
7389,18
7390,7
7391,3
7392,18
7393,11
7394,18
7395,2
7396,7
7397,1
7398,11
7399,18
7400,13
7401,18
7402,7
7403,7
7404,4
7405,4
7406,19
7407,19
7408,23
7409,13
7410,13
7411,16
7412,7
7413,3
7414,18
7415,13
7416,14
7417,14
7418,15
7419,21
7420,19
7421,15
7422,1
7423,13
7424,13
7425,11
7426,14
7427,0
7428,7
7429,21
7430,13
7431,14
7432,11
7433,19
7434,7
7435,21
7436,11
7437,22
7438,13
7439,22
7440,7
7441,1
7442,22
7443,19
7444,14
7445,7
7446,8
7447,1
7448,21
7449,22
7450,11
7451,2
7452,22
7453,11
7454,7
7455,2
7456,22
7457,6
7458,18
7459,2
7460,21
7461,13
7462,12
7463,2
7464,15
7465,8
7466,7
7467,2
7468,22
7469,0
7470,11
7471,13
7472,11
7473,13
7474,19
7475,13
7476,13
7477,13
7478,19
7479,1
7480,14
7481,0
7482,15
7483,11
7484,13
7485,19
7486,13
7487,7
7488,13
7489,11
7490,1
7491,13
7492,18
7493,18
7494,9
7495,13
7496,13
7497,11
7498,10
7499,19
7500,13
7501,20
7502,5
7503,13
7504,1
7505,22
7506,13
7507,1
7508,13
7509,22
7510,8
7511,9
7512,11
7513,14
7514,7
7515,1
7516,16
7517,11
7518,19
7519,9
7520,13
7521,14
7522,13
7523,13
7524,3
7525,1
7526,19
7527,20
7528,14
7529,11
7530,22
7531,22
7532,7
7533,5
7534,19
7535,13
7536,18
7537,7
7538,8
7539,18
7540,11
7541,7
7542,15
7543,13
7544,11
7545,11
7546,0
7547,22
7548,7
7549,1
7550,4
7551,3
7552,13
7553,18
7554,19
7555,23
7556,13
7557,22
7558,2
7559,11
7560,18
7561,22
7562,13
7563,13
7564,2
7565,2
7566,1
7567,1
7568,13
7569,19
7570,18
7571,4
7572,3
7573,13
7574,11
7575,2
7576,7
7577,19
7578,1
7579,13
7580,19
7581,7
7582,15
7583,1
7584,13
7585,18
7586,5
7587,1
7588,18
7589,1
7590,1
7591,23
7592,22
7593,23
7594,11
7595,20
7596,22
7597,5
7598,23
7599,4
7600,8
7601,1
7602,7
7603,18
7604,13
7605,5
7606,14
7607,13
7608,13
7609,1
7610,22
7611,9
7612,13
7613,13
7614,14
7615,14
7616,13
7617,11
7618,19
7619,5
7620,5
7621,13
7622,7
7623,22
7624,22
7625,22
7626,19
7627,2
7628,11
7629,13
7630,4
7631,13
7632,6
7633,7
7634,5
7635,22
7636,18
7637,13
7638,1
7639,2
7640,19
7641,13
7642,18
7643,23
7644,8
7645,13
7646,7
7647,7
7648,22
7649,1
7650,2
7651,13
7652,2
7653,19
7654,0
7655,7
7656,13
7657,18
7658,4
7659,7
7660,19
7661,13
7662,7
7663,5
7664,5
7665,2
7666,3
7667,19
7668,21
7669,22
7670,18
7671,2
7672,1
7673,11
7674,7
7675,2
7676,22
7677,11
7678,18
7679,18
7680,7
7681,13
7682,8
7683,20
7684,2
7685,1
7686,11
7687,13
7688,2
7689,1
7690,1
7691,8
7692,7
7693,7
7694,19
7695,13
7696,3
7697,18
7698,1
7699,5
7700,2
7701,10
7702,12
7703,18
7704,13
7705,9
7706,22
7707,22
7708,11
7709,9
7710,13
7711,13
7712,1
7713,2
7714,2
7715,14
7716,22
7717,13
7718,11
7719,2
7720,0
7721,22
7722,7
7723,7
7724,1
7725,2
7726,11
7727,11
7728,13
7729,2
7730,21
7731,1
7732,4
7733,21
7734,13
7735,22
7736,2
7737,22
7738,13
7739,13
7740,10
7741,13
7742,13
7743,19
7744,13
7745,11
7746,10
7747,3
7748,11
7749,13
7750,11
7751,13
7752,13
7753,5
7754,20
7755,18
7756,13
7757,13
7758,14
7759,3
7760,4
7761,1
7762,2
7763,1
7764,22
7765,11
7766,7
7767,13
7768,11
7769,9
7770,14
7771,13
7772,4
7773,13
7774,1
7775,11
7776,11
7777,22
7778,8
7779,14
7780,14
7781,11
7782,13
7783,18
7784,19
7785,18
7786,3
7787,8
7788,7
7789,3
7790,7
7791,1
7792,7
7793,13
7794,19
7795,18
7796,4
7797,11
7798,13
7799,21
7800,8
7801,8
7802,7
7803,13
7804,13
7805,7
7806,13
7807,5
7808,8
7809,18
7810,19
7811,19
7812,3
7813,23
7814,19
7815,13
7816,21
7817,9
7818,22
7819,2
7820,1
7821,13
7822,13
7823,1
7824,16
7825,13
7826,21
7827,13
7828,0
7829,8
7830,18
7831,9
7832,14
7833,13
7834,14
7835,14
7836,1
7837,13
7838,2
7839,13
7840,20
7841,22
7842,19
7843,13
7844,18
7845,18
7846,1
7847,7
7848,2
7849,19
7850,19
7851,13
7852,11
7853,13
7854,7
7855,20
7856,1
7857,22
7858,23
7859,1
7860,19
7861,11
7862,1
7863,0
7864,13
7865,8
7866,13
7867,22
7868,19
7869,13
7870,18
7871,14
7872,19
7873,23
7874,1
7875,14
7876,19
7877,12
7878,7
7879,14
7880,11
7881,23
7882,13
7883,11
7884,11
7885,3
7886,1
7887,19
7888,5
7889,13
7890,14
7891,1
7892,13
7893,5
7894,13
7895,11
7896,1
7897,18
7898,19
7899,18
7900,7
7901,22
7902,5
7903,22
7904,1
7905,21
7906,5
7907,18
7908,11
7909,8
7910,11
7911,2
7912,11
7913,13
7914,13
7915,13
7916,2
7917,11
7918,19
7919,7
7920,14
7921,13
7922,2
7923,19
7924,8
7925,3
7926,19
7927,19
7928,23
7929,7
7930,3
7931,2
7932,18
7933,0
7934,11
7935,18
7936,19
7937,7
7938,16
7939,15
7940,8
7941,13
7942,1
7943,19
7944,13
7945,1
7946,13
7947,13
7948,19
7949,5
7950,7
7951,14
7952,13
7953,13
7954,13
7955,10
7956,18
7957,21
7958,19
7959,22
7960,13
7961,20
7962,13
7963,19
7964,2
7965,8
7966,7
7967,13
7968,21
7969,7
7970,13
7971,8
7972,8
7973,18
7974,1
7975,19
7976,14
7977,3
7978,18
7979,13
7980,4
7981,17
7982,2
7983,13
7984,1
7985,19
7986,13
7987,13
7988,1
7989,9
7990,11
7991,13
7992,4
7993,14
7994,18
7995,19
7996,22
7997,13
7998,14
7999,13
8000,11
8001,22
8002,13
8003,2
8004,22
8005,1
8006,11
8007,2
8008,18
8009,19
8010,19
8011,21
8012,13
8013,19
8014,13
8015,7
8016,3
8017,7
8018,7
8019,19
8020,12
8021,4
8022,1
8023,14
8024,13
8025,1
8026,15
8027,3
8028,1
8029,5
8030,18
8031,11
8032,5
8033,19
8034,19
8035,11
8036,22
8037,6
8038,13
8039,10
8040,1
8041,7
8042,19
8043,4
8044,2
8045,13
8046,13
8047,13
8048,1
8049,22
8050,13
8051,1
8052,2
8053,11
8054,21
8055,13
8056,18
8057,7
8058,18
8059,13
8060,11
8061,10
8062,7
8063,11
8064,19
8065,1
8066,13
8067,9
8068,23
8069,7
8070,0
8071,3
8072,19
8073,11
8074,19
8075,11
8076,22
8077,3
8078,7
8079,7
8080,14
8081,13
8082,19
8083,19
8084,1
8085,2
8086,14
8087,11
8088,13
8089,13
8090,23
8091,6
8092,4
8093,19
8094,18
8095,13
8096,11
8097,19
8098,7
8099,19
8100,14
8101,23
8102,5
8103,18
8104,7
8105,13
8106,13
8107,8
8108,19
8109,2
8110,21
8111,13
8112,2
8113,2
8114,22
8115,19
8116,1
8117,14
8118,1
8119,7
8120,19
8121,13
8122,0
8123,20
8124,7
8125,13
8126,13
8127,18
8128,19
8129,13
8130,13
8131,7
8132,23
8133,11
8134,8
8135,14
8136,14
8137,1
8138,3
8139,1
8140,7
8141,13
8142,1
8143,5
8144,8
8145,13
8146,1
8147,13
8148,13
8149,3
8150,13
8151,19
8152,19
8153,11
8154,2
8155,11
8156,19
8157,9
8158,7
8159,2
8160,21
8161,18
8162,3
8163,1
8164,8
8165,2
8166,3
8167,7
8168,14
8169,8
8170,11
8171,13
8172,13
8173,7
8174,4
8175,1
8176,13
8177,11
8178,19
8179,22
8180,1
8181,7
8182,11
8183,18
8184,11
8185,13
8186,4
8187,22
8188,14
8189,20
8190,1
8191,1
8192,19
8193,18
8194,9
8195,13
8196,19
8197,14
8198,23
8199,7
8200,5
8201,5
8202,13
8203,19
8204,14
8205,13
8206,14
8207,19
8208,1
8209,4
8210,7
8211,13
8212,19
8213,11
8214,5
8215,5
8216,2
8217,2
8218,1
8219,2
8220,2
8221,13
8222,18
8223,18
8224,14
8225,14
8226,19
8227,13
8228,1
8229,6
8230,13
8231,18
8232,13
8233,22
8234,6
8235,1
8236,6
8237,7
8238,2
8239,13
8240,13
8241,11
8242,11
8243,1
8244,2
8245,19
8246,11
8247,18
8248,5
8249,11
8250,22
8251,11
8252,19
8253,3
8254,19
8255,21
8256,13
8257,13
8258,13
8259,4
8260,18
8261,13
8262,19
8263,13
8264,5
8265,8
8266,2
8267,21
8268,22
8269,8
8270,13
8271,2
8272,3
8273,13
8274,4
8275,19
8276,23
8277,22
8278,19
8279,13
8280,22
8281,1
8282,22
8283,13
8284,11
8285,11
8286,8
8287,19
8288,2
8289,13
8290,21
8291,13
8292,2
8293,11
8294,19
8295,13
8296,5
8297,10
8298,11
8299,13
8300,19
8301,2
8302,13
8303,13
8304,14
8305,2
8306,11
8307,2
8308,2
8309,13
8310,13
8311,14
8312,19
8313,2
8314,13
8315,7
8316,13
8317,4
8318,9
8319,1
8320,1
8321,18
8322,11
8323,2
8324,18
8325,13
8326,2
8327,7
8328,19
8329,19
8330,21
8331,8
8332,11
8333,7
8334,2
8335,11
8336,4
8337,11
8338,7
8339,14
8340,20
8341,20
8342,13
8343,11
8344,13
8345,22
8346,1
8347,13
8348,6
8349,22
8350,7
8351,0
8352,1
8353,13
8354,13
8355,2
8356,1
8357,1
8358,1
8359,10
8360,18
8361,19
8362,13
8363,22
8364,22
8365,22
8366,11
8367,13
8368,3
8369,21
8370,10
8371,13
8372,7
8373,18
8374,13
8375,13
8376,7
8377,5
8378,18
8379,2
8380,18
8381,12
8382,1
8383,3
8384,19
8385,11
8386,13
8387,21
8388,19
8389,9
8390,13
8391,11
8392,13
8393,1
8394,1
8395,3
8396,14
8397,19
8398,11
8399,1
8400,7
8401,22
8402,13
8403,13
8404,14
8405,9
8406,2
8407,14
8408,22
8409,18
8410,22
8411,13
8412,1
8413,2
8414,2
8415,19
8416,3
8417,21
8418,18
8419,23
8420,19
8421,14
8422,13
8423,19
8424,2
8425,22
8426,13
8427,21
8428,7
8429,13
8430,14
8431,13
8432,1
8433,2
8434,13
8435,22
8436,13
8437,13
8438,9
8439,13
8440,2
8441,2
8442,13
8443,11
8444,13
8445,7
8446,21
8447,14
8448,5
8449,5
8450,9
8451,13
8452,15
8453,7
8454,23
8455,13
8456,4
8457,13
8458,19
8459,8
8460,11
8461,2
8462,19
8463,11
8464,9
8465,19
8466,18
8467,13
8468,6
8469,0
8470,19
8471,1
8472,13
8473,8
8474,1
8475,2
8476,11
8477,19
8478,2
8479,10
8480,11
8481,13
8482,11
8483,11
8484,2
8485,11
8486,7
8487,22
8488,21
8489,6
8490,9
8491,21
8492,2
8493,7
8494,19
8495,19
8496,23
8497,2
8498,19
8499,5
8500,1
8501,9
8502,6
8503,14
8504,12
8505,11
8506,13
8507,1
8508,13
8509,13
8510,22
8511,21
8512,13
8513,18
8514,19
8515,2
8516,20
8517,11
8518,15
8519,13
8520,5
8521,13
8522,1
8523,20
8524,19
8525,11
8526,13
8527,13
8528,13
8529,18
8530,7
8531,13
8532,13
8533,19
8534,15
8535,7
8536,9
8537,13
8538,15
8539,19
8540,13
8541,18
8542,1
8543,13
8544,13
8545,7
8546,11
8547,13
8548,23
8549,2
8550,19
8551,15
8552,1
8553,19
8554,5
8555,11
8556,7
8557,7
8558,15
8559,1
8560,18
8561,22
8562,13
8563,11
8564,13
8565,2
8566,1
8567,13
8568,14
8569,13
8570,21
8571,7
8572,1
8573,7
8574,11
8575,22
8576,18
8577,23
8578,13
8579,18
8580,11
8581,8
8582,2
8583,11
8584,4
8585,18
8586,13
8587,20
8588,19
8589,13
8590,2
8591,16
8592,2
8593,0
8594,7
8595,2
8596,19
8597,4
8598,19
8599,19
8600,11
8601,13
8602,13
8603,1
8604,14
8605,1
8606,11
8607,19
8608,4
8609,13
8610,23
8611,7
8612,7
8613,18
8614,19
8615,13
8616,10
8617,7
8618,2
8619,21
8620,13
8621,11
8622,7
8623,1
8624,18
8625,13
8626,8
8627,13
8628,15
8629,19
8630,18
8631,18
8632,1
8633,13
8634,13
8635,18
8636,4
8637,19
8638,10
8639,1
8640,21
8641,19
8642,15
8643,19
8644,1
8645,13
8646,6
8647,8
8648,7
8649,14
8650,22
8651,18
8652,13
8653,18
8654,1
8655,13
8656,2
8657,1
8658,1
8659,11
8660,9
8661,1
8662,0
8663,2
8664,19
8665,19
8666,13
8667,19
8668,1
8669,2
8670,2
8671,3
8672,19
8673,18
8674,2
8675,19
8676,11
8677,14
8678,1
8679,5
8680,1
8681,7
8682,13
8683,10
8684,20
8685,0
8686,18
8687,21
8688,13
8689,18
8690,13
8691,6
8692,13
8693,8
8694,11
8695,13
8696,20
8697,7
8698,7
8699,1
8700,13
8701,19
8702,7
8703,2
8704,1
8705,22
8706,19
8707,2
8708,13
8709,4
8710,13
8711,9
8712,23
8713,11
8714,11
8715,18
8716,2
8717,11
8718,2
8719,2
8720,0
8721,18
8722,11
8723,19
8724,22
8725,13
8726,12
8727,7
8728,19
8729,18
8730,2
8731,13
8732,5
8733,7
8734,21
8735,8
8736,18
8737,13
8738,19
8739,1
8740,9
8741,1
8742,11
8743,13
8744,15
8745,15
8746,13
8747,13
8748,11
8749,19
8750,21
8751,13
8752,22
8753,9
8754,13
8755,21
8756,20
8757,22
8758,13
8759,18
8760,13
8761,20
8762,13
8763,8
8764,11
8765,5
8766,13
8767,2
8768,13
8769,22
8770,11
8771,19
8772,10
8773,4
8774,1
8775,11
8776,7
8777,22
8778,21
8779,21
8780,1
8781,2
8782,13
8783,18
8784,2
8785,19
8786,3
8787,13
8788,19
8789,13
8790,13
8791,11
8792,19
8793,1
8794,13
8795,20
8796,0
8797,11
8798,15
8799,3
8800,2
8801,13
8802,14
8803,13
8804,22
8805,11
8806,1
8807,10
8808,16
8809,18
8810,1
8811,13
8812,7
8813,5
8814,11
8815,7
8816,13
8817,18
8818,13
8819,12
8820,5
8821,1
8822,1
8823,18
8824,2
8825,11
8826,2
8827,7
8828,14
8829,22
8830,14
8831,21
8832,11
8833,1
8834,13
8835,19
8836,5
8837,23
8838,19
8839,4
8840,7
8841,11
8842,18
8843,19
8844,11
8845,13
8846,7
8847,13
8848,10
8849,13
8850,11
8851,11
8852,7
8853,22
8854,7
8855,22
8856,18
8857,13
8858,22
8859,18
8860,10
8861,13
8862,13
8863,18
8864,11
8865,2
8866,1
8867,13
8868,19
8869,7
8870,13
8871,2
8872,6
8873,1
8874,2
8875,13
8876,14
8877,14
8878,7
8879,7
8880,13
8881,1
8882,7
8883,14
8884,16
8885,1
8886,7
8887,13
8888,14
8889,2
8890,11
8891,20
8892,13
8893,9
8894,19
8895,19
8896,3
8897,13
8898,13
8899,1
8900,13
8901,1
8902,1
8903,19
8904,19
8905,7
8906,7
8907,6
8908,21
8909,5
8910,23
8911,8
8912,13
8913,5
8914,13
8915,1
8916,8
8917,13
8918,11
8919,16
8920,13
8921,19
8922,18
8923,1
8924,13
8925,10
8926,11
8927,4
8928,7
8929,19
8930,18
8931,7
8932,2
8933,2
8934,19
8935,19
8936,1
8937,22
8938,7
8939,7
8940,5
8941,2
8942,22
8943,5
8944,9
8945,11
8946,2
8947,1
8948,19
8949,22
8950,8
8951,11
8952,1
8953,6
8954,19
8955,13
8956,2
8957,21
8958,11
8959,19
8960,7
8961,22
8962,13
8963,19
8964,2
8965,11
8966,3
8967,1
8968,1
8969,1
8970,13
8971,18
8972,9
8973,11
8974,1
8975,18
8976,14
8977,1
8978,19
8979,15
8980,19
8981,13
8982,13
8983,1
8984,13
8985,13
8986,5
8987,6
8988,5
8989,22
8990,2
8991,13
8992,14
8993,19
8994,22
8995,13
8996,13
8997,22
8998,15
8999,2
9000,14
9001,10
9002,1
9003,22
9004,2
9005,5
9006,2
9007,11
9008,7
9009,18
9010,13
9011,2
9012,13
9013,7
9014,7
9015,13
9016,19
9017,10
9018,11
9019,14
9020,13
9021,9
9022,13
9023,5
9024,21
9025,14
9026,7
9027,21
9028,22
9029,7
9030,18
9031,22
9032,22
9033,13
9034,1
9035,18
9036,19
9037,19
9038,7
9039,13
9040,11
9041,14
9042,22
9043,4
9044,13
9045,19
9046,21
9047,2
9048,1
9049,18
9050,1
9051,18
9052,13
9053,1
9054,11
9055,7
9056,7
9057,8
9058,13
9059,13
9060,3
9061,7
9062,21
9063,13
9064,5
9065,14
9066,2
9067,11
9068,11
9069,14
9070,21
9071,19
9072,3
9073,7
9074,20
9075,13
9076,19
9077,13
9078,11
9079,11
9080,14
9081,1
9082,22
9083,9
9084,11
9085,1
9086,6
9087,19
9088,15
9089,7
9090,1
9091,19
9092,7
9093,13
9094,5
9095,16
9096,2
9097,7
9098,11
9099,4
9100,16
9101,19
9102,2
9103,13
9104,8
9105,11
9106,13
9107,13
9108,11
9109,2
9110,2
9111,13
9112,22
9113,22
9114,18
9115,23
9116,11
9117,15
9118,18
9119,13
9120,18
9121,22
9122,13
9123,3
9124,23
9125,11
9126,5
9127,13
9128,7
9129,13
9130,20
9131,18
9132,1
9133,21
9134,2
9135,1
9136,19
9137,18
9138,13
9139,11
9140,0
9141,3
9142,13
9143,17
9144,17
9145,13
9146,8
9147,9
9148,7
9149,11
9150,19
9151,8
9152,13
9153,19
9154,13
9155,22
9156,19
9157,1
9158,18
9159,11
9160,22
9161,9
9162,4
9163,8
9164,18
9165,2
9166,19
9167,13
9168,15
9169,11
9170,18
9171,0
9172,13
9173,19
9174,13
9175,18
9176,19
9177,13
9178,19
9179,18
9180,2
9181,13
9182,16
9183,22
9184,7
9185,7
9186,5
9187,5
9188,19
9189,13
9190,13
9191,10
9192,13
9193,22
9194,22
9195,10
9196,2
9197,1
9198,13
9199,1
9200,21
9201,13
9202,1
9203,13
9204,11
9205,1
9206,8
9207,19
9208,13
9209,22
9210,2
9211,23
9212,19
9213,2
9214,11
9215,7
9216,7
9217,13
9218,22
9219,22
9220,13
9221,3
9222,22
9223,18
9224,11
9225,5
9226,13
9227,13
9228,18
9229,2
9230,13
9231,2
9232,19
9233,22
9234,7
9235,5
9236,2
9237,11
9238,7
9239,13
9240,3
9241,1
9242,19
9243,11
9244,13
9245,10
9246,1
9247,21
9248,12
9249,2
9250,13
9251,13
9252,21
9253,13
9254,7
9255,8
9256,9
9257,1
9258,13
9259,11
9260,11
9261,7
9262,1
9263,18
9264,13
9265,18
9266,18
9267,11
9268,10
9269,7
9270,2
9271,19
9272,18
9273,19
9274,2
9275,13
9276,14
9277,2
9278,18
9279,20
9280,22
9281,13
9282,2
9283,18
9284,13
9285,7
9286,19
9287,22
9288,13
9289,19
9290,21
9291,13
9292,6
9293,22
9294,13
9295,1
9296,18
9297,1
9298,19
9299,13
9300,2
9301,11
9302,11
9303,22
9304,14
9305,1
9306,2
9307,1
9308,13
9309,22
9310,4
9311,7
9312,22
9313,8
9314,1
9315,2
9316,11
9317,19
9318,13
9319,2
9320,9
9321,1
9322,5
9323,13
9324,5
9325,0
9326,9
9327,13
9328,11
9329,13
9330,13
9331,13
9332,18
9333,2
9334,14
9335,1
9336,11
9337,18
9338,13
9339,7
9340,14
9341,11
9342,7
9343,13
9344,11
9345,1
9346,11
9347,19
9348,2
9349,2
9350,2
9351,1
9352,13
9353,7
9354,7
9355,13
9356,19
9357,14
9358,7
9359,6
9360,22
9361,1
9362,21
9363,19
9364,11
9365,15
9366,7
9367,4
9368,19
9369,9
9370,7
9371,21
9372,22
9373,13
9374,6
9375,20
9376,23
9377,5
9378,4
9379,13
9380,1
9381,7
9382,1
9383,13
9384,15
9385,7
9386,11
9387,19
9388,13
9389,11
9390,1
9391,13
9392,14
9393,19
9394,11
9395,13
9396,3
9397,2
9398,13
9399,12
9400,5
9401,7
9402,18
9403,18
9404,2
9405,3
9406,15
9407,1
9408,20
9409,14
9410,9
9411,19
9412,11
9413,14
9414,13
9415,13
9416,19
9417,19
9418,2
9419,11
9420,1
9421,21
9422,18
9423,13
9424,7
9425,18
9426,19
9427,18
9428,13
9429,2
9430,18
9431,8
9432,2
9433,13
9434,13
9435,18
9436,7
9437,4
9438,14
9439,11
9440,18
9441,19
9442,21
9443,6
9444,19
9445,22
9446,7
9447,11
9448,18
9449,11
9450,13
9451,21
9452,5
9453,0
9454,7
9455,7
9456,13
9457,9
9458,13
9459,19
9460,11
9461,16
9462,18
9463,13
9464,13
9465,22
9466,7
9467,19
9468,2
9469,19
9470,11
9471,14
9472,22
9473,19
9474,2
9475,18
9476,13
9477,23
9478,2
9479,22
9480,9
9481,19
9482,19
9483,21
9484,1
9485,14
9486,22
9487,19
9488,2
9489,6
9490,11
9491,13
9492,8
9493,8
9494,14
9495,11
9496,22
9497,19
9498,3
9499,13
9500,13
9501,11
9502,7
9503,23
9504,22
9505,19
9506,13
9507,11
9508,14
9509,21
9510,3
9511,20
9512,21
9513,7
9514,13
9515,13
9516,3
9517,12
9518,18
9519,18
9520,13
9521,13
9522,11
9523,10
9524,8
9525,5
9526,8
9527,19
9528,8
9529,22
9530,2
9531,19
9532,2
9533,22
9534,13
9535,22
9536,19
9537,18
9538,14
9539,11
9540,22
9541,22
9542,22
9543,10
9544,11
9545,13
9546,13
9547,13
9548,18
9549,19
9550,3
9551,11
9552,13
9553,3
9554,2
9555,11
9556,18
9557,13
9558,13
9559,15
9560,18
9561,9
9562,2
9563,19
9564,11
9565,5
9566,4
9567,18
9568,23
9569,8
9570,19
9571,7
9572,16
9573,21
9574,11
9575,1
9576,11
9577,13
9578,1
9579,15
9580,14
9581,13
9582,13
9583,23
9584,8
9585,13
9586,11
9587,11
9588,8
9589,2
9590,10
9591,13
9592,18
9593,13
9594,9
9595,3
9596,22
9597,11
9598,13
9599,21
9600,23
9601,4
9602,13
9603,7
9604,14
9605,19
9606,19
9607,6
9608,4
9609,21
9610,7
9611,18
9612,13
9613,1
9614,13
9615,1
9616,18
9617,1
9618,11
9619,19
9620,13
9621,4
9622,19
9623,10
9624,3
9625,8
9626,21
9627,13
9628,1
9629,23
9630,9
9631,7
9632,11
9633,10
9634,13
9635,7
9636,9
9637,19
9638,11
9639,19
9640,1
9641,13
9642,18
9643,7
9644,13
9645,13
9646,21
9647,7
9648,11
9649,13
9650,13
9651,19
9652,22
9653,5
9654,11
9655,5
9656,2
9657,13
9658,19
9659,4
9660,13
9661,13
9662,1
9663,13
9664,19
9665,1
9666,22
9667,18
9668,22
9669,11
9670,19
9671,22
9672,18
9673,13
9674,11
9675,7
9676,12
9677,9
9678,2
9679,15
9680,13
9681,21
9682,13
9683,7
9684,11
9685,7
9686,19
9687,23
9688,3
9689,7
9690,1
9691,6
9692,13
9693,19
9694,11
9695,11
9696,16
9697,13
9698,5
9699,22
9700,1
9701,13
9702,2
9703,1
9704,6
9705,13
9706,1
9707,7
9708,22
9709,22
9710,1
9711,8
9712,13
9713,19
9714,11
9715,1
9716,13
9717,19
9718,22
9719,12
9720,13
9721,23
9722,11
9723,2
9724,2
9725,1
9726,13
9727,2
9728,11
9729,11
9730,13
9731,7
9732,5
9733,18
9734,22
9735,11
9736,11
9737,1
9738,5
9739,13
9740,1
9741,1
9742,14
9743,19
9744,9
9745,13
9746,13
9747,8
9748,9
9749,13
9750,22
9751,1
9752,8
9753,8
9754,1
9755,19
9756,13
9757,5
9758,19
9759,5
9760,5
9761,19
9762,1
9763,13
9764,18
9765,1
9766,11
9767,18
9768,18
9769,1
9770,7
9771,18
9772,13
9773,13
9774,18
9775,21
9776,14
9777,4
9778,23
9779,13
9780,18
9781,19
9782,13
9783,11
9784,11
9785,1
9786,19
9787,3
9788,4
9789,19
9790,22
9791,11
9792,13
9793,11
9794,11
9795,11
9796,22
9797,3
9798,13
9799,11
9800,22
9801,14
9802,3
9803,2
9804,13
9805,15
9806,11
9807,2
9808,19
9809,21
9810,13
9811,11
9812,19
9813,19
9814,15
9815,4
9816,7
9817,11
9818,8
9819,13
9820,22
9821,1
9822,19
9823,6
9824,7
9825,16
9826,18
9827,1
9828,13
9829,11
9830,19
9831,19
9832,2
9833,13
9834,11
9835,2
9836,11
9837,13
9838,22
9839,7
9840,18
9841,13
9842,19
9843,13
9844,13
9845,8
9846,9
9847,2
9848,8
9849,2
9850,13
9851,7
9852,1
9853,1
9854,7
9855,7
9856,13
9857,2
9858,22
9859,11
9860,16
9861,19
9862,22
9863,15
9864,9
9865,13
9866,11
9867,22
9868,8
9869,9
9870,8
9871,13
9872,9
9873,5
9874,7
9875,11
9876,13
9877,13
9878,1
9879,23
9880,7
9881,7
9882,18
9883,7
9884,1
9885,19
9886,13
9887,22
9888,13
9889,1
9890,11
9891,22
9892,0
9893,13
9894,22
9895,4
9896,13
9897,21
9898,1
9899,13
9900,7
9901,23
9902,2
9903,13
9904,1
9905,11
9906,19
9907,7
9908,13
9909,18
9910,13
9911,13
9912,22
9913,19
9914,11
9915,4
9916,3
9917,11
9918,23
9919,19
9920,13
9921,13
9922,11
9923,13
9924,13
9925,1
9926,13
9927,18
9928,9
9929,13
9930,11
9931,19
9932,14
9933,14
9934,0
9935,13
9936,13
9937,13
9938,11
9939,23
9940,11
9941,11
9942,18
9943,8
9944,3
9945,13
9946,19
9947,9
9948,9
9949,13
9950,18
9951,22
9952,5
9953,1
9954,17
9955,22
9956,1
9957,11
9958,11
9959,1
9960,13
9961,11
9962,11
9963,22
9964,1
9965,7
9966,13
9967,22
9968,9
9969,11
9970,11
9971,22
9972,13
9973,2
9974,2
9975,3
9976,14
9977,6
9978,13
9979,19
9980,13
9981,13
9982,18
9983,20
9984,7
9985,13
9986,11
9987,14
9988,11
9989,1
9990,15
9991,3
9992,1
9993,1
9994,11
9995,19
9996,12
9997,1
9998,13
9999,13
10000,16
10001,11
10002,5
10003,8
10004,3
10005,14
10006,13
10007,2
10008,7
10009,13
10010,18
10011,8
10012,22
10013,13
10014,17
10015,11
10016,11
10017,13
10018,13
10019,0
10020,13
10021,13
10022,7
10023,19
10024,5
10025,1
10026,18
10027,4
10028,7
10029,13
10030,1
10031,11
10032,5
10033,2
10034,3
10035,7
10036,20
10037,21
10038,19
10039,11
10040,2
10041,13
10042,18
10043,1
10044,7
10045,13
10046,14
10047,2
10048,1
10049,4
10050,22
10051,9
10052,11
10053,22
10054,7
10055,11
10056,14
10057,7
10058,13
10059,11
10060,19
10061,1
10062,5
10063,2
10064,3
10065,5
10066,13
10067,2
10068,13
10069,13
10070,13
10071,19
10072,13
10073,2
10074,14
10075,22
10076,10
10077,8
10078,7
10079,4
10080,4
10081,11
10082,22
10083,21
10084,7
10085,2
10086,14
10087,19
10088,11
10089,13
10090,14
10091,19
10092,11
10093,9
10094,13
10095,5
10096,22
10097,13
10098,11
10099,22
10100,5
10101,1
10102,13
10103,22
10104,13
10105,1
10106,19
10107,13
10108,13
10109,11
10110,19
10111,1
10112,4
10113,2
10114,1
10115,1
10116,1
10117,13
10118,23
10119,15
10120,2
10121,5
10122,21
10123,15
10124,13
10125,7
10126,11
10127,1
10128,11
10129,21
10130,13
10131,11
10132,19
10133,13
10134,13
10135,13
10136,11
10137,7
10138,9
10139,7
10140,22
10141,13
10142,6
10143,9
10144,13
10145,13
10146,5
10147,1
10148,2
10149,11
10150,7
10151,21
10152,9
10153,13
10154,10
10155,7
10156,7
10157,23
10158,23
10159,13
10160,22
10161,18
10162,7
10163,19
10164,7
10165,3
10166,11
10167,4
10168,2
10169,1
10170,4
10171,22
10172,19
10173,5
10174,7
10175,11
10176,1
10177,14
10178,1
10179,18
10180,19
10181,22
10182,11
10183,7
10184,2
10185,2
10186,2
10187,19
10188,13
10189,11
10190,3
10191,4
10192,14
10193,1
10194,15
10195,13
10196,13
10197,18
10198,22
10199,20
10200,4
10201,2
10202,13
10203,13
10204,13
10205,13
10206,21
10207,18
10208,13
10209,23
10210,7
10211,11
10212,11
10213,20
10214,1
10215,13
10216,22
10217,18
10218,11
10219,11
10220,9
10221,22
10222,1
10223,19
10224,2
10225,7
10226,22
10227,2
10228,21
10229,19
10230,3
10231,13
10232,7
10233,11
10234,22
10235,2
10236,14
10237,10
10238,1
10239,7
10240,18
10241,11
10242,18
10243,18
10244,19
10245,3
10246,19
10247,1
10248,13
10249,1
10250,7
10251,7
10252,22
10253,21
10254,1
10255,7
10256,21
10257,23
10258,13
10259,11
10260,18
10261,13
10262,2
10263,11
10264,21
10265,6
10266,2
10267,11
10268,2
10269,11
10270,22
10271,13
10272,21
10273,13
10274,6
10275,13
10276,13
10277,22
10278,18
10279,20
10280,15
10281,11
10282,21
10283,19
10284,2
10285,4
10286,13
10287,1
10288,13
10289,1
10290,13
10291,22
10292,14
10293,18
10294,22
10295,18
10296,9
10297,15
10298,13
10299,1
10300,7
10301,7
10302,12
10303,13
10304,13
10305,8
10306,11
10307,18
10308,19
10309,18
10310,3
10311,13
10312,13
10313,19
10314,7
10315,18
10316,1
10317,2
10318,15
10319,22
10320,7
10321,7
10322,1
10323,1
10324,2
10325,19
10326,7
10327,7
10328,4
10329,13
10330,13
10331,5
10332,11
10333,13
10334,11
10335,7
10336,1
10337,14
10338,1
10339,11
10340,2
10341,7
10342,11
10343,1
10344,14
10345,9
10346,11
10347,1
10348,20
10349,14
10350,13
10351,13
10352,20
10353,18
10354,5
10355,7
10356,1
10357,12
10358,16
10359,11
10360,8
10361,6
10362,13
10363,19
10364,19
10365,1
10366,18
10367,7
10368,11
10369,4
10370,21
10371,13
10372,10
10373,19
10374,2
10375,13
10376,14
10377,19
10378,11
10379,13
10380,4
10381,1
10382,7
10383,2
10384,13
10385,13
10386,2
10387,13
10388,12
10389,14
10390,13
10391,22
10392,19
10393,21
10394,13
10395,2
10396,14
10397,2
10398,19
10399,4
10400,2
10401,23
10402,1
10403,7
10404,7
10405,11
10406,7
10407,6
10408,8
10409,6
10410,14
10411,13
10412,2
10413,12
10414,11
10415,0
10416,13
10417,9
10418,1
10419,22
10420,13
10421,16
10422,11
10423,14
10424,4
10425,9
10426,2
10427,1
10428,14
10429,7
10430,1
10431,13
10432,13
10433,19
10434,2
10435,3
10436,18
10437,7
10438,11
10439,22
10440,19
10441,7
10442,2
10443,7
10444,5
10445,2
10446,13
10447,13
10448,13
10449,14
10450,18
10451,11
10452,22
10453,13
10454,18
10455,13
10456,10
10457,8
10458,18
10459,19
10460,18
10461,13
10462,8
10463,21
10464,4
10465,11
10466,15
10467,13
10468,18
10469,19
10470,0
10471,21
10472,13
10473,14
10474,13
10475,8
10476,19
10477,1
10478,13
10479,13
10480,22
10481,18
10482,10
10483,11
10484,7
10485,23
10486,14
10487,13
10488,19
10489,1
10490,17
10491,10
10492,22
10493,2
10494,7
10495,14
10496,13
10497,4
10498,0
10499,11
10500,5
10501,18
10502,18
10503,19
10504,7
10505,17
10506,1
10507,19
10508,1
10509,13
10510,7
10511,13
10512,13
10513,22
10514,15
10515,22
10516,7
10517,7
10518,18
10519,14
10520,21
10521,23
10522,7
10523,18
10524,2
10525,18
10526,13
10527,6
10528,3
10529,23
10530,4
10531,13
10532,18
10533,21
10534,23
10535,18
10536,13
10537,11
10538,13
10539,2
10540,17
10541,13
10542,11
10543,18
10544,7
10545,10
10546,7
10547,21
10548,4
10549,13
10550,11
10551,13
10552,11
10553,3
10554,22
10555,9
10556,14
10557,8
10558,7
10559,7
10560,19
10561,21
10562,13
10563,19
10564,13
10565,19
10566,2
10567,1
10568,5
10569,4
10570,13
10571,4
10572,9
10573,18
10574,7
10575,13
10576,16
10577,13
10578,1
10579,13
10580,21
10581,1
10582,2
10583,13
10584,18
10585,21
10586,2
10587,18
10588,14
10589,15
10590,19
10591,1
10592,19
10593,13
10594,11
10595,5
10596,5
10597,20
10598,7
10599,1
10600,3
10601,2
10602,1
10603,18
10604,14
10605,19
10606,12
10607,21
10608,9
10609,16
10610,0
10611,2
10612,7
10613,8
10614,11
10615,14
10616,5
10617,22
10618,18
10619,7
10620,8
10621,13
10622,18
10623,14
10624,22
10625,4
10626,4
10627,9
10628,21
10629,13
10630,1
10631,7
10632,0
10633,18
10634,18
10635,14
10636,7
10637,21
10638,13
10639,7
10640,2
10641,7
10642,13
10643,14
10644,22
10645,7
10646,1
10647,19
10648,18
10649,2
10650,13
10651,11
10652,11
10653,13
10654,21
10655,4
10656,18
10657,20
10658,18
10659,14
10660,7
10661,22
10662,19
10663,11
10664,13
10665,22
10666,19
10667,7
10668,9
10669,13
10670,4
10671,16
10672,1
10673,7
10674,3
10675,10
10676,7
10677,7
10678,14
10679,1
10680,22
10681,13
10682,2
10683,11
10684,11
10685,11
10686,19
10687,7
10688,13
10689,14
10690,7
10691,8
10692,20
10693,22
10694,7
10695,7
10696,20
10697,1
10698,2
10699,14
10700,7
10701,19
10702,7
10703,2
10704,2
10705,13
10706,1
10707,2
10708,22
10709,22
10710,11
10711,19
10712,21
10713,1
10714,11
10715,14
10716,19
10717,18
10718,16
10719,9
10720,6
10721,22
10722,3
10723,5
10724,11
10725,23
10726,10
10727,1
10728,2
10729,7
10730,13
10731,13
10732,13
10733,2
10734,10
10735,22
10736,18
10737,7
10738,13
10739,4
10740,13
10741,11
10742,2
10743,19
10744,14
10745,1
10746,13
10747,21
10748,22
10749,13
10750,9
10751,18
10752,4
10753,18
10754,1
10755,11
10756,13
10757,5
10758,7
10759,13
10760,10
10761,14
10762,20
10763,18
10764,18
10765,18
10766,11
10767,2
10768,19
10769,14
10770,15
10771,23
10772,8
10773,19
10774,21
10775,1
10776,22
10777,13
10778,13
10779,13
10780,13
10781,18
10782,19
10783,7
10784,21
10785,13
10786,0
10787,11
10788,8
10789,1
10790,13
10791,4
10792,1
10793,18
10794,13
10795,22
10796,12
10797,2
10798,11
10799,22
10800,7
10801,7
10802,22
10803,13
10804,2
10805,1
10806,7
10807,18
10808,1
10809,1
10810,14
10811,11
10812,5
10813,8
10814,21
10815,21
10816,2
10817,1
10818,13
10819,23
10820,22
10821,18
10822,18
10823,4
10824,2
10825,7
10826,13
10827,13
10828,2
10829,15
10830,22
10831,5
10832,14
10833,3
10834,9
10835,13
10836,22
10837,13
10838,13
10839,13
10840,2
10841,22
10842,13
10843,7
10844,13
10845,18
10846,13
10847,11
10848,5
10849,7
10850,2
10851,1
10852,13
10853,14
10854,8
10855,13
10856,7
10857,22
10858,18
10859,11
10860,11
10861,13
10862,22
10863,11
10864,13
10865,9
10866,7
10867,23
10868,22
10869,5
10870,13
10871,13
10872,22
10873,22
10874,4
10875,2
10876,18
10877,14
10878,1
10879,11
10880,2
10881,1
10882,13
10883,13
10884,12
10885,5
10886,15
10887,13
10888,1
10889,2
10890,21
10891,2
10892,11
10893,13
10894,11
10895,13
10896,4
10897,21
10898,18
10899,7
10900,13
10901,13
10902,9
10903,2
10904,7
10905,7
10906,15
10907,13
10908,7
10909,13
10910,7
10911,19
10912,11
10913,13
10914,23
10915,1
10916,11
10917,2
10918,13
10919,2
10920,18
10921,1
10922,1
10923,1
10924,13
10925,7
10926,22
10927,21
10928,19
10929,7
10930,11
10931,20
10932,2
10933,13
10934,13
10935,14
10936,19
10937,8
10938,13
10939,22
10940,11
10941,13
10942,1
10943,11
10944,9
10945,11
10946,8
10947,13
10948,18
10949,13
10950,7
10951,13
10952,22
10953,1
10954,5
10955,7
10956,11
10957,2
10958,18
10959,13
10960,21
10961,7
10962,19
10963,19
10964,1
10965,13
10966,2
10967,2
10968,22
10969,13
10970,11
10971,7
10972,19
10973,13
10974,13
10975,13
10976,7
10977,22
10978,18
10979,1
10980,14
10981,1
10982,2
10983,19
10984,13
10985,13
10986,11
10987,18
10988,13
10989,11
10990,1
10991,2
10992,23
10993,2
10994,2
10995,23
10996,1
10997,13
10998,13
10999,1
11000,1
11001,1
11002,21
11003,3
11004,5
11005,18
11006,13
11007,1
11008,14
11009,2
11010,14
11011,13
11012,19
11013,13
11014,11
11015,23
11016,11
11017,13
11018,3
11019,19
11020,19
11021,13
11022,22
11023,13
11024,14
11025,13
11026,21
11027,14
11028,14
11029,22
11030,13
11031,4
11032,9
11033,7
11034,18
11035,19
11036,13
11037,13
11038,19
11039,22
11040,17
11041,13
11042,1
11043,0
11044,2
11045,22
11046,14
11047,2
11048,16
11049,1
11050,19
11051,8
11052,12
11053,2
11054,19
11055,13
11056,16
11057,19
11058,22
11059,15
11060,13
11061,23
11062,1
11063,8
11064,13
11065,13
11066,19
11067,9
11068,1
11069,1
11070,14
11071,9
11072,13
11073,14
11074,9
11075,1
11076,7
11077,18
11078,2
11079,19
11080,13
11081,7
11082,2
11083,7
11084,3
11085,13
11086,11
11087,13
11088,13
11089,4
11090,2
11091,11
11092,7
11093,13
11094,2
11095,19
11096,13
11097,13
11098,13
11099,8
11100,18
11101,7
11102,23
11103,6
11104,5
11105,19
11106,14
11107,3
11108,16
11109,2
11110,11
11111,2
11112,1
11113,12
11114,19
11115,9
11116,16
11117,1
11118,7
11119,4
11120,11
11121,7
11122,11
11123,13
11124,5
11125,11
11126,18
11127,23
11128,13
11129,0
11130,13
11131,18
11132,7
11133,1
11134,11
11135,11
11136,13
11137,13
11138,13
11139,14
11140,19
11141,18
11142,13
11143,15
11144,3
11145,7
11146,19
11147,14
11148,7
11149,22
11150,22
11151,13
11152,13
11153,13
11154,18
11155,13
11156,10
11157,7
11158,7
11159,18
11160,11
11161,19
11162,3
11163,9
11164,13
11165,21
11166,3
11167,7
11168,13
11169,19
11170,11
11171,19
11172,14
11173,7
11174,7
11175,18
11176,1
11177,1
11178,11
11179,10
11180,2
11181,8
11182,13
11183,13
11184,13
11185,7
11186,5
11187,3
11188,19
11189,1
11190,13
11191,1
11192,15
11193,1
11194,11
11195,20
11196,13
11197,1
11198,1
11199,2
11200,21
11201,22
11202,1
11203,9
11204,11
11205,18
11206,1
11207,2
11208,19
11209,2
11210,10
11211,1
11212,1
11213,13
11214,7
11215,10
11216,3
11217,15
11218,18
11219,13
11220,13
11221,6
11222,13
11223,13
11224,13
11225,13
11226,22
11227,15
11228,2
11229,11
11230,19
11231,11
11232,7
11233,11
11234,11
11235,1
11236,19
11237,13
11238,18
11239,7
11240,13
11241,14
11242,22
11243,19
11244,22
11245,19
11246,8
11247,5
11248,13
11249,13
11250,22
11251,13
11252,2
11253,15
11254,18
11255,15
11256,13
11257,7
11258,1
11259,23
11260,3
11261,13
11262,6
11263,4
11264,7
11265,1
11266,18
11267,1
11268,22
11269,13
11270,7
11271,21
11272,2
11273,21
11274,13
11275,13
11276,1
11277,13
11278,4
11279,11
11280,19
11281,19
11282,19
11283,2
11284,13
11285,19
11286,21
11287,16
11288,21
11289,13
11290,7
11291,2
11292,7
11293,23
11294,11
11295,13
11296,11
11297,11
11298,1
11299,2
11300,13
11301,11
11302,13
11303,21
11304,7
11305,13
11306,8
11307,7
11308,22
11309,2
11310,13
11311,18
11312,19
11313,14
11314,5
11315,4
11316,13
11317,18
11318,13
11319,14
11320,11
11321,7
11322,19
11323,18
11324,11
11325,22
11326,8
11327,6
11328,21
11329,11
11330,9
11331,1
11332,13
11333,18
11334,1
11335,4
11336,18
11337,19
11338,18
11339,23
11340,13
11341,22
11342,2
11343,22
11344,11
11345,7
11346,18
11347,11
11348,21
11349,8
11350,13
11351,11
11352,5
11353,13
11354,13
11355,11
11356,11
11357,13
11358,18
11359,11
11360,14
11361,14
11362,6
11363,22
11364,1
11365,9
11366,18
11367,1
11368,7
11369,18
11370,22
11371,22
11372,13
11373,21
11374,13
11375,22
11376,11
11377,7
11378,14
11379,11
11380,18
11381,7
11382,11
11383,21
11384,10
11385,11
11386,10
11387,22
11388,13
11389,19
11390,18
11391,19
11392,13
11393,13
11394,7
11395,13
11396,13
11397,11
11398,1
11399,1
11400,13
11401,10
11402,19
11403,11
11404,16
11405,3
11406,2
11407,22
11408,19
11409,21
11410,13
11411,10
11412,14
11413,5
11414,11
11415,7
11416,1
11417,1
11418,7
11419,19
11420,19
11421,9
11422,13
11423,13
11424,11
11425,18
11426,22
11427,6
11428,7
11429,13
11430,1
11431,11
11432,18
11433,19
11434,2
11435,19
11436,19
11437,11
11438,19
11439,11
11440,13
11441,18
11442,13
11443,5
11444,11
11445,6
11446,3
11447,11
11448,1
11449,13
11450,19
11451,1
11452,11
11453,2
11454,21
11455,2
11456,13
11457,1
11458,13
11459,11
11460,13
11461,4
11462,14
11463,8
11464,23
11465,14
11466,7
11467,18
11468,22
11469,9
11470,13
11471,10
11472,23
11473,13
11474,3
11475,13
11476,19
11477,19
11478,13
11479,11
11480,14
11481,4
11482,11
11483,19
11484,13
11485,23
11486,4
11487,2
11488,15
11489,22
11490,23
11491,18
11492,11
11493,1
11494,13
11495,7
11496,18
11497,22
11498,13
11499,22
11500,13
11501,13
11502,19
11503,14
11504,9
11505,13
11506,22
11507,13
11508,21
11509,18
11510,3
11511,21
11512,21
11513,11
11514,18
11515,22
11516,13
11517,1
11518,11
11519,13
11520,23
11521,13
11522,7
11523,1
11524,5
11525,13
11526,11
11527,11
11528,6
11529,22
11530,11
11531,7
11532,19
11533,13
11534,5
11535,12
11536,2
11537,13
11538,7
11539,2
11540,2
11541,11
11542,2
11543,4
11544,5
11545,18
11546,13
11547,10
11548,19
11549,5
11550,14
11551,11
11552,11
11553,1
11554,19
11555,19
11556,7
11557,18
11558,7
11559,7
11560,3
11561,1
11562,19
11563,11
11564,13
11565,19
11566,19
11567,21
11568,10
11569,22
11570,17
11571,18
11572,11
11573,22
11574,2
11575,13
11576,18
11577,11
11578,3
11579,7
11580,18
11581,14
11582,21
11583,11
11584,19
11585,1
11586,1
11587,12
11588,7
11589,2
11590,16
11591,19
11592,16
11593,8
11594,21
11595,11
11596,1
11597,14
11598,20
11599,7
11600,2
11601,11
11602,22
11603,21
11604,15
11605,13
11606,13
11607,7
11608,2
11609,13
11610,2
11611,21
11612,19
11613,11
11614,2
11615,18
11616,1
11617,13
11618,7
11619,19
11620,6
11621,19
11622,13
11623,22
11624,19
11625,2
11626,7
11627,18
11628,19
11629,14
11630,1
11631,1
11632,19
11633,1
11634,22
11635,6
11636,11
11637,9
11638,5
11639,11
11640,11
11641,19
11642,13
11643,13
11644,1
11645,7
11646,1
11647,1
11648,11
11649,13
11650,1
11651,2
11652,18
11653,11
11654,7
11655,19
11656,11
11657,19
11658,18
11659,22
11660,1
11661,11
11662,19
11663,13
11664,13
11665,21
11666,2
11667,9
11668,18
11669,7
11670,19
11671,16
11672,2
11673,6
11674,14
11675,21
11676,11
11677,13
11678,1
11679,14
11680,18
11681,19
11682,18
11683,7
11684,10
11685,13
11686,5
11687,13
11688,19
11689,18
11690,1
11691,23
11692,1
11693,13
11694,13
11695,18
11696,13
11697,11
11698,13
11699,19
11700,18
11701,12
11702,22
11703,19
11704,7
11705,5
11706,15
11707,18
11708,22
11709,16
11710,9
11711,9
11712,1
11713,2
11714,2
11715,18
11716,18
11717,20
11718,7
11719,2
11720,19
11721,7
11722,4
11723,19
11724,13
11725,19
11726,7
11727,0
11728,18
11729,1
11730,1
11731,19
11732,22
11733,15
11734,1
11735,7
11736,5
11737,11
11738,19
11739,15
11740,18
11741,11
11742,7
11743,13
11744,18
11745,13
11746,3
11747,14
11748,2
11749,11
11750,19
11751,14
11752,18
11753,1
11754,1
11755,11
11756,10
11757,1
11758,13
11759,11
11760,11
11761,13
11762,11
11763,1
11764,1
11765,3
11766,7
11767,13
11768,22
11769,18
11770,2
11771,13
11772,13
11773,17
11774,22
11775,7
11776,18
11777,18
11778,11
11779,16
11780,3
11781,2
11782,22
11783,19
11784,14
11785,1
11786,19
11787,20
11788,18
11789,13
11790,2
11791,7
11792,13
11793,7
11794,7
11795,21
11796,19
11797,4
11798,6
11799,13
11800,16
11801,19
11802,14
11803,21
11804,19
11805,19
11806,1
11807,19
11808,7
11809,18
11810,7
11811,5
11812,1
11813,13
11814,2
11815,2
11816,2
11817,21
11818,19
11819,22
11820,7
11821,22
11822,13
11823,22
11824,19
11825,22
11826,4
11827,2
11828,13
11829,5
11830,11
11831,2
11832,3
11833,7
11834,20
11835,13
11836,14
11837,5
11838,7
11839,14
11840,13
11841,11
11842,20
11843,19
11844,18
11845,19
11846,13
11847,2
11848,16
11849,11
11850,11
11851,13
11852,7
11853,21
11854,13
11855,22
11856,2
11857,13
11858,18
11859,7
11860,1
11861,1
11862,11
11863,14
11864,9
11865,11
11866,23
11867,14
11868,19
11869,13
11870,13
11871,8
11872,14
11873,11
11874,13
11875,5
11876,5
11877,18
11878,19
11879,9
11880,9
11881,2
11882,13
11883,18
11884,19
11885,1
11886,5
11887,19
11888,11
11889,13
11890,13
11891,14
11892,13
11893,22
11894,1
11895,11
11896,2
11897,9
11898,0
11899,19
11900,18
11901,14
11902,8
11903,7
11904,9
11905,21
11906,1
11907,1
11908,5
11909,23
11910,11
11911,11
11912,11
11913,13
11914,7
11915,19
11916,5
11917,19
11918,19
11919,5
11920,11
11921,11
11922,11
11923,11
11924,18
11925,10
11926,2
11927,14
11928,1
11929,19
11930,20
11931,13
11932,1
11933,21
11934,19
11935,18
11936,1
11937,5
11938,1
11939,14
11940,19
11941,13
11942,13
11943,11
11944,18
11945,11
11946,4
11947,14
11948,11
11949,21
11950,16
11951,19
11952,8
11953,13
11954,22
11955,21
11956,20
11957,13
11958,13
11959,8
11960,23
11961,12
11962,18
11963,7
11964,13
11965,7
11966,16
11967,19
11968,22
11969,13
11970,13
11971,2
11972,13
11973,22
11974,11
11975,13
11976,13
11977,13
11978,13
11979,18
11980,8
11981,19
11982,13
11983,13
11984,5
11985,18
11986,13
11987,7
11988,13
11989,13
11990,18
11991,18
11992,7
11993,6
11994,13
11995,19
11996,11
11997,2
11998,11
11999,9
12000,13
12001,1
12002,19
12003,4
12004,4
12005,13
12006,13
12007,13
12008,18
12009,14
12010,7
12011,10
12012,2
12013,5
12014,7
12015,11
12016,13
12017,1
12018,14
12019,15
12020,21
12021,14
12022,13
12023,1
12024,22
12025,13
12026,7
12027,13
12028,8
12029,3
12030,3
12031,19
12032,7
12033,10
12034,3
12035,14
12036,11
12037,8
12038,21
12039,19
12040,19
12041,13
12042,19
12043,22
12044,22
12045,3
12046,21
12047,13
12048,5
12049,4
12050,4
12051,22
12052,23
12053,2
12054,14
12055,7
12056,9
12057,1
12058,2
12059,9
12060,18
12061,7
12062,18
12063,7
12064,1
12065,11
12066,11
12067,19
12068,13
12069,14
12070,7
12071,12
12072,7
12073,13
12074,13
12075,13
12076,14
12077,2
12078,9
12079,21
12080,13
12081,23
12082,23
12083,1
12084,13
12085,8
12086,13
12087,11
12088,11
12089,22
12090,1
12091,3
12092,14
12093,21
12094,2
12095,19
12096,23
12097,22
12098,15
12099,19
12100,14
12101,8
12102,1
12103,15
12104,4
12105,11
12106,20
12107,13
12108,13
12109,7
12110,13
12111,13
12112,1
12113,18
12114,15
12115,13
12116,7
12117,18
12118,8
12119,13
12120,13
12121,19
12122,2
12123,18
12124,23
12125,13
12126,13
12127,4
12128,14
12129,13
12130,23
12131,19
12132,7
12133,2
12134,2
12135,13
12136,18
12137,7
12138,14
12139,1
12140,19
12141,13
12142,11
12143,1
12144,19
12145,8
12146,1
12147,11
12148,2
12149,22
12150,22
12151,22
12152,14
12153,7
12154,13
12155,22
12156,7
12157,7
12158,21
12159,4
12160,14
12161,1
12162,2
12163,18
12164,11
12165,13
12166,13
12167,18
12168,6
12169,11
12170,4
12171,7
12172,21
12173,3
12174,11
12175,7
12176,4
12177,7
12178,2
12179,5
12180,1
12181,1
12182,13
12183,21
12184,4
12185,2
12186,4
12187,11
12188,1
12189,1
12190,23
12191,7
12192,18
12193,13
12194,14
12195,2
12196,7
12197,14
12198,19
12199,5
12200,13
12201,11
12202,13
12203,2
12204,7
12205,19
12206,18
12207,19
12208,11
12209,19
12210,7
12211,13
12212,18
12213,13
12214,13
12215,13
12216,18
12217,7
12218,11
12219,19
12220,11
12221,1
12222,3
12223,13
12224,13
12225,18
12226,18
12227,22
12228,11
12229,14
12230,4
12231,22
12232,13
12233,16
12234,3
12235,13
12236,1
12237,0
12238,2
12239,6
12240,11
12241,13
12242,11
12243,13
12244,11
12245,7
12246,7
12247,1
12248,13
12249,13
12250,18
12251,13
12252,11
12253,13
12254,2
12255,13
12256,5
12257,5
12258,4
12259,2
12260,3
12261,2
12262,7
12263,19
12264,15
12265,22
12266,13
12267,14
12268,13
12269,21
12270,11
12271,21
12272,22
12273,16
12274,7
12275,11
12276,2
12277,7
12278,13
12279,13
12280,7
12281,11
12282,8
12283,8
12284,13
12285,11
12286,1
12287,18
12288,13
12289,7
12290,13
12291,9
12292,7
12293,19
12294,23
12295,17
12296,19
12297,9
12298,11
12299,14
12300,18
12301,9
12302,22
12303,8
12304,19
12305,13
12306,12
12307,9
12308,21
12309,1
12310,19
12311,13
12312,19
12313,18
12314,18
12315,21
12316,13
12317,7
12318,1
12319,9
12320,19
12321,14
12322,18
12323,14
12324,19
12325,5
12326,2
12327,21
12328,13
12329,21
12330,15
12331,22
12332,11
12333,6
12334,5
12335,4
12336,5
12337,7
12338,0
12339,2
12340,18
12341,13
12342,11
12343,1
12344,7
12345,7
12346,13
12347,13
12348,2
12349,13
12350,21
12351,2
12352,7
12353,13
12354,14
12355,13
12356,2
12357,7
12358,1
12359,18
12360,2
12361,13
12362,14
12363,7
12364,22
12365,13
12366,13
12367,23
12368,2
12369,5
12370,19
12371,13
12372,18
12373,1
12374,13
12375,19
12376,21
12377,18
12378,2
12379,7
12380,2
12381,13
12382,19
12383,11
12384,18
12385,11
12386,1
12387,2
12388,2
12389,20
12390,1
12391,7
12392,10
12393,18
12394,2
12395,2
12396,13
12397,13
12398,10
12399,2
12400,1
12401,19
12402,13
12403,19
12404,22
12405,13
12406,14
12407,5
12408,22
12409,2
12410,18
12411,13
12412,12
12413,11
12414,13
12415,13
12416,1
12417,19
12418,5
12419,7
12420,11
12421,13
12422,14
12423,13
12424,13
12425,19
12426,13
12427,11
12428,7
12429,11
12430,15
12431,3
12432,22
12433,22
12434,22
12435,2
12436,2
12437,10
12438,1
12439,9
12440,22
12441,19
12442,19
12443,23
12444,22
12445,5
12446,11
12447,18
12448,7
12449,2
12450,2
12451,21
12452,14
12453,9
12454,9
12455,13
12456,2
12457,2
12458,15
12459,11
12460,7
12461,4
12462,18
12463,13
12464,16
12465,13
12466,21
12467,10
12468,14
12469,19
12470,11
12471,18
12472,8
12473,22
12474,11
12475,21
12476,19
12477,1
12478,22
12479,2
12480,7
12481,13
12482,13
12483,13
12484,13
12485,2
12486,13
12487,19
12488,14
12489,19
12490,5
12491,7
12492,19
12493,19
12494,7
12495,19
12496,19
12497,18
12498,23
12499,18
12500,13
12501,22
12502,21
12503,10
12504,14
12505,6
12506,13
12507,14
12508,8
12509,14
12510,7
12511,13
12512,19
12513,1
12514,23
12515,11
12516,11
12517,13
12518,22
12519,1
12520,11
12521,13
12522,15
12523,20
12524,18
12525,22
12526,18
12527,14
12528,11
12529,13
12530,14
12531,10
12532,13
12533,18
12534,1
12535,8
12536,2
12537,22
12538,18
12539,2
12540,22
12541,19
12542,22
12543,1
12544,20
12545,19
12546,22
12547,1
12548,19
12549,2
12550,2
12551,13
12552,22
12553,1
12554,13
12555,3
12556,14
12557,18
12558,14
12559,19
12560,13
12561,21
12562,13
12563,3
12564,22
12565,13
12566,8
12567,23
12568,11
12569,18
12570,19
12571,21
12572,14
12573,1
12574,13
12575,8
12576,19
12577,1
12578,18
12579,13
12580,3
12581,9
12582,13
12583,15
12584,22
12585,7
12586,7
12587,1
12588,13
12589,6
12590,2
12591,6
12592,11
12593,19
12594,13
12595,7
12596,13
12597,10
12598,4
12599,13
12600,4
12601,7
12602,21
12603,1
12604,7
12605,2
12606,1
12607,2
12608,1
12609,13
12610,13
12611,1
12612,1
12613,1
12614,18
12615,14
12616,21
12617,11
12618,19
12619,13
12620,2
12621,7
12622,5
12623,14
12624,18
12625,13
12626,4
12627,11
12628,11
12629,7
12630,13
12631,19
12632,13
12633,19
12634,18
12635,2
12636,13
12637,18
12638,20
12639,14
12640,13
12641,13
12642,19
12643,1
12644,4
12645,18
12646,5
12647,11
12648,19
12649,11
12650,2
12651,19
12652,14
12653,5
12654,13
12655,13
12656,7
12657,22
12658,16
12659,18
12660,13
12661,16
12662,18
12663,19
12664,1
12665,22
12666,11
12667,22
12668,6
12669,19
12670,1
12671,13
12672,10
12673,19
12674,21
12675,14
12676,13
12677,7
12678,7
12679,11
12680,1
12681,14
12682,13
12683,19
12684,2
12685,1
12686,13
12687,11
12688,22
12689,13
12690,7
12691,15
12692,13
12693,1
12694,0
12695,8
12696,21
12697,1
12698,11
12699,2
12700,13
12701,21
12702,22
12703,2
12704,2
12705,2
12706,19
12707,2
12708,11
12709,19
12710,19
12711,19
12712,13
12713,7
12714,21
12715,13
12716,10
12717,11
12718,21
12719,7
12720,22
12721,21
12722,7
12723,5
12724,9
12725,19
12726,2
12727,14
12728,7
12729,13
12730,14
12731,13
12732,21
12733,7
12734,13
12735,14
12736,18
12737,11
12738,22
12739,16
12740,13
12741,17
12742,7
12743,1
12744,11
12745,3
12746,21
12747,7
12748,7
12749,22
12750,13
12751,13
12752,5
12753,14
12754,7
12755,13
12756,14
12757,13
12758,18
12759,21
12760,18
12761,5
12762,8
12763,1
12764,5
12765,22
12766,11
12767,19
12768,13
12769,13
12770,13
12771,22
12772,12
12773,4
12774,19
12775,7
12776,19
12777,13
12778,13
12779,3
12780,13
12781,13
12782,13
12783,5
12784,19
12785,13
12786,7
12787,2
12788,7
12789,13
12790,8
12791,18
12792,13
12793,3
12794,13
12795,11
12796,2
12797,19
12798,7
12799,5
12800,19
12801,3
12802,19
12803,12
12804,1
12805,9
12806,1
12807,22
12808,19
12809,22
12810,19
12811,23
12812,6
12813,11
12814,19
12815,13
12816,19
12817,16
12818,22
12819,14
12820,18
12821,13
12822,13
12823,19
12824,13
12825,2
12826,7
12827,19
12828,18
12829,2
12830,13
12831,7
12832,0
12833,11
12834,13
12835,13
12836,1
12837,11
12838,19
12839,1
12840,13
12841,11
12842,22
12843,1
12844,1
12845,18
12846,2
12847,3
12848,11
12849,18
12850,8
12851,21
12852,7
12853,11
12854,13
12855,2
12856,14
12857,14
12858,13
12859,1
12860,18
12861,18
12862,22
12863,10
12864,13
12865,22
12866,3
12867,21
12868,2
12869,14
12870,11
12871,1
12872,19
12873,2
12874,6
12875,14
12876,23
12877,2
12878,23
12879,10
12880,13
12881,19
12882,23
12883,13
12884,2
12885,0
12886,1
12887,18
12888,13
12889,11
12890,2
12891,7
12892,4
12893,13
12894,13
12895,14
12896,13
12897,3
12898,3
12899,7
12900,13
12901,9
12902,13
12903,18
12904,2
12905,13
12906,7
12907,4
12908,19
12909,18
12910,11
12911,11
12912,2
12913,18
12914,1
12915,14
12916,22
12917,6
12918,3
12919,7
12920,2
12921,13
12922,11
12923,14
12924,7
12925,19
12926,22
12927,18
12928,1
12929,11
12930,10
12931,4
12932,13
12933,22
12934,8
12935,2
12936,10
12937,7
12938,13
12939,2
12940,8
12941,22
12942,5
12943,5
12944,7
12945,19
12946,7
12947,2
12948,18
12949,13
12950,19
12951,10
12952,1
12953,1
12954,11
12955,14
12956,11
12957,11
12958,10
12959,11
12960,2
12961,12
12962,7
12963,3
12964,18
12965,13
12966,7
12967,4
12968,11
12969,20
12970,13
12971,5
12972,5
12973,20
12974,21
12975,6
12976,22
12977,7
12978,21
12979,19
12980,1
12981,8
12982,15
12983,13
12984,18
12985,13
12986,21
12987,2
12988,14
12989,5
12990,21
12991,7
12992,4
12993,23
12994,21
12995,13
12996,0
12997,0
12998,14
12999,1
13000,19
13001,13
13002,22
13003,19
13004,2
13005,11
13006,23
13007,1
13008,19
13009,14
13010,16
13011,7
13012,14
13013,1
13014,2
13015,7
13016,14
13017,1
13018,18
13019,13
13020,1
13021,14
13022,11
13023,13
13024,9
13025,19
13026,14
13027,1
13028,5
13029,1
13030,19
13031,13
13032,8
13033,11
13034,1
13035,4
13036,4
13037,3
13038,2
13039,11
13040,2
13041,19
13042,19
13043,18
13044,1
13045,14
13046,19
13047,13
13048,0
13049,1
13050,1
13051,10
13052,9
13053,7
13054,5
13055,11
13056,7
13057,4
13058,3
13059,8
13060,18
13061,13
13062,7
13063,8
13064,3
13065,21
13066,19
13067,19
13068,13
13069,22
13070,3
13071,11
13072,2
13073,15
13074,13
13075,1
13076,1
13077,2
13078,16
13079,0
13080,22
13081,21
13082,18
13083,19
13084,4
13085,9
13086,22
13087,13
13088,13
13089,19
13090,13
13091,3
13092,19
13093,4
13094,13
13095,13
13096,21
13097,22
13098,7
13099,13
13100,19
13101,18
13102,19
13103,13
13104,8
13105,23
13106,15
13107,11
13108,1
13109,11
13110,5
13111,13
13112,16
13113,5
13114,18
13115,13
13116,13
13117,22
13118,14
13119,21
13120,1
13121,21
13122,2
13123,19
13124,22
13125,13
13126,13
13127,2
13128,19
13129,18
13130,7
13131,13
13132,13
13133,13
13134,14
13135,1
13136,22
13137,13
13138,13
13139,23
13140,11
13141,10
13142,14
13143,20
13144,5
13145,22
13146,19
13147,11
13148,23
13149,19
13150,13
13151,2
13152,13
13153,2
13154,2
13155,11
13156,4
13157,7
13158,22
13159,11
13160,3
13161,13
13162,23
13163,11
13164,13
13165,19
13166,2
13167,1
13168,11
13169,14
13170,5
13171,19
13172,1
13173,1
13174,22
13175,22
13176,13
13177,22
13178,6
13179,13
13180,21
13181,11
13182,22
13183,16
13184,7
13185,9
13186,2
13187,18
13188,11
13189,13
13190,23
13191,4
13192,11
13193,15
13194,2
13195,11
13196,2
13197,7
13198,7
13199,22
13200,7
13201,13
13202,18
13203,2
13204,7
13205,7
13206,11
13207,1
13208,13
13209,11
13210,11
13211,13
13212,1
13213,4
13214,7
13215,11
13216,7
13217,2
13218,19
13219,7
13220,13
13221,13
13222,21
13223,6
13224,13
13225,20
13226,2
13227,13
13228,16
13229,13
13230,11
13231,2
13232,19
13233,21
13234,6
13235,11
13236,1
13237,14
13238,13
13239,13
13240,16
13241,13
13242,7
13243,13
13244,19
13245,1
13246,0
13247,2
13248,19
13249,20
13250,6
13251,4
13252,21
13253,8
13254,11
13255,13
13256,1
13257,19
13258,1
13259,22
13260,7
13261,11
13262,22
13263,18
13264,6
13265,22
13266,14
13267,18
13268,1
13269,1
13270,22
13271,22
13272,19
13273,2
13274,13
13275,11
13276,20
13277,11
13278,3
13279,13
13280,13
13281,2
13282,2
13283,5
13284,18
13285,2
13286,18
13287,13
13288,3
13289,7
13290,11
13291,15
13292,19
13293,21
13294,7
13295,1
13296,6
13297,13
13298,4
13299,13
13300,19
13301,2
13302,13
13303,3
13304,11
13305,1
13306,13
13307,1
13308,21
13309,13
13310,15
13311,19
13312,8
13313,13
13314,21
13315,13
13316,7
13317,13
13318,1
13319,19
13320,18
13321,3
13322,18
13323,1
13324,13
13325,11
13326,19
13327,17
13328,18
13329,2
13330,1
13331,13
13332,19
13333,19
13334,1
13335,15
13336,18
13337,22
13338,14
13339,2
13340,13
13341,13
13342,1
13343,1
13344,5
13345,22
13346,19
13347,9
13348,19
13349,1
13350,8
13351,18
13352,7
13353,11
13354,19
13355,13
13356,2
13357,14
13358,13
13359,5
13360,13
13361,19
13362,19
13363,14
13364,1
13365,2
13366,22
13367,8
13368,4
13369,7
13370,10
13371,14
13372,14
13373,13
13374,19
13375,13
13376,19
13377,8
13378,1
13379,22
13380,11
13381,1
13382,1
13383,4
13384,19
13385,7
13386,19
13387,13
13388,6
13389,11
13390,20
13391,13
13392,8
13393,16
13394,18
13395,13
13396,13
13397,18
13398,7
13399,15
13400,22
13401,11
13402,13
13403,11
13404,13
13405,11
13406,7
13407,11
13408,1
13409,13
13410,22
13411,13
13412,2
13413,11
13414,13
13415,18
13416,0
13417,13
13418,13
13419,14
13420,13
13421,2
13422,10
13423,18
13424,7
13425,21
13426,19
13427,7
13428,2
13429,2
13430,23
13431,13
13432,18
13433,13
13434,20
13435,22
13436,2
13437,21
13438,13
13439,19
13440,11
13441,2
13442,2
13443,0
13444,2
13445,9
13446,14
13447,7
13448,14
13449,23
13450,13
13451,1
13452,22
13453,7
13454,18
13455,3
13456,18
13457,2
13458,21
13459,13
13460,11
13461,22
13462,19
13463,9
13464,11
13465,13
13466,13
13467,13
13468,13
13469,11
13470,19
13471,3
13472,13
13473,22
13474,7
13475,21
13476,14
13477,5
13478,7
13479,11
13480,22
13481,13
13482,11
13483,7
13484,13
13485,19
13486,11
13487,1
13488,0
13489,11
13490,18
13491,23
13492,6
13493,14
13494,1
13495,0
13496,7
13497,1
13498,21
13499,0
13500,13
13501,1
13502,2
13503,2
13504,13
13505,19
13506,4
13507,13
13508,1
13509,5
13510,1
13511,13
13512,14
13513,14
13514,21
13515,18
13516,21
13517,21
13518,21
13519,23
13520,11
13521,9
13522,1
13523,13
13524,11
13525,19
13526,13
13527,10
13528,13
13529,7
13530,13
13531,22
13532,1
13533,19
13534,11
13535,13
13536,21
13537,2
13538,22
13539,13
13540,11
13541,13
13542,13
13543,22
13544,1
13545,13
13546,11
13547,13
13548,8
13549,21
13550,19
13551,1
13552,7
13553,1
13554,21
13555,19
13556,0
13557,20
13558,13
13559,12
13560,1
13561,11
13562,13
13563,13
13564,14
13565,18
13566,19
13567,13
13568,22
13569,18
13570,7
13571,19
13572,22
13573,3
13574,19
13575,13
13576,12
13577,1
13578,19
13579,21
13580,7
13581,23
13582,13
13583,14
13584,9
13585,2
13586,10
13587,7
13588,5
13589,15
13590,9
13591,7
13592,11
13593,13
13594,19
13595,7
13596,0
13597,13
13598,3
13599,7
13600,19
13601,19
13602,1
13603,19
13604,3
13605,13
13606,9
13607,6
13608,8
13609,21
13610,18
13611,22
13612,7
13613,19
13614,1
13615,23
13616,7
13617,13
13618,1
13619,12
13620,1
13621,17
13622,4
13623,13
13624,5
13625,1
13626,19
13627,19
13628,3
13629,19
13630,2
13631,7
13632,2
13633,14
13634,1
13635,13
13636,10
13637,20
13638,11
13639,18
13640,11
13641,19
13642,19
13643,7
13644,7
13645,2
13646,19
13647,9
13648,5
13649,19
13650,7
13651,11
13652,15
13653,13
13654,7
13655,1
13656,21
13657,10
13658,22
13659,13
13660,1
13661,11
13662,4
13663,13
13664,13
13665,19
13666,18
13667,1
13668,1
13669,22
13670,5
13671,7
13672,23
13673,11
13674,16
13675,19
13676,11
13677,10
13678,21
13679,19
13680,2
13681,21
13682,22
13683,1
13684,18
13685,19
13686,1
13687,14
13688,2
13689,16
13690,22
13691,20
13692,13
13693,13
13694,2
13695,9
13696,19
13697,13
13698,2
13699,15
13700,18
13701,11
13702,1
13703,19
13704,4
13705,20
13706,6
13707,9
13708,11
13709,7
13710,13
13711,11
13712,18
13713,7
13714,13
13715,11
13716,15
13717,13
13718,19
13719,11
13720,11
13721,7
13722,19
13723,7
13724,19
13725,2
13726,22
13727,17
13728,11
13729,10
13730,19
13731,15
13732,3
13733,2
13734,7
13735,7
13736,13
13737,1
13738,18
13739,19
13740,19
13741,19
13742,5
13743,22
13744,0
13745,13
13746,1
13747,7
13748,9
13749,16
13750,19
13751,7
13752,1
13753,11
13754,0
13755,7
13756,2
13757,13
13758,2
13759,1
13760,7
13761,22
13762,18
13763,13
13764,23
13765,19
13766,13
13767,2
13768,14
13769,3
13770,3
13771,13
13772,2
13773,9
13774,11
13775,13
13776,1
13777,2
13778,20
13779,1
13780,11
13781,19
13782,11
13783,19
13784,21
13785,7
13786,21
13787,1
13788,13
13789,18
13790,7
13791,13
13792,11
13793,15
13794,11
13795,7
13796,18
13797,13
13798,11
13799,19
13800,10
13801,19
13802,13
13803,11
13804,13
13805,3
13806,10
13807,13
13808,1
13809,18
13810,8
13811,19
13812,22
13813,19
13814,11
13815,21
13816,2
13817,2
13818,22
13819,19
13820,13
13821,13
13822,1
13823,13
13824,21
13825,21
13826,13
13827,13
13828,1
13829,14
13830,11
13831,4
13832,11
13833,1
13834,4
13835,7
13836,1
13837,11
13838,22
13839,18
13840,14
13841,7
13842,13
13843,11
13844,19
13845,13
13846,2
13847,20
13848,6
13849,18
13850,19
13851,7
13852,11
13853,9
13854,1
13855,19
13856,1
13857,6
13858,13
13859,14
13860,2
13861,22
13862,9
13863,5
13864,1
13865,5
13866,20
13867,14
13868,18
13869,13
13870,2
13871,2
13872,18
13873,3
13874,9
13875,13
13876,11
13877,6
13878,1
13879,4
13880,21
13881,20
13882,18
13883,13
13884,19
13885,1
13886,22
13887,13
13888,19
13889,13
13890,11
13891,1
13892,7
13893,2
13894,9
13895,13
13896,2
13897,2
13898,18
13899,18
13900,13
13901,19
13902,13
13903,18
13904,18
13905,14
13906,1
13907,13
13908,3
13909,13
13910,13
13911,13
13912,13
13913,13
13914,22
13915,19
13916,14
13917,4
13918,22
13919,4
13920,11
13921,5
13922,13
13923,1
13924,5
13925,4
13926,18
13927,9
13928,19
13929,2
13930,13
13931,18
13932,2
13933,6
13934,14
13935,19
13936,19
13937,23
13938,23
13939,2
13940,7
13941,22
13942,4
13943,18
13944,13
13945,21
13946,21
13947,11
13948,22
13949,11
13950,21
13951,1
13952,11
13953,21
13954,1
13955,18
13956,22
13957,11
13958,19
13959,2
13960,22
13961,14
13962,22
13963,14
13964,13
13965,10
13966,22
13967,13
13968,8
13969,2
13970,18
13971,19
13972,14
13973,11
13974,19
13975,10
13976,19
13977,22
13978,9
13979,7
13980,5
13981,2
13982,1
13983,11
13984,1
13985,7
13986,13
13987,3
13988,21
13989,13
13990,18
13991,21
13992,5
13993,16
13994,1
13995,14
13996,19
13997,0
13998,2
13999,18
14000,18
14001,4
14002,21
14003,2
14004,11
14005,14
14006,3
14007,18
14008,13
14009,15
14010,19
14011,13
14012,19
14013,4
14014,7
14015,19
14016,11
14017,18
14018,13
14019,13
14020,4
14021,13
14022,14
14023,22
14024,21
14025,2
14026,7
14027,13
14028,14
14029,11
14030,13
14031,13
14032,13
14033,11
14034,9
14035,14
14036,13
14037,14
14038,20
14039,18
14040,7
14041,5
14042,10
14043,1
14044,13
14045,2
14046,13
14047,13
14048,7
14049,1
14050,1
14051,11
14052,10
14053,19
14054,15
14055,19
14056,1
14057,18
14058,7
14059,13
14060,2
14061,2
14062,8
14063,7
14064,2
14065,7
14066,3
14067,13
14068,11
14069,7
14070,23
14071,13
14072,19
14073,3
14074,23
14075,7
14076,11
14077,13
14078,18
14079,2
14080,7
14081,18
14082,11
14083,11
14084,7
14085,19
14086,13
14087,1
14088,11
14089,7
14090,4
14091,14
14092,0
14093,7
14094,20
14095,2
14096,7
14097,1
14098,11
14099,14
14100,20
14101,13
14102,13
14103,1
14104,11
14105,1
14106,7
14107,8
14108,2
14109,11
14110,13
14111,21
14112,19
14113,13
14114,5
14115,2
14116,19
14117,1
14118,7
14119,11
14120,11
14121,11
14122,13
14123,19
14124,21
14125,7
14126,18
14127,13
14128,7
14129,2
14130,2
14131,7
14132,1
14133,13
14134,14
14135,7
14136,1
14137,5
14138,4
14139,7
14140,13
14141,2
14142,8
14143,4
14144,11
14145,11
14146,3
14147,13
14148,21
14149,6
14150,7
14151,11
14152,14
14153,7
14154,21
14155,5
14156,1
14157,19
14158,19
14159,1
14160,13
14161,13
14162,14
14163,20
14164,21
14165,7
14166,13
14167,14
14168,18
14169,21
14170,11
14171,19
14172,18
14173,19
14174,13
14175,1
14176,7
14177,13
14178,1
14179,13
14180,1
14181,22
14182,8
14183,14
14184,4
14185,13
14186,22
14187,3
14188,19
14189,13
14190,8
14191,16
14192,14
14193,9
14194,1
14195,1
14196,7
14197,1
14198,22
14199,3
14200,0
14201,13
14202,2
14203,13
14204,7
14205,18
14206,13
14207,13
14208,13
14209,11
14210,1
14211,18
14212,11
14213,1
14214,18
14215,8
14216,10
14217,22
14218,14
14219,21
14220,19
14221,11
14222,2
14223,13
14224,18
14225,18
14226,13
14227,11
14228,4
14229,13
14230,13
14231,13
14232,13
14233,14
14234,11
14235,13
14236,5
14237,18
14238,19
14239,13
14240,2
14241,23
14242,18
14243,21
14244,11
14245,18
14246,11
14247,14
14248,11
14249,7
14250,1
14251,13
14252,7
14253,19
14254,2
14255,2
14256,11
14257,19
14258,11
14259,13
14260,6
14261,23
14262,18
14263,19
14264,1
14265,21
14266,13
14267,13
14268,13
14269,19
14270,21
14271,3
14272,5
14273,2
14274,7
14275,14
14276,2
14277,13
14278,22
14279,18
14280,22
14281,7
14282,11
14283,14
14284,11
14285,18
14286,19
14287,11
14288,13
14289,13
14290,11
14291,4
14292,2
14293,1
14294,13
14295,20
14296,13
14297,23
14298,7
14299,8
14300,7
14301,8
14302,9
14303,13
14304,19
14305,2
14306,17
14307,7
14308,2
14309,15
14310,2
14311,13
14312,1
14313,13
14314,2
14315,11
14316,13
14317,11
14318,11
14319,13
14320,23
14321,18
14322,7
14323,4
14324,11
14325,18
14326,1
14327,8
14328,2
14329,5
14330,1
14331,1
14332,13
14333,3
14334,18
14335,1
14336,20
14337,11
14338,14
14339,13
14340,13
14341,13
14342,13
14343,1
14344,13
14345,13
14346,19
14347,1
14348,5
14349,13
14350,22
14351,23
14352,13
14353,13
14354,2
14355,13
14356,15
14357,1
14358,2
14359,1
14360,13
14361,14
14362,13
14363,1
14364,22
14365,13
14366,18
14367,18
14368,2
14369,6
14370,8
14371,15
14372,1
14373,22
14374,13
14375,8
14376,13
14377,23
14378,2
14379,1
14380,14
14381,11
14382,4
14383,3
14384,13
14385,11
14386,13
14387,2
14388,2
14389,11
14390,13
14391,18
14392,13
14393,8
14394,10
14395,6
14396,1
14397,2
14398,13
14399,1
14400,19
14401,13
14402,13
14403,19
14404,22
14405,19
14406,18
14407,1
14408,13
14409,21
14410,13
14411,11
14412,8
14413,11
14414,7
14415,1
14416,1
14417,7
14418,19
14419,7
14420,14
14421,9
14422,11
14423,1
14424,6
14425,13
14426,5
14427,13
14428,13
14429,1
14430,0
14431,13
14432,18
14433,20
14434,7
14435,13
14436,8
14437,18
14438,7
14439,22
14440,11
14441,3
14442,13
14443,1
14444,1
14445,7
14446,5
14447,14
14448,19
14449,5
14450,13
14451,19
14452,11
14453,13
14454,11
14455,23
14456,11
14457,13
14458,13
14459,21
14460,13
14461,19
14462,13
14463,13
14464,11
14465,22
14466,11
14467,12
14468,1
14469,7
14470,11
14471,4
14472,10
14473,13
14474,1
14475,18
14476,13
14477,6
14478,7
14479,19
14480,22
14481,10
14482,1
14483,5
14484,14
14485,22
14486,13
14487,4
14488,13
14489,19
14490,11
14491,0
14492,16
14493,7
14494,22
14495,6
14496,13
14497,18
14498,1
14499,13
14500,7
14501,7
14502,10
14503,0
14504,6
14505,5
14506,5
14507,19
14508,23
14509,10
14510,19
14511,13
14512,6
14513,13
14514,1
14515,18
14516,13
14517,19
14518,1
14519,18
14520,14
14521,19
14522,19
14523,22
14524,13
14525,5
14526,11
14527,22
14528,11
14529,22
14530,0
14531,2
14532,2
14533,14
14534,19
14535,11
14536,13
14537,1
14538,1
14539,13
14540,1
14541,7
14542,14
14543,19
14544,21
14545,11
14546,13
14547,11
14548,7
14549,10
14550,13
14551,19
14552,7
14553,1
14554,22
14555,5
14556,6
14557,13
14558,13
14559,14
14560,11
14561,20
14562,13
14563,18
14564,18
14565,11
14566,11
14567,2
14568,20
14569,19
14570,18
14571,18
14572,13
14573,7
14574,13
14575,11
14576,13
14577,11
14578,7
14579,11
14580,23
14581,9
14582,11
14583,15
14584,14
14585,4
14586,6
14587,13
14588,7
14589,0
14590,11
14591,7
14592,1
14593,14
14594,11
14595,7
14596,1
14597,3
14598,18
14599,10
14600,9
14601,8
14602,2
14603,14
14604,13
14605,12
14606,13
14607,22
14608,2
14609,6
14610,19
14611,19
14612,10
14613,22
14614,13
14615,13
14616,11
14617,13
14618,14
14619,11
14620,14
14621,13
14622,7
14623,13
14624,22
14625,1
14626,1
14627,22
14628,13
14629,22
14630,7
14631,13
14632,5
14633,5
14634,14
14635,22
14636,11
14637,13
14638,21
14639,14
14640,18
14641,20
14642,11
14643,7
14644,19
14645,1
14646,11
14647,19
14648,8
14649,9
14650,14
14651,1
14652,5
14653,1
14654,16
14655,11
14656,7
14657,1
14658,22
14659,18
14660,2
14661,19
14662,0
14663,13
14664,13
14665,22
14666,22
14667,18
14668,2
14669,14
14670,0
14671,2
14672,13
14673,22
14674,21
14675,20
14676,2
14677,7
14678,7
14679,13
14680,7
14681,18
14682,3
14683,11
14684,6
14685,18
14686,1
14687,1
14688,2
14689,9
14690,8
14691,13
14692,13
14693,7
14694,5
14695,7
14696,13
14697,13
14698,22
14699,7
14700,22
14701,11
14702,19
14703,22
14704,21
14705,13
14706,13
14707,22
14708,4
14709,13
14710,19
14711,1
14712,19
14713,13
14714,4
14715,8
14716,21
14717,18
14718,22
14719,19
14720,2
14721,2
14722,13
14723,23
14724,7
14725,2
14726,13
14727,7
14728,7
14729,22
14730,0
14731,11
14732,13
14733,2
14734,2
14735,1
14736,6
14737,9
14738,13
14739,19
14740,9
14741,22
14742,13
14743,11
14744,13
14745,22
14746,1
14747,21
14748,21
14749,13
14750,7
14751,13
14752,3
14753,11
14754,19
14755,7
14756,1
14757,19
14758,2
14759,2
14760,19
14761,21
14762,2
14763,21
14764,19
14765,14
14766,18
14767,9
14768,19
14769,19
14770,10
14771,8
14772,11
14773,1
14774,11
14775,1
14776,22
14777,1
14778,7
14779,8
14780,11
14781,19
14782,18
14783,7
14784,18
14785,22
14786,19
14787,18
14788,15
14789,21
14790,7
14791,7
14792,19
14793,22
14794,22
14795,7
14796,12
14797,1
14798,14
14799,11
14800,10
14801,18
14802,2
14803,19
14804,19
14805,7
14806,13
14807,1
14808,1
14809,19
14810,22
14811,1
14812,18
14813,9
14814,5
14815,21
14816,1
14817,7
14818,18
14819,13
14820,22
14821,3
14822,18
14823,13
14824,19
14825,21
14826,11
14827,14
14828,13
14829,15
14830,1
14831,11
14832,13
14833,1
14834,19
14835,1
14836,1
14837,1
14838,2
14839,4
14840,7
14841,13
14842,7
14843,1
14844,18
14845,13
14846,9
14847,13
14848,8
14849,3
14850,23
14851,22
14852,2
14853,15
14854,3
14855,1
14856,21
14857,11
14858,2
14859,19
14860,13
14861,0
14862,6
14863,19
14864,0
14865,11
14866,2
14867,13
14868,20
14869,4
14870,13
14871,11
14872,11
14873,14
14874,19
14875,7
14876,7
14877,7
14878,19
14879,13
14880,1
14881,1
14882,3
14883,2
14884,18
14885,13
14886,8
14887,5
14888,1
14889,7
14890,1
14891,1
14892,9
14893,22
14894,8
14895,7
14896,2
14897,19
14898,2
14899,22
14900,13
14901,18
14902,22
14903,18
14904,22
14905,5
14906,6
14907,13
14908,17
14909,8
14910,11
14911,2
14912,20
14913,22
14914,1
14915,5
14916,19
14917,13
14918,1
14919,2
14920,14
14921,8
14922,14
14923,22
14924,7
14925,20
14926,19
14927,22
14928,7
14929,23
14930,3
14931,14
14932,1
14933,19
14934,20
14935,9
14936,5
14937,4
14938,13
14939,22
14940,13
14941,19
14942,19
14943,2
14944,2
14945,2
14946,19
14947,18
14948,7
14949,21
14950,13
14951,14
14952,21
14953,19
14954,7
14955,7
14956,7
14957,4
14958,18
14959,2
14960,13
14961,7
14962,5
14963,13
14964,19
14965,22
14966,7
14967,2
14968,10
14969,7
14970,18
14971,19
14972,13
14973,3
14974,14
14975,21
14976,11
14977,2
14978,23
14979,13
14980,13
14981,13
14982,7
14983,22
14984,4
14985,10
14986,14
14987,14
14988,19
14989,4
14990,18
14991,8
14992,13
14993,13
14994,2
14995,3
14996,4
14997,2
14998,1
14999,13
15000,19
15001,18
15002,18
15003,14
15004,18
15005,13
15006,23
15007,9
15008,4
15009,3
15010,7
15011,1
15012,2
15013,6
15014,0
15015,13
15016,11
15017,9
15018,13
15019,2
15020,7
15021,18
15022,3
15023,22
15024,7
15025,7
15026,1
15027,14
15028,2
15029,19
15030,7
15031,8
15032,13
15033,2
15034,11
15035,9
15036,9
15037,5
15038,13
15039,13
15040,23
15041,11
15042,21
15043,7
15044,2
15045,1
15046,22
15047,20
15048,13
15049,13
15050,16
15051,23
15052,4
15053,1
15054,11
15055,4
15056,2
15057,0
15058,22
15059,7
15060,23
15061,2
15062,18
15063,2
15064,8
15065,13
15066,1
15067,13
15068,13
15069,13
15070,13
15071,3
15072,7
15073,11
15074,11
15075,19
15076,11
15077,7
15078,19
15079,13
15080,13
15081,13
15082,21
15083,20
15084,13
15085,2
15086,12
15087,7
15088,11
15089,18
15090,14
15091,9
15092,1
15093,0
15094,21
15095,22
15096,18
15097,21
15098,22
15099,19
15100,19
15101,1
15102,7
15103,1
15104,15
15105,11
15106,13
15107,2
15108,13
15109,13
15110,13
15111,14
15112,1
15113,18
15114,11
15115,13
15116,5
15117,2
15118,13
15119,3
15120,1
15121,1
15122,13
15123,5
15124,7
15125,14
15126,19
15127,2
15128,19
15129,1
15130,19
15131,13
15132,2
15133,11
15134,8
15135,1
15136,16
15137,22
15138,22
15139,7
15140,14
15141,18
15142,5
15143,21
15144,14
15145,19
15146,21
15147,1
15148,13
15149,13
15150,1
15151,1
15152,6
15153,19
15154,11
15155,22
15156,13
15157,19
15158,23
15159,15
15160,19
15161,13
15162,13
15163,3
15164,13
15165,2
15166,1
15167,4
15168,19
15169,1
15170,23
15171,5
15172,14
15173,10
15174,15
15175,13
15176,23
15177,13
15178,13
15179,8
15180,14
15181,13
15182,18
15183,11
15184,13
15185,13
15186,1
15187,22
15188,6
15189,17
15190,11
15191,11
15192,5
15193,5
15194,11
15195,3
15196,1
15197,7
15198,2
15199,19
15200,12
15201,13
15202,14
15203,11
15204,13
15205,6
15206,13
15207,13
15208,22
15209,10
15210,4
15211,15
15212,13
15213,13
15214,2
15215,11
15216,1
15217,1
15218,19
15219,21
15220,21
15221,11
15222,14
15223,9
15224,22
15225,15
15226,13
15227,9
15228,17
15229,7
15230,13
15231,9
15232,19
15233,13
15234,14
15235,22
15236,10
15237,11
15238,19
15239,5
15240,3
15241,1
15242,7
15243,2
15244,1
15245,20
15246,22
15247,2
15248,6
15249,2
15250,23
15251,8
15252,22
15253,22
15254,13
15255,14
15256,13
15257,14
15258,13
15259,22
15260,2
15261,19
15262,11
15263,14
15264,19
15265,11
15266,22
15267,2
15268,13
15269,14
15270,13
15271,13
15272,7
15273,14
15274,3
15275,13
15276,17
15277,13
15278,7
15279,1
15280,21
15281,7
15282,1
15283,13
15284,1
15285,19
15286,13
15287,19
15288,21
15289,20
15290,18
15291,5
15292,10
15293,13
15294,7
15295,0
15296,21
15297,14
15298,19
15299,5
15300,16
15301,1
15302,1
15303,21
15304,13
15305,19
15306,1
15307,16
15308,22
15309,22
15310,3
15311,22
15312,11
15313,5
15314,22
15315,4
15316,22
15317,11
15318,13
15319,1
15320,7
15321,1
15322,5
15323,19
15324,1
15325,2
15326,13
15327,5
15328,13
15329,12
15330,18
15331,21
15332,19
15333,1
15334,19
15335,13
15336,10
15337,7
15338,7
15339,18
15340,13
15341,8
15342,13
15343,22
15344,6
15345,2
15346,22
15347,13
15348,2
15349,19
15350,21
15351,21
15352,16
15353,8
15354,7
15355,13
15356,2
15357,3
15358,1
15359,19
15360,17
15361,7
15362,11
15363,7
15364,1
15365,1
15366,1
15367,2
15368,3
15369,9
15370,23
15371,4
15372,13
15373,1
15374,19
15375,19
15376,19
15377,19
15378,22
15379,21
15380,19
15381,19
15382,13
15383,13
15384,19
15385,19
15386,19
15387,1
15388,19
15389,11
15390,23
15391,2
15392,19
15393,10
15394,22
15395,22
15396,23
15397,22
15398,14
15399,7
15400,19
15401,7
15402,11
15403,6
15404,19
15405,1
15406,11
15407,13
15408,11
15409,11
15410,11
15411,7
15412,22
15413,21
15414,21
15415,18
15416,13
15417,11
15418,9
15419,11
15420,18
15421,13
15422,13
15423,22
15424,2
15425,19
15426,2
15427,13
15428,11
15429,1
15430,7
15431,19
15432,7
15433,2
15434,13
15435,7
15436,14
15437,19
15438,16
15439,11
15440,7
15441,18
15442,19
15443,7
15444,13
15445,13
15446,4
15447,21
15448,5
15449,1
15450,8
15451,2
15452,0
15453,7
15454,7
15455,3
15456,1
15457,13
15458,5
15459,22
15460,2
15461,19
15462,14
15463,1
15464,1
15465,14
15466,18
15467,13
15468,20
15469,13
15470,11
15471,11
15472,2
15473,5
15474,11
15475,12
15476,11
15477,2
15478,0
15479,1
15480,15
15481,22
15482,20
15483,5
15484,4
15485,11
15486,22
15487,22
15488,13
15489,19
15490,5
15491,6
15492,13
15493,11
15494,13
15495,14
15496,4
15497,7
15498,2
15499,3
15500,1
15501,9
15502,2
15503,13
15504,14
15505,19
15506,13
15507,13
15508,7
15509,2
15510,13
15511,2
15512,11
15513,11
15514,5
15515,13
15516,1
15517,19
15518,13
15519,13
15520,19
15521,13
15522,13
15523,22
15524,22
15525,10
15526,18
15527,14
15528,13
15529,7
15530,13
15531,8
15532,17
15533,19
15534,23
15535,18
15536,22
15537,17
15538,11
15539,12
15540,19
15541,22
15542,23
15543,21
15544,1
15545,13
15546,18
15547,1
15548,13
15549,13
15550,14
15551,18
15552,13
15553,5
15554,1
15555,10
15556,9
15557,10
15558,11
15559,11
15560,23
15561,6
15562,1
15563,14
15564,13
15565,22
15566,22
15567,13
15568,2
15569,10
15570,18
15571,18
15572,9
15573,14
15574,11
15575,14
15576,1
15577,16
15578,19
15579,3
15580,15
15581,7
15582,13
15583,0
15584,3
15585,19
15586,1
15587,13
15588,13
15589,14
15590,19
15591,4
15592,23
15593,1
15594,19
15595,13
15596,13
15597,18
15598,18
15599,8
15600,19
15601,1
15602,7
15603,13
15604,23
15605,9
15606,13
15607,19
15608,11
15609,21
15610,7
15611,13
15612,8
15613,13
15614,18
15615,13
15616,22
15617,5
15618,14
15619,1
15620,22
15621,11
15622,7
15623,7
15624,19
15625,14
15626,7
15627,8
15628,11
15629,5
15630,14
15631,12
15632,13
15633,14
15634,13
15635,4
15636,2
15637,18
15638,11
15639,13
15640,7
15641,18
15642,2
15643,19
15644,11
15645,18
15646,13
15647,7
15648,8
15649,20
15650,19
15651,13
15652,5
15653,21
15654,23
15655,1
15656,7
15657,21
15658,10
15659,21
15660,10
15661,19
15662,7
15663,19
15664,9
15665,1
15666,22
15667,13
15668,19
15669,14
15670,7
15671,11
15672,13
15673,19
15674,7
15675,18
15676,20
15677,13
15678,1
15679,15
15680,4
15681,18
15682,18
15683,2
15684,13
15685,18
15686,11
15687,7
15688,21
15689,7
15690,2
15691,7
15692,13
15693,18
15694,11
15695,1
15696,1
15697,13
15698,18
15699,20
15700,21
15701,5
15702,7
15703,1
15704,3
15705,0
15706,19
15707,19
15708,13
15709,21
15710,1
15711,7
15712,5
15713,13
15714,1
15715,13
15716,14
15717,1
15718,5
15719,14
15720,22
15721,22
15722,1
15723,11
15724,13
15725,11
15726,22
15727,14
15728,7
15729,22
15730,11
15731,11
15732,19
15733,19
15734,20
15735,11
15736,2
15737,2
15738,19
15739,11
15740,13
15741,8
15742,13
15743,11
15744,11
15745,13
15746,2
15747,2
15748,2
15749,21
15750,19
15751,2
15752,11
15753,13
15754,13
15755,22
15756,11
15757,14
15758,18
15759,5
15760,13
15761,11
15762,11
15763,9
15764,18
15765,14
15766,11
15767,22
15768,3
15769,9
15770,13
15771,13
15772,22
15773,13
15774,2
15775,18
15776,7
15777,1
15778,7
15779,2
15780,1
15781,13
15782,7
15783,22
15784,13
15785,2
15786,19
15787,4
15788,2
15789,13
15790,0
15791,7
15792,7
15793,1
15794,9
15795,19
15796,13
15797,4
15798,2
15799,22
15800,13
15801,11
15802,13
15803,2
15804,13
15805,19
15806,11
15807,6
15808,11
15809,1
15810,19
15811,13
15812,5
15813,13
15814,13
15815,13
15816,18
15817,21
15818,9
15819,11
15820,7
15821,5
15822,11
15823,10
15824,7
15825,19
15826,2
15827,2
15828,3
15829,22
15830,14
15831,19
15832,23
15833,2
15834,11
15835,21
15836,23
15837,13
15838,21
15839,2
15840,19
15841,13
15842,19
15843,7
15844,13
15845,11
15846,8
15847,22
15848,13
15849,7
15850,3
15851,2
15852,5
15853,11
15854,5
15855,13
15856,21
15857,13
15858,18
15859,2
15860,11
15861,13
15862,5
15863,2
15864,13
15865,1
15866,21
15867,14
15868,2
15869,13
15870,1
15871,18
15872,13
15873,22
15874,13
15875,21
15876,13
15877,8
15878,11
15879,2
15880,7
15881,18
15882,13
15883,1
15884,7
15885,6
15886,7
15887,11
15888,13
15889,5
15890,19
15891,19
15892,13
15893,13
15894,11
15895,19
15896,11
15897,13
15898,13
15899,18
15900,1
15901,13
15902,3
15903,13
15904,18
15905,11
15906,7
15907,7
15908,13
15909,2
15910,0
15911,13
15912,13
15913,8
15914,11
15915,19
15916,7
15917,11
15918,5
15919,1
15920,6
15921,9
15922,14
15923,13
15924,2
15925,8
15926,13
15927,5
15928,5
15929,2
15930,7
15931,1
15932,19
15933,5
15934,7
15935,14
15936,19
15937,13
15938,13
15939,13
15940,7
15941,2
15942,14
15943,14
15944,1
15945,0
15946,11
15947,23
15948,13
15949,9
15950,22
15951,18
15952,2
15953,7
15954,7
15955,8
15956,23
15957,22
15958,7
15959,11
15960,18
15961,7
15962,2
15963,13
15964,1
15965,9
15966,11
15967,11
15968,1
15969,11
15970,13
15971,11
15972,13
15973,3
15974,2
15975,13
15976,11
15977,13
15978,7
15979,23
15980,18
15981,11
15982,1
15983,8
15984,11
15985,2
15986,9
15987,13
15988,19
15989,19
15990,21
15991,13
15992,3
15993,19
15994,13
15995,19
15996,22
15997,16
15998,11
15999,13
16000,6
16001,7
16002,18
16003,19
16004,18
16005,13
16006,22
16007,9
16008,13
16009,4
16010,13
16011,13
16012,13
16013,2
16014,21
16015,13
16016,11
16017,11
16018,6
16019,19
16020,7
16021,11
16022,11
16023,14
16024,1
16025,2
16026,1
16027,14
16028,18
16029,10
16030,3
16031,15
16032,18
16033,7
16034,17
16035,8
16036,18
16037,9
16038,21
16039,22
16040,23
16041,18
16042,13
16043,16
16044,4
16045,11
16046,19
16047,13
16048,3
16049,7
16050,2
16051,5
16052,14
16053,1
16054,2
16055,22
16056,11
16057,1
16058,23
16059,8
16060,11
16061,22
16062,18
16063,16
16064,20
16065,13
16066,22
16067,11
16068,2
16069,18
16070,13
16071,13
16072,11
16073,23
16074,5
16075,4
16076,21
16077,14
16078,2
16079,5
16080,7
16081,5
16082,19
16083,13
16084,3
16085,13
16086,7
16087,21
16088,1
16089,21
16090,7
16091,18
16092,12
16093,13
16094,2
16095,4
16096,22
16097,10
16098,13
16099,7
16100,5
16101,0
16102,14
16103,6
16104,5
16105,19
16106,19
16107,19
16108,8
16109,14
16110,7
16111,2
16112,19
16113,11
16114,19
16115,19
16116,1
16117,2
16118,7
16119,3
16120,8
16121,1
16122,19
16123,1
16124,13
16125,7
16126,8
16127,11
16128,13
16129,13
16130,14
16131,13
16132,22
16133,18
16134,2
16135,13
16136,13
16137,11
16138,7
16139,14
16140,13
16141,4
16142,3
16143,18
16144,19
16145,2
16146,11
16147,13
16148,13
16149,22
16150,9
16151,11
16152,14
16153,19
16154,8
16155,13
16156,2
16157,18
16158,13
16159,18
16160,11
16161,19
16162,2
16163,1
16164,19
16165,16
16166,11
16167,22
16168,18
16169,14
16170,21
16171,8
16172,7
16173,11
16174,7
16175,1
16176,18
16177,12
16178,22
16179,18
16180,2
16181,7
16182,2
16183,19
16184,11
16185,23
16186,13
16187,1
16188,18
16189,6
16190,10
16191,13
16192,2
16193,9
16194,11
16195,1
16196,2
16197,14
16198,1
16199,4
16200,13
16201,7
16202,4
16203,7
16204,13
16205,21
16206,22
16207,13
16208,7
16209,22
16210,2
16211,2
16212,13
16213,15
16214,8
16215,11
16216,14
16217,16
16218,7
16219,22
16220,2
16221,13
16222,11
16223,7
16224,22
16225,13
16226,18
16227,1
16228,7
16229,13
16230,11
16231,14
16232,1
16233,19
16234,13
16235,7
16236,14
16237,13
16238,11
16239,19
16240,19
16241,18
16242,11
16243,14
16244,18
16245,4
16246,8
16247,1
16248,4
16249,1
16250,5
16251,2
16252,10
16253,7
16254,19
16255,13
16256,21
16257,19
16258,7
16259,7
16260,13
16261,22
16262,7
16263,2
16264,13
16265,7
16266,1
16267,5
16268,2
16269,11
16270,13
16271,13
16272,13
16273,13
16274,22
16275,1
16276,13
16277,1
16278,13
16279,7
16280,14
16281,22
16282,13
16283,5
16284,2
16285,13
16286,13
16287,3
16288,4
16289,4
16290,22
16291,19
16292,13
16293,13
16294,23
16295,1
16296,13
16297,9
16298,13
16299,13
16300,21
16301,2
16302,13
16303,8
16304,13
16305,13
16306,1
16307,22
16308,8
16309,14
16310,5
16311,2
16312,2
16313,13
16314,11
16315,14
16316,22
16317,19
16318,13
16319,11
16320,7
16321,13
16322,2
16323,11
16324,18
16325,18
16326,4
16327,13
16328,13
16329,21
16330,22
16331,19
16332,7
16333,1
16334,13
16335,22
16336,9
16337,21
16338,9
16339,23
16340,19
16341,13
16342,6
16343,22
16344,14
16345,23
16346,13
16347,1
16348,14
16349,19
16350,13
16351,18
16352,14
16353,19
16354,1
16355,5
16356,7
16357,22
16358,21
16359,2
16360,19
16361,11
16362,13
16363,13
16364,4
16365,3
16366,9
16367,8
16368,9
16369,2
16370,19
16371,15
16372,11
16373,21
16374,18
16375,23
16376,18
16377,13
16378,7
16379,19
16380,13
16381,21
16382,14
16383,4
16384,0
16385,11
16386,1
16387,19
16388,7
16389,3
16390,1
16391,2
16392,13
16393,13
16394,18
16395,7
16396,1
16397,13
16398,22
16399,1
16400,1
16401,14
16402,10
16403,11
16404,1
16405,19
16406,13
16407,22
16408,2
16409,13
16410,18
16411,8
16412,2
16413,19
16414,23
16415,19
16416,20
16417,11
16418,19
16419,18
16420,11
16421,1
16422,19
16423,7
16424,11
16425,22
16426,22
16427,2
16428,4
16429,13
16430,15
16431,11
16432,13
16433,11
16434,12
16435,7
16436,13
16437,9
16438,9
16439,22
16440,18
16441,13
16442,14
16443,11
16444,5
16445,7
16446,5
16447,11
16448,11
16449,21
16450,23
16451,15
16452,13
16453,7
16454,7
16455,18
16456,11
16457,22
16458,13
16459,22
16460,13
16461,21
16462,10
16463,11
16464,1
16465,3
16466,2
16467,13
16468,14
16469,13
16470,1
16471,13
16472,22
16473,11
16474,11
16475,18
16476,16
16477,23
16478,22
16479,13
16480,19
16481,2
16482,13
16483,7
16484,8
16485,14
16486,13
16487,11
16488,7
16489,21
16490,19
16491,22
16492,11
16493,11
16494,5
16495,19
16496,11
16497,15
16498,7
16499,22
16500,5
16501,1
16502,13
16503,7
16504,13
16505,22
16506,9
16507,22
16508,22
16509,22
16510,1
16511,11
16512,5
16513,2
16514,13
16515,14
16516,2
16517,15
16518,22
16519,7
16520,7
16521,3
16522,5
16523,11
16524,7
16525,8
16526,19
16527,1
16528,11
16529,23
16530,7
16531,13
16532,10
16533,19
16534,19
16535,19
16536,7
16537,7
16538,13
16539,16
16540,19
16541,1
16542,7
16543,13
16544,17
16545,7
16546,13
16547,14
16548,23
16549,22
16550,7
16551,4
16552,11
16553,13
16554,1
16555,22
16556,16
16557,19
16558,22
16559,12
16560,11
16561,7
16562,13
16563,13
16564,15
16565,13
16566,19
16567,19
16568,2
16569,14
16570,19
16571,22
16572,19
16573,21
16574,11
16575,11
16576,22
16577,11
16578,13
16579,14
16580,9
16581,1
16582,1
16583,21
16584,13
16585,6
16586,13
16587,1
16588,21
16589,7
16590,10
16591,13
16592,1
16593,1
16594,18
16595,13
16596,1
16597,14
16598,1
16599,1
16600,23
16601,2
16602,1
16603,11
16604,1
16605,20
16606,1
16607,18
16608,1
16609,7
16610,5
16611,12
16612,19
16613,1
16614,14
16615,8
16616,18
16617,13
16618,18
16619,13
16620,1
16621,2
16622,11
16623,0
16624,13
16625,14
16626,19
16627,22
16628,19
16629,2
16630,19
16631,1
16632,19
16633,22
16634,21
16635,11
16636,14
16637,18
16638,14
16639,11
16640,7
16641,22
16642,13
16643,21
16644,19
16645,19
16646,10
16647,18
16648,23
16649,7
16650,18
16651,13
16652,19
16653,8
16654,7
16655,2
16656,13
16657,11
16658,22
16659,13
16660,14
16661,7
16662,9
16663,14
16664,2
16665,18
16666,11
16667,0
16668,13
16669,5
16670,13
16671,6
16672,21
16673,7
16674,1
16675,4
16676,2
16677,1
16678,4
16679,8
16680,1
16681,7
16682,2
16683,14
16684,19
16685,7
16686,22
16687,13
16688,6
16689,4
16690,13
16691,22
16692,14
16693,2
16694,13
16695,10
16696,14
16697,1
16698,13
16699,9
16700,7
16701,19
16702,9
16703,9
16704,22
16705,14
16706,13
16707,11
16708,16
16709,5
16710,18
16711,13
16712,19
16713,17
16714,11
16715,5
16716,7
16717,19
16718,14
16719,13
16720,23
16721,14
16722,9
16723,11
16724,11
16725,7
16726,23
16727,13
16728,19
16729,5
16730,4
16731,7
16732,19
16733,9
16734,13
16735,11
16736,11
16737,13
16738,13
16739,13
16740,1
16741,8
16742,7
16743,19
16744,13
16745,11
16746,1
16747,6
16748,13
16749,22
16750,2
16751,13
16752,7
16753,11
16754,18
16755,19
16756,11
16757,3
16758,1
16759,7
16760,19
16761,16
16762,13
16763,2
16764,11
16765,23
16766,11
16767,10
16768,22
16769,2
16770,13
16771,5
16772,13
16773,13
16774,13
16775,2
16776,7
16777,22
16778,7
16779,13
16780,11
16781,2
16782,11
16783,14
16784,19
16785,11
16786,1
16787,1
16788,14
16789,1
16790,4
16791,13
16792,15
16793,18
16794,13
16795,4
16796,11
16797,16
16798,6
16799,8
16800,19
16801,13
16802,13
16803,13
16804,18
16805,11
16806,7
16807,11
16808,17
16809,5
16810,2
16811,19
16812,22
16813,14
16814,13
16815,22
16816,14
16817,23
16818,19
16819,1
16820,11
16821,21
16822,18
16823,19
16824,19
16825,18
16826,18
16827,7
16828,13
16829,12
16830,19
16831,7
16832,11
16833,11
16834,1
16835,7
16836,5
16837,11
16838,21
16839,2
16840,9
16841,11
16842,1
16843,21
16844,3
16845,13
16846,13
16847,20
16848,11
16849,13
16850,2
16851,7
16852,21
16853,13
16854,13
16855,2
16856,7
16857,21
16858,11
16859,9
16860,19
16861,17
16862,1
16863,23
16864,11
16865,0
16866,13
16867,19
16868,13
16869,23
16870,1
16871,18
16872,9
16873,13
16874,3
16875,2
16876,21
16877,8
16878,19
16879,4
16880,13
16881,1
16882,19
16883,10
16884,1
16885,1
16886,13
16887,13
16888,23
16889,11
16890,4
16891,17
16892,11
16893,1
16894,18
16895,21
16896,0
16897,13
16898,1
16899,14
16900,18
16901,14
16902,13
16903,19
16904,11
16905,7
16906,19
16907,21
16908,7
16909,11
16910,11
16911,23
16912,7
16913,1
16914,13
16915,2
16916,1
16917,1
16918,18
16919,18
16920,13
16921,18
16922,11
16923,22
16924,11
16925,23
16926,11
16927,1
16928,19
16929,19
16930,1
16931,2
16932,13
16933,19
16934,22
16935,14
16936,19
16937,13
16938,8
16939,11
16940,22
16941,7
16942,1
16943,19
16944,18
16945,18
16946,13
16947,18
16948,7
16949,18
16950,13
16951,13
16952,13
16953,10
16954,7
16955,13
16956,14
16957,11
16958,13
16959,13
16960,7
16961,22
16962,20
16963,12
16964,19
16965,7
16966,11
16967,10
16968,1
16969,22
16970,4
16971,11
16972,1
16973,21
16974,14
16975,1
16976,13
16977,13
16978,2
16979,21
16980,19
16981,22
16982,13
16983,13
16984,22
16985,22
16986,22
16987,15
16988,13
16989,13
16990,9
16991,1
16992,1
16993,15
16994,7
16995,2
16996,11
16997,18
16998,2
16999,18
17000,11
17001,20
17002,13
17003,7
17004,21
17005,2
17006,13
17007,0
17008,13
17009,22
17010,14
17011,13
17012,2
17013,2
17014,1
17015,7
17016,19
17017,1
17018,11
17019,13
17020,18
17021,23
17022,16
17023,1
17024,3
17025,13
17026,18
17027,2
17028,19
17029,9
17030,13
17031,16
17032,4
17033,9
17034,1
17035,4
17036,13
17037,19
17038,1
17039,2
17040,11
17041,14
17042,22
17043,13
17044,21
17045,7
17046,13
17047,6
17048,3
17049,15
17050,7
17051,22
17052,2
17053,16
17054,13
17055,13
17056,19
17057,23
17058,21
17059,2
17060,22
17061,13
17062,19
17063,22
17064,18
17065,7
17066,10
17067,2
17068,19
17069,5
17070,7
17071,2
17072,22
17073,13
17074,4
17075,13
17076,11
17077,20
17078,2
17079,22
17080,1
17081,3
17082,22
17083,7
17084,7
17085,13
17086,5
17087,13
17088,3
17089,11
17090,13
17091,18
17092,1
17093,7
17094,2
17095,2
17096,1
17097,16
17098,7
17099,13
17100,22
17101,21
17102,22
17103,11
17104,7
17105,19
17106,19
17107,18
17108,11
17109,13
17110,19
17111,13
17112,9
17113,18
17114,14
17115,23
17116,1
17117,13
17118,7
17119,9
17120,13
17121,11
17122,23
17123,22
17124,8
17125,0
17126,7
17127,16
17128,3
17129,2
17130,2
17131,18
17132,6
17133,14
17134,13
17135,23
17136,6
17137,16
17138,2
17139,21
17140,19
17141,13
17142,13
17143,19
17144,19
17145,11
17146,18
17147,22
17148,11
17149,11
17150,11
17151,22
17152,11
17153,14
17154,2
17155,1
17156,7
17157,7
17158,19
17159,20
17160,7
17161,10
17162,2
17163,4
17164,11
17165,11
17166,19
17167,19
17168,19
17169,11
17170,13
17171,18
17172,7
17173,23
17174,2
17175,12
17176,14
17177,19
17178,2
17179,11
17180,13
17181,19
17182,2
17183,13
17184,19
17185,14
17186,5
17187,6
17188,13
17189,1
17190,19
17191,11
17192,5
17193,7
17194,4
17195,19
17196,4
17197,14
17198,13
17199,11
17200,11
17201,8
17202,9
17203,12
17204,7
17205,11
17206,13
17207,13
17208,22
17209,2
17210,2
17211,23
17212,7
17213,8
17214,21
17215,13
17216,14
17217,2
17218,20
17219,7
17220,7
17221,13
17222,5
17223,11
17224,19
17225,18
17226,23
17227,3
17228,18
17229,13
17230,23
17231,2
17232,1
17233,19
17234,19
17235,3
17236,2
17237,11
17238,2
17239,13
17240,8
17241,7
17242,14
17243,4
17244,8
17245,11
17246,13
17247,18
17248,1
17249,2
17250,14
17251,7
17252,5
17253,13
17254,16
17255,13
17256,21
17257,2
17258,14
17259,13
17260,1
17261,1
17262,3
17263,4
17264,19
17265,2
17266,2
17267,13
17268,21
17269,1
17270,23
17271,10
17272,7
17273,21
17274,13
17275,1
17276,18
17277,1
17278,21
17279,9
17280,13
17281,7
17282,13
17283,19
17284,2
17285,2
17286,2
17287,1
17288,19
17289,13
17290,5
17291,13
17292,1
17293,18
17294,19
17295,6
17296,13
17297,5
17298,4
17299,19
17300,6
17301,22
17302,7
17303,16
17304,11
17305,4
17306,5
17307,1
17308,13
17309,3
17310,13
17311,2
17312,7
17313,14
17314,2
17315,13
17316,20
17317,9
17318,8
17319,22
17320,19
17321,18
17322,9
17323,11
17324,2
17325,10
17326,4
17327,13
17328,19
17329,2
17330,19
17331,11
17332,21
17333,10
17334,19
17335,13
17336,23
17337,10
17338,14
17339,11
17340,1
17341,18
17342,11
17343,11
17344,7
17345,2
17346,10
17347,13
17348,19
17349,5
17350,11
17351,11
17352,8
17353,13
17354,1
17355,2
17356,2
17357,1
17358,20
17359,9
17360,0
17361,11
17362,13
17363,7
17364,13
17365,7
17366,8
17367,11
17368,3
17369,11
17370,7
17371,19
17372,22
17373,5
17374,1
17375,10
17376,1
17377,14
17378,1
17379,3
17380,12
17381,19
17382,13
17383,21
17384,4
17385,13
17386,7
17387,6
17388,13
17389,1
17390,1
17391,13
17392,11
17393,13
17394,18
17395,13
17396,13
17397,13
17398,18
17399,13
17400,13
17401,18
17402,18
17403,22
17404,13
17405,1
17406,18
17407,7
17408,16
17409,13
17410,8
17411,1
17412,9
17413,4
17414,14
17415,19
17416,11
17417,20
17418,10
17419,15
17420,21
17421,13
17422,19
17423,14
17424,5
17425,13
17426,21
17427,7
17428,13
17429,3
17430,2
17431,19
17432,6
17433,18
17434,19
17435,13
17436,9
17437,7
17438,1
17439,8
17440,21
17441,1
17442,11
17443,5
17444,11
17445,1
17446,13
17447,13
17448,13
17449,1
17450,2
17451,19
17452,22
17453,2
17454,7
17455,14
17456,22
17457,2
17458,13
17459,22
17460,6
17461,19
17462,19
17463,19
17464,7
17465,1
17466,2
17467,15
17468,21
17469,13
17470,11
17471,19
17472,1
17473,3
17474,11
17475,18
17476,19
17477,22
17478,13
17479,1
17480,5
17481,7
17482,8
17483,21
17484,16
17485,19
17486,3
17487,13
17488,13
17489,1
17490,19
17491,13
17492,23
17493,11
17494,2
17495,7
17496,1
17497,13
17498,4
17499,18
17500,7
17501,7
17502,22
17503,4
17504,18
17505,11
17506,22
17507,10
17508,19
17509,22
17510,0
17511,0
17512,13
17513,22
17514,10
17515,2
17516,9
17517,23
17518,7
17519,4
17520,1
17521,13
17522,8
17523,22
17524,13
17525,11
17526,22
17527,19
17528,11
17529,19
17530,13
17531,22
17532,15
17533,22
17534,13
17535,18
17536,9
17537,9
17538,2
17539,1
17540,22
17541,11
17542,4
17543,1
17544,18
17545,19
17546,7
17547,11
17548,14
17549,7
17550,7
17551,11
17552,5
17553,22
17554,22
17555,19
17556,3
17557,22
17558,19
17559,18
17560,1
17561,11
17562,23
17563,11
17564,21
17565,4
17566,1
17567,21
17568,3
17569,2
17570,11
17571,1
17572,5
17573,7
17574,2
17575,20
17576,1
17577,11
17578,2
17579,3
17580,13
17581,14
17582,7
17583,2
17584,7
17585,22
17586,11
17587,3
17588,4
17589,2
17590,13
17591,1
17592,19
17593,13
17594,7
17595,18
17596,19
17597,13
17598,18
17599,1
17600,22
17601,8
17602,1
17603,14
17604,10
17605,19
17606,13
17607,14
17608,7
17609,15
17610,11
17611,19
17612,1
17613,19
17614,17
17615,18
17616,13
17617,1
17618,18
17619,22
17620,9
17621,1
17622,4
17623,3
17624,13
17625,13
17626,13
17627,13
17628,19
17629,20
17630,15
17631,2
17632,13
17633,7
17634,1
17635,2
17636,19
17637,1
17638,13
17639,13
17640,1
17641,7
17642,14
17643,11
17644,11
17645,20
17646,13
17647,7
17648,2
17649,4
17650,13
17651,13
17652,4
17653,18
17654,5
17655,1
17656,20
17657,21
17658,21
17659,13
17660,19
17661,1
17662,0
17663,13
17664,22
17665,2
17666,7
17667,14
17668,4
17669,18
17670,1
17671,1
17672,21
17673,1
17674,18
17675,14
17676,21
17677,12
17678,13
17679,21
17680,1
17681,7
17682,19
17683,4
17684,2
17685,11
17686,20
17687,1
17688,23
17689,11
17690,18
17691,9
17692,18
17693,7
17694,3
17695,11
17696,14
17697,13
17698,19
17699,1
17700,19
17701,1
17702,3
17703,7
17704,13
17705,7
17706,3
17707,8
17708,11
17709,2
17710,18
17711,7
17712,13
17713,13
17714,22
17715,11
17716,1
17717,16
17718,1
17719,13
17720,11
17721,5
17722,22
17723,13
17724,14
17725,14
17726,7
17727,2
17728,7
17729,11
17730,19
17731,13
17732,13
17733,19
17734,11
17735,19
17736,1
17737,13
17738,13
17739,10
17740,13
17741,4
17742,1
17743,4
17744,7
17745,11
17746,3
17747,1
17748,14
17749,7
17750,23
17751,13
17752,1
17753,1
17754,19
17755,2
17756,7
17757,1
17758,18
17759,2
17760,9
17761,18
17762,9
17763,13
17764,13
17765,13
17766,3
17767,20
17768,12
17769,19
17770,19
17771,1
17772,1
17773,13
17774,2
17775,2
17776,19
17777,15
17778,13
17779,13
17780,19
17781,11
17782,16
17783,14
17784,5
17785,21
17786,1
17787,8
17788,7
17789,2
17790,13
17791,8
17792,6
17793,19
17794,7
17795,13
17796,13
17797,11
17798,14
17799,14
17800,13
17801,14
17802,11
17803,7
17804,7
17805,19
17806,1
17807,1
17808,13
17809,22
17810,22
17811,13
17812,7
17813,18
17814,19
17815,2
17816,13
17817,14
17818,1
17819,18
17820,11
17821,10
17822,22
17823,7
17824,18
17825,22
17826,11
17827,23
17828,14
17829,2
17830,1
17831,13
17832,8
17833,10
17834,2
17835,19
17836,1
17837,14
17838,9
17839,18
17840,19
17841,15
17842,13
17843,13
17844,5
17845,5
17846,13
17847,9
17848,2
17849,21
17850,19
17851,13
17852,22
17853,1
17854,19
17855,1
17856,10
17857,13
17858,2
17859,1
17860,13
17861,22
17862,19
17863,7
17864,11
17865,13
17866,7
17867,23
17868,18
17869,6
17870,14
17871,4
17872,19
17873,22
17874,1
17875,6
17876,1
17877,11
17878,11
17879,11
17880,14
17881,4
17882,7
17883,3
17884,14
17885,7
17886,16
17887,2
17888,18
17889,19
17890,11
17891,13
17892,5
17893,19
17894,13
17895,3
17896,4
17897,1
17898,7
17899,1
17900,18
17901,13
17902,9
17903,10
17904,22
17905,11
17906,13
17907,3
17908,13
17909,22
17910,13
17911,16
17912,9
17913,11
17914,21
17915,13
17916,0
17917,13
17918,11
17919,1
17920,13
17921,19
17922,11
17923,15
17924,8
17925,5
17926,13
17927,13
17928,23
17929,14
17930,9
17931,3
17932,2
17933,11
17934,2
17935,9
17936,11
17937,13
17938,1
17939,11
17940,11
17941,2
17942,1
17943,9
17944,13
17945,2
17946,22
17947,1
17948,1
17949,18
17950,11
17951,2
17952,10
17953,11
17954,7
17955,13
17956,14
17957,2
17958,2
17959,18
17960,13
17961,7
17962,2
17963,19
17964,11
17965,1
17966,18
17967,5
17968,10
17969,4
17970,5
17971,11
17972,8
17973,7
17974,11
17975,18
17976,21
17977,3
17978,5
17979,16
17980,1
17981,19
17982,9
17983,13
17984,13
17985,18
17986,19
17987,22
17988,7
17989,20
17990,11
17991,22
17992,7
17993,2
17994,11
17995,13
17996,13
17997,7
17998,13
17999,13
18000,23
18001,13
18002,2
18003,1
18004,19
18005,11
18006,13
18007,18
18008,1
18009,1
18010,2
18011,16
18012,9
18013,11
18014,11
18015,1
18016,10
18017,7
18018,13
18019,22
18020,15
18021,22
18022,19
18023,1
18024,5
18025,13
18026,2
18027,3
18028,10
18029,18
18030,22
18031,4
18032,14
18033,13
18034,4
18035,13
18036,19
18037,19
18038,16
18039,22
18040,1
18041,14
18042,1
18043,13
18044,7
18045,0
18046,4
18047,5
18048,2
18049,18
18050,18
18051,13
18052,19
18053,11
18054,22
18055,5
18056,19
18057,19
18058,19
18059,13
18060,14
18061,2
18062,3
18063,18
18064,13
18065,13
18066,13
18067,13
18068,11
18069,11
18070,11
18071,11
18072,2
18073,11
18074,19
18075,22
18076,14
18077,14
18078,13
18079,3
18080,10
18081,13
18082,3
18083,13
18084,15
18085,13
18086,1
18087,6
18088,11
18089,1
18090,13
18091,7
18092,13
18093,13
18094,11
18095,10
18096,1
18097,6
18098,9
18099,13
18100,1
18101,7
18102,18
18103,11
18104,18
18105,9
18106,2
18107,7
18108,4
18109,16
18110,19
18111,19
18112,13
18113,11
18114,13
18115,7
18116,11
18117,13
18118,7
18119,19
18120,22
18121,7
18122,6
18123,19
18124,11
18125,1
18126,21
18127,11
18128,1
18129,19
18130,19
18131,14
18132,1
18133,9
18134,19
18135,14
18136,11
18137,17
18138,18
18139,19
18140,2
18141,23
18142,12
18143,1
18144,18
18145,19
18146,8
18147,9
18148,8
18149,13
18150,2
18151,1
18152,1
18153,22
18154,1
18155,23
18156,22
18157,19
18158,1
18159,2
18160,1
18161,22
18162,13
18163,19
18164,10
18165,19
18166,19
18167,1
18168,11
18169,21
18170,13
18171,1
18172,3
18173,2
18174,10
18175,13
18176,14
18177,13
18178,22
18179,21
18180,2
18181,14
18182,1
18183,1
18184,16
18185,1
18186,18
18187,19
18188,6
18189,13
18190,11
18191,18
18192,18
18193,13
18194,7
18195,10
18196,7
18197,19
18198,7
18199,18
18200,14
18201,21
18202,11
18203,13
18204,2
18205,13
18206,9
18207,7
18208,22
18209,13
18210,14
18211,11
18212,8
18213,19
18214,11
18215,13
18216,21
18217,20
18218,7
18219,11
18220,11
18221,21
18222,13
18223,19
18224,22
18225,13
18226,19
18227,11
18228,13
18229,2
18230,5
18231,19
18232,19
18233,22
18234,22
18235,19
18236,2
18237,13
18238,13
18239,23
18240,21
18241,14
18242,13
18243,1
18244,18
18245,1
18246,2
18247,1
18248,14
18249,23
18250,1
18251,23
18252,2
18253,13
18254,2
18255,8
18256,9
18257,13
18258,7
18259,1
18260,16
18261,13
18262,19
18263,2
18264,4
18265,14
18266,13
18267,13
18268,1
18269,13
18270,7
18271,13
18272,3
18273,14
18274,14
18275,2
18276,14
18277,19
18278,2
18279,1
18280,19
18281,13
18282,18
18283,2
18284,2
18285,10
18286,22
18287,13
18288,18
18289,8
18290,4
18291,16
18292,2
18293,1
18294,8
18295,1
18296,7
18297,11
18298,19
18299,14
18300,7
18301,13
18302,2
18303,15
18304,11
18305,2
18306,13
18307,7
18308,16
18309,19
18310,1
18311,13
18312,7
18313,22
18314,1
18315,13
18316,9
18317,18
18318,16
18319,19
18320,21
18321,13
18322,14
18323,0
18324,13
18325,13
18326,18
18327,13
18328,0
18329,11
18330,22
18331,1
18332,19
18333,22
18334,19
18335,17
18336,13
18337,19
18338,13
18339,13
18340,1
18341,11
18342,1
18343,11
18344,19
18345,1
18346,13
18347,13
18348,4
18349,22
18350,19
18351,11
18352,2
18353,20
18354,1
18355,13
18356,17
18357,19
18358,13
18359,22
18360,18
18361,7
18362,2
18363,2
18364,7
18365,19
18366,14
18367,1
18368,2
18369,11
18370,22
18371,2
18372,7
18373,21
18374,14
18375,16
18376,18
18377,11
18378,4
18379,1
18380,7
18381,18
18382,13
18383,2
18384,1
18385,7
18386,2
18387,19
18388,11
18389,1
18390,13
18391,13
18392,19
18393,11
18394,11
18395,14
18396,18
18397,3
18398,4
18399,7
18400,15
18401,7
18402,20
18403,21
18404,13
18405,22
18406,0
18407,11
18408,19
18409,22
18410,1
18411,18
18412,1
18413,22
18414,7
18415,1
18416,4
18417,7
18418,7
18419,1
18420,13
18421,2
18422,18
18423,19
18424,11
18425,2
18426,19
18427,13
18428,23
18429,13
18430,4
18431,21
18432,13
18433,14
18434,10
18435,19
18436,17
18437,7
18438,11
18439,1
18440,11
18441,3
18442,11
18443,22
18444,19
18445,12
18446,11
18447,13
18448,1
18449,13
18450,9
18451,10
18452,2
18453,19
18454,1
18455,11
18456,11
18457,10
18458,13
18459,7
18460,13
18461,13
18462,16
18463,7
18464,13
18465,0
18466,1
18467,0
18468,18
18469,14
18470,13
18471,5
18472,21
18473,6
18474,13
18475,13
18476,7
18477,19
18478,14
18479,4
18480,2
18481,1
18482,21
18483,21
18484,13
18485,1
18486,5
18487,7
18488,2
18489,13
18490,13
18491,11
18492,1
18493,6
18494,7
18495,13
18496,5
18497,19
18498,9
18499,8
18500,13
18501,2
18502,19
18503,13
18504,18
18505,19
18506,1
18507,13
18508,13
18509,2
18510,22
18511,11
18512,11
18513,13
18514,13
18515,13
18516,8
18517,5
18518,2
18519,13
18520,9
18521,11
18522,14
18523,13
18524,18
18525,7
18526,7
18527,22
18528,0
18529,12
18530,13
18531,8
18532,13
18533,21
18534,13
18535,17
18536,18
18537,18
18538,13
18539,13
18540,7
18541,1
18542,13
18543,3
18544,0
18545,18
18546,19
18547,13
18548,11
18549,19
18550,13
18551,1
18552,14
18553,22
18554,13
18555,9
18556,1
18557,13
18558,13
18559,13
18560,13
18561,18
18562,14
18563,0
18564,19
18565,13
18566,9
18567,19
18568,14
18569,13
18570,18
18571,9
18572,21
18573,15
18574,7
18575,19
18576,8
18577,7
18578,16
18579,13
18580,11
18581,19
18582,14
18583,20
18584,18
18585,18
18586,22
18587,14
18588,18
18589,13
18590,13
18591,19
18592,22
18593,23
18594,18
18595,22
18596,13
18597,4
18598,11
18599,8
18600,13
18601,7
18602,2
18603,11
18604,16
18605,0
18606,7
18607,19
18608,9
18609,0
18610,13
18611,19
18612,5
18613,19
18614,7
18615,2
18616,13
18617,13
18618,21
18619,22
18620,11
18621,14
18622,11
18623,11
18624,14
18625,11
18626,10
18627,13
18628,15
18629,19
18630,14
18631,15
18632,2
18633,19
18634,11
18635,22
18636,21
18637,13
18638,14
18639,21
18640,1
18641,8
18642,23
18643,13
18644,2
18645,2
18646,1
18647,13
18648,7
18649,3
18650,22
18651,1
18652,9
18653,3
18654,13
18655,1
18656,11
18657,21
18658,13
18659,19
18660,19
18661,13
18662,17
18663,21
18664,7
18665,9
18666,11
18667,1
18668,7
18669,1
18670,1
18671,22
18672,18
18673,3
18674,11
18675,7
18676,11
18677,4
18678,19
18679,13
18680,22
18681,8
18682,18
18683,21
18684,18
18685,22
18686,21
18687,18
18688,12
18689,11
18690,6
18691,23
18692,19
18693,13
18694,14
18695,7
18696,14
18697,2
18698,7
18699,1
18700,20
18701,5
18702,2
18703,19
18704,19
18705,1
18706,1
18707,1
18708,4
18709,13
18710,7
18711,1
18712,2
18713,1
18714,13
18715,19
18716,1
18717,18
18718,8
18719,13
18720,22
18721,19
18722,13
18723,2
18724,15
18725,11
18726,1
18727,13
18728,19
18729,9
18730,0
18731,22
18732,18
18733,22
18734,11
18735,9
18736,18
18737,22
18738,11
18739,7
18740,2
18741,2
18742,5
18743,5
18744,13
18745,11
18746,13
18747,14
18748,1
18749,5
18750,11
18751,11
18752,7
18753,18
18754,13
18755,19
18756,13
18757,9
18758,1
18759,6
18760,2
18761,22
18762,14
18763,6
18764,3
18765,19
18766,5
18767,11
18768,22
18769,10
18770,13
18771,8
18772,1
18773,1
18774,1
18775,1
18776,22
18777,14
18778,18
18779,1
18780,1
18781,11
18782,7
18783,23
18784,13
18785,23
18786,19
18787,2
18788,11
18789,3
18790,22
18791,11
18792,13
18793,13
18794,7
18795,1
18796,21
18797,6
18798,8
18799,19
18800,23
18801,23
18802,11
18803,6
18804,13
18805,0
18806,4
18807,11
18808,13
18809,13
18810,21
18811,21
18812,23
18813,19
18814,2
18815,13
18816,13
18817,18
18818,22
18819,18
18820,11
18821,9
18822,7
18823,11
18824,2
18825,15
18826,13
18827,19
18828,19
18829,13
18830,19
18831,11
18832,7
18833,14
18834,4
18835,1
18836,2
18837,3
18838,22
18839,17
18840,6
18841,21
18842,18
18843,11
18844,1
18845,22
18846,7
18847,18
18848,18
18849,1
18850,3
18851,4
18852,22
18853,3
18854,3
18855,19
18856,2
18857,7
18858,13
18859,9
18860,19
18861,11
18862,1
18863,1
18864,18
18865,11
18866,8
18867,1
18868,14
18869,2
18870,4
18871,3
18872,21
18873,13
18874,4
18875,10
18876,1
18877,18
18878,14
18879,6
18880,0
18881,7
18882,1
18883,22
18884,18
18885,13
18886,9
18887,19
18888,7
18889,13
18890,18
18891,22
18892,11
18893,22
18894,0
18895,2
18896,9
18897,1
18898,23
18899,18
18900,10
18901,11
18902,5
18903,14
18904,2
18905,1
18906,13
18907,13
18908,11
18909,14
18910,18
18911,13
18912,7
18913,6
18914,18
18915,11
18916,14
18917,23
18918,11
18919,13
18920,19
18921,10
18922,13
18923,22
18924,3
18925,14
18926,11
18927,11
18928,13
18929,2
18930,13
18931,13
18932,1
18933,9
18934,14
18935,13
18936,18
18937,21
18938,11
18939,3
18940,21
18941,19
18942,7
18943,22
18944,18
18945,1
18946,4
18947,5
18948,13
18949,19
18950,2
18951,19
18952,20
18953,22
18954,1
18955,19
18956,13
18957,13
18958,7
18959,19
18960,15
18961,7
18962,7
18963,7
18964,8
18965,13
18966,13
18967,0
18968,1
18969,22
18970,21
18971,1
18972,19
18973,13
18974,7
18975,11
18976,13
18977,7
18978,1
18979,18
18980,18
18981,22
18982,4
18983,19
18984,18
18985,13
18986,19
18987,12
18988,13
18989,18
18990,8
18991,11
18992,13
18993,7
18994,19
18995,2
18996,21
18997,21
18998,1
18999,11
19000,7
19001,7
19002,13
19003,13
19004,2
19005,7
19006,7
19007,2
19008,16
19009,13
19010,13
19011,11
19012,19
19013,1
19014,22
19015,22
19016,3
19017,19
19018,8
19019,2
19020,14
19021,13
19022,13
19023,23
19024,18
19025,11
19026,13
19027,19
19028,14
19029,11
19030,23
19031,13
19032,7
19033,10
19034,7
19035,14
19036,22
19037,1
19038,13
19039,7
19040,3
19041,7
19042,19
19043,2
19044,4
19045,7
19046,1
19047,13
19048,3
19049,22
19050,13
19051,21
19052,13
19053,6
19054,13
19055,19
19056,9
19057,13
19058,7
19059,19
19060,3
19061,13
19062,19
19063,4
19064,23
19065,2
19066,4
19067,19
19068,3
19069,9
19070,11
19071,18
19072,17
19073,8
19074,5
19075,13
19076,7
19077,14
19078,22
19079,13
19080,11
19081,13
19082,22
19083,7
19084,19
19085,7
19086,11
19087,21
19088,21
19089,2
19090,13
19091,17
19092,2
19093,6
19094,4
19095,20
19096,1
19097,5
19098,13
19099,9
19100,11
19101,1
19102,22
19103,5
19104,14
19105,13
19106,15
19107,4
19108,13
19109,5
19110,22
19111,7
19112,22
19113,5
19114,19
19115,13
19116,1
19117,1
19118,1
19119,2
19120,0
19121,21
19122,14
19123,17
19124,11
19125,5
19126,10
19127,13
19128,4
19129,23
19130,22
19131,19
19132,13
19133,13
19134,22
19135,13
19136,5
19137,13
19138,7
19139,13
19140,1
19141,11
19142,2
19143,11
19144,1
19145,14
19146,18
19147,13
19148,7
19149,21
19150,22
19151,7
19152,13
19153,2
19154,12
19155,1
19156,11
19157,21
19158,5
19159,1
19160,5
19161,23
19162,1
19163,15
19164,11
19165,4
19166,9
19167,21
19168,20
19169,19
19170,1
19171,14
19172,19
19173,7
19174,8
19175,18
19176,7
19177,5
19178,10
19179,22
19180,7
19181,7
19182,19
19183,9
19184,13
19185,19
19186,11
19187,13
19188,20
19189,5
19190,1
19191,7
19192,13
19193,14
19194,21
19195,23
19196,1
19197,19
19198,1
19199,11
19200,18
19201,7
19202,7
19203,13
19204,13
19205,7
19206,1
19207,19
19208,11
19209,8
19210,11
19211,13
19212,13
19213,8
19214,5
19215,21
19216,22
19217,2
19218,2
19219,22
19220,8
19221,13
19222,18
19223,13
19224,4
19225,13
19226,13
19227,13
19228,4
19229,15
19230,11
19231,19
19232,14
19233,7
19234,14
19235,18
19236,11
19237,1
19238,11
19239,13
19240,21
19241,19
19242,0
19243,11
19244,9
19245,14
19246,2
19247,2
19248,19
19249,13
19250,2
19251,11
19252,19
19253,7
19254,13
19255,19
19256,14
19257,14
19258,13
19259,7
19260,19
19261,13
19262,13
19263,19
19264,19
19265,18
19266,2
19267,5
19268,2
19269,14
19270,19
19271,7
19272,19
19273,19
19274,13
19275,6
19276,1
19277,2
19278,13
19279,5
19280,13
19281,4
19282,19
19283,7
19284,7
19285,11
19286,2
19287,14
19288,1
19289,5
19290,13
19291,11
19292,8
19293,1
19294,1
19295,18
19296,11
19297,20
19298,2
19299,16
19300,21
19301,18
19302,2
19303,18
19304,19
19305,11
19306,16
19307,18
19308,13
19309,4
19310,13
19311,22
19312,8
19313,21
19314,6
19315,19
19316,5
19317,20
19318,4
19319,4
19320,14
19321,22
19322,19
19323,14
19324,5
19325,0
19326,18
19327,7
19328,13
19329,19
19330,23
19331,2
19332,3
19333,0
19334,1
19335,13
19336,5
19337,1
19338,13
19339,8
19340,2
19341,2
19342,19
19343,22
19344,7
19345,7
19346,7
19347,7
19348,19
19349,13
19350,1
19351,18
19352,13
19353,23
19354,13
19355,13
19356,9
19357,21
19358,11
19359,11
19360,2
19361,13
19362,11
19363,23
19364,11
19365,0
19366,13
19367,7
19368,1
19369,1
19370,14
19371,19
19372,7
19373,5
19374,11
19375,1
19376,22
19377,19
19378,7
19379,3
19380,9
19381,4
19382,4
19383,13
19384,22
19385,3
19386,22
19387,13
19388,16
19389,6
19390,1
19391,18
19392,13
19393,19
19394,15
19395,6
19396,1
19397,22
19398,5
19399,11
19400,9
19401,11
19402,22
19403,14
19404,23
19405,2
19406,3
19407,23
19408,10
19409,13
19410,5
19411,18
19412,22
19413,13
19414,19
19415,18
19416,13
19417,4
19418,13
19419,22
19420,7
19421,2
19422,10
19423,2
19424,1
19425,18
19426,22
19427,22
19428,1
19429,7
19430,7
19431,11
19432,22
19433,1
19434,19
19435,13
19436,11
19437,5
19438,13
19439,11
19440,18
19441,13
19442,11
19443,14
19444,7
19445,13
19446,19
19447,23
19448,19
19449,14
19450,2
19451,22
19452,7
19453,5
19454,6
19455,18
19456,19
19457,11
19458,18
19459,18
19460,13
19461,1
19462,16
19463,2
19464,13
19465,18
19466,19
19467,1
19468,21
19469,13
19470,11
19471,19
19472,22
19473,10
19474,2
19475,1
19476,19
19477,21
19478,19
19479,1
19480,18
19481,18
19482,1
19483,1
19484,5
19485,21
19486,18
19487,7
19488,7
19489,19
19490,21
19491,13
19492,1
19493,13
19494,11
19495,13
19496,15
19497,19
19498,13
19499,7
19500,13
19501,11
19502,19
19503,13
19504,2
19505,1
19506,13
19507,18
19508,19
19509,11
19510,19
19511,18
19512,13
19513,14
19514,7
19515,22
19516,11
19517,11
19518,14
19519,13
19520,13
19521,6
19522,8
19523,13
19524,5
19525,13
19526,1
19527,6
19528,4
19529,13
19530,19
19531,13
19532,6
19533,2
19534,14
19535,22
19536,19
19537,20
19538,18
19539,7
19540,11
19541,16
19542,22
19543,23
19544,6
19545,1
19546,11
19547,15
19548,3
19549,19
19550,7
19551,4
19552,19
19553,19
19554,1
19555,13
19556,22
19557,5
19558,22
19559,21
19560,18
19561,11
19562,15
19563,8
19564,18
19565,11
19566,8
19567,8
19568,13
19569,13
19570,21
19571,22
19572,2
19573,19
19574,1
19575,14
19576,2
19577,19
19578,5
19579,13
19580,13
19581,5
19582,22
19583,22
19584,19
19585,11
19586,14
19587,3
19588,2
19589,22
19590,13
19591,12
19592,23
19593,16
19594,19
19595,2
19596,18
19597,19
19598,14
19599,18
19600,1
19601,21
19602,7
19603,13
19604,13
19605,16
19606,1
19607,1
19608,21
19609,7
19610,2
19611,1
19612,2
19613,13
19614,6
19615,6
19616,2
19617,7
19618,11
19619,23
19620,11
19621,13
19622,2
19623,2
19624,5
19625,15
19626,2
19627,0
19628,19
19629,2
19630,7
19631,15
19632,13
19633,13
19634,19
19635,13
19636,22
19637,2
19638,1
19639,2
19640,19
19641,13
19642,2
19643,13
19644,15
19645,4
19646,13
19647,11
19648,11
19649,11
19650,8
19651,3
19652,1
19653,5
19654,13
19655,9
19656,13
19657,19
19658,13
19659,6
19660,14
19661,13
19662,18
19663,8
19664,18
19665,13
19666,1
19667,15
19668,14
19669,1
19670,4
19671,11
19672,0
19673,7
19674,4
19675,11
19676,13
19677,20
19678,22
19679,19
19680,13
19681,18
19682,1
19683,18
19684,23
19685,14
19686,21
19687,7
19688,14
19689,19
19690,5
19691,14
19692,1
19693,18
19694,6
19695,18
19696,7
19697,13
19698,1
19699,13
19700,13
19701,19
19702,7
19703,19
19704,20
19705,21
19706,13
19707,1
19708,9
19709,13
19710,11
19711,1
19712,4
19713,19
19714,13
19715,11
19716,13
19717,11
19718,18
19719,2
19720,11
19721,11
19722,1
19723,13
19724,13
19725,21
19726,2
19727,19
19728,13
19729,13
19730,19
19731,11
19732,8
19733,3
19734,2
19735,19
19736,16
19737,22
19738,0
19739,13
19740,11
19741,1
19742,2
19743,2
19744,13
19745,7
19746,1
19747,8
19748,11
19749,2
19750,10
19751,18
19752,13
19753,7
19754,11
19755,13
19756,7
19757,19
19758,14
19759,13
19760,13
19761,14
19762,11
19763,4
19764,2
19765,18
19766,12
19767,7
19768,22
19769,2
19770,19
19771,13
19772,8
19773,1
19774,11
19775,13
19776,4
19777,22
19778,3
19779,6
19780,13
19781,7
19782,19
19783,2
19784,13
19785,1
19786,19
19787,11
19788,0
19789,2
19790,22
19791,1
19792,19
19793,19
19794,19
19795,9
19796,18
19797,2
19798,14
19799,19
19800,7
19801,9
19802,2
19803,1
19804,4
19805,2
19806,22
19807,13
19808,3
19809,13
19810,18
19811,2
19812,13
19813,11
19814,15
19815,1
19816,13
19817,1
19818,1
19819,13
19820,16
19821,2
19822,19
19823,13
19824,2
19825,11
19826,14
19827,15
19828,11
19829,18
19830,15
19831,7
19832,5
19833,13
19834,22
19835,18
19836,9
19837,13
19838,14
19839,1
19840,13
19841,4
19842,1
19843,1
19844,19
19845,13
19846,11
19847,1
19848,13
19849,7
19850,18
19851,1
19852,13
19853,13
19854,11
19855,8
19856,10
19857,0
19858,18
19859,13
19860,2
19861,1
19862,11
19863,2
19864,2
19865,22
19866,21
19867,21
19868,1
19869,2
19870,3
19871,11
19872,1
19873,1
19874,5
19875,22
19876,7
19877,13
19878,21
19879,8
19880,22
19881,19
19882,7
19883,7
19884,13
19885,14
19886,7
19887,0
19888,10
19889,23
19890,9
19891,11
19892,13
19893,18
19894,14
19895,19
19896,19
19897,11
19898,13
19899,18
19900,7
19901,15
19902,14
19903,7
19904,21
19905,11
19906,14
19907,9
19908,11
19909,13
19910,22
19911,7
19912,7
19913,7
19914,18
19915,11
19916,0
19917,14
19918,14
19919,19
19920,18
19921,7
19922,19
19923,13
19924,5
19925,13
19926,1
19927,1
19928,1
19929,23
19930,19
19931,11
19932,19
19933,2
19934,7
19935,1
19936,18
19937,1
19938,22
19939,13
19940,19
19941,13
19942,13
19943,7
19944,8
19945,10
19946,1
19947,9
19948,19
19949,19
19950,13
19951,2
19952,23
19953,11
19954,22
19955,11
19956,13
19957,11
19958,1
19959,13
19960,1
19961,13
19962,13
19963,0
19964,7
19965,20
19966,19
19967,8
19968,22
19969,13
19970,3
19971,19
19972,5
19973,19
19974,8
19975,13
19976,13
19977,14
19978,13
19979,9
19980,14
19981,23
19982,8
19983,13
19984,3
19985,7
19986,19
19987,13
19988,18
19989,13
19990,14
19991,13
19992,11
19993,11
19994,1
19995,17
19996,13
19997,11
19998,13
19999,19
20000,14
20001,13
20002,13
20003,2
20004,13
20005,11
20006,11
20007,1
20008,18
20009,18
20010,2
20011,11
20012,11
20013,13
20014,19
20015,13
20016,13
20017,9
20018,15
20019,23
20020,13
20021,14
20022,22
20023,13
20024,21
20025,13
20026,19
20027,22
20028,20
20029,16
20030,11
20031,15
20032,15
20033,2
20034,5
20035,14
20036,12
20037,11
20038,19
20039,22
20040,13
20041,13
20042,13
20043,22
20044,1
20045,5
20046,21
20047,13
20048,13
20049,14
20050,1
20051,2
20052,11
20053,22
20054,2
20055,7
20056,13
20057,13
20058,13
20059,13
20060,13
20061,2
20062,11
20063,7
20064,14
20065,2
20066,0
20067,1
20068,2
20069,22
20070,13
20071,2
20072,22
20073,15
20074,5
20075,2
20076,8
20077,11
20078,13
20079,19
20080,7
20081,13
20082,11
20083,1
20084,5
20085,11
20086,13
20087,13
20088,2
20089,11
20090,13
20091,18
20092,2
20093,6
20094,22
20095,13
20096,21
20097,14
20098,4
20099,9
20100,20
20101,0
20102,2
20103,13
20104,14
20105,19
20106,0
20107,22
20108,14
20109,8
20110,11
20111,14
20112,13
20113,1
20114,13
20115,2
20116,11
20117,14
20118,19
20119,19
20120,22
20121,6
20122,18
20123,11
20124,13
20125,1
20126,18
20127,18
20128,3
20129,11
20130,22
20131,13
20132,21
20133,13
20134,22
20135,7
20136,13
20137,7
20138,22
20139,1
20140,7
20141,1
20142,21
20143,22
20144,12
20145,13
20146,7
20147,23
20148,6
20149,0
20150,7
20151,13
20152,19
20153,13
20154,19
20155,3
20156,19
20157,2
20158,1
20159,7
20160,7
20161,21
20162,11
20163,13
20164,2
20165,6
20166,19
20167,23
20168,7
20169,11
20170,7
20171,22
20172,22
20173,19
20174,2
20175,11
20176,18
20177,19
20178,18
20179,11
20180,1
20181,3
20182,21
20183,4
20184,21
20185,7
20186,0
20187,19
20188,22
20189,16
20190,7
20191,15
20192,18
20193,19
20194,21
20195,22
20196,1
20197,13
20198,10
20199,3
20200,11
20201,10
20202,18
20203,21
20204,21
20205,14
20206,8
20207,13
20208,14
20209,11
20210,7
20211,13
20212,13
20213,13
20214,2
20215,18
20216,2
20217,5
20218,13
20219,18
20220,12
20221,2
20222,1
20223,20
20224,14
20225,21
20226,2
20227,21
20228,22
20229,18
20230,11
20231,16
20232,7
20233,21
20234,2
20235,19
20236,1
20237,17
20238,19
20239,11
20240,10
20241,14
20242,14
20243,13
20244,13
20245,1
20246,3
20247,11
20248,7
20249,13
20250,18
20251,19
20252,7
20253,4
20254,7
20255,2
20256,13
20257,22
20258,19
20259,2
20260,13
20261,7
20262,2
20263,11
20264,13
20265,22
20266,11
20267,5
20268,19
20269,0
20270,13
20271,2
20272,22
20273,21
20274,3
20275,1
20276,19
20277,11
20278,5
20279,11
20280,18
20281,13
20282,19
20283,22
20284,7
20285,2
20286,21
20287,10
20288,2
20289,19
20290,10
20291,1
20292,18
20293,13
20294,4
20295,22
20296,13
20297,13
20298,10
20299,3
20300,13
20301,21
20302,13
20303,22
20304,3
20305,1
20306,22
20307,11
20308,6
20309,11
20310,16
20311,1
20312,19
20313,23
20314,8
20315,22
20316,15
20317,2
20318,13
20319,4
20320,11
20321,19
20322,14
20323,13
20324,2
20325,18
20326,13
20327,0
20328,20
20329,19
20330,13
20331,13
20332,2
20333,23
20334,19
20335,10
20336,19
20337,7
20338,13
20339,7
20340,13
20341,15
20342,21
20343,18
20344,13
20345,16
20346,2
20347,14
20348,18
20349,19
20350,18
20351,11
20352,18
20353,19
20354,13
20355,9
20356,1
20357,8
20358,11
20359,11
20360,13
20361,11
20362,1
20363,18
20364,18
20365,1
20366,21
20367,13
20368,14
20369,18
20370,23
20371,6
20372,7
20373,13
20374,4
20375,1
20376,7
20377,7
20378,1
20379,19
20380,11
20381,13
20382,13
20383,1
20384,13
20385,18
20386,13
20387,11
20388,13
20389,22
20390,13
20391,7
20392,19
20393,22
20394,5
20395,11
20396,14
20397,13
20398,10
20399,1
20400,11
20401,19
20402,22
20403,21
20404,11
20405,13
20406,20
20407,18
20408,7
20409,1
20410,6
20411,11
20412,4
20413,11
20414,21
20415,7
20416,6
20417,9
20418,9
20419,19
20420,5
20421,7
20422,1
20423,13
20424,21
20425,10
20426,19
20427,16
20428,22
20429,11
20430,2
20431,11
20432,20
20433,22
20434,20
20435,13
20436,18
20437,14
20438,5
20439,11
20440,13
20441,18
20442,11
20443,2
20444,19
20445,12
20446,23
20447,2
20448,1
20449,13
20450,15
20451,9
20452,13
20453,19
20454,11
20455,14
20456,11
20457,21
20458,18
20459,22
20460,13
20461,13
20462,22
20463,13
20464,2
20465,7
20466,18
20467,7
20468,13
20469,1
20470,2
20471,13
20472,18
20473,9
20474,0
20475,13
20476,14
20477,22
20478,13
20479,13
20480,13
20481,5
20482,22
20483,9
20484,11
20485,4
20486,12
20487,15
20488,1
20489,11
20490,13
20491,4
20492,21
20493,18
20494,10
20495,22
20496,11
20497,16
20498,6
20499,3
20500,1
20501,3
20502,2
20503,4
20504,19
20505,13
20506,6
20507,13
20508,11
20509,13
20510,19
20511,4
20512,5
20513,13
20514,5
20515,13
20516,22
20517,21
20518,8
20519,1
20520,7
20521,13
20522,13
20523,5
20524,21
20525,0
20526,20
20527,2
20528,23
20529,18
20530,21
20531,4
20532,7
20533,6
20534,7
20535,21
20536,19
20537,1
20538,2
20539,19
20540,1
20541,22
20542,7
20543,7
20544,19
20545,14
20546,22
20547,14
20548,22
20549,18
20550,9
20551,19
20552,23
20553,13
20554,17
20555,2
20556,18
20557,11
20558,13
20559,7
20560,15
20561,7
20562,11
20563,13
20564,13
20565,2
20566,2
20567,5
20568,11
20569,13
20570,7
20571,11
20572,15
20573,13
20574,13
20575,4
20576,2
20577,7
20578,21
20579,1
20580,13
20581,11
20582,1
20583,20
20584,19
20585,9
20586,1
20587,23
20588,19
20589,9
20590,13
20591,13
20592,19
20593,14
20594,13
20595,1
20596,13
20597,13
20598,7
20599,8
20600,13
20601,19
20602,19
20603,5
20604,11
20605,13
20606,13
20607,5
20608,2
20609,11
20610,13
20611,18
20612,7
20613,19
20614,5
20615,7
20616,19
20617,13
20618,13
20619,11
20620,22
20621,19
20622,1
20623,22
20624,18
20625,5
20626,21
20627,13
20628,14
20629,20
20630,13
20631,2
20632,18
20633,15
20634,10
20635,13
20636,7
20637,18
20638,1
20639,18
20640,21
20641,11
20642,18
20643,4
20644,13
20645,13
20646,22
20647,20
20648,2
20649,19
20650,18
20651,2
20652,19
20653,11
20654,13
20655,21
20656,13
20657,19
20658,13
20659,9
20660,18
20661,15
20662,2
20663,2
20664,22
20665,7
20666,11
20667,22
20668,11
20669,18
20670,7
20671,4
20672,1
20673,13
20674,2
20675,18
20676,18
20677,10
20678,13
20679,7
20680,13
20681,11
20682,19
20683,8
20684,1
20685,7
20686,22
20687,3
20688,1
20689,13
20690,7
20691,7
20692,7
20693,13
20694,21
20695,0
20696,13
20697,7
20698,2
20699,13
20700,7
20701,18
20702,14
20703,18
20704,14
20705,14
20706,13
20707,22
20708,7
20709,13
20710,2
20711,8
20712,1
20713,2
20714,21
20715,1
20716,4
20717,13
20718,11
20719,1
20720,2
20721,0
20722,1
20723,13
20724,11
20725,13
20726,7
20727,13
20728,1
20729,14
20730,13
20731,5
20732,18
20733,11
20734,18
20735,18
20736,1
20737,15
20738,13
20739,18
20740,2
20741,7
20742,13
20743,20
20744,11
20745,20
20746,19
20747,16
20748,18
20749,2
20750,13
20751,23
20752,23
20753,8
20754,19
20755,17
20756,13
20757,3
20758,1
20759,19
20760,22
20761,1
20762,19
20763,13
20764,13
20765,13
20766,18
20767,4
20768,19
20769,2
20770,13
20771,14
20772,21
20773,22
20774,1
20775,3
20776,7
20777,18
20778,22
20779,2
20780,12
20781,19
20782,22
20783,11
20784,22
20785,2
20786,11
20787,7
20788,11
20789,19
20790,1
20791,2
20792,22
20793,22
20794,16
20795,11
20796,1
20797,1
20798,2
20799,5
20800,13
20801,21
20802,19
20803,18
20804,11
20805,11
20806,16
20807,7
20808,11
20809,19
20810,14
20811,13
20812,5
20813,1
20814,21
20815,13
20816,13
20817,13
20818,18
20819,1
20820,22
20821,1
20822,14
20823,16
20824,2
20825,9
20826,13
20827,1
20828,7
20829,1
20830,22
20831,5
20832,13
20833,18
20834,14
20835,22
20836,7
20837,7
20838,1
20839,4
20840,23
20841,18
20842,11
20843,18
20844,7
20845,14
20846,13
20847,7
20848,3
20849,2
20850,1
20851,1
20852,23
20853,5
20854,13
20855,2
20856,19
20857,18
20858,0
20859,13
20860,13
20861,2
20862,9
20863,3
20864,2
20865,11
20866,19
20867,11
20868,2
20869,5
20870,23
20871,13
20872,19
20873,13
20874,19
20875,11
20876,22
20877,14
20878,9
20879,2
20880,22
20881,14
20882,7
20883,9
20884,4
20885,2
20886,21
20887,13
20888,11
20889,1
20890,22
20891,11
20892,2
20893,11
20894,13
20895,4
20896,21
20897,13
20898,19
20899,7
20900,16
20901,8
20902,11
20903,7
20904,19
20905,19
20906,2
20907,2
20908,13
20909,4
20910,18
20911,12
20912,13
20913,2
20914,18
20915,10
20916,11
20917,7
20918,2
20919,1
20920,11
20921,13
20922,14
20923,11
20924,19
20925,4
20926,1
20927,4
20928,2
20929,13
20930,21
20931,13
20932,22
20933,2
20934,2
20935,13
20936,19
20937,22
20938,13
20939,11
20940,11
20941,11
20942,13
20943,13
20944,22
20945,19
20946,22
20947,2
20948,11
20949,2
20950,13
20951,13
20952,4
20953,7
20954,13
20955,0
20956,2
20957,18
20958,14
20959,13
20960,19
20961,18
20962,18
20963,8
20964,1
20965,2
20966,5
20967,15
20968,11
20969,13
20970,14
20971,23
20972,7
20973,7
20974,11
20975,11
20976,11
20977,1
20978,7
20979,20
20980,13
20981,5
20982,14
20983,8
20984,11
20985,19
20986,21
20987,6
20988,2
20989,11
20990,13
20991,14
20992,19
20993,14
20994,14
20995,5
20996,2
20997,13
20998,19
20999,1
21000,11
21001,11
21002,10
21003,13
21004,11
21005,7
21006,18
21007,11
21008,18
21009,7
21010,9
21011,11
21012,8
21013,13
21014,5
21015,8
21016,0
21017,18
21018,2
21019,1
21020,11
21021,14
21022,22
21023,19
21024,21
21025,13
21026,19
21027,20
21028,1
21029,18
21030,11
21031,19
21032,22
21033,7
21034,1
21035,4
21036,7
21037,13
21038,21
21039,13
21040,6
21041,20
21042,1
21043,10
21044,0
21045,21
21046,14
21047,7
21048,7
21049,15
21050,19
21051,11
21052,1
21053,11
21054,13
21055,18
21056,8
21057,22
21058,19
21059,11
21060,7
21061,11
21062,18
21063,11
21064,6
21065,1
21066,11
21067,19
21068,18
21069,15
21070,19
21071,21
21072,13
21073,19
21074,14
21075,11
21076,21
21077,1
21078,1
21079,23
21080,13
21081,13
21082,13
21083,4
21084,18
21085,5
21086,18
21087,19
21088,14
21089,13
21090,4
21091,15
21092,13
21093,19
21094,22
21095,8
21096,21
21097,13
21098,13
21099,1
21100,1
21101,21
21102,1
21103,7
21104,4
21105,9
21106,11
21107,5
21108,21
21109,1
21110,23
21111,13
21112,13
21113,19
21114,18
21115,19
21116,13
21117,11
21118,13
21119,19
21120,11
21121,22
21122,13
21123,19
21124,7
21125,21
21126,13
21127,10
21128,8
21129,18
21130,19
21131,20
21132,10
21133,1
21134,10
21135,9
21136,19
21137,13
21138,14
21139,1
21140,11
21141,1
21142,5
21143,6
21144,13
21145,13
21146,13
21147,22
21148,13
21149,2
21150,18
21151,19
21152,13
21153,13
21154,9
21155,1
21156,7
21157,13
21158,3
21159,19
21160,1
21161,14
21162,7
21163,1
21164,19
21165,13
21166,23
21167,13
21168,13
21169,5
21170,1
21171,11
21172,7
21173,8
21174,7
21175,16
21176,13
21177,1
21178,13
21179,13
21180,18
21181,13
21182,3
21183,19
21184,14
21185,13
21186,19
21187,18
21188,9
21189,2
21190,19
21191,8
21192,7
21193,18
21194,2
21195,13
21196,2
21197,5
21198,1
21199,18
21200,5
21201,8
21202,8
21203,13
21204,2
21205,19
21206,1
21207,3
21208,13
21209,13
21210,18
21211,22
21212,14
21213,13
21214,7
21215,23
21216,10
21217,19
21218,19
21219,11
21220,19
21221,2
21222,14
21223,23
21224,22
21225,1
21226,0
21227,13
21228,7
21229,4
21230,18
21231,23
21232,21
21233,8
21234,5
21235,22
21236,16
21237,18
21238,19
21239,13
21240,11
21241,19
21242,13
21243,14
21244,9
21245,2
21246,13
21247,22
21248,1
21249,8
21250,10
21251,1
21252,13
21253,1
21254,13
21255,11
21256,4
21257,5
21258,22
21259,1
21260,9
21261,13
21262,9
21263,21
21264,13
21265,3
21266,11
21267,13
21268,22
21269,23
21270,13
21271,18
21272,1
21273,18
21274,4
21275,5
21276,13
21277,5
21278,1
21279,13
21280,10
21281,7
21282,22
21283,13
21284,1
21285,1
21286,13
21287,2
21288,18
21289,18
21290,4
21291,1
21292,11
21293,13
21294,20
21295,13
21296,22
21297,19
21298,2
21299,5
21300,10
21301,13
21302,11
21303,2
21304,1
21305,13
21306,2
21307,7
21308,14
21309,15
21310,11
21311,3
21312,11
21313,4
21314,18
21315,1
21316,12
21317,2
21318,14
21319,2
21320,1
21321,13
21322,13
21323,19
21324,21
21325,1
21326,0
21327,1
21328,1
21329,5
21330,13
21331,13
21332,1
21333,2
21334,8
21335,7
21336,11
21337,19
21338,23
21339,11
21340,7
21341,11
21342,11
21343,14
21344,2
21345,13
21346,7
21347,9
21348,11
21349,5
21350,1
21351,21
21352,13
21353,18
21354,19
21355,1
21356,8
21357,11
21358,4
21359,18
21360,21
21361,0
21362,18
21363,23
21364,11
21365,14
21366,12
21367,13
21368,5
21369,13
21370,13
21371,1
21372,20
21373,22
21374,13
21375,7
21376,1
21377,11
21378,11
21379,18
21380,19
21381,7
21382,7
21383,2
21384,13
21385,7
21386,1
21387,18
21388,3
21389,0
21390,13
21391,11
21392,19
21393,2
21394,5
21395,3
21396,7
21397,14
21398,11
21399,11
21400,13
21401,5
21402,1
21403,11
21404,13
21405,0
21406,11
21407,12
21408,1
21409,22
21410,14
21411,13
21412,20
21413,13
21414,14
21415,1
21416,1
21417,2
21418,19
21419,13
21420,13
21421,8
21422,13
21423,22
21424,11
21425,11
21426,19
21427,13
21428,5
21429,10
21430,1
21431,21
21432,8
21433,7
21434,14
21435,2
21436,2
21437,19
21438,19
21439,10
21440,11
21441,19
21442,21
21443,22
21444,2
21445,7
21446,20
21447,11
21448,8
21449,2
21450,22
21451,21
21452,7
21453,21
21454,15
21455,13
21456,0
21457,5
21458,1
21459,13
21460,10
21461,10
21462,19
21463,19
21464,11
21465,11
21466,14
21467,11
21468,5
21469,2
21470,1
21471,19
21472,7
21473,6
21474,19
21475,13
21476,18
21477,8
21478,23
21479,13
21480,13
21481,2
21482,23
21483,11
21484,21
21485,13
21486,11
21487,21
21488,22
21489,22
21490,15
21491,14
21492,7
21493,11
21494,7
21495,15
21496,7
21497,13
21498,7
21499,22
21500,18
21501,1
21502,11
21503,14
21504,1
21505,13
21506,7
21507,7
21508,11
21509,13
21510,5
21511,23
21512,13
21513,22
21514,18
21515,13
21516,21
21517,18
21518,13
21519,6
21520,13
21521,7
21522,11
21523,2
21524,14
21525,10
21526,1
21527,22
21528,11
21529,8
21530,14
21531,1
21532,11
21533,19
21534,2
21535,1
21536,4
21537,2
21538,21
21539,2
21540,13
21541,14
21542,3
21543,13
21544,17
21545,7
21546,1
21547,18
21548,13
21549,22
21550,13
21551,7
21552,13
21553,11
21554,19
21555,11
21556,12
21557,1
21558,13
21559,13
21560,14
21561,23
21562,19
21563,11
21564,1
21565,2
21566,13
21567,2
21568,11
21569,22
21570,11
21571,13
21572,13
21573,8
21574,18
21575,2
21576,11
21577,7
21578,13
21579,22
21580,1
21581,19
21582,22
21583,11
21584,9
21585,7
21586,21
21587,23
21588,8
21589,13
21590,2
21591,23
21592,1
21593,7
21594,4
21595,19
21596,7
21597,22
21598,7
21599,11
21600,18
21601,21
21602,21
21603,21
21604,14
21605,8
21606,13
21607,2
21608,11
21609,7
21610,2
21611,18
21612,13
21613,11
21614,20
21615,3
21616,7
21617,19
21618,13
21619,13
21620,11
21621,11
21622,14
21623,14
21624,13
21625,22
21626,13
21627,13
21628,13
21629,13
21630,1
21631,18
21632,19
21633,22
21634,1
21635,18
21636,19
21637,19
21638,13
21639,22
21640,13
21641,13
21642,2
21643,14
21644,23
21645,19
21646,1
21647,7
21648,13
21649,22
21650,4
21651,11
21652,1
21653,9
21654,7
21655,5
21656,17
21657,19
21658,1
21659,20
21660,8
21661,11
21662,19
21663,20
21664,7
21665,13
21666,18
21667,23
21668,7
21669,13
21670,4
21671,13
21672,15
21673,19
21674,7
21675,1
21676,2
21677,7
21678,13
21679,13
21680,7
21681,14
21682,18
21683,11
21684,20
21685,22
21686,3
21687,10
21688,14
21689,1
21690,19
21691,2
21692,11
21693,7
21694,11
21695,4
21696,13
21697,21
21698,1
21699,11
21700,0
21701,19
21702,20
21703,13
21704,1
21705,19
21706,10
21707,22
21708,13
21709,18
21710,7
21711,13
21712,13
21713,13
21714,9
21715,1
21716,19
21717,18
21718,19
21719,13
21720,2
21721,2
21722,14
21723,8
21724,2
21725,11
21726,2
21727,14
21728,11
21729,18
21730,6
21731,9
21732,10
21733,13
21734,11
21735,23
21736,23
21737,11
21738,2
21739,7
21740,13
21741,13
21742,11
21743,23
21744,22
21745,11
21746,11
21747,14
21748,13
21749,14
21750,2
21751,3
21752,22
21753,22
21754,8
21755,7
21756,9
21757,13
21758,4
21759,7
21760,18
21761,2
21762,13
21763,20
21764,13
21765,1
21766,13
21767,11
21768,11
21769,1
21770,22
21771,3
21772,7
21773,10
21774,9
21775,21
21776,13
21777,13
21778,12
21779,14
21780,18
21781,13
21782,21
21783,14
21784,13
21785,1
21786,18
21787,7
21788,18
21789,22
21790,1
21791,1
21792,13
21793,7
21794,11
21795,2
21796,13
21797,19
21798,14
21799,3
21800,5
21801,13
21802,14
21803,1
21804,19
21805,18
21806,13
21807,7
21808,8
21809,11
21810,18
21811,3
21812,5
21813,18
21814,13
21815,1
21816,19
21817,1
21818,21
21819,1
21820,5
21821,7
21822,7
21823,1
21824,7
21825,7
21826,18
21827,2
21828,7
21829,7
21830,7
21831,13
21832,8
21833,13
21834,18
21835,6
21836,13
21837,19
21838,18
21839,0
21840,3
21841,2
21842,21
21843,19
21844,3
21845,11
21846,19
21847,2
21848,1
21849,13
21850,19
21851,13
21852,19
21853,11
21854,8
21855,7
21856,21
21857,7
21858,13
21859,11
21860,4
21861,14
21862,13
21863,8
21864,14
21865,13
21866,1
21867,1
21868,18
21869,22
21870,19
21871,8
21872,14
21873,21
21874,20
21875,4
21876,7
21877,13
21878,14
21879,7
21880,13
21881,7
21882,4
21883,1
21884,1
21885,14
21886,13
21887,22
21888,7
21889,19
21890,11
21891,14
21892,1
21893,1
21894,18
21895,11
21896,19
21897,13
21898,1
21899,13
21900,13
21901,13
21902,11
21903,11
21904,22
21905,1
21906,22
21907,2
21908,7
21909,7
21910,1
21911,13
21912,11
21913,20
21914,1
21915,14
21916,14
21917,1
21918,1
21919,22
21920,13
21921,13
21922,11
21923,7
21924,16
21925,23
21926,1
21927,13
21928,11
21929,7
21930,19
21931,7
21932,11
21933,13
21934,11
21935,21
21936,14
21937,13
21938,22
21939,19
21940,1
21941,19
21942,7
21943,2
21944,0
21945,21
21946,13
21947,5
21948,15
21949,13
21950,1
21951,18
21952,13
21953,2
21954,2
21955,18
21956,4
21957,1
21958,23
21959,7
21960,1
21961,19
21962,11
21963,13
21964,13
21965,11
21966,19
21967,13
21968,13
21969,18
21970,1
21971,14
21972,13
21973,6
21974,7
21975,13
21976,1
21977,14
21978,18
21979,21
21980,4
21981,7
21982,7
21983,22
21984,13
21985,1
21986,13
21987,2
21988,2
21989,1
21990,11
21991,22
21992,13
21993,11
21994,13
21995,9
21996,21
21997,13
21998,1
21999,16
22000,13
22001,18
22002,22
22003,8
22004,15
22005,2
22006,18
22007,7
22008,5
22009,2
22010,5
22011,15
22012,14
22013,1
22014,7
22015,8
22016,4
22017,1
22018,19
22019,22
22020,5
22021,13
22022,21
22023,9
22024,2
22025,5
22026,5
22027,18
22028,10
22029,1
22030,11
22031,13
22032,7
22033,15
22034,2
22035,8
22036,1
22037,21
22038,7
22039,22
22040,11
22041,11
22042,2
22043,8
22044,13
22045,7
22046,9
22047,1
22048,13
22049,1
22050,19
22051,11
22052,13
22053,23
22054,1
22055,1
22056,11
22057,14
22058,1
22059,13
22060,14
22061,22
22062,7
22063,7
22064,17
22065,13
22066,7
22067,12
22068,1
22069,4
22070,7
22071,13
22072,11
22073,11
22074,13
22075,13
22076,13
22077,7
22078,18
22079,7
22080,2
22081,22
22082,21
22083,1
22084,19
22085,9
22086,5
22087,1
22088,0
22089,10
22090,2
22091,10
22092,10
22093,19
22094,11
22095,2
22096,22
22097,7
22098,6
22099,11
22100,9
22101,2
22102,14
22103,13
22104,22
22105,22
22106,21
22107,21
22108,13
22109,19
22110,21
22111,13
22112,4
22113,11
22114,4
22115,22
22116,19
22117,1
22118,22
22119,1
22120,7
22121,8
22122,15
22123,11
22124,13
22125,5
22126,13
22127,11
22128,21
22129,19
22130,23
22131,19
22132,1
22133,7
22134,2
22135,18
22136,23
22137,2
22138,5
22139,2
22140,7
22141,15
22142,7
22143,1
22144,2
22145,13
22146,19
22147,2
22148,13
22149,6
22150,2
22151,14
22152,10
22153,2
22154,22
22155,7
22156,19
22157,7
22158,3
22159,2
22160,0
22161,11
22162,13
22163,13
22164,2
22165,1
22166,3
22167,19
22168,11
22169,13
22170,11
22171,1
22172,11
22173,21
22174,22
22175,16
22176,1
22177,16
22178,18
22179,1
22180,14
22181,4
22182,8
22183,19
22184,18
22185,9
22186,14
22187,21
22188,7
22189,7
22190,2
22191,19
22192,22
22193,19
22194,13
22195,13
22196,19
22197,13
22198,3
22199,3
22200,14
22201,4
22202,18
22203,14
22204,13
22205,13
22206,14
22207,13
22208,1
22209,1
22210,1
22211,19
22212,18
22213,13
22214,11
22215,1
22216,7
22217,3
22218,14
22219,9
22220,7
22221,9
22222,14
22223,2
22224,1
22225,19
22226,18
22227,11
22228,4
22229,7
22230,8
22231,2
22232,23
22233,13
22234,1
22235,1
22236,7
22237,0
22238,13
22239,13
22240,18
22241,22
22242,23
22243,2
22244,0
22245,13
22246,4
22247,19
22248,22
22249,23
22250,6
22251,18
22252,11
22253,21
22254,18
22255,13
22256,11
22257,13
22258,7
22259,4
22260,0
22261,19
22262,11
22263,13
22264,1
22265,2
22266,19
22267,7
22268,4
22269,22
22270,23
22271,15
22272,1
22273,22
22274,8
22275,11
22276,2
22277,1
22278,13
22279,9
22280,13
22281,13
22282,14
22283,11
22284,10
22285,13
22286,2
22287,11
22288,19
22289,19
22290,2
22291,19
22292,1
22293,14
22294,1
22295,13
22296,10
22297,18
22298,2
22299,19
22300,0
22301,22
22302,1
22303,2
22304,1
22305,11
22306,13
22307,7
22308,13
22309,23
22310,13
22311,18
22312,23
22313,1
22314,2
22315,13
22316,21
22317,13
22318,14
22319,19
22320,1
22321,23
22322,20
22323,8
22324,7
22325,13
22326,5
22327,1
22328,20
22329,13
22330,7
22331,0
22332,11
22333,7
22334,21
22335,22
22336,5
22337,13
22338,13
22339,13
22340,13
22341,7
22342,7
22343,1
22344,11
22345,22
22346,7
22347,14
22348,19
22349,1
22350,19
22351,2
22352,11
22353,8
22354,7
22355,13
22356,1
22357,7
22358,13
22359,3
22360,13
22361,18
22362,2
22363,11
22364,22
22365,22
22366,10
22367,13
22368,1
22369,21
22370,13
22371,8
22372,5
22373,7
22374,13
22375,18
22376,23
22377,13
22378,7
22379,9
22380,13
22381,18
22382,23
22383,22
22384,9
22385,4
22386,1
22387,14
22388,15
22389,22
22390,19
22391,2
22392,13
22393,21
22394,15
22395,1
22396,14
22397,13
22398,13
22399,14
22400,22
22401,7
22402,2
22403,1
22404,23
22405,4
22406,19
22407,13
22408,18
22409,8
22410,7
22411,14
22412,1
22413,4
22414,11
22415,5
22416,1
22417,21
22418,5
22419,11
22420,1
22421,1
22422,11
22423,7
22424,2
22425,11
22426,2
22427,7
22428,13
22429,17
22430,1
22431,2
22432,18
22433,19
22434,22
22435,19
22436,14
22437,21
22438,22
22439,1
22440,18
22441,5
22442,2
22443,1
22444,11
22445,14
22446,18
22447,11
22448,13
22449,4
22450,17
22451,19
22452,13
22453,2
22454,13
22455,13
22456,21
22457,1
22458,7
22459,8
22460,0
22461,11
22462,13
22463,13
22464,14
22465,19
22466,21
22467,7
22468,4
22469,18
22470,18
22471,19
22472,7
22473,19
22474,13
22475,19
22476,13
22477,19
22478,1
22479,19
22480,18
22481,18
22482,14
22483,11
22484,0
22485,7
22486,11
22487,22
22488,9
22489,2
22490,1
22491,11
22492,7
22493,18
22494,13
22495,11
22496,2
22497,11
22498,1
22499,0
22500,11
22501,9
22502,5
22503,22
22504,23
22505,19
22506,5
22507,5
22508,7
22509,9
22510,19
22511,2
22512,11
22513,1
22514,2
22515,13
22516,7
22517,1
22518,2
22519,14
22520,14
22521,1
22522,1
22523,22
22524,14
22525,11
22526,16
22527,9
22528,21
22529,18
22530,10
22531,13
22532,23
22533,1
22534,6
22535,13
22536,11
22537,11
22538,22
22539,7
22540,5
22541,13
22542,19
22543,21
22544,5
22545,7
22546,20
22547,7
22548,13
22549,2
22550,7
22551,1
22552,11
22553,8
22554,2
22555,13
22556,14
22557,13
22558,11
22559,11
22560,18
22561,5
22562,23
22563,18
22564,13
22565,18
22566,7
22567,0
22568,14
22569,21
22570,13
22571,11
22572,19
22573,13
22574,22
22575,13
22576,7
22577,22
22578,5
22579,13
22580,1
22581,15
22582,18
22583,13
22584,22
22585,19
22586,18
22587,21
22588,2
22589,6
22590,19
22591,14
22592,19
22593,1
22594,19
22595,13
22596,19
22597,7
22598,21
22599,19
22600,19
22601,3
22602,3
22603,13
22604,13
22605,19
22606,2
22607,22
22608,1
22609,13
22610,22
22611,7
22612,4
22613,5
22614,3
22615,2
22616,14
22617,13
22618,13
22619,16
22620,14
22621,3
22622,18
22623,7
22624,7
22625,22
22626,13
22627,13
22628,13
22629,13
22630,9
22631,13
22632,13
22633,13
22634,20
22635,21
22636,19
22637,13
22638,18
22639,11
22640,14
22641,21
22642,16
22643,18
22644,7
22645,22
22646,4
22647,8
22648,14
22649,11
22650,7
22651,18
22652,7
22653,19
22654,19
22655,19
22656,18
22657,1
22658,13
22659,1
22660,22
22661,2
22662,11
22663,22
22664,1
22665,12
22666,2
22667,13
22668,13
22669,23
22670,6
22671,22
22672,11
22673,13
22674,7
22675,13
22676,18
22677,4
22678,13
22679,13
22680,22
22681,13
22682,18
22683,18
22684,14
22685,18
22686,11
22687,21
22688,13
22689,19
22690,1
22691,14
22692,2
22693,15
22694,4
22695,5
22696,1
22697,19
22698,2
22699,23
22700,7
22701,19
22702,11
22703,9
22704,18
22705,22
22706,1
22707,22
22708,7
22709,5
22710,15
22711,5
22712,3
22713,13
22714,7
22715,19
22716,11
22717,13
22718,13
22719,1
22720,4
22721,13
22722,13
22723,13
22724,10
22725,19
22726,8
22727,18
22728,18
22729,7
22730,3
22731,19
22732,19
22733,13
22734,20
22735,13
22736,13
22737,19
22738,13
22739,1
22740,23
22741,1
22742,5
22743,5
22744,11
22745,1
22746,20
22747,22
22748,1
22749,13
22750,21
22751,22
22752,12
22753,21
22754,18
22755,2
22756,18
22757,7
22758,7
22759,2
22760,2
22761,18
22762,7
22763,11
22764,22
22765,18
22766,19
22767,8
22768,19
22769,22
22770,22
22771,13
22772,21
22773,7
22774,13
22775,1
22776,2
22777,2
22778,14
22779,5
22780,13
22781,13
22782,7
22783,11
22784,13
22785,19
22786,1
22787,2
22788,6
22789,7
22790,21
22791,14
22792,18
22793,23
22794,19
22795,1
22796,11
22797,11
22798,14
22799,11
22800,11
22801,19
22802,12
22803,22
22804,2
22805,9
22806,1
22807,18
22808,19
22809,21
22810,14
22811,2
22812,5
22813,6
22814,13
22815,3
22816,19
22817,5
22818,13
22819,2
22820,19
22821,19
22822,10
22823,11
22824,21
22825,8
22826,8
22827,11
22828,0
22829,8
22830,11
22831,2
22832,22
22833,18
22834,4
22835,21
22836,13
22837,22
22838,19
22839,4
22840,5
22841,13
22842,0
22843,11
22844,4
22845,15
22846,7
22847,19
22848,23
22849,16
22850,11
22851,3
22852,13
22853,13
22854,3
22855,13
22856,1
22857,22
22858,22
22859,22
22860,13
22861,2
22862,16
22863,1
22864,6
22865,11
22866,2
22867,13
22868,18
22869,19
22870,23
22871,14
22872,4
22873,2
22874,11
22875,13
22876,13
22877,1
22878,13
22879,19
22880,19
22881,13
22882,10
22883,13
22884,4
22885,1
22886,7
22887,22
22888,11
22889,8
22890,13
22891,2
22892,1
22893,11
22894,18
22895,8
22896,13
22897,12
22898,19
22899,0
22900,19
22901,5
22902,13
22903,13
22904,8
22905,1
22906,19
22907,22
22908,2
22909,20
22910,7
22911,3
22912,13
22913,9
22914,6
22915,21
22916,1
22917,18
22918,13
22919,13
22920,4
22921,14
22922,11
22923,13
22924,7
22925,13
22926,12
22927,2
22928,23
22929,11
22930,13
22931,13
22932,13
22933,11
22934,19
22935,23
22936,2
22937,1
22938,13
22939,13
22940,11
22941,13
22942,13
22943,14
22944,21
22945,11
22946,19
22947,18
22948,14
22949,21
22950,14
22951,14
22952,2
22953,1
22954,8
22955,1
22956,19
22957,18
22958,1
22959,14
22960,8
22961,23
22962,14
22963,18
22964,1
22965,11
22966,21
22967,3
22968,5
22969,1
22970,18
22971,2
22972,13
22973,1
22974,14
22975,20
22976,21
22977,13
22978,3
22979,13
22980,13
22981,7
22982,1
22983,14
22984,7
22985,18
22986,19
22987,1
22988,13
22989,7
22990,8
22991,7
22992,13
22993,22
22994,2
22995,3
22996,11
22997,1
22998,19
22999,4
23000,1
23001,7
23002,22
23003,0
23004,22
23005,1
23006,7
23007,7
23008,19
23009,14
23010,18
23011,1
23012,7
23013,16
23014,13
23015,13
23016,22
23017,22
23018,19
23019,1
23020,11
23021,19
23022,11
23023,7
23024,11
23025,21
23026,4
23027,1
23028,22
23029,7
23030,8
23031,13
23032,11
23033,11
23034,4
23035,2
23036,19
23037,5
23038,13
23039,22
23040,22
23041,3
23042,7
23043,21
23044,19
23045,6
23046,22
23047,14
23048,1
23049,1
23050,22
23051,13
23052,1
23053,2
23054,11
23055,19
23056,1
23057,10
23058,9
23059,21
23060,22
23061,13
23062,1
23063,21
23064,7
23065,13
23066,2
23067,1
23068,13
23069,1
23070,1
23071,13
23072,7
23073,13
23074,13
23075,22
23076,13
23077,14
23078,11
23079,11
23080,2
23081,22
23082,11
23083,19
23084,20
23085,14
23086,23
23087,22
23088,13
23089,18
23090,13
23091,19
23092,11
23093,18
23094,14
23095,5
23096,7
23097,13
23098,22
23099,19
23100,19
23101,19
23102,13
23103,18
23104,13
23105,1
23106,13
23107,13
23108,18
23109,19
23110,1
23111,2
23112,19
23113,22
23114,13
23115,7
23116,13
23117,9
23118,19
23119,21
23120,2
23121,19
23122,19
23123,2
23124,8
23125,19
23126,18
23127,11
23128,13
23129,1
23130,13
23131,7
23132,7
23133,13
23134,19
23135,2
23136,7
23137,2
23138,19
23139,7
23140,2
23141,2
23142,18
23143,2
23144,13
23145,18
23146,3
23147,1
23148,21
23149,22
23150,19
23151,11
23152,19
23153,19
23154,7
23155,7
23156,1
23157,8
23158,2
23159,13
23160,13
23161,11
23162,7
23163,14
23164,21
23165,1
23166,1
23167,19
23168,7
23169,2
23170,2
23171,7
23172,14
23173,7
23174,1
23175,11
23176,19
23177,8
23178,18
23179,18
23180,19
23181,19
23182,8
23183,15
23184,18
23185,22
23186,18
23187,7
23188,1
23189,7
23190,2
23191,18
23192,23
23193,6
23194,18
23195,4
23196,7
23197,19
23198,15
23199,7
23200,13
23201,1
23202,2
23203,19
23204,4
23205,11
23206,19
23207,13
23208,7
23209,16
23210,7
23211,13
23212,23
23213,1
23214,11
23215,19
23216,13
23217,7
23218,14
23219,19
23220,14
23221,2
23222,19
23223,13
23224,11
23225,22
23226,11
23227,3
23228,11
23229,2
23230,6
23231,9
23232,13
23233,19
23234,12
23235,8
23236,13
23237,19
23238,22
23239,2
23240,2
23241,1
23242,18
23243,13
23244,13
23245,2
23246,11
23247,10
23248,17
23249,13
23250,13
23251,4
23252,18
23253,13
23254,1
23255,10
23256,13
23257,19
23258,4
23259,2
23260,5
23261,8
23262,1
23263,2
23264,11
23265,7
23266,13
23267,1
23268,10
23269,11
23270,1
23271,19
23272,18
23273,11
23274,7
23275,13
23276,13
23277,7
23278,1
23279,18
23280,13
23281,7
23282,1
23283,7
23284,13
23285,21
23286,1
23287,2
23288,13
23289,18
23290,5
23291,22
23292,2
23293,9
23294,7
23295,7
23296,2
23297,18
23298,7
23299,1
23300,19
23301,4
23302,0
23303,19
23304,1
23305,7
23306,19
23307,9
23308,13
23309,7
23310,18
23311,11
23312,1
23313,21
23314,7
23315,1
23316,2
23317,18
23318,22
23319,21
23320,8
23321,13
23322,7
23323,13
23324,11
23325,19
23326,11
23327,7
23328,13
23329,11
23330,7
23331,23
23332,13
23333,11
23334,7
23335,1
23336,18
23337,19
23338,9
23339,21
23340,7
23341,5
23342,13
23343,13
23344,4
23345,1
23346,11
23347,6
23348,6
23349,4
23350,2
23351,21
23352,19
23353,1
23354,1
23355,19
23356,5
23357,19
23358,16
23359,7
23360,1
23361,14
23362,13
23363,2
23364,14
23365,1
23366,7
23367,19
23368,3
23369,18
23370,18
23371,16
23372,11
23373,7
23374,22
23375,21
23376,13
23377,19
23378,14
23379,19
23380,2
23381,7
23382,13
23383,13
23384,1
23385,13
23386,10
23387,21
23388,11
23389,22
23390,23
23391,11
23392,22
23393,18
23394,4
23395,14
23396,13
23397,7
23398,13
23399,21
23400,7
23401,19
23402,11
23403,5
23404,2
23405,1
23406,14
23407,9
23408,8
23409,3
23410,7
23411,18
23412,1
23413,19
23414,14
23415,14
23416,14
23417,11
23418,13
23419,4
23420,12
23421,1
23422,7
23423,2
23424,7
23425,13
23426,14
23427,13
23428,13
23429,10
23430,4
23431,19
23432,1
23433,7
23434,11
23435,19
23436,5
23437,19
23438,11
23439,1
23440,18
23441,18
23442,18
23443,13
23444,22
23445,8
23446,14
23447,7
23448,10
23449,22
23450,22
23451,1
23452,13
23453,11
23454,4
23455,8
23456,2
23457,23
23458,19
23459,19
23460,20
23461,4
23462,11
23463,19
23464,3
23465,23
23466,21
23467,7
23468,13
23469,1
23470,13
23471,18
23472,11
23473,1
23474,13
23475,4
23476,9
23477,13
23478,18
23479,11
23480,13
23481,19
23482,2
23483,2
23484,13
23485,11
23486,2
23487,4
23488,7
23489,19
23490,4
23491,18
23492,8
23493,2
23494,13
23495,13
23496,2
23497,18
23498,13
23499,11
23500,7
23501,1
23502,19
23503,2
23504,7
23505,1
23506,7
23507,11
23508,5
23509,11
23510,13
23511,7
23512,3
23513,16
23514,13
23515,13
23516,14
23517,1
23518,7
23519,14
23520,7
23521,1
23522,22
23523,19
23524,21
23525,5
23526,2
23527,3
23528,11
23529,14
23530,6
23531,21
23532,20
23533,13
23534,16
23535,1
23536,8
23537,14
23538,2
23539,5
23540,14
23541,2
23542,21
23543,11
23544,22
23545,2
23546,13
23547,11
23548,1
23549,5
23550,21
23551,1
23552,21
23553,22
23554,22
23555,13
23556,19
23557,0
23558,22
23559,8
23560,2
23561,22
23562,1
23563,13
23564,7
23565,18
23566,7
23567,3
23568,18
23569,10
23570,11
23571,19
23572,11
23573,7
23574,18
23575,19
23576,2
23577,7
23578,14
23579,19
23580,2
23581,18
23582,20
23583,1
23584,20
23585,13
23586,21
23587,19
23588,4
23589,16
23590,13
23591,7
23592,1
23593,21
23594,14
23595,22
23596,13
23597,7
23598,22
23599,22
23600,6
23601,10
23602,7
23603,18
23604,13
23605,22
23606,14
23607,1
23608,19
23609,1
23610,21
23611,5
23612,19
23613,1
23614,9
23615,1
23616,11
23617,18
23618,11
23619,13
23620,13
23621,22
23622,11
23623,22
23624,14
23625,18
23626,11
23627,6
23628,13
23629,11
23630,18
23631,1
23632,6
23633,13
23634,19
23635,18
23636,13
23637,2
23638,18
23639,3
23640,13
23641,6
23642,19
23643,9
23644,7
23645,18
23646,6
23647,22
23648,13
23649,18
23650,1
23651,7
23652,18
23653,4
23654,1
23655,13
23656,2
23657,7
23658,18
23659,22
23660,19
23661,11
23662,16
23663,17
23664,11
23665,13
23666,6
23667,10
23668,18
23669,18
23670,13
23671,5
23672,14
23673,0
23674,13
23675,1
23676,11
23677,22
23678,2
23679,11
23680,19
23681,16
23682,11
23683,11
23684,13
23685,20
23686,22
23687,22
23688,13
23689,19
23690,1
23691,22
23692,11
23693,15
23694,22
23695,11
23696,19
23697,7
23698,13
23699,18
23700,2
23701,15
23702,16
23703,7
23704,8
23705,2
23706,19
23707,13
23708,9
23709,3
23710,15
23711,18
23712,11
23713,13
23714,18
23715,18
23716,21
23717,8
23718,9
23719,3
23720,22
23721,1
23722,1
23723,10
23724,18
23725,2
23726,21
23727,13
23728,13
23729,4
23730,11
23731,13
23732,22
23733,1
23734,14
23735,21
23736,23
23737,19
23738,8
23739,7
23740,5
23741,1
23742,21
23743,13
23744,11
23745,4
23746,9
23747,11
23748,13
23749,1
23750,21
23751,13
23752,13
23753,7
23754,11
23755,13
23756,5
23757,14
23758,13
23759,13
23760,14
23761,11
23762,19
23763,14
23764,19
23765,2
23766,13
23767,16
23768,3
23769,4
23770,22
23771,1
23772,7
23773,22
23774,19
23775,7
23776,14
23777,5
23778,5
23779,13
23780,16
23781,13
23782,22
23783,11
23784,2
23785,19
23786,10
23787,4
23788,11
23789,19
23790,2
23791,13
23792,13
23793,19
23794,8
23795,3
23796,20
23797,20
23798,11
23799,18
23800,11
23801,11
23802,3
23803,1
23804,11
23805,8
23806,11
23807,7
23808,1
23809,11
23810,11
23811,5
23812,11
23813,1
23814,7
23815,19
23816,22
23817,19
23818,13
23819,14
23820,2
23821,2
23822,13
23823,7
23824,7
23825,19
23826,13
23827,8
23828,7
23829,3
23830,17
23831,1
23832,19
23833,7
23834,14
23835,18
23836,18
23837,18
23838,2
23839,5
23840,2
23841,2
23842,13
23843,13
23844,13
23845,18
23846,2
23847,8
23848,1
23849,11
23850,19
23851,13
23852,3
23853,7
23854,1
23855,1
23856,21
23857,6
23858,7
23859,18
23860,19
23861,22
23862,7
23863,7
23864,8
23865,11
23866,1
23867,2
23868,13
23869,15
23870,11
23871,1
23872,11
23873,22
23874,1
23875,1
23876,13
23877,18
23878,13
23879,22
23880,19
23881,22
23882,18
23883,13
23884,23
23885,11
23886,13
23887,7
23888,11
23889,5
23890,19
23891,13
23892,13
23893,15
23894,19
23895,13
23896,13
23897,10
23898,2
23899,18
23900,7
23901,13
23902,4
23903,13
23904,13
23905,20
23906,1
23907,19
23908,11
23909,7
23910,11
23911,13
23912,2
23913,13
23914,18
23915,4
23916,19
23917,1
23918,19
23919,13
23920,2
23921,5
23922,18
23923,4
23924,7
23925,7
23926,14
23927,8
23928,5
23929,14
23930,11
23931,1
23932,12
23933,2
23934,13
23935,19
23936,2
23937,23
23938,22
23939,22
23940,2
23941,5
23942,19
23943,13
23944,11
23945,13
23946,21
23947,13
23948,4
23949,13
23950,2
23951,5
23952,13
23953,13
23954,13
23955,1
23956,13
23957,1
23958,11
23959,6
23960,12
23961,13
23962,18
23963,13
23964,19
23965,7
23966,13
23967,1
23968,13
23969,13
23970,18
23971,6
23972,20
23973,18
23974,1
23975,19
23976,22
23977,0
23978,19
23979,2
23980,4
23981,9
23982,7
23983,11
23984,12
23985,13
23986,2
23987,11
23988,22
23989,2
23990,21
23991,7
23992,7
23993,23
23994,21
23995,16
23996,13
23997,13
23998,13
23999,19
24000,19
24001,2
24002,11
24003,21
24004,11
24005,7
24006,7
24007,22
24008,1
24009,18
24010,13
24011,7
24012,13
24013,13
24014,6
24015,14
24016,10
24017,9
24018,21
24019,2
24020,10
24021,13
24022,19
24023,21
24024,6
24025,19
24026,1
24027,0
24028,18
24029,21
24030,10
24031,13
24032,13
24033,7
24034,1
24035,11
24036,4
24037,13
24038,10
24039,7
24040,8
24041,11
24042,21
24043,2
24044,7
24045,21
24046,7
24047,7
24048,19
24049,8
24050,19
24051,13
24052,3
24053,13
24054,13
24055,11
24056,1
24057,11
24058,10
24059,13
24060,13
24061,0
24062,21
24063,1
24064,3
24065,4
24066,2
24067,2
24068,13
24069,1
24070,2
24071,8
24072,15
24073,19
24074,21
24075,11
24076,5
24077,9
24078,19
24079,18
24080,21
24081,2
24082,13
24083,1
24084,0
24085,13
24086,2
24087,13
24088,5
24089,1
24090,7
24091,7
24092,13
24093,18
24094,18
24095,18
24096,8
24097,8
24098,6
24099,22
24100,22
24101,13
24102,22
24103,8
24104,1
24105,2
24106,3
24107,8
24108,2
24109,11
24110,4
24111,0
24112,11
24113,19
24114,5
24115,11
24116,18
24117,14
24118,13
24119,2
24120,8
24121,7
24122,11
24123,2
24124,1
24125,12
24126,13
24127,0
24128,13
24129,18
24130,21
24131,20
24132,7
24133,18
24134,6
24135,18
24136,13
24137,21
24138,19
24139,0
24140,1
24141,13
24142,11
24143,13
24144,13
24145,13
24146,13
24147,19
24148,13
24149,11
24150,22
24151,13
24152,1
24153,21
24154,7
24155,13
24156,2
24157,11
24158,13
24159,13
24160,2
24161,2
24162,19
24163,18
24164,18
24165,13
24166,1
24167,21
24168,7
24169,10
24170,13
24171,18
24172,1
24173,7
24174,13
24175,4
24176,19
24177,15
24178,23
24179,7
24180,1
24181,21
24182,18
24183,11
24184,5
24185,19
24186,1
24187,7
24188,13
24189,14
24190,13
24191,23
24192,2
24193,22
24194,14
24195,11
24196,18
24197,23
24198,6
24199,1
24200,11
24201,19
24202,7
24203,1
24204,2
24205,13
24206,11
24207,13
24208,13
24209,19
24210,18
24211,23
24212,14
24213,21
24214,2
24215,1
24216,22
24217,17
24218,23
24219,6
24220,18
24221,2
24222,7
24223,13
24224,19
24225,1
24226,13
24227,13
24228,19
24229,1
24230,13
24231,11
24232,2
24233,13
24234,4
24235,1
24236,12
24237,1
24238,19
24239,22
24240,13
24241,23
24242,7
24243,13
24244,7
24245,7
24246,13
24247,19
24248,2
24249,13
24250,10
24251,7
24252,18
24253,15
24254,1
24255,21
24256,12
24257,19
24258,13
24259,1
24260,1
24261,19
24262,19
24263,7
24264,23
24265,11
24266,2
24267,2
24268,14
24269,18
24270,7
24271,21
24272,23
24273,13
24274,19
24275,3
24276,18
24277,10
24278,11
24279,19
24280,11
24281,1
24282,22
24283,13
24284,22
24285,21
24286,22
24287,18
24288,4
24289,11
24290,18
24291,13
24292,1
24293,13
24294,15
24295,7
24296,13
24297,13
24298,2
24299,13
24300,19
24301,14
24302,7
24303,13
24304,11
24305,1
24306,13
24307,13
24308,18
24309,14
24310,22
24311,2
24312,22
24313,11
24314,15
24315,4
24316,15
24317,13
24318,22
24319,7
24320,11
24321,7
24322,10
24323,22
24324,13
24325,7
24326,2
24327,13
24328,11
24329,18
24330,19
24331,1
24332,18
24333,18
24334,19
24335,9
24336,9
24337,13
24338,13
24339,14
24340,7
24341,7
24342,8
24343,11
24344,21
24345,7
24346,13
24347,2
24348,13
24349,13
24350,5
24351,4
24352,14
24353,20
24354,19
24355,11
24356,18
24357,18
24358,13
24359,3
24360,7
24361,22
24362,13
24363,19
24364,22
24365,9
24366,11
24367,14
24368,13
24369,13
24370,5
24371,18
24372,13
24373,6
24374,13
24375,13
24376,19
24377,13
24378,1
24379,22
24380,1
24381,2
24382,13
24383,14
24384,3
24385,13
24386,13
24387,14
24388,18
24389,7
24390,19
24391,11
24392,7
24393,16
24394,13
24395,2
24396,19
24397,9
24398,18
24399,5
24400,18
24401,1
24402,9
24403,13
24404,7
24405,7
24406,7
24407,18
24408,11
24409,5
24410,12
24411,11
24412,13
24413,19
24414,13
24415,2
24416,18
24417,11
24418,11
24419,11
24420,22
24421,22
24422,1
24423,2
24424,15
24425,13
24426,21
24427,7
24428,12
24429,13
24430,7
24431,19
24432,2
24433,13
24434,1
24435,3
24436,11
24437,14
24438,13
24439,21
24440,13
24441,13
24442,7
24443,11
24444,2
24445,14
24446,11
24447,19
24448,13
24449,19
24450,11
24451,11
24452,1
24453,13
24454,5
24455,22
24456,1
24457,13
24458,1
24459,22
24460,22
24461,17
24462,1
24463,1
24464,13
24465,7
24466,19
24467,8
24468,19
24469,13
24470,13
24471,18
24472,1
24473,1
24474,7
24475,7
24476,22
24477,11
24478,22
24479,13
24480,18
24481,22
24482,4
24483,11
24484,16
24485,13
24486,13
24487,4
24488,13
24489,6
24490,19
24491,22
24492,18
24493,19
24494,18
24495,8
24496,21
24497,22
24498,4
24499,1
24500,8
24501,14
24502,19
24503,5
24504,13
24505,14
24506,1
24507,1
24508,11
24509,13
24510,13
24511,18
24512,22
24513,8
24514,21
24515,1
24516,13
24517,13
24518,13
24519,22
24520,22
24521,3
24522,1
24523,13
24524,22
24525,11
24526,1
24527,13
24528,22
24529,9
24530,18
24531,9
24532,7
24533,15
24534,11
24535,13
24536,7
24537,13
24538,9
24539,21
24540,5
24541,5
24542,22
24543,11
24544,13
24545,16
24546,13
24547,19
24548,5
24549,2
24550,22
24551,13
24552,7
24553,18
24554,18
24555,11
24556,7
24557,10
24558,16
24559,7
24560,7
24561,2
24562,22
24563,11
24564,23
24565,18
24566,1
24567,7
24568,7
24569,0
24570,7
24571,12
24572,2
24573,6
24574,13
24575,2
24576,13
24577,21
24578,7
24579,1
24580,16
24581,1
24582,13
24583,21
24584,13
24585,1
24586,19
24587,7
24588,2
24589,14
24590,8
24591,1
24592,21
24593,14
24594,11
24595,18
24596,19
24597,22
24598,7
24599,1
24600,2
24601,21
24602,22
24603,18
24604,22
24605,13
24606,13
24607,8
24608,20
24609,2
24610,1
24611,19
24612,13
24613,13
24614,7
24615,20
24616,13
24617,2
24618,1
24619,9
24620,18
24621,11
24622,13
24623,13
24624,1
24625,2
24626,1
24627,14
24628,11
24629,6
24630,13
24631,1
24632,22
24633,20
24634,9
24635,16
24636,19
24637,13
24638,18
24639,14
24640,21
24641,18
24642,13
24643,12
24644,19
24645,12
24646,13
24647,18
24648,7
24649,6
24650,5
24651,18
24652,7
24653,19
24654,13
24655,2
24656,2
24657,14
24658,7
24659,19
24660,11
24661,11
24662,11
24663,5
24664,13
24665,22
24666,1
24667,13
24668,20
24669,19
24670,19
24671,11
24672,19
24673,13
24674,13
24675,11
24676,8
24677,13
24678,11
24679,18
24680,19
24681,14
24682,13
24683,13
24684,11
24685,13
24686,19
24687,11
24688,0
24689,13
24690,1
24691,13
24692,13
24693,13
24694,7
24695,13
24696,13
24697,1
24698,13
24699,1
24700,18
24701,19
24702,11
24703,13
24704,5
24705,2
24706,19
24707,13
24708,21
24709,18
24710,18
24711,13
24712,16
24713,19
24714,2
24715,19
24716,21
24717,13
24718,6
24719,19
24720,13
24721,9
24722,14
24723,13
24724,11
24725,7
24726,1
24727,13
24728,22
24729,13
24730,13
24731,23
24732,21
24733,0
24734,19
24735,4
24736,1
24737,19
24738,13
24739,18
24740,7
24741,7
24742,2
24743,4
24744,13
24745,13
24746,1
24747,22
24748,11
24749,7
24750,11
24751,1
24752,22
24753,1
24754,13
24755,22
24756,13
24757,13
24758,7
24759,21
24760,13
24761,13
24762,1
24763,0
24764,19
24765,13
24766,6
24767,22
24768,11
24769,2
24770,13
24771,13
24772,18
24773,11
24774,21
24775,6
24776,11
24777,14
24778,14
24779,14
24780,13
24781,19
24782,7
24783,1
24784,3
24785,11
24786,6
24787,7
24788,7
24789,19
24790,8
24791,2
24792,11
24793,10
24794,19
24795,18
24796,4
24797,7
24798,21
24799,13
24800,1
24801,7
24802,5
24803,14
24804,11
24805,1
24806,1
24807,23
24808,4
24809,1
24810,13
24811,11
24812,5
24813,22
24814,13
24815,13
24816,18
24817,19
24818,23
24819,18
24820,11
24821,11
24822,13
24823,8
24824,14
24825,1
24826,1
24827,2
24828,13
24829,11
24830,11
24831,2
24832,10
24833,4
24834,0
24835,0
24836,13
24837,11
24838,8
24839,7
24840,7
24841,14
24842,7
24843,13
24844,6
24845,14
24846,13
24847,1
24848,19
24849,14
24850,15
24851,1
24852,19
24853,14
24854,8
24855,13
24856,22
24857,11
24858,11
24859,19
24860,0
24861,11
24862,13
24863,13
24864,18
24865,2
24866,16
24867,11
24868,19
24869,7
24870,19
24871,14
24872,13
24873,19
24874,14
24875,7
24876,11
24877,19
24878,4
24879,16
24880,19
24881,9
24882,1
24883,7
24884,2
24885,19
24886,21
24887,2
24888,8
24889,11
24890,21
24891,18
24892,13
24893,19
24894,19
24895,8
24896,13
24897,19
24898,14
24899,22
24900,13
24901,21
24902,10
24903,15
24904,2
24905,19
24906,11
24907,6
24908,18
24909,21
24910,7
24911,19
24912,4
24913,13
24914,3
24915,13
24916,5
24917,2
24918,3
24919,18
24920,19
24921,1
24922,11
24923,7
24924,2
24925,13
24926,22
24927,19
24928,11
24929,19
24930,1
24931,7
24932,19
24933,19
24934,18
24935,12
24936,18
24937,19
24938,7
24939,19
24940,14
24941,3
24942,18
24943,11
24944,3
24945,7
24946,23
24947,7
24948,14
24949,1
24950,6
24951,5
24952,13
24953,14
24954,1
24955,11
24956,13
24957,21
24958,15
24959,7
24960,14
24961,21
24962,13
24963,13
24964,1
24965,13
24966,13
24967,2
24968,11
24969,3
24970,20
24971,13
24972,11
24973,1
24974,5
24975,11
24976,1
24977,21
24978,7
24979,11
24980,5
24981,3
24982,7
24983,11
24984,16
24985,1
24986,23
24987,3
24988,2
24989,7
24990,13
24991,22
24992,22
24993,18
24994,11
24995,3
24996,20
24997,19
24998,13
24999,13
25000,7
25001,14
25002,22
25003,5
25004,13
25005,8
25006,22
25007,19
25008,14
25009,5
25010,13
25011,7
25012,22
25013,1
25014,19
25015,22
25016,1
25017,22
25018,22
25019,21
25020,7
25021,9
25022,11
25023,2
25024,13
25025,3
25026,21
25027,20
25028,1
25029,1
25030,19
25031,22
25032,0
25033,19
25034,18
25035,1
25036,18
25037,21
25038,19
25039,19
25040,15
25041,19
25042,13
25043,19
25044,20
25045,21
25046,1
25047,13
25048,17
25049,11
25050,18
25051,11
25052,11
25053,13
25054,12
25055,1
25056,22
25057,6
25058,13
25059,13
25060,11
25061,13
25062,18
25063,19
25064,11
25065,13
25066,7
25067,6
25068,0
25069,9
25070,13
25071,18
25072,11
25073,2
25074,2
25075,14
25076,13
25077,1
25078,21
25079,13
25080,7
25081,10
25082,13
25083,2
25084,13
25085,14
25086,13
25087,9
25088,14
25089,13
25090,2
25091,11
25092,19
25093,13
25094,6
25095,4
25096,21
25097,10
25098,19
25099,22
25100,10
25101,13
25102,5
25103,8
25104,6
25105,23
25106,13
25107,7
25108,7
25109,13
25110,19
25111,7
25112,1
25113,22
25114,16
25115,22
25116,9
25117,2
25118,2
25119,11
25120,18
25121,23
25122,10
25123,19
25124,11
25125,1
25126,13
25127,6
25128,13
25129,14
25130,23
25131,19
25132,11
25133,0
25134,11
25135,5
25136,10
25137,7
25138,11
25139,21
25140,13
25141,1
25142,3
25143,8
25144,11
25145,11
25146,8
25147,13
25148,19
25149,4
25150,11
25151,14
25152,2
25153,7
25154,13
25155,9
25156,13
25157,19
25158,19
25159,1
25160,2
25161,11
25162,18
25163,11
25164,1
25165,11
25166,7
25167,1
25168,2
25169,14
25170,7
25171,22
25172,23
25173,11
25174,18
25175,14
25176,18
25177,22
25178,19
25179,19
25180,11
25181,8
25182,22
25183,1
25184,13
25185,11
25186,13
25187,9
25188,8
25189,22
25190,1
25191,2
25192,7
25193,7
25194,8
25195,2
25196,18
25197,2
25198,15
25199,4
25200,18
25201,11
25202,13
25203,4
25204,22
25205,23
25206,1
25207,11
25208,19
25209,13
25210,18
25211,18
25212,13
25213,13
25214,2
25215,2
25216,4
25217,19
25218,16
25219,13
25220,22
25221,13
25222,11
25223,1
25224,2
25225,13
25226,13
25227,5
25228,7
25229,18
25230,6
25231,6
25232,13
25233,1
25234,18
25235,21
25236,11
25237,11
25238,19
25239,1
25240,19
25241,11
25242,2
25243,14
25244,19
25245,4
25246,11
25247,21
25248,6
25249,23
25250,19
25251,18
25252,7
25253,1
25254,18
25255,19
25256,7
25257,5
25258,7
25259,13
25260,13
25261,1
25262,1
25263,21
25264,11
25265,7
25266,13
25267,13
25268,13
25269,14
25270,13
25271,13
25272,2
25273,1
25274,5
25275,18
25276,18
25277,11
25278,16
25279,4
25280,5
25281,11
25282,13
25283,10
25284,0
25285,4
25286,3
25287,11
25288,2
25289,22
25290,19
25291,22
25292,11
25293,7
25294,2
25295,13
25296,5
25297,13
25298,7
25299,14
25300,2
25301,11
25302,19
25303,13
25304,1
25305,18
25306,10
25307,11
25308,13
25309,17
25310,19
25311,1
25312,2
25313,13
25314,13
25315,7
25316,1
25317,3
25318,13
25319,21
25320,18
25321,13
25322,2
25323,13
25324,13
25325,21
25326,13
25327,2
25328,13
25329,22
25330,13
25331,21
25332,2
25333,18
25334,2
25335,7
25336,2
25337,13
25338,13
25339,2
25340,21
25341,7
25342,1
25343,10
25344,15
25345,18
25346,2
25347,11
25348,2
25349,14
25350,1
25351,15
25352,14
25353,0
25354,22
25355,2
25356,8
25357,21
25358,13
25359,19
25360,13
25361,11
25362,19
25363,11
25364,0
25365,13
25366,18
25367,13
25368,19
25369,13
25370,14
25371,7
25372,1
25373,13
25374,4
25375,14
25376,1
25377,13
25378,22
25379,11
25380,18
25381,11
25382,7
25383,7
25384,2
25385,22
25386,21
25387,13
25388,4
25389,11
25390,4
25391,7
25392,6
25393,4
25394,11
25395,22
25396,18
25397,1
25398,7
25399,18
25400,13
25401,19
25402,2
25403,10
25404,13
25405,14
25406,7
25407,19
25408,16
25409,18
25410,19
25411,2
25412,3
25413,19
25414,7
25415,13
25416,1
25417,1
25418,15
25419,22
25420,18
25421,14
25422,23
25423,10
25424,13
25425,20
25426,22
25427,11
25428,13
25429,7
25430,7
25431,1
25432,13
25433,7
25434,1
25435,20
25436,13
25437,13
25438,21
25439,1
25440,9
25441,23
25442,2
25443,5
25444,13
25445,13
25446,18
25447,14
25448,13
25449,18
25450,7
25451,13
25452,14
25453,21
25454,21
25455,19
25456,8
25457,4
25458,2
25459,13
25460,1
25461,1
25462,14
25463,16
25464,9
25465,14
25466,18
25467,13
25468,11
25469,18
25470,7
25471,21
25472,22
25473,13
25474,11
25475,14
25476,7
25477,13
25478,13
25479,13
25480,18
25481,1
25482,13
25483,6
25484,22
25485,19
25486,3
25487,6
25488,18
25489,7
25490,13
25491,2
25492,2
25493,10
25494,13
25495,21
25496,21
25497,7
25498,11
25499,16
25500,19
25501,14
25502,1
25503,23
25504,11
25505,11
25506,7
25507,22
25508,9
25509,23
25510,8
25511,11
25512,18
25513,13
25514,19
25515,21
25516,1
25517,5
25518,11
25519,7
25520,11
25521,12
25522,14
25523,19
25524,19
25525,21
25526,1
25527,13
25528,22
25529,23
25530,13
25531,22
25532,2
25533,11
25534,13
25535,13
25536,21
25537,13
25538,2
25539,19
25540,18
25541,19
25542,11
25543,13
25544,21
25545,7
25546,23
25547,11
25548,11
25549,11
25550,18
25551,10
25552,11
25553,1
25554,18
25555,13
25556,13
25557,13
25558,11
25559,11
25560,2
25561,3
25562,7
25563,13
25564,3
25565,7
25566,13
25567,2
25568,18
25569,16
25570,13
25571,22
25572,13
25573,1
25574,13
25575,19
25576,6
25577,1
25578,3
25579,13
25580,4
25581,11
25582,18
25583,18
25584,19
25585,22
25586,19
25587,18
25588,13
25589,1
25590,14
25591,14
25592,11
25593,11
25594,15
25595,11
25596,9
25597,21
25598,5
25599,21
25600,19
25601,13
25602,7
25603,22
25604,13
25605,13
25606,7
25607,11
25608,3
25609,7
25610,19
25611,22
25612,13
25613,22
25614,6
25615,7
25616,2
25617,5
25618,19
25619,4
25620,3
25621,1
25622,20
25623,14
25624,7
25625,21
25626,1
25627,22
25628,7
25629,2
25630,11
25631,22
25632,13
25633,11
25634,11
25635,13
25636,22
25637,0
25638,22
25639,19
25640,15
25641,1
25642,2
25643,11
25644,19
25645,23
25646,13
25647,14
25648,13
25649,4
25650,13
25651,13
25652,19
25653,13
25654,19
25655,7
25656,1
25657,20
25658,17
25659,6
25660,16
25661,13
25662,14
25663,22
25664,11
25665,11
25666,5
25667,11
25668,1
25669,1
25670,1
25671,13
25672,13
25673,13
25674,1
25675,2
25676,1
25677,2
25678,17
25679,1
25680,7
25681,2
25682,19
25683,1
25684,11
25685,13
25686,20
25687,13
25688,13
25689,19
25690,13
25691,17
25692,13
25693,22
25694,1
25695,1
25696,13
25697,18
25698,11
25699,4
25700,19
25701,12
25702,13
25703,1
25704,19
25705,1
25706,13
25707,13
25708,7
25709,3
25710,19
25711,11
25712,11
25713,14
25714,7
25715,1
25716,19
25717,14
25718,13
25719,21
25720,1
25721,2
25722,13
25723,1
25724,1
25725,8
25726,11
25727,2
25728,13
25729,9
25730,0
25731,22
25732,1
25733,18
25734,19
25735,13
25736,2
25737,5
25738,5
25739,18
25740,18
25741,5
25742,18
25743,2
25744,19
25745,7
25746,13
25747,14
25748,13
25749,13
25750,13
25751,1
25752,9
25753,6
25754,15
25755,1
25756,19
25757,11
25758,13
25759,13
25760,11
25761,11
25762,2
25763,19
25764,2
25765,19
25766,18
25767,8
25768,14
25769,11
25770,13
25771,18
25772,6
25773,1
25774,1
25775,22
25776,19
25777,2
25778,19
25779,7
25780,13
25781,4
25782,11
25783,4
25784,1
25785,19
25786,3
25787,11
25788,1
25789,1
25790,20
25791,22
25792,18
25793,3
25794,13
25795,7
25796,13
25797,12
25798,13
25799,9
25800,17
25801,11
25802,8
25803,1
25804,0
25805,22
25806,22
25807,5
25808,11
25809,19
25810,18
25811,11
25812,6
25813,13
25814,13
25815,14
25816,15
25817,6
25818,1
25819,19
25820,22
25821,11
25822,13
25823,22
25824,1
25825,22
25826,19
25827,19
25828,7
25829,11
25830,6
25831,18
25832,13
25833,17
25834,18
25835,13
25836,10
25837,5
25838,2
25839,13
25840,7
25841,19
25842,2
25843,7
25844,7
25845,19
25846,19
25847,18
25848,19
25849,18
25850,13
25851,11
25852,22
25853,2
25854,4
25855,18
25856,3
25857,1
25858,18
25859,11
25860,2
25861,16
25862,7
25863,1
25864,8
25865,14
25866,19
25867,3
25868,8
25869,23
25870,13
25871,14
25872,18
25873,18
25874,4
25875,14
25876,2
25877,7
25878,13
25879,11
25880,7
25881,9
25882,22
25883,19
25884,11
25885,10
25886,4
25887,13
25888,12
25889,21
25890,13
25891,22
25892,7
25893,1
25894,11
25895,19
25896,18
25897,11
25898,1
25899,18
25900,4
25901,1
25902,13
25903,13
25904,21
25905,11
25906,1
25907,18
25908,3
25909,13
25910,7
25911,2
25912,13
25913,4
25914,18
25915,21
25916,2
25917,5
25918,1
25919,22
25920,5
25921,7
25922,1
25923,7
25924,5
25925,13
25926,22
25927,1
25928,2
25929,6
25930,14
25931,21
25932,13
25933,11
25934,0
25935,13
25936,11
25937,13
25938,22
25939,8
25940,7
25941,11
25942,23
25943,1
25944,19
25945,1
25946,22
25947,5
25948,19
25949,19
25950,13
25951,8
25952,18
25953,13
25954,13
25955,19
25956,7
25957,21
25958,17
25959,7
25960,22
25961,18
25962,22
25963,13
25964,20
25965,7
25966,2
25967,22
25968,1
25969,19
25970,13
25971,6
25972,21
25973,19
25974,3
25975,2
25976,21
25977,22
25978,1
25979,19
25980,13
25981,13
25982,13
25983,2
25984,15
25985,14
25986,13
25987,11
25988,13
25989,5
25990,13
25991,7
25992,4
25993,13
25994,8
25995,19
25996,2
25997,13
25998,10
25999,11
26000,1
26001,7
26002,7
26003,8
26004,3
26005,4
26006,19
26007,21
26008,18
26009,18
26010,7
26011,4
26012,22
26013,0
26014,13
26015,19
26016,11
26017,13
26018,4
26019,21
26020,13
26021,14
26022,2
26023,7
26024,18
26025,13
26026,16
26027,7
26028,7
26029,1
26030,11
26031,20
26032,18
26033,23
26034,16
26035,11
26036,1
26037,3
26038,5
26039,21
26040,19
26041,11
26042,3
26043,18
26044,18
26045,2
26046,23
26047,13
26048,18
26049,13
26050,13
26051,22
26052,1
26053,13
26054,19
26055,11
26056,3
26057,13
26058,13
26059,2
26060,11
26061,22
26062,18
26063,21
26064,13
26065,14
26066,4
26067,6
26068,13
26069,13
26070,20
26071,11
26072,13
26073,7
26074,18
26075,4
26076,1
26077,7
26078,11
26079,7
26080,13
26081,21
26082,13
26083,13
26084,5
26085,13
26086,1
26087,21
26088,7
26089,11
26090,13
26091,2
26092,11
26093,23
26094,1
26095,7
26096,18
26097,18
26098,13
26099,18
26100,14
26101,22
26102,1
26103,1
26104,18
26105,19
26106,21
26107,1
26108,1
26109,11
26110,1
26111,2
26112,11
26113,1
26114,18
26115,19
26116,6
26117,22
26118,13
26119,13
26120,7
26121,1
26122,16
26123,11
26124,13
26125,5
26126,11
26127,19
26128,7
26129,1
26130,8
26131,13
26132,13
26133,23
26134,5
26135,18
26136,2
26137,1
26138,23
26139,1
26140,18
26141,8
26142,20
26143,16
26144,5
26145,2
26146,5
26147,19
26148,11
26149,1
26150,7
26151,11
26152,23
26153,19
26154,2
26155,1
26156,19
26157,21
26158,13
26159,13
26160,13
26161,8
26162,2
26163,3
26164,13
26165,18
26166,11
26167,22
26168,2
26169,1
26170,22
26171,2
26172,18
26173,11
26174,4
26175,19
26176,15
26177,7
26178,20
26179,2
26180,22
26181,19
26182,7
26183,1
26184,14
26185,2
26186,7
26187,10
26188,22
26189,2
26190,23
26191,1
26192,11
26193,13
26194,2
26195,3
26196,7
26197,1
26198,19
26199,19
26200,13
26201,11
26202,13
26203,18
26204,13
26205,13
26206,19
26207,19
26208,8
26209,13
26210,20
26211,19
26212,8
26213,19
26214,7
26215,13
26216,22
26217,22
26218,18
26219,11
26220,7
26221,21
26222,0
26223,7
26224,18
26225,22
26226,19
26227,22
26228,18
26229,7
26230,19
26231,21
26232,2
26233,22
26234,14
26235,11
26236,13
26237,18
26238,19
26239,1
26240,2
26241,5
26242,19
26243,1
26244,13
26245,11
26246,13
26247,21
26248,7
26249,16
26250,11
26251,18
26252,14
26253,13
26254,9
26255,15
26256,7
26257,13
26258,0
26259,3
26260,21
26261,5
26262,13
26263,5
26264,4
26265,21
26266,23
26267,8
26268,5
26269,22
26270,11
26271,21
26272,1
26273,16
26274,13
26275,18
26276,19
26277,23
26278,22
26279,13
26280,18
26281,0
26282,19
26283,19
26284,17
26285,5
26286,13
26287,0
26288,9
26289,13
26290,13
26291,21
26292,11
26293,13
26294,11
26295,13
26296,21
26297,1
26298,7
26299,1
26300,22
26301,3
26302,1
26303,13
26304,6
26305,4
26306,2
26307,11
26308,2
26309,7
26310,21
26311,4
26312,5
26313,22
26314,13
26315,18
26316,22
26317,18
26318,22
26319,1
26320,22
26321,4
26322,5
26323,14
26324,18
26325,7
26326,18
26327,11
26328,18
26329,11
26330,13
26331,13
26332,18
26333,13
26334,13
26335,4
26336,18
26337,0
26338,22
26339,18
26340,16
26341,19
26342,8
26343,5
26344,11
26345,22
26346,14
26347,7
26348,1
26349,23
26350,11
26351,1
26352,2
26353,21
26354,11
26355,1
26356,3
26357,9
26358,7
26359,22
26360,9
26361,21
26362,18
26363,19
26364,23
26365,1
26366,11
26367,7
26368,1
26369,11
26370,11
26371,13
26372,15
26373,10
26374,13
26375,21
26376,19
26377,22
26378,21
26379,16
26380,4
26381,18
26382,10
26383,18
26384,22
26385,18
26386,19
26387,11
26388,23
26389,19
26390,19
26391,7
26392,19
26393,11
26394,11
26395,2
26396,13
26397,14
26398,13
26399,13
26400,1
26401,22
26402,13
26403,13
26404,11
26405,19
26406,19
26407,18
26408,17
26409,22
26410,22
26411,1
26412,7
26413,13
26414,19
26415,13
26416,13
26417,4
26418,2
26419,23
26420,3
26421,11
26422,20
26423,1
26424,3
26425,7
26426,19
26427,7
26428,1
26429,19
26430,1
26431,13
26432,1
26433,1
26434,13
26435,18
26436,5
26437,22
26438,22
26439,4
26440,19
26441,19
26442,22
26443,8
26444,19
26445,22
26446,19
26447,13
26448,13
26449,5
26450,13
26451,22
26452,11
26453,7
26454,13
26455,18
26456,7
26457,13
26458,22
26459,22
26460,11
26461,7
26462,19
26463,7
26464,11
26465,22
26466,9
26467,13
26468,13
26469,1
26470,5
26471,13
26472,13
26473,11
26474,3
26475,8
26476,11
26477,18
26478,13
26479,19
26480,19
26481,23
26482,3
26483,0
26484,2
26485,22
26486,7
26487,19
26488,22
26489,23
26490,1
26491,19
26492,11
26493,23
26494,13
26495,7
26496,13
26497,18
26498,13
26499,21
26500,11
26501,6
26502,8
26503,4
26504,18
26505,1
26506,5
26507,21
26508,22
26509,18
26510,13
26511,20
26512,2
26513,7
26514,18
26515,7
26516,13
26517,1
26518,18
26519,14
26520,13
26521,2
26522,22
26523,13
26524,13
26525,7
26526,8
26527,13
26528,23
26529,11
26530,13
26531,13
26532,13
26533,11
26534,11
26535,19
26536,15
26537,7
26538,19
26539,18
26540,1
26541,21
26542,19
26543,19
26544,19
26545,23
26546,18
26547,19
26548,13
26549,7
26550,19
26551,11
26552,18
26553,11
26554,7
26555,1
26556,13
26557,18
26558,7
26559,14
26560,19
26561,1
26562,22
26563,23
26564,11
26565,16
26566,19
26567,18
26568,19
26569,18
26570,20
26571,8
26572,1
26573,2
26574,1
26575,13
26576,11
26577,19
26578,21
26579,19
26580,8
26581,1
26582,22
26583,22
26584,13
26585,21
26586,7
26587,13
26588,22
26589,7
26590,14
26591,19
26592,19
26593,22
26594,13
26595,1
26596,18
26597,5
26598,13
26599,22
26600,19
26601,2
26602,10
26603,19
26604,11
26605,17
26606,14
26607,5
26608,13
26609,11
26610,6
26611,11
26612,14
26613,19
26614,9
26615,9
26616,19
26617,18
26618,19
26619,7
26620,19
26621,15
26622,11
26623,2
26624,10
26625,1
26626,6
26627,13
26628,19
26629,19
26630,18
26631,22
26632,10
26633,15
26634,18
26635,2
26636,13
26637,13
26638,18
26639,13
26640,14
26641,21
26642,11
26643,6
26644,11
26645,1
26646,19
26647,18
26648,7
26649,4
26650,19
26651,1
26652,1
26653,0
26654,1
26655,13
26656,13
26657,4
26658,19
26659,11
26660,2
26661,11
26662,13
26663,19
26664,6
26665,5
26666,19
26667,18
26668,18
26669,1
26670,13
26671,13
26672,10
26673,13
26674,14
26675,2
26676,15
26677,18
26678,19
26679,19
26680,23
26681,7
26682,11
26683,11
26684,23
26685,19
26686,16
26687,13
26688,13
26689,13
26690,14
26691,15
26692,7
26693,7
26694,1
26695,4
26696,1
26697,13
26698,11
26699,4
26700,18
26701,2
26702,8
26703,13
26704,1
26705,13
26706,19
26707,23
26708,13
26709,13
26710,21
26711,23
26712,18
26713,13
26714,13
26715,1
26716,3
26717,2
26718,11
26719,7
26720,13
26721,13
26722,1
26723,11
26724,13
26725,9
26726,11
26727,6
26728,7
26729,16
26730,18
26731,6
26732,8
26733,2
26734,5
26735,23
26736,8
26737,11
26738,2
26739,2
26740,8
26741,1
26742,23
26743,14
26744,11
26745,18
26746,1
26747,6
26748,7
26749,13
26750,19
26751,7
26752,1
26753,16
26754,0
26755,2
26756,4
26757,22
26758,9
26759,19
26760,7
26761,13
26762,19
26763,17
26764,18
26765,19
26766,7
26767,18
26768,13
26769,14
26770,1
26771,11
26772,19
26773,13
26774,11
26775,18
26776,13
26777,14
26778,19
26779,13
26780,21
26781,2
26782,15
26783,13
26784,19
26785,13
26786,2
26787,1
26788,1
26789,8
26790,11
26791,13
26792,13
26793,11
26794,10
26795,14
26796,2
26797,4
26798,13
26799,1
26800,11
26801,13
26802,7
26803,21
26804,14
26805,7
26806,18
26807,22
26808,2
26809,2
26810,1
26811,4
26812,2
26813,21
26814,5
26815,13
26816,18
26817,3
26818,8
26819,19
26820,14
26821,13
26822,7
26823,11
26824,11
26825,4
26826,14
26827,3
26828,5
26829,23
26830,1
26831,13
26832,21
26833,7
26834,2
26835,23
26836,2
26837,9
26838,14
26839,1
26840,13
26841,19
26842,2
26843,14
26844,7
26845,22
26846,13
26847,21
26848,5
26849,14
26850,1
26851,13
26852,13
26853,19
26854,13
26855,2
26856,14
26857,11
26858,19
26859,9
26860,2
26861,21
26862,9
26863,22
26864,5
26865,22
26866,18
26867,18
26868,1
26869,13
26870,3
26871,19
26872,19
26873,2
26874,21
26875,19
26876,1
26877,19
26878,19
26879,21
26880,2
26881,18
26882,2
26883,2
26884,21
26885,13
26886,12
26887,6
26888,19
26889,22
26890,2
26891,1
26892,7
26893,23
26894,11
26895,1
26896,6
26897,9
26898,18
26899,8
26900,1
26901,18
26902,22
26903,19
26904,2
26905,1
26906,7
26907,18
26908,11
26909,2
26910,13
26911,13
26912,18
26913,21
26914,22
26915,1
26916,18
26917,21
26918,13
26919,13
26920,13
26921,13
26922,2
26923,13
26924,10
26925,14
26926,13
26927,11
26928,20
26929,3
26930,11
26931,1
26932,7
26933,11
26934,13
26935,8
26936,1
26937,13
26938,7
26939,11
26940,4
26941,19
26942,13
26943,13
26944,11
26945,11
26946,18
26947,7
26948,5
26949,9
26950,14
26951,19
26952,6
26953,13
26954,13
26955,21
26956,11
26957,16
26958,18
26959,18
26960,18
26961,13
26962,12
26963,19
26964,22
26965,10
26966,1
26967,22
26968,13
26969,2
26970,8
26971,18
26972,22
26973,1
26974,18
26975,7
26976,2
26977,9
26978,13
26979,13
26980,21
26981,19
26982,2
26983,11
26984,21
26985,13
26986,7
26987,13
26988,22
26989,18
26990,20
26991,13
26992,13
26993,13
26994,19
26995,0
26996,14
26997,18
26998,1
26999,7
27000,14
27001,19
27002,19
27003,14
27004,10
27005,2
27006,13
27007,2
27008,11
27009,15
27010,22
27011,11
27012,13
27013,13
27014,5
27015,1
27016,22
27017,13
27018,0
27019,13
27020,13
27021,23
27022,1
27023,5
27024,22
27025,19
27026,8
27027,14
27028,19
27029,13
27030,7
27031,20
27032,3
27033,14
27034,7
27035,2
27036,6
27037,20
27038,0
27039,14
27040,11
27041,13
27042,19
27043,19
27044,14
27045,7
27046,13
27047,23
27048,19
27049,13
27050,13
27051,21
27052,3
27053,18
27054,9
27055,11
27056,13
27057,22
27058,22
27059,22
27060,11
27061,0
27062,19
27063,9
27064,21
27065,16
27066,22
27067,13
27068,22
27069,13
27070,5
27071,19
27072,7
27073,18
27074,11
27075,13
27076,23
27077,18
27078,13
27079,19
27080,11
27081,13
27082,19
27083,21
27084,0
27085,13
27086,7
27087,9
27088,5
27089,11
27090,2
27091,19
27092,14
27093,9
27094,5
27095,11
27096,0
27097,7
27098,18
27099,11
27100,11
27101,19
27102,18
27103,5
27104,18
27105,19
27106,23
27107,1
27108,23
27109,14
27110,7
27111,13
27112,19
27113,9
27114,13
27115,4
27116,13
27117,19
27118,12
27119,7
27120,8
27121,1
27122,13
27123,7
27124,1
27125,11
27126,13
27127,3
27128,11
27129,23
27130,22
27131,7
27132,18
27133,8
27134,14
27135,11
27136,13
27137,2
27138,13
27139,19
27140,18
27141,14
27142,22
27143,5
27144,18
27145,13
27146,2
27147,8
27148,22
27149,1
27150,13
27151,13
27152,13
27153,22
27154,18
27155,14
27156,10
27157,18
27158,23
27159,11
27160,5
27161,2
27162,1
27163,1
27164,18
27165,13
27166,22
27167,13
27168,2
27169,1
27170,5
27171,4
27172,7
27173,23
27174,7
27175,13
27176,3
27177,11
27178,11
27179,8
27180,19
27181,22
27182,16
27183,18
27184,19
27185,14
27186,13
27187,15
27188,6
27189,21
27190,7
27191,4
27192,14
27193,11
27194,21
27195,11
27196,2
27197,11
27198,13
27199,11
27200,2
27201,23
27202,19
27203,22
27204,13
27205,22
27206,2
27207,22
27208,10
27209,2
27210,13
27211,19
27212,18
27213,11
27214,22
27215,13
27216,21
27217,11
27218,1
27219,7
27220,8
27221,1
27222,19
27223,19
27224,7
27225,22
27226,2
27227,13
27228,9
27229,7
27230,2
27231,4
27232,1
27233,7
27234,1
27235,16
27236,18
27237,13
27238,13
27239,19
27240,19
27241,14
27242,19
27243,7
27244,19
27245,4
27246,19
27247,18
27248,13
27249,22
27250,13
27251,1
27252,19
27253,13
27254,2
27255,19
27256,19
27257,22
27258,11
27259,4
27260,11
27261,15
27262,13
27263,22
27264,19
27265,14
27266,1
27267,7
27268,19
27269,13
27270,13
27271,19
27272,13
27273,8
27274,5
27275,1
27276,1
27277,4
27278,1
27279,13
27280,14
27281,13
27282,22
27283,22
27284,13
27285,12
27286,12
27287,13
27288,10
27289,8
27290,13
27291,22
27292,13
27293,23
27294,21
27295,2
27296,19
27297,5
27298,11
27299,11
27300,1
27301,18
27302,19
27303,11
27304,2
27305,14
27306,18
27307,20
27308,1
27309,7
27310,19
27311,13
27312,13
27313,11
27314,19
27315,19
27316,2
27317,0
27318,18
27319,1
27320,19
27321,19
27322,4
27323,11
27324,10
27325,13
27326,10
27327,22
27328,13
27329,20
27330,1
27331,18
27332,7
27333,19
27334,13
27335,5
27336,5
27337,1
27338,13
27339,11
27340,1
27341,4
27342,19
27343,6
27344,19
27345,13
27346,11
27347,19
27348,13
27349,1
27350,19
27351,13
27352,11
27353,23
27354,19
27355,11
27356,11
27357,19
27358,9
27359,19
27360,14
27361,3
27362,18
27363,13
27364,11
27365,13
27366,7
27367,7
27368,19
27369,10
27370,18
27371,19
27372,14
27373,14
27374,22
27375,2
27376,14
27377,18
27378,11
27379,11
27380,21
27381,8
27382,13
27383,0
27384,1
27385,11
27386,13
27387,19
27388,2
27389,13
27390,2
27391,13
27392,2
27393,22
27394,19
27395,21
27396,8
27397,13
27398,2
27399,19
27400,11
27401,7
27402,18
27403,11
27404,16
27405,3
27406,18
27407,13
27408,7
27409,2
27410,7
27411,8
27412,13
27413,10
27414,8
27415,9
27416,7
27417,1
27418,2
27419,14
27420,7
27421,22
27422,2
27423,13
27424,1
27425,13
27426,9
27427,18
27428,6
27429,13
27430,1
27431,18
27432,18
27433,2
27434,13
27435,21
27436,13
27437,2
27438,13
27439,13
27440,7
27441,19
27442,14
27443,11
27444,7
27445,1
27446,18
27447,3
27448,19
27449,5
27450,15
27451,4
27452,13
27453,14
27454,7
27455,11
27456,13
27457,14
27458,1
27459,13
27460,9
27461,14
27462,10
27463,2
27464,4
27465,2
27466,10
27467,11
27468,20
27469,1
27470,2
27471,18
27472,11
27473,2
27474,1
27475,13
27476,5
27477,14
27478,18
27479,4
27480,14
27481,11
27482,4
27483,19
27484,23
27485,11
27486,22
27487,7
27488,11
27489,22
27490,22
27491,13
27492,22
27493,5
27494,19
27495,13
27496,1
27497,14
27498,7
27499,6
27500,1
27501,18
27502,9
27503,23
27504,4
27505,23
27506,13
27507,9
27508,23
27509,19
27510,18
27511,1
27512,13
27513,22
27514,1
27515,22
27516,3
27517,1
27518,1
27519,7
27520,4
27521,0
27522,1
27523,22
27524,7
27525,4
27526,4
27527,3
27528,19
27529,4
27530,1
27531,13
27532,21
27533,13
27534,21
27535,14
27536,13
27537,18
27538,1
27539,22
27540,7
27541,9
27542,1
27543,14
27544,13
27545,13
27546,7
27547,10
27548,18
27549,13
27550,1
27551,18
27552,23
27553,21
27554,7
27555,19
27556,13
27557,19
27558,7
27559,11
27560,9
27561,13
27562,19
27563,7
27564,8
27565,13
27566,18
27567,17
27568,22
27569,14
27570,1
27571,2
27572,22
27573,23
27574,13
27575,1
27576,13
27577,19
27578,18
27579,16
27580,13
27581,2
27582,16
27583,19
27584,13
27585,1
27586,5
27587,1
27588,22
27589,19
27590,14
27591,1
27592,13
27593,23
27594,19
27595,1
27596,18
27597,8
27598,22
27599,14
27600,13
27601,19
27602,13
27603,2
27604,1
27605,13
27606,3
27607,11
27608,1
27609,23
27610,9
27611,3
27612,23
27613,22
27614,1
27615,13
27616,13
27617,12
27618,23
27619,8
27620,7
27621,13
27622,10
27623,2
27624,2
27625,6
27626,10
27627,11
27628,13
27629,13
27630,4
27631,22
27632,22
27633,18
27634,2
27635,8
27636,18
27637,7
27638,11
27639,20
27640,13
27641,11
27642,2
27643,12
27644,7
27645,2
27646,14
27647,22
27648,23
27649,7
27650,13
27651,1
27652,11
27653,22
27654,11
27655,13
27656,22
27657,13
27658,13
27659,19
27660,2
27661,8
27662,2
27663,13
27664,1
27665,13
27666,9
27667,11
27668,7
27669,19
27670,2
27671,18
27672,13
27673,4
27674,1
27675,2
27676,11
27677,19
27678,19
27679,7
27680,7
27681,1
27682,13
27683,11
27684,13
27685,22
27686,1
27687,21
27688,7
27689,13
27690,5
27691,13
27692,5
27693,4
27694,7
27695,2
27696,2
27697,23
27698,4
27699,11
27700,18
27701,22
27702,5
27703,1
27704,19
27705,19
27706,4
27707,4
27708,13
27709,13
27710,18
27711,22
27712,2
27713,9
27714,16
27715,15
27716,1
27717,7
27718,1
27719,19
27720,19
27721,2
27722,11
27723,13
27724,13
27725,11
27726,1
27727,19
27728,7
27729,21
27730,13
27731,13
27732,1
27733,11
27734,1
27735,11
27736,3
27737,1
27738,8
27739,13
27740,10
27741,14
27742,1
27743,19
27744,13
27745,7
27746,13
27747,6
27748,11
27749,1
27750,4
27751,19
27752,13
27753,13
27754,21
27755,19
27756,7
27757,13
27758,10
27759,1
27760,7
27761,18
27762,1
27763,22
27764,21
27765,5
27766,7
27767,17
27768,9
27769,6
27770,13
27771,13
27772,21
27773,1
27774,7
27775,18
27776,2
27777,9
27778,6
27779,7
27780,1
27781,18
27782,13
27783,11
27784,9
27785,18
27786,13
27787,11
27788,22
27789,11
27790,16
27791,4
27792,2
27793,21
27794,13
27795,11
27796,13
27797,11
27798,21
27799,1
27800,3
27801,13
27802,21
27803,18
27804,11
27805,13
27806,19
27807,18
27808,11
27809,11
27810,1
27811,19
27812,13
27813,7
27814,22
27815,15
27816,13
27817,13
27818,13
27819,14
27820,8
27821,13
27822,4
27823,13
27824,1
27825,7
27826,18
27827,11
27828,7
27829,9
27830,19
27831,14
27832,19
27833,18
27834,1
27835,11
27836,2
27837,19
27838,23
27839,13
27840,11
27841,4
27842,15
27843,18
27844,11
27845,11
27846,8
27847,4
27848,18
27849,13
27850,11
27851,4
27852,11
27853,13
27854,22
27855,13
27856,13
27857,1
27858,19
27859,0
27860,23
27861,13
27862,13
27863,13
27864,13
27865,10
27866,2
27867,2
27868,13
27869,11
27870,18
27871,11
27872,7
27873,13
27874,13
27875,13
27876,20
27877,1
27878,4
27879,1
27880,7
27881,1
27882,7
27883,22
27884,19
27885,16
27886,13
27887,13
27888,13
27889,14
27890,18
27891,3
27892,1
27893,10
27894,3
27895,2
27896,7
27897,13
27898,8
27899,22
27900,11
27901,8
27902,10
27903,13
27904,14
27905,23
27906,7
27907,22
27908,2
27909,13
27910,13
27911,23
27912,19
27913,22
27914,14
27915,7
27916,13
27917,18
27918,14
27919,7
27920,18
27921,11
27922,7
27923,13
27924,13
27925,7
27926,1
27927,1
27928,7
27929,13
27930,1
27931,2
27932,14
27933,13
27934,22
27935,11
27936,1
27937,21
27938,13
27939,13
27940,18
27941,19
27942,9
27943,7
27944,19
27945,13
27946,18
27947,21
27948,1
27949,11
27950,13
27951,8
27952,22
27953,4
27954,21
27955,11
27956,2
27957,14
27958,7
27959,7
27960,11
27961,1
27962,11
27963,1
27964,7
27965,13
27966,13
27967,9
27968,7
27969,7
27970,11
27971,9
27972,21
27973,9
27974,13
27975,4
27976,3
27977,5
27978,3
27979,18
27980,8
27981,22
27982,16
27983,13
27984,2
27985,7
27986,16
27987,18
27988,0
27989,13
27990,1
27991,5
27992,2
27993,13
27994,11
27995,5
27996,22
27997,13
27998,13
27999,13
28000,13
28001,22
28002,13
28003,22
28004,12
28005,2
28006,18
28007,3
28008,1
28009,12
28010,13
28011,13
28012,13
28013,20
28014,1
28015,19
28016,1
28017,2
28018,17
28019,13
28020,13
28021,13
28022,18
28023,14
28024,6
28025,19
28026,11
28027,1
28028,18
28029,1
28030,10
28031,14
28032,20
28033,2
28034,1
28035,14
28036,7
28037,19
28038,7
28039,7
28040,21
28041,21
28042,4
28043,19
28044,14
28045,2
28046,22
28047,13
28048,2
28049,21
28050,19
28051,21
28052,7
28053,19
28054,19
28055,18
28056,2
28057,16
28058,4
28059,18
28060,13
28061,4
28062,7
28063,5
28064,5
28065,22
28066,18
28067,7
28068,1
28069,1
28070,1
28071,13
28072,22
28073,18
28074,9
28075,1
28076,22
28077,11
28078,13
28079,19
28080,13
28081,7
28082,13
28083,15
28084,3
28085,7
28086,16
28087,13
28088,5
28089,14
28090,2
28091,2
28092,17
28093,1
28094,1
28095,18
28096,16
28097,11
28098,22
28099,5
28100,19
28101,13
28102,7
28103,6
28104,19
28105,11
28106,13
28107,1
28108,18
28109,21
28110,5
28111,18
28112,2
28113,5
28114,13
28115,22
28116,21
28117,18
28118,11
28119,4
28120,13
28121,13
28122,22
28123,1
28124,7
28125,8
28126,19
28127,2
28128,1
28129,13
28130,11
28131,1
28132,5
28133,11
28134,3
28135,13
28136,9
28137,13
28138,1
28139,4
28140,13
28141,18
28142,13
28143,22
28144,2
28145,11
28146,11
28147,13
28148,1
28149,11
28150,7
28151,13
28152,13
28153,1
28154,13
28155,7
28156,13
28157,13
28158,19
28159,9
28160,18
28161,19
28162,22
28163,2
28164,22
28165,21
28166,5
28167,9
28168,22
28169,11
28170,23
28171,13
28172,7
28173,2
28174,19
28175,2
28176,9
28177,18
28178,1
28179,1
28180,1
28181,23
28182,2
28183,19
28184,18
28185,13
28186,22
28187,18
28188,4
28189,6
28190,7
28191,13
28192,7
28193,2
28194,13
28195,13
28196,11
28197,7
28198,14
28199,22
28200,19
28201,1
28202,23
28203,4
28204,12
28205,21
28206,21
28207,2
28208,19
28209,19
28210,14
28211,19
28212,1
28213,15
28214,13
28215,11
28216,2
28217,2
28218,13
28219,23
28220,19
28221,18
28222,7
28223,11
28224,14
28225,11
28226,7
28227,14
28228,22
28229,13
28230,20
28231,6
28232,19
28233,22
28234,19
28235,2
28236,21
28237,2
28238,1
28239,11
28240,9
28241,12
28242,1
28243,13
28244,13
28245,20
28246,18
28247,1
28248,7
28249,13
28250,13
28251,1
28252,8
28253,1
28254,22
28255,13
28256,18
28257,13
28258,11
28259,1
28260,4
28261,4
28262,18
28263,22
28264,13
28265,13
28266,6
28267,13
28268,14
28269,22
28270,6
28271,22
28272,19
28273,2
28274,13
28275,13
28276,13
28277,11
28278,13
28279,19
28280,22
28281,19
28282,13
28283,7
28284,22
28285,21
28286,1
28287,1
28288,3
28289,4
28290,19
28291,19
28292,13
28293,1
28294,1
28295,19
28296,22
28297,15
28298,13
28299,11
28300,5
28301,14
28302,6
28303,14
28304,19
28305,18
28306,7
28307,4
28308,22
28309,11
28310,2
28311,8
28312,1
28313,18
28314,23
28315,13
28316,11
28317,18
28318,19
28319,13
28320,9
28321,10
28322,22
28323,23
28324,7
28325,13
28326,22
28327,13
28328,2
28329,23
28330,12
28331,19
28332,11
28333,7
28334,23
28335,13
28336,11
28337,7
28338,8
28339,8
28340,2
28341,19
28342,11
28343,22
28344,23
28345,18
28346,22
28347,19
28348,22
28349,2
28350,11
28351,7
28352,18
28353,13
28354,22
28355,7
28356,18
28357,13
28358,19
28359,7
28360,6
28361,13
28362,1
28363,14
28364,13
28365,3
28366,7
28367,18
28368,18
28369,13
28370,13
28371,1
28372,2
28373,11
28374,5
28375,13
28376,17
28377,14
28378,18
28379,6
28380,11
28381,9
28382,6
28383,21
28384,11
28385,13
28386,4
28387,7
28388,2
28389,23
28390,23
28391,22
28392,9
28393,1
28394,22
28395,13
28396,13
28397,21
28398,1
28399,4
28400,13
28401,7
28402,7
28403,13
28404,13
28405,15
28406,11
28407,13
28408,13
28409,16
28410,13
28411,7
28412,13
28413,7
28414,13
28415,15
28416,14
28417,14
28418,13
28419,15
28420,1
28421,2
28422,11
28423,13
28424,13
28425,14
28426,15
28427,7
28428,11
28429,7
28430,1
28431,13
28432,13
28433,19
28434,1
28435,19
28436,18
28437,4
28438,19
28439,13
28440,7
28441,18
28442,1
28443,1
28444,18
28445,5
28446,4
28447,19
28448,22
28449,1
28450,2
28451,13
28452,18
28453,13
28454,2
28455,13
28456,13
28457,2
28458,2
28459,11
28460,13
28461,13
28462,19
28463,9
28464,16
28465,22
28466,13
28467,17
28468,19
28469,7
28470,7
28471,14
28472,7
28473,19
28474,11
28475,18
28476,13
28477,14
28478,21
28479,5
28480,7
28481,11
28482,1
28483,2
28484,22
28485,21
28486,8
28487,0
28488,11
28489,7
28490,7
28491,5
28492,11
28493,13
28494,11
28495,4
28496,22
28497,22
28498,8
28499,11
28500,4
28501,11
28502,3
28503,2
28504,5
28505,20
28506,7
28507,17
28508,19
28509,20
28510,22
28511,11
28512,4
28513,14
28514,2
28515,9
28516,13
28517,22
28518,13
28519,13
28520,7
28521,6
28522,23
28523,6
28524,18
28525,8
28526,9
28527,21
28528,4
28529,13
28530,19
28531,13
28532,8
28533,1
28534,4
28535,13
28536,13
28537,3
28538,11
28539,3
28540,7
28541,18
28542,1
28543,22
28544,22
28545,5
28546,19
28547,15
28548,11
28549,8
28550,7
28551,1
28552,1
28553,13
28554,1
28555,11
28556,13
28557,1
28558,1
28559,11
28560,13
28561,13
28562,9
28563,10
28564,4
28565,23
28566,19
28567,13
28568,18
28569,1
28570,19
28571,3
28572,18
28573,13
28574,1
28575,13
28576,23
28577,13
28578,1
28579,2
28580,18
28581,11
28582,2
28583,6
28584,10
28585,7
28586,13
28587,2
28588,18
28589,18
28590,1
28591,11
28592,22
28593,8
28594,12
28595,2
28596,13
28597,2
28598,13
28599,13
28600,18
28601,11
28602,2
28603,1
28604,13
28605,18
28606,23
28607,1
28608,11
28609,1
28610,21
28611,21
28612,0
28613,13
28614,20
28615,2
28616,22
28617,13
28618,19
28619,13
28620,7
28621,11
28622,11
28623,1
28624,1
28625,9
28626,13
28627,8
28628,11
28629,19
28630,19
28631,4
28632,1
28633,11
28634,4
28635,13
28636,18
28637,21
28638,21
28639,14
28640,13
28641,1
28642,9
28643,19
28644,23
28645,1
28646,6
28647,12
28648,20
28649,1
28650,2
28651,19
28652,6
28653,13
28654,8
28655,2
28656,18
28657,9
28658,13
28659,1
28660,8
28661,1
28662,22
28663,14
28664,18
28665,7
28666,1
28667,13
28668,13
28669,2
28670,4
28671,4
28672,22
28673,8
28674,13
28675,2
28676,16
28677,22
28678,13
28679,13
28680,1
28681,22
28682,7
28683,4
28684,13
28685,2
28686,4
28687,20
28688,18
28689,3
28690,22
28691,21
28692,18
28693,2
28694,5
28695,11
28696,3
28697,10
28698,1
28699,5
28700,13
28701,19
28702,22
28703,11
28704,13
28705,22
28706,9
28707,22
28708,13
28709,22
28710,7
28711,3
28712,13
28713,18
28714,7
28715,13
28716,14
28717,2
28718,13
28719,13
28720,18
28721,22
28722,19
28723,15
28724,20
28725,11
28726,1
28727,19
28728,21
28729,18
28730,18
28731,3
28732,2
28733,19
28734,14
28735,11
28736,13
28737,18
28738,13
28739,6
28740,7
28741,21
28742,7
28743,11
28744,18
28745,11
28746,9
28747,8
28748,23
28749,2
28750,13
28751,11
28752,13
28753,14
28754,2
28755,8
28756,7
28757,13
28758,18
28759,4
28760,14
28761,9
28762,11
28763,6
28764,21
28765,12
28766,13
28767,3
28768,8
28769,2
28770,14
28771,13
28772,13
28773,9
28774,18
28775,18
28776,4
28777,11
28778,21
28779,18
28780,11
28781,1
28782,23
28783,1
28784,13
28785,22
28786,22
28787,13
28788,2
28789,8
28790,13
28791,22
28792,11
28793,13
28794,2
28795,22
28796,19
28797,7
28798,18
28799,7
28800,7
28801,13
28802,6
28803,11
28804,13
28805,1
28806,13
28807,3
28808,22
28809,2
28810,22
28811,19
28812,2
28813,18
28814,1
28815,16
28816,9
28817,1
28818,11
28819,11
28820,11
28821,13
28822,2
28823,5
28824,10
28825,13
28826,11
28827,22
28828,6
28829,11
28830,1
28831,9
28832,7
28833,8
28834,9
28835,13
28836,18
28837,2
28838,21
28839,13
28840,14
28841,11
28842,8
28843,2
28844,23
28845,18
28846,11
28847,13
28848,22
28849,7
28850,11
28851,18
28852,20
28853,19
28854,22
28855,21
28856,11
28857,13
28858,19
28859,6
28860,0
28861,1
28862,13
28863,13
28864,7
28865,11
28866,14
28867,7
28868,19
28869,1
28870,11
28871,7
28872,13
28873,11
28874,1
28875,11
28876,13
28877,18
28878,19
28879,19
28880,11
28881,7
28882,11
28883,5
28884,10
28885,19
28886,13
28887,18
28888,3
28889,19
28890,7
28891,18
28892,19
28893,21
28894,2
28895,13
28896,11
28897,21
28898,14
28899,4
28900,7
28901,19
28902,14
28903,2
28904,13
28905,19
28906,2
28907,13
28908,21
28909,18
28910,2
28911,13
28912,2
28913,11
28914,13
28915,18
28916,13
28917,13
28918,9
28919,11
28920,19
28921,5
28922,1
28923,19
28924,13
28925,11
28926,10
28927,13
28928,13
28929,18
28930,18
28931,0
28932,18
28933,7
28934,18
28935,11
28936,11
28937,17
28938,22
28939,5
28940,14
28941,20
28942,11
28943,7
28944,7
28945,21
28946,18
28947,21
28948,1
28949,2
28950,19
28951,19
28952,13
28953,13
28954,6
28955,18
28956,1
28957,3
28958,15
28959,11
28960,10
28961,11
28962,14
28963,16
28964,11
28965,21
28966,2
28967,13
28968,2
28969,21
28970,2
28971,7
28972,1
28973,7
28974,23
28975,1
28976,19
28977,3
28978,19
28979,7
28980,18
28981,11
28982,1
28983,9
28984,19
28985,2
28986,11
28987,13
28988,9
28989,22
28990,12
28991,11
28992,7
28993,13
28994,13
28995,5
28996,1
28997,1
28998,22
28999,13
29000,22
29001,11
29002,12
29003,11
29004,19
29005,11
29006,20
29007,14
29008,3
29009,21
29010,2
29011,21
29012,1
29013,22
29014,10
29015,13
29016,15
29017,19
29018,19
29019,11
29020,7
29021,22
29022,2
29023,11
29024,13
29025,7
29026,18
29027,1
29028,19
29029,11
29030,3
29031,13
29032,18
29033,5
29034,6
29035,13
29036,6
29037,4
29038,11
29039,22
29040,10
29041,13
29042,1
29043,13
29044,2
29045,13
29046,2
29047,13
29048,14
29049,19
29050,11
29051,2
29052,10
29053,1
29054,19
29055,1
29056,18
29057,21
29058,15
29059,13
29060,7
29061,20
29062,19
29063,13
29064,1
29065,13
29066,7
29067,5
29068,9
29069,13
29070,2
29071,11
29072,7
29073,14
29074,13
29075,0
29076,23
29077,13
29078,18
29079,18
29080,19
29081,13
29082,2
29083,10
29084,5
29085,1
29086,13
29087,22
29088,13
29089,4
29090,22
29091,9
29092,13
29093,13
29094,13
29095,1
29096,8
29097,8
29098,11
29099,1
29100,14
29101,13
29102,13
29103,11
29104,7
29105,18
29106,11
29107,19
29108,8
29109,13
29110,18
29111,5
29112,11
29113,13
29114,19
29115,22
29116,14
29117,13
29118,19
29119,2
29120,22
29121,11
29122,11
29123,8
29124,11
29125,13
29126,2
29127,13
29128,7
29129,19
29130,1
29131,13
29132,14
29133,18
29134,7
29135,22
29136,11
29137,11
29138,21
29139,7
29140,13
29141,13
29142,2
29143,14
29144,11
29145,1
29146,18
29147,1
29148,13
29149,12
29150,13
29151,13
29152,7
29153,5
29154,11
29155,18
29156,1
29157,13
29158,7
29159,21
29160,0
29161,2
29162,11
29163,13
29164,22
29165,3
29166,14
29167,11
29168,13
29169,2
29170,1
29171,13
29172,19
29173,13
29174,2
29175,19
29176,3
29177,19
29178,13
29179,13
29180,14
29181,1
29182,23
29183,11
29184,4
29185,18
29186,13
29187,2
29188,18
29189,2
29190,13
29191,20
29192,14
29193,8
29194,22
29195,21
29196,13
29197,4
29198,5
29199,21
29200,3
29201,11
29202,0
29203,9
29204,22
29205,13
29206,23
29207,7
29208,16
29209,4
29210,14
29211,11
29212,22
29213,13
29214,22
29215,19
29216,14
29217,1
29218,1
29219,13
29220,13
29221,22
29222,11
29223,2
29224,8
29225,1
29226,13
29227,5
29228,14
29229,13
29230,2
29231,11
29232,2
29233,11
29234,1
29235,14
29236,1
29237,9
29238,1
29239,18
29240,7
29241,2
29242,7
29243,2
29244,9
29245,7
29246,18
29247,8
29248,7
29249,14
29250,13
29251,22
29252,1
29253,3
29254,6
29255,5
29256,11
29257,3
29258,13
29259,19
29260,3
29261,9
29262,5
29263,14
29264,1
29265,8
29266,19
29267,1
29268,22
29269,1
29270,12
29271,1
29272,13
29273,11
29274,22
29275,19
29276,18
29277,13
29278,0
29279,13
29280,5
29281,13
29282,7
29283,0
29284,23
29285,13
29286,21
29287,11
29288,13
29289,7
29290,7
29291,1
29292,11
29293,11
29294,13
29295,13
29296,18
29297,18
29298,1
29299,11
29300,19
29301,2
29302,7
29303,1
29304,1
29305,1
29306,4
29307,7
29308,11
29309,19
29310,19
29311,22
29312,8
29313,19
29314,13
29315,2
29316,13
29317,23
29318,9
29319,19
29320,19
29321,18
29322,13
29323,0
29324,13
29325,21
29326,19
29327,4
29328,19
29329,21
29330,22
29331,11
29332,13
29333,6
29334,11
29335,7
29336,19
29337,14
29338,19
29339,18
29340,13
29341,21
29342,11
29343,15
29344,11
29345,21
29346,9
29347,13
29348,2
29349,1
29350,11
29351,15
29352,19
29353,19
29354,22
29355,2
29356,8
29357,22
29358,21
29359,14
29360,22
29361,19
29362,7
29363,18
29364,21
29365,3
29366,11
29367,14
29368,19
29369,19
29370,7
29371,7
29372,19
29373,0
29374,11
29375,22
29376,21
29377,13
29378,7
29379,22
29380,13
29381,18
29382,18
29383,1
29384,13
29385,8
29386,21
29387,11
29388,22
29389,11
29390,13
29391,11
29392,18
29393,23
29394,22
29395,7
29396,13
29397,22
29398,7
29399,0
29400,11
29401,13
29402,13
29403,13
29404,19
29405,2
29406,21
29407,3
29408,9
29409,19
29410,19
29411,22
29412,15
29413,9
29414,13
29415,22
29416,14
29417,11
29418,1
29419,8
29420,13
29421,13
29422,19
29423,2
29424,2
29425,14
29426,9
29427,18
29428,13
29429,22
29430,2
29431,2
29432,9
29433,0
29434,13
29435,3
29436,11
29437,14
29438,7
29439,10
29440,2
29441,19
29442,4
29443,2
29444,21
29445,19
29446,2
29447,13
29448,7
29449,21
29450,0
29451,6
29452,19
29453,7
29454,7
29455,9
29456,2
29457,7
29458,18
29459,3
29460,1
29461,11
29462,18
29463,1
29464,22
29465,23
29466,14
29467,16
29468,8
29469,13
29470,22
29471,3
29472,2
29473,19
29474,21
29475,11
29476,22
29477,2
29478,13
29479,14
29480,15
29481,19
29482,19
29483,23
29484,23
29485,13
29486,2
29487,13
29488,4
29489,22
29490,2
29491,22
29492,2
29493,13
29494,7
29495,14
29496,7
29497,13
29498,13
29499,0
29500,18
29501,5
29502,14
29503,3
29504,13
29505,2
29506,12
29507,22
29508,2
29509,7
29510,11
29511,18
29512,16
29513,1
29514,8
29515,10
29516,8
29517,11
29518,23
29519,2
29520,13
29521,13
29522,13
29523,4
29524,13
29525,2
29526,11
29527,5
29528,13
29529,14
29530,13
29531,7
29532,11
29533,19
29534,8
29535,22
29536,18
29537,11
29538,19
29539,13
29540,13
29541,1
29542,13
29543,2
29544,3
29545,7
29546,1
29547,7
29548,11
29549,13
29550,2
29551,1
29552,9
29553,11
29554,13
29555,19
29556,7
29557,19
29558,13
29559,13
29560,13
29561,12
29562,11
29563,19
29564,13
29565,4
29566,23
29567,10
29568,7
29569,19
29570,4
29571,13
29572,11
29573,8
29574,13
29575,13
29576,3
29577,11
29578,2
29579,4
29580,13
29581,14
29582,1
29583,13
29584,18
29585,18
29586,22
29587,18
29588,21
29589,10
29590,13
29591,14
29592,22
29593,14
29594,19
29595,14
29596,7
29597,22
29598,22
29599,1
29600,7
29601,13
29602,13
29603,22
29604,19
29605,4
29606,22
29607,1
29608,1
29609,19
29610,13
29611,14
29612,18
29613,1
29614,2
29615,19
29616,22
29617,11
29618,19
29619,21
29620,11
29621,21
29622,7
29623,5
29624,7
29625,11
29626,7
29627,19
29628,13
29629,21
29630,8
29631,13
29632,16
29633,13
29634,11
29635,8
29636,19
29637,1
29638,7
29639,23
29640,19
29641,19
29642,11
29643,22
29644,18
29645,5
29646,13
29647,13
29648,14
29649,13
29650,7
29651,1
29652,7
29653,13
29654,11
29655,13
29656,4
29657,1
29658,0
29659,13
29660,14
29661,19
29662,2
29663,19
29664,16
29665,1
29666,19
29667,9
29668,13
29669,14
29670,0
29671,19
29672,11
29673,2
29674,13
29675,7
29676,13
29677,13
29678,17
29679,1
29680,18
29681,19
29682,14
29683,3
29684,4
29685,13
29686,15
29687,3
29688,13
29689,11
29690,4
29691,2
29692,13
29693,13
29694,13
29695,19
29696,19
29697,7
29698,21
29699,4
29700,1
29701,19
29702,19
29703,4
29704,2
29705,11
29706,18
29707,13
29708,11
29709,7
29710,11
29711,7
29712,1
29713,13
29714,13
29715,6
29716,22
29717,3
29718,13
29719,9
29720,13
29721,1
29722,22
29723,1
29724,14
29725,18
29726,7
29727,5
29728,2
29729,8
29730,13
29731,13
29732,19
29733,22
29734,11
29735,13
29736,13
29737,21
29738,1
29739,21
29740,16
29741,11
29742,13
29743,18
29744,13
29745,13
29746,22
29747,2
29748,13
29749,11
29750,2
29751,14
29752,22
29753,1
29754,21
29755,11
29756,11
29757,1
29758,19
29759,11
29760,1
29761,7
29762,11
29763,16
29764,13
29765,13
29766,13
29767,13
29768,7
29769,2
29770,11
29771,1
29772,7
29773,7
29774,11
29775,19
29776,7
29777,14
29778,22
29779,18
29780,8
29781,22
29782,10
29783,13
29784,21
29785,18
29786,5
29787,19
29788,8
29789,22
29790,3
29791,7
29792,19
29793,11
29794,22
29795,13
29796,22
29797,13
29798,1
29799,18
29800,19
29801,1
29802,13
29803,4
29804,18
29805,18
29806,2
29807,13
29808,0
29809,13
29810,2
29811,13
29812,13
29813,13
29814,19
29815,0
29816,13
29817,21
29818,9
29819,1
29820,18
29821,11
29822,2
29823,2
29824,11
29825,13
29826,13
29827,9
29828,14
29829,14
29830,12
29831,19
29832,13
29833,13
29834,4
29835,1
29836,5
29837,11
29838,12
29839,7
29840,22
29841,7
29842,13
29843,11
29844,6
29845,22
29846,2
29847,13
29848,19
29849,22
29850,11
29851,14
29852,13
29853,13
29854,21
29855,13
29856,17
29857,20
29858,19
29859,11
29860,15
29861,7
29862,23
29863,14
29864,1
29865,1
29866,13
29867,1
29868,11
29869,14
29870,20
29871,7
29872,1
29873,13
29874,18
29875,23
29876,2
29877,13
29878,4
29879,18
29880,13
29881,11
29882,19
29883,9
29884,22
29885,14
29886,11
29887,1
29888,22
29889,5
29890,19
29891,7
29892,14
29893,1
29894,18
29895,22
29896,19
29897,19
29898,22
29899,13
29900,19
29901,23
29902,22
29903,13
29904,9
29905,10
29906,12
29907,13
29908,18
29909,8
29910,5
29911,11
29912,1
29913,1
29914,3
29915,1
29916,21
29917,19
29918,21
29919,1
29920,21
29921,3
29922,2
29923,13
29924,2
29925,21
29926,18
29927,2
29928,22
29929,18
29930,17
29931,11
29932,23
29933,11
29934,22
29935,11
29936,13
29937,14
29938,19
29939,18
29940,14
29941,22
29942,1
29943,14
29944,21
29945,5
29946,18
29947,13
29948,18
29949,18
29950,1
29951,11
29952,2
29953,19
29954,1
29955,0
29956,19
29957,19
29958,21
29959,7
29960,14
29961,23
29962,22
29963,10
29964,2
29965,7
29966,5
29967,19
29968,13
29969,1
29970,22
29971,19
29972,7
29973,6
29974,13
29975,11
29976,13
29977,13
29978,5
29979,18
29980,7
29981,4
29982,19
29983,19
29984,11
29985,23
29986,19
29987,4
29988,21
29989,5
29990,8
29991,7
29992,7
29993,21
29994,13
29995,19
29996,18
29997,2
29998,13
29999,2
30000,21
30001,11
30002,13
30003,14
30004,14
30005,1
30006,14
30007,3
30008,7
30009,11
30010,19
30011,19
30012,5
30013,13
30014,7
30015,13
30016,11
30017,13
30018,11
30019,6
30020,13
30021,18
30022,11
30023,2
30024,18
30025,18
30026,3
30027,2
30028,3
30029,20
30030,13
30031,7
30032,19
30033,1
30034,7
30035,14
30036,13
30037,9
30038,6
30039,1
30040,20
30041,4
30042,2
30043,11
30044,1
30045,19
30046,2
30047,13
30048,14
30049,1
30050,1
30051,6
30052,23
30053,13
30054,13
30055,13
30056,7
30057,13
30058,1
30059,5
30060,1
30061,5
30062,11
30063,11
30064,7
30065,18
30066,13
30067,19
30068,23
30069,13
30070,15
30071,13
30072,13
30073,4
30074,13
30075,1
30076,22
30077,2
30078,3
30079,19
30080,17
30081,19
30082,19
30083,13
30084,6
30085,13
30086,20
30087,2
30088,18
30089,11
30090,2
30091,5
30092,14
30093,22
30094,2
30095,19
30096,11
30097,13
30098,13
30099,22
30100,14
30101,13
30102,11
30103,7
30104,2
30105,13
30106,21
30107,18
30108,18
30109,21
30110,19
30111,18
30112,11
30113,22
30114,1
30115,7
30116,6
30117,18
30118,1
30119,7
30120,14
30121,21
30122,18
30123,1
30124,2
30125,19
30126,13
30127,22
30128,9
30129,23
30130,23
30131,7
30132,13
30133,22
30134,18
30135,19
30136,13
30137,2
30138,19
30139,5
30140,13
30141,13
30142,1
30143,5
30144,22
30145,13
30146,8
30147,13
30148,7
30149,7
30150,2
30151,14
30152,3
30153,2
30154,19
30155,13
30156,18
30157,23
30158,8
30159,16
30160,20
30161,11
30162,1
30163,22
30164,1
30165,9
30166,13
30167,13
30168,1
30169,13
30170,21
30171,22
30172,19
30173,18
30174,7
30175,1
30176,13
30177,1
30178,18
30179,7
30180,18
30181,11
30182,19
30183,1
30184,13
30185,4
30186,3
30187,18
30188,1
30189,9
30190,13
30191,10
30192,11
30193,13
30194,19
30195,19
30196,4
30197,7
30198,13
30199,9
30200,8
30201,18
30202,13
30203,11
30204,19
30205,14
30206,13
30207,8
30208,8
30209,13
30210,21
30211,18
30212,11
30213,1
30214,13
30215,19
30216,22
30217,19
30218,13
30219,17
30220,22
30221,19
30222,13
30223,7
30224,18
30225,20
30226,13
30227,1
30228,21
30229,19
30230,13
30231,7
30232,5
30233,16
30234,11
30235,19
30236,13
30237,7
30238,13
30239,7
30240,1
30241,19
30242,13
30243,11
30244,13
30245,13
30246,1
30247,13
30248,21
30249,13
30250,2
30251,4
30252,22
30253,7
30254,22
30255,7
30256,13
30257,19
30258,14
30259,4
30260,2
30261,11
30262,11
30263,1
30264,17
30265,7
30266,19
30267,11
30268,18
30269,2
30270,18
30271,1
30272,5
30273,5
30274,0
30275,7
30276,13
30277,7
30278,3
30279,4
30280,3
30281,10
30282,23
30283,22
30284,5
30285,13
30286,13
30287,14
30288,13
30289,13
30290,2
30291,8
30292,1
30293,11
30294,1
30295,13
30296,19
30297,18
30298,18
30299,7
30300,1
30301,2
30302,1
30303,13
30304,13
30305,13
30306,13
30307,5
30308,22
30309,13
30310,21
30311,3
30312,1
30313,13
30314,2
30315,6
30316,2
30317,19
30318,14
30319,13
30320,2
30321,1
30322,7
30323,13
30324,11
30325,2
30326,21
30327,8
30328,16
30329,18
30330,13
30331,18
30332,9
30333,6
30334,1
30335,13
30336,13
30337,14
30338,14
30339,13
30340,8
30341,8
30342,5
30343,11
30344,21
30345,18
30346,22
30347,5
30348,5
30349,14
30350,5
30351,18
30352,23
30353,11
30354,4
30355,13
30356,19
30357,7
30358,11
30359,22
30360,11
30361,1
30362,1
30363,1
30364,1
30365,4
30366,13
30367,2
30368,21
30369,8
30370,5
30371,13
30372,11
30373,1
30374,5
30375,16
30376,20
30377,0
30378,14
30379,13
30380,1
30381,13
30382,18
30383,13
30384,5
30385,1
30386,14
30387,7
30388,1
30389,1
30390,7
30391,13
30392,22
30393,13
30394,13
30395,7
30396,2
30397,7
30398,23
30399,21
30400,23
30401,1
30402,1
30403,7
30404,3
30405,11
30406,19
30407,13
30408,20
30409,1
30410,20
30411,13
30412,7
30413,19
30414,13
30415,13
30416,11
30417,18
30418,13
30419,18
30420,13
30421,18
30422,9
30423,18
30424,13
30425,18
30426,20
30427,2
30428,8
30429,19
30430,18
30431,18
30432,22
30433,7
30434,22
30435,11
30436,11
30437,18
30438,13
30439,22
30440,4
30441,22
30442,23
30443,14
30444,2
30445,14
30446,11
30447,13
30448,5
30449,20
30450,19
30451,9
30452,7
30453,7
30454,5
30455,13
30456,18
30457,8
30458,13
30459,7
30460,19
30461,19
30462,19
30463,18
30464,3
30465,18
30466,14
30467,10
30468,18
30469,23
30470,21
30471,23
30472,18
30473,13
30474,5
30475,13
30476,18
30477,7
30478,2
30479,18
30480,10
30481,19
30482,13
30483,13
30484,14
30485,2
30486,13
30487,18
30488,16
30489,19
30490,19
30491,13
30492,13
30493,4
30494,15
30495,22
30496,13
30497,5
30498,21
30499,9
30500,21
30501,21
30502,9
30503,23
30504,13
30505,11
30506,2
30507,8
30508,18
30509,18
30510,13
30511,11
30512,11
30513,13
30514,14
30515,3
30516,13
30517,6
30518,2
30519,13
30520,5
30521,18
30522,1
30523,14
30524,7
30525,13
30526,10
30527,2
30528,13
30529,13
30530,16
30531,13
30532,13
30533,3
30534,13
30535,13
30536,15
30537,5
30538,4
30539,19
30540,19
30541,1
30542,3
30543,13
30544,18
30545,8
30546,13
30547,21
30548,21
30549,23
30550,2
30551,2
30552,19
30553,16
30554,2
30555,19
30556,7
30557,14
30558,3
30559,13
30560,3
30561,19
30562,1
30563,11
30564,14
30565,7
30566,22
30567,1
30568,14
30569,11
30570,9
30571,11
30572,1
30573,7
30574,13
30575,7
30576,2
30577,2
30578,5
30579,9
30580,7
30581,8
30582,14
30583,6
30584,23
30585,3
30586,13
30587,13
30588,19
30589,13
30590,1
30591,13
30592,22
30593,1
30594,22
30595,18
30596,7
30597,19
30598,22
30599,3
30600,13
30601,13
30602,13
30603,17
30604,7
30605,13
30606,3
30607,13
30608,11
30609,7
30610,13
30611,14
30612,16
30613,22
30614,14
30615,19
30616,7
30617,19
30618,21
30619,19
30620,11
30621,22
30622,22
30623,13
30624,11
30625,1
30626,11
30627,5
30628,1
30629,11
30630,11
30631,21
30632,22
30633,22
30634,6
30635,2
30636,18
30637,9
30638,13
30639,1
30640,9
30641,11
30642,2
30643,23
30644,1
30645,19
30646,7
30647,0
30648,11
30649,13
30650,7
30651,13
30652,4
30653,13
30654,10
30655,21
30656,7
30657,13
30658,1
30659,2
30660,12
30661,1
30662,21
30663,11
30664,18
30665,1
30666,19
30667,4
30668,14
30669,14
30670,6
30671,15
30672,22
30673,19
30674,13
30675,3
30676,22
30677,1
30678,11
30679,18
30680,14
30681,18
30682,13
30683,3
30684,4
30685,13
30686,10
30687,19
30688,11
30689,13
30690,14
30691,13
30692,2
30693,5
30694,13
30695,6
30696,19
30697,7
30698,18
30699,2
30700,13
30701,8
30702,4
30703,1
30704,2
30705,7
30706,13
30707,7
30708,13
30709,19
30710,2
30711,10
30712,19
30713,22
30714,13
30715,22
30716,7
30717,13
30718,22
30719,10
30720,13
30721,18
30722,13
30723,7
30724,18
30725,13
30726,1
30727,1
30728,1
30729,13
30730,13
30731,22
30732,13
30733,11
30734,19
30735,1
30736,11
30737,6
30738,14
30739,13
30740,0
30741,18
30742,13
30743,13
30744,13
30745,13
30746,13
30747,13
30748,14
30749,2
30750,6
30751,13
30752,13
30753,13
30754,2
30755,19
30756,3
30757,18
30758,4
30759,11
30760,21
30761,13
30762,11
30763,23
30764,5
30765,19
30766,7
30767,13
30768,5
30769,13
30770,19
30771,12
30772,13
30773,13
30774,7
30775,11
30776,22
30777,11
30778,2
30779,10
30780,18
30781,13
30782,9
30783,21
30784,18
30785,7
30786,11
30787,18
30788,13
30789,7
30790,5
30791,19
30792,9
30793,11
30794,18
30795,13
30796,13
30797,4
30798,14
30799,20
30800,6
30801,3
30802,1
30803,13
30804,19
30805,11
30806,21
30807,5
30808,11
30809,21
30810,22
30811,2
30812,22
30813,13
30814,4
30815,13
30816,1
30817,13
30818,21
30819,13
30820,3
30821,22
30822,13
30823,21
30824,7
30825,1
30826,1
30827,19
30828,11
30829,19
30830,18
30831,11
30832,3
30833,6
30834,11
30835,10
30836,13
30837,18
30838,18
30839,15
30840,22
30841,11
30842,12
30843,1
30844,13
30845,13
30846,13
30847,19
30848,22
30849,13
30850,11
30851,2
30852,2
30853,21
30854,13
30855,22
30856,22
30857,11
30858,5
30859,11
30860,20
30861,14
30862,13
30863,13
30864,7
30865,7
30866,21
30867,13
30868,7
30869,19
30870,19
30871,18
30872,6
30873,18
30874,14
30875,22
30876,11
30877,6
30878,13
30879,22
30880,19
30881,0
30882,7
30883,3
30884,1
30885,1
30886,1
30887,22
30888,4
30889,18
30890,15
30891,19
30892,4
30893,14
30894,21
30895,0
30896,13
30897,11
30898,13
30899,19
30900,13
30901,13
30902,22
30903,4
30904,11
30905,2
30906,14
30907,13
30908,2
30909,5
30910,1
30911,18
30912,16
30913,12
30914,2
30915,5
30916,18
30917,9
30918,18
30919,7
30920,19
30921,19
30922,18
30923,13
30924,13
30925,17
30926,13
30927,22
30928,19
30929,11
30930,7
30931,2
30932,18
30933,13
30934,7
30935,13
30936,4
30937,14
30938,4
30939,11
30940,22
30941,4
30942,3
30943,1
30944,18
30945,1
30946,13
30947,5
30948,1
30949,22
30950,11
30951,13
30952,15
30953,14
30954,11
30955,5
30956,1
30957,3
30958,21
30959,13
30960,19
30961,1
30962,5
30963,21
30964,13
30965,13
30966,3
30967,9
30968,13
30969,5
30970,19
30971,3
30972,2
30973,10
30974,14
30975,8
30976,2
30977,7
30978,19
30979,5
30980,13
30981,2
30982,8
30983,17
30984,19
30985,19
30986,11
30987,22
30988,2
30989,13
30990,4
30991,19
30992,5
30993,7
30994,13
30995,19
30996,5
30997,7
30998,22
30999,1
31000,1
31001,19
31002,13
31003,0
31004,18
31005,2
31006,13
31007,4
31008,7
31009,13
31010,13
31011,13
31012,23
31013,22
31014,7
31015,18
31016,13
31017,22
31018,18
31019,13
31020,13
31021,11
31022,13
31023,21
31024,19
31025,14
31026,1
31027,13
31028,13
31029,7
31030,1
31031,7
31032,7
31033,21
31034,23
31035,2
31036,15
31037,13
31038,14
31039,13
31040,7
31041,14
31042,10
31043,19
31044,3
31045,5
31046,2
31047,18
31048,13
31049,5
31050,2
31051,23
31052,21
31053,1
31054,2
31055,7
31056,18
31057,13
31058,2
31059,22
31060,7
31061,2
31062,5
31063,2
31064,2
31065,18
31066,23
31067,14
31068,13
31069,19
31070,1
31071,13
31072,4
31073,2
31074,3
31075,5
31076,10
31077,12
31078,22
31079,9
31080,1
31081,19
31082,0
31083,14
31084,19
31085,3
31086,1
31087,2
31088,22
31089,2
31090,19
31091,13
31092,11
31093,5
31094,18
31095,11
31096,13
31097,22
31098,19
31099,1
31100,22
31101,18
31102,11
31103,13
31104,20
31105,13
31106,18
31107,0
31108,7
31109,5
31110,19
31111,19
31112,8
31113,13
31114,21
31115,2
31116,21
31117,21
31118,8
31119,21
31120,10
31121,7
31122,8
31123,23
31124,2
31125,0
31126,2
31127,22
31128,18
31129,11
31130,19
31131,2
31132,22
31133,13
31134,13
31135,1
31136,1
31137,13
31138,8
31139,22
31140,22
31141,21
31142,8
31143,18
31144,23
31145,5
31146,1
31147,8
31148,19
31149,13
31150,2
31151,2
31152,18
31153,13
31154,13
31155,11
31156,19
31157,19
31158,13
31159,20
31160,13
31161,13
31162,2
31163,13
31164,19
31165,13
31166,14
31167,7
31168,5
31169,2
31170,11
31171,16
31172,4
31173,1
31174,11
31175,19
31176,7
31177,22
31178,22
31179,21
31180,19
31181,14
31182,23
31183,2
31184,7
31185,5
31186,1
31187,13
31188,1
31189,6
31190,2
31191,7
31192,13
31193,13
31194,1
31195,19
31196,5
31197,2
31198,19
31199,11
31200,11
31201,13
31202,11
31203,22
31204,11
31205,11
31206,8
31207,5
31208,2
31209,18
31210,19
31211,13
31212,7
31213,10
31214,7
31215,8
31216,13
31217,13
31218,13
31219,22
31220,18
31221,1
31222,15
31223,13
31224,5
31225,11
31226,11
31227,7
31228,3
31229,4
31230,13
31231,19
31232,21
31233,19
31234,10
31235,1
31236,1
31237,14
31238,21
31239,2
31240,14
31241,13
31242,23
31243,9
31244,10
31245,21
31246,1
31247,13
31248,0
31249,3
31250,13
31251,11
31252,2
31253,11
31254,19
31255,16
31256,2
31257,1
31258,14
31259,7
31260,19
31261,21
31262,13
31263,13
31264,13
31265,18
31266,13
31267,1
31268,19
31269,19
31270,0
31271,19
31272,16
31273,19
31274,3
31275,19
31276,11
31277,2
31278,13
31279,3
31280,13
31281,22
31282,11
31283,23
31284,13
31285,23
31286,13
31287,7
31288,3
31289,2
31290,19
31291,19
31292,7
31293,10
31294,19
31295,11
31296,9
31297,13
31298,21
31299,11
31300,19
31301,13
31302,19
31303,13
31304,7
31305,6
31306,5
31307,19
31308,22
31309,13
31310,11
31311,2
31312,2
31313,13
31314,15
31315,13
31316,13
31317,10
31318,13
31319,13
31320,8
31321,13
31322,2
31323,11
31324,13
31325,12
31326,14
31327,2
31328,14
31329,19
31330,11
31331,13
31332,7
31333,1
31334,2
31335,0
31336,11
31337,9
31338,11
31339,16
31340,19
31341,22
31342,13
31343,12
31344,22
31345,4
31346,7
31347,2
31348,18
31349,9
31350,3
31351,19
31352,2
31353,1
31354,19
31355,2
31356,15
31357,22
31358,8
31359,19
31360,2
31361,19
31362,14
31363,2
31364,6
31365,11
31366,13
31367,13
31368,9
31369,2
31370,11
31371,10
31372,11
31373,2
31374,7
31375,22
31376,14
31377,5
31378,13
31379,13
31380,13
31381,13
31382,13
31383,13
31384,22
31385,21
31386,19
31387,22
31388,22
31389,13
31390,14
31391,7
31392,10
31393,21
31394,4
31395,1
31396,7
31397,14
31398,3
31399,11
31400,9
31401,13
31402,13
31403,9
31404,19
31405,1
31406,5
31407,13
31408,8
31409,13
31410,2
31411,11
31412,18
31413,13
31414,2
31415,7
31416,19
31417,11
31418,19
31419,5
31420,2
31421,8
31422,5
31423,22
31424,7
31425,8
31426,7
31427,7
31428,12
31429,13
31430,22
31431,1
31432,16
31433,5
31434,1
31435,11
31436,11
31437,15
31438,22
31439,16
31440,11
31441,13
31442,18
31443,9
31444,7
31445,11
31446,1
31447,18
31448,22
31449,13
31450,13
31451,13
31452,1
31453,22
31454,13
31455,8
31456,17
31457,0
31458,1
31459,7
31460,11
31461,11
31462,1
31463,1
31464,7
31465,13
31466,7
31467,7
31468,19
31469,2
31470,2
31471,2
31472,13
31473,14
31474,13
31475,13
31476,7
31477,13
31478,13
31479,2
31480,2
31481,22
31482,13
31483,18
31484,21
31485,7
31486,7
31487,13
31488,10
31489,11
31490,13
31491,1
31492,13
31493,22
31494,6
31495,21
31496,2
31497,21
31498,13
31499,22
31500,1
31501,5
31502,14
31503,19
31504,16
31505,1
31506,2
31507,1
31508,11
31509,22
31510,15
31511,1
31512,14
31513,13
31514,13
31515,19
31516,22
31517,13
31518,1
31519,8
31520,8
31521,18
31522,5
31523,1
31524,22
31525,14
31526,14
31527,19
31528,8
31529,19
31530,13
31531,3
31532,4
31533,13
31534,7
31535,2
31536,19
31537,5
31538,2
31539,18
31540,19
31541,5
31542,3
31543,7
31544,8
31545,22
31546,14
31547,7
31548,2
31549,5
31550,18
31551,7
31552,21
31553,22
31554,2
31555,21
31556,11
31557,5
31558,2
31559,13
31560,22
31561,10
31562,1
31563,19
31564,19
31565,14
31566,5
31567,3
31568,21
31569,11
31570,22
31571,9
31572,7
31573,1
31574,19
31575,2
31576,14
31577,22
31578,13
31579,9
31580,1
31581,11
31582,16
31583,10
31584,19
31585,4
31586,13
31587,13
31588,21
31589,14
31590,2
31591,20
31592,7
31593,5
31594,23
31595,13
31596,14
31597,2
31598,19
31599,7
31600,18
31601,6
31602,1
31603,13
31604,18
31605,13
31606,18
31607,22
31608,14
31609,11
31610,11
31611,2
31612,23
31613,16
31614,8
31615,11
31616,2
31617,5
31618,13
31619,4
31620,7
31621,19
31622,1
31623,19
31624,7
31625,19
31626,18
31627,22
31628,21
31629,11
31630,18
31631,5
31632,11
31633,5
31634,23
31635,13
31636,7
31637,13
31638,13
31639,13
31640,7
31641,19
31642,18
31643,2
31644,19
31645,13
31646,1
31647,9
31648,14
31649,13
31650,1
31651,19
31652,7
31653,14
31654,2
31655,13
31656,13
31657,8
31658,13
31659,6
31660,11
31661,3
31662,1
31663,13
31664,21
31665,7
31666,6
31667,2
31668,2
31669,7
31670,2
31671,21
31672,18
31673,11
31674,22
31675,19
31676,7
31677,14
31678,19
31679,13
31680,19
31681,5
31682,18
31683,19
31684,1
31685,18
31686,13
31687,7
31688,18
31689,8
31690,19
31691,7
31692,1
31693,13
31694,16
31695,19
31696,13
31697,22
31698,11
31699,22
31700,13
31701,19
31702,13
31703,11
31704,7
31705,14
31706,13
31707,7
31708,21
31709,22
31710,23
31711,0
31712,2
31713,19
31714,11
31715,7
31716,1
31717,22
31718,11
31719,13
31720,13
31721,13
31722,19
31723,0
31724,4
31725,8
31726,13
31727,13
31728,17
31729,7
31730,15
31731,2
31732,19
31733,7
31734,7
31735,19
31736,11
31737,11
31738,20
31739,20
31740,13
31741,2
31742,13
31743,8
31744,7
31745,14
31746,21
31747,13
31748,19
31749,21
31750,22
31751,1
31752,6
31753,14
31754,2
31755,18
31756,4
31757,11
31758,2
31759,20
31760,2
31761,4
31762,21
31763,7
31764,13
31765,13
31766,21
31767,11
31768,4
31769,2
31770,14
31771,10
31772,3
31773,7
31774,9
31775,19
31776,1
31777,11
31778,1
31779,7
31780,19
31781,7
31782,7
31783,23
31784,11
31785,4
31786,21
31787,18
31788,13
31789,5
31790,19
31791,4
31792,11
31793,11
31794,11
31795,21
31796,14
31797,13
31798,1
31799,14
31800,1
31801,22
31802,2
31803,19
31804,17
31805,2
31806,2
31807,18
31808,23
31809,22
31810,13
31811,5
31812,7
31813,10
31814,22
31815,18
31816,19
31817,8
31818,9
31819,19
31820,11
31821,19
31822,5
31823,22
31824,13
31825,8
31826,21
31827,11
31828,18
31829,19
31830,16
31831,12
31832,7
31833,18
31834,8
31835,3
31836,9
31837,1
31838,2
31839,16
31840,11
31841,11
31842,13
31843,15
31844,11
31845,7
31846,13
31847,15
31848,18
31849,15
31850,13
31851,19
31852,15
31853,8
31854,19
31855,11
31856,14
31857,13
31858,18
31859,8
31860,2
31861,14
31862,2
31863,13
31864,14
31865,5
31866,19
31867,18
31868,18
31869,7
31870,22
31871,13
31872,2
31873,5
31874,18
31875,8
31876,2
31877,6
31878,13
31879,21
31880,21
31881,4
31882,22
31883,18
31884,13
31885,9
31886,13
31887,1
31888,1
31889,11
31890,13
31891,13
31892,21
31893,9
31894,2
31895,13
31896,19
31897,13
31898,11
31899,21
31900,11
31901,13
31902,22
31903,4
31904,1
31905,1
31906,13
31907,7
31908,19
31909,10
31910,13
31911,18
31912,1
31913,19
31914,13
31915,1
31916,22
31917,3
31918,9
31919,7
31920,5
31921,22
31922,23
31923,22
31924,13
31925,11
31926,5
31927,9
31928,22
31929,12
31930,6
31931,19
31932,11
31933,19
31934,13
31935,19
31936,19
31937,13
31938,14
31939,2
31940,2
31941,11
31942,2
31943,14
31944,6
31945,13
31946,1
31947,3
31948,19
31949,19
31950,11
31951,2
31952,17
31953,14
31954,1
31955,1
31956,22
31957,7
31958,13
31959,13
31960,1
31961,11
31962,19
31963,2
31964,13
31965,23
31966,18
31967,7
31968,17
31969,3
31970,7
31971,13
31972,11
31973,11
31974,11
31975,11
31976,1
31977,23
31978,1
31979,13
31980,14
31981,18
31982,13
31983,13
31984,4
31985,4
31986,18
31987,22
31988,4
31989,18
31990,11
31991,13
31992,13
31993,18
31994,13
31995,13
31996,11
31997,1
31998,7
31999,23
32000,1
32001,11
32002,1
32003,23
32004,11
32005,6
32006,11
32007,18
32008,23
32009,13
32010,13
32011,19
32012,13
32013,13
32014,9
32015,12
32016,11
32017,23
32018,11
32019,11
32020,6
32021,13
32022,11
32023,22
32024,15
32025,17
32026,2
32027,18
32028,4
32029,2
32030,3
32031,19
32032,16
32033,14
32034,1
32035,18
32036,22
32037,11
32038,13
32039,7
32040,7
32041,14
32042,22
32043,7
32044,13
32045,15
32046,2
32047,13
32048,13
32049,18
32050,19
32051,7
32052,12
32053,14
32054,19
32055,13
32056,0
32057,1
32058,11
32059,13
32060,14
32061,22
32062,21
32063,13
32064,18
32065,11
32066,7
32067,13
32068,13
32069,11
32070,2
32071,3
32072,14
32073,16
32074,19
32075,8
32076,9
32077,13
32078,13
32079,8
32080,21
32081,19
32082,22
32083,11
32084,13
32085,11
32086,23
32087,13
32088,11
32089,13
32090,23
32091,7
32092,13
32093,7
32094,8
32095,3
32096,1
32097,7
32098,20
32099,18
32100,19
32101,13
32102,7
32103,2
32104,23
32105,21
32106,7
32107,13
32108,18
32109,13
32110,11
32111,10
32112,7
32113,22
32114,22
32115,1
32116,1
32117,14
32118,9
32119,2
32120,11
32121,19
32122,19
32123,1
32124,18
32125,13
32126,10
32127,13
32128,22
32129,18
32130,13
32131,13
32132,10
32133,4
32134,11
32135,11
32136,11
32137,13
32138,11
32139,4
32140,1
32141,13
32142,13
32143,22
32144,18
32145,13
32146,7
32147,7
32148,22
32149,1
32150,11
32151,1
32152,22
32153,8
32154,19
32155,13
32156,2
32157,21
32158,8
32159,7
32160,19
32161,13
32162,14
32163,11
32164,7
32165,7
32166,13
32167,14
32168,13
32169,13
32170,11
32171,13
32172,0
32173,19
32174,7
32175,18
32176,18
32177,7
32178,11
32179,18
32180,14
32181,4
32182,4
32183,13
32184,4
32185,23
32186,7
32187,18
32188,1
32189,7
32190,22
32191,11
32192,5
32193,7
32194,14
32195,13
32196,18
32197,19
32198,13
32199,18
32200,14
32201,11
32202,13
32203,14
32204,18
32205,19
32206,13
32207,18
32208,11
32209,13
32210,13
32211,22
32212,7
32213,1
32214,18
32215,15
32216,13
32217,18
32218,2
32219,13
32220,8
32221,1
32222,13
32223,19
32224,9
32225,7
32226,2
32227,1
32228,22
32229,13
32230,19
32231,2
32232,13
32233,2
32234,13
32235,19
32236,19
32237,11
32238,11
32239,13
32240,19
32241,5
32242,15
32243,2
32244,21
32245,18
32246,19
32247,18
32248,5
32249,3
32250,11
32251,19
32252,22
32253,14
32254,12
32255,11
32256,13
32257,5
32258,18
32259,18
32260,5
32261,2
32262,13
32263,19
32264,1
32265,22
32266,13
32267,7
32268,18
32269,19
32270,11
32271,7
32272,2
32273,19
32274,22
32275,11
32276,1
32277,16
32278,4
32279,1
32280,11
32281,13
32282,1
32283,13
32284,21
32285,4
32286,13
32287,13
32288,11
32289,3
32290,23
32291,13
32292,2
32293,14
32294,7
32295,13
32296,13
32297,11
32298,11
32299,2
32300,13
32301,7
32302,1
32303,11
32304,1
32305,22
32306,10
32307,7
32308,13
32309,22
32310,10
32311,21
32312,13
32313,4
32314,5
32315,14
32316,19
32317,18
32318,22
32319,2
32320,11
32321,1
32322,13
32323,13
32324,2
32325,11
32326,7
32327,22
32328,19
32329,23
32330,20
32331,13
32332,9
32333,11
32334,22
32335,7
32336,17
32337,5
32338,2
32339,5
32340,11
32341,22
32342,13
32343,8
32344,0
32345,22
32346,20
32347,11
32348,13
32349,11
32350,7
32351,13
32352,7
32353,1
32354,22
32355,11
32356,13
32357,9
32358,14
32359,21
32360,8
32361,8
32362,1
32363,7
32364,22
32365,13
32366,23
32367,13
32368,14
32369,4
32370,11
32371,7
32372,13
32373,22
32374,11
32375,11
32376,8
32377,13
32378,2
32379,13
32380,19
32381,13
32382,21
32383,19
32384,23
32385,13
32386,5
32387,2
32388,13
32389,11
32390,13
32391,13
32392,13
32393,18
32394,14
32395,22
32396,14
32397,22
32398,19
32399,22
32400,7
32401,11
32402,6
32403,13
32404,22
32405,22
32406,19
32407,14
32408,22
32409,14
32410,19
32411,8
32412,8
32413,3
32414,1
32415,2
32416,11
32417,6
32418,2
32419,11
32420,19
32421,18
32422,1
32423,23
32424,19
32425,22
32426,13
32427,19
32428,11
32429,19
32430,2
32431,13
32432,7
32433,8
32434,19
32435,6
32436,11
32437,21
32438,18
32439,11
32440,13
32441,4
32442,7
32443,4
32444,11
32445,13
32446,19
32447,8
32448,2
32449,15
32450,5
32451,18
32452,8
32453,19
32454,10
32455,13
32456,14
32457,18
32458,12
32459,13
32460,13
32461,14
32462,19
32463,2
32464,1
32465,19
32466,22
32467,1
32468,19
32469,7
32470,22
32471,7
32472,1
32473,13
32474,21
32475,13
32476,13
32477,11
32478,14
32479,21
32480,11
32481,23
32482,0
32483,8
32484,11
32485,19
32486,23
32487,19
32488,18
32489,1
32490,13
32491,19
32492,7
32493,18
32494,7
32495,19
32496,9
32497,14
32498,0
32499,17
32500,11
32501,11
32502,17
32503,21
32504,13
32505,13
32506,19
32507,8
32508,3
32509,14
32510,13
32511,1
32512,1
32513,9
32514,19
32515,18
32516,4
32517,5
32518,11
32519,14
32520,5
32521,12
32522,3
32523,11
32524,22
32525,1
32526,11
32527,22
32528,0
32529,19
32530,0
32531,23
32532,21
32533,23
32534,2
32535,4
32536,18
32537,7
32538,18
32539,8
32540,1
32541,8
32542,10
32543,19
32544,18
32545,1
32546,13
32547,18
32548,2
32549,1
32550,11
32551,13
32552,13
32553,8
32554,7
32555,5
32556,4
32557,2
32558,13
32559,13
32560,0
32561,22
32562,13
32563,19
32564,7
32565,13
32566,14
32567,13
32568,13
32569,1
32570,11
32571,7
32572,11
32573,11
32574,19
32575,11
32576,11
32577,13
32578,6
32579,19
32580,13
32581,7
32582,7
32583,13
32584,2
32585,13
32586,11
32587,8
32588,22
32589,18
32590,15
32591,8
32592,21
32593,18
32594,18
32595,6
32596,18
32597,7
32598,1
32599,22
32600,13
32601,13
32602,14
32603,14
32604,13
32605,19
32606,13
32607,13
32608,19
32609,13
32610,8
32611,21
32612,18
32613,11
32614,1
32615,11
32616,11
32617,12
32618,13
32619,18
32620,10
32621,9
32622,3
32623,7
32624,21
32625,14
32626,13
32627,13
32628,0
32629,14
32630,1
32631,13
32632,21
32633,13
32634,13
32635,4
32636,2
32637,11
32638,0
32639,19
32640,7
32641,11
32642,4
32643,19
32644,0
32645,13
32646,14
32647,11
32648,21
32649,3
32650,19
32651,5
32652,1
32653,7
32654,22
32655,4
32656,11
32657,21
32658,20
32659,4
32660,1
32661,13
32662,1
32663,1
32664,20
32665,0
32666,3
32667,1
32668,7
32669,11
32670,13
32671,13
32672,14
32673,11
32674,7
32675,3
32676,14
32677,11
32678,19
32679,11
32680,13
32681,2
32682,7
32683,18
32684,13
32685,13
32686,13
32687,14
32688,23
32689,11
32690,2
32691,2
32692,18
32693,3
32694,2
32695,1
32696,17
32697,11
32698,13
32699,21
32700,7
32701,19
32702,23
32703,7
32704,19
32705,16
32706,5
32707,2
32708,2
32709,19
32710,13
32711,5
32712,7
32713,2
32714,13
32715,16
32716,19
32717,19
32718,18
32719,13
32720,6
32721,13
32722,1
32723,11
32724,13
32725,23
32726,20
32727,9
32728,18
32729,13
32730,2
32731,1
32732,22
32733,19
32734,2
32735,19
32736,19
32737,13
32738,19
32739,7
32740,19
32741,23
32742,19
32743,11
32744,13
32745,15
32746,13
32747,11
32748,7
32749,13
32750,1
32751,19
32752,13
32753,6
32754,7
32755,1
32756,8
32757,11
32758,1
32759,13
32760,6
32761,16
32762,13
32763,20
32764,0
32765,7
32766,9
32767,4
32768,13
32769,14
32770,18
32771,11
32772,5
32773,2
32774,1
32775,4
32776,18
32777,11
32778,13
32779,11
32780,11
32781,1
32782,11
32783,14
32784,11
32785,15
32786,13
32787,13
32788,22
32789,11
32790,2
32791,18
32792,10
32793,13
32794,7
32795,18
32796,18
32797,6
32798,7
32799,23
32800,19
32801,11
32802,13
32803,18
32804,13
32805,2
32806,1
32807,21
32808,1
32809,13
32810,19
32811,18
32812,18
32813,22
32814,13
32815,22
32816,14
32817,19
32818,13
32819,19
32820,10
32821,2
32822,13
32823,21
32824,18
32825,4
32826,11
32827,14
32828,8
32829,7
32830,2
32831,11
32832,13
32833,14
32834,2
32835,11
32836,18
32837,19
32838,9
32839,6
32840,0
32841,13
32842,13
32843,13
32844,5
32845,7
32846,1
32847,1
32848,5
32849,11
32850,7
32851,7
32852,14
32853,22
32854,13
32855,7
32856,1
32857,13
32858,1
32859,8
32860,11
32861,19
32862,11
32863,11
32864,1
32865,19
32866,19
32867,22
32868,13
32869,11
32870,1
32871,1
32872,21
32873,8
32874,8
32875,2
32876,7
32877,13
32878,22
32879,1
32880,9
32881,21
32882,0
32883,21
32884,11
32885,13
32886,8
32887,11
32888,12
32889,14
32890,9
32891,11
32892,1
32893,11
32894,11
32895,2
32896,13
32897,1
32898,4
32899,23
32900,4
32901,2
32902,16
32903,19
32904,13
32905,6
32906,9
32907,12
32908,13
32909,2
32910,11
32911,9
32912,5
32913,23
32914,7
32915,21
32916,19
32917,11
32918,1
32919,5
32920,2
32921,4
32922,13
32923,7
32924,18
32925,23
32926,7
32927,10
32928,1
32929,7
32930,16
32931,4
32932,11
32933,19
32934,18
32935,11
32936,11
32937,1
32938,18
32939,18
32940,7
32941,8
32942,22
32943,1
32944,13
32945,5
32946,6
32947,14
32948,11
32949,14
32950,13
32951,10
32952,14
32953,10
32954,7
32955,19
32956,21
32957,3
32958,19
32959,2
32960,2
32961,22
32962,21
32963,10
32964,9
32965,12
32966,11
32967,13
32968,13
32969,13
32970,19
32971,13
32972,9
32973,19
32974,1
32975,1
32976,19
32977,16
32978,7
32979,13
32980,10
32981,21
32982,21
32983,9
32984,13
32985,13
32986,2
32987,15
32988,7
32989,11
32990,14
32991,14
32992,1
32993,22
32994,13
32995,1
32996,7
32997,19
32998,22
32999,17
33000,1
33001,14
33002,13
33003,15
33004,11
33005,18
33006,13
33007,4
33008,22
33009,13
33010,13
33011,16
33012,13
33013,1
33014,11
33015,13
33016,5
33017,13
33018,13
33019,8
33020,18
33021,13
33022,11
33023,13
33024,3
33025,2
33026,7
33027,1
33028,13
33029,2
33030,8
33031,11
33032,11
33033,2
33034,1
33035,2
33036,13
33037,5
33038,8
33039,14
33040,8
33041,13
33042,7
33043,19
33044,14
33045,18
33046,1
33047,7
33048,2
33049,13
33050,1
33051,21
33052,11
33053,1
33054,1
33055,14
33056,1
33057,7
33058,2
33059,13
33060,2
33061,13
33062,13
33063,11
33064,22
33065,11
33066,13
33067,18
33068,18
33069,1
33070,7
33071,8
33072,19
33073,13
33074,11
33075,13
33076,8
33077,21
33078,2
33079,23
33080,13
33081,19
33082,13
33083,13
33084,13
33085,14
33086,14
33087,18
33088,13
33089,13
33090,13
33091,8
33092,1
33093,13
33094,18
33095,2
33096,18
33097,13
33098,5
33099,1
33100,13
33101,4
33102,7
33103,18
33104,19
33105,14
33106,11
33107,13
33108,10
33109,14
33110,18
33111,13
33112,14
33113,18
33114,19
33115,20
33116,1
33117,7
33118,0
33119,21
33120,21
33121,11
33122,20
33123,1
33124,1
33125,22
33126,7
33127,8
33128,0
33129,16
33130,18
33131,21
33132,2
33133,14
33134,11
33135,1
33136,7
33137,13
33138,13
33139,13
33140,4
33141,13
33142,7
33143,0
33144,1
33145,6
33146,13
33147,2
33148,8
33149,22
33150,14
33151,11
33152,3
33153,19
33154,8
33155,7
33156,11
33157,11
33158,13
33159,8
33160,23
33161,13
33162,9
33163,11
33164,13
33165,7
33166,14
33167,22
33168,11
33169,2
33170,1
33171,1
33172,21
33173,19
33174,2
33175,2
33176,13
33177,13
33178,18
33179,13
33180,6
33181,23
33182,13
33183,3
33184,21
33185,2
33186,1
33187,14
33188,13
33189,8
33190,1
33191,13
33192,13
33193,14
33194,23
33195,13
33196,2
33197,21
33198,22
33199,19
33200,13
33201,8
33202,11
33203,11
33204,2
33205,13
33206,4
33207,18
33208,13
33209,22
33210,23
33211,22
33212,11
33213,2
33214,13
33215,13
33216,18
33217,13
33218,13
33219,19
33220,22
33221,21
33222,21
33223,13
33224,7
33225,11
33226,19
33227,13
33228,13
33229,4
33230,22
33231,7
33232,6
33233,1
33234,13
33235,11
33236,14
33237,13
33238,13
33239,19
33240,1
33241,19
33242,22
33243,7
33244,11
33245,22
33246,19
33247,13
33248,18
33249,2
33250,12
33251,23
33252,18
33253,3
33254,19
33255,13
33256,3
33257,4
33258,5
33259,19
33260,13
33261,13
33262,19
33263,22
33264,14
33265,7
33266,11
33267,12
33268,13
33269,1
33270,21
33271,21
33272,1
33273,5
33274,11
33275,23
33276,2
33277,5
33278,21
33279,13
33280,11
33281,4
33282,3
33283,5
33284,18
33285,13
33286,19
33287,13
33288,10
33289,8
33290,8
33291,1
33292,18
33293,2
33294,1
33295,22
33296,13
33297,13
33298,14
33299,19
33300,21
33301,4
33302,1
33303,21
33304,18
33305,21
33306,11
33307,19
33308,6
33309,0
33310,20
33311,10
33312,7
33313,14
33314,11
33315,11
33316,11
33317,2
33318,23
33319,21
33320,19
33321,13
33322,11
33323,16
33324,22
33325,13
33326,4
33327,7
33328,22
33329,1
33330,18
33331,11
33332,14
33333,7
33334,13
33335,7
33336,6
33337,11
33338,6
33339,13
33340,19
33341,12
33342,7
33343,13
33344,18
33345,9
33346,21
33347,19
33348,13
33349,11
33350,18
33351,13
33352,3
33353,7
33354,23
33355,21
33356,13
33357,1
33358,4
33359,2
33360,13
33361,13
33362,22
33363,13
33364,3
33365,11
33366,5
33367,19
33368,22
33369,1
33370,9
33371,5
33372,14
33373,14
33374,1
33375,10
33376,7
33377,2
33378,20
33379,13
33380,11
33381,1
33382,19
33383,1
33384,13
33385,19
33386,7
33387,9
33388,2
33389,1
33390,7
33391,18
33392,11
33393,11
33394,15
33395,14
33396,11
33397,1
33398,2
33399,3
33400,19
33401,1
33402,1
33403,7
33404,11
33405,3
33406,22
33407,11
33408,22
33409,6
33410,1
33411,22
33412,4
33413,0
33414,18
33415,1
33416,19
33417,14
33418,13
33419,13
33420,19
33421,1
33422,8
33423,1
33424,19
33425,11
33426,19
33427,4
33428,22
33429,15
33430,13
33431,19
33432,21
33433,11
33434,10
33435,19
33436,4
33437,18
33438,18
33439,14
33440,11
33441,23
33442,18
33443,19
33444,2
33445,23
33446,7
33447,14
33448,7
33449,1
33450,13
33451,18
33452,13
33453,21
33454,22
33455,7
33456,13
33457,2
33458,19
33459,1
33460,1
33461,13
33462,2
33463,21
33464,18
33465,14
33466,0
33467,1
33468,19
33469,1
33470,7
33471,18
33472,3
33473,10
33474,11
33475,18
33476,13
33477,14
33478,13
33479,13
33480,1
33481,11
33482,14
33483,2
33484,13
33485,3
33486,18
33487,18
33488,2
33489,11
33490,11
33491,1
33492,11
33493,13
33494,12
33495,21
33496,9
33497,11
33498,8
33499,11
33500,14
33501,1
33502,3
33503,2
33504,18
33505,11
33506,13
33507,20
33508,13
33509,13
33510,13
33511,11
33512,13
33513,2
33514,19
33515,1
33516,21
33517,13
33518,7
33519,2
33520,23
33521,1
33522,7
33523,13
33524,14
33525,13
33526,1
33527,1
33528,1
33529,13
33530,1
33531,23
33532,13
33533,2
33534,1
33535,14
33536,22
33537,1
33538,19
33539,7
33540,13
33541,11
33542,7
33543,19
33544,11
33545,13
33546,11
33547,11
33548,12
33549,14
33550,13
33551,7
33552,3
33553,19
33554,13
33555,13
33556,1
33557,13
33558,7
33559,4
33560,11
33561,19
33562,18
33563,13
33564,13
33565,19
33566,13
33567,11
33568,19
33569,15
33570,22
33571,19
33572,7
33573,13
33574,13
33575,10
33576,18
33577,7
33578,10
33579,13
33580,11
33581,13
33582,7
33583,19
33584,11
33585,13
33586,22
33587,7
33588,14
33589,21
33590,3
33591,14
33592,13
33593,13
33594,4
33595,22
33596,19
33597,13
33598,13
33599,13
33600,19
33601,5
33602,2
33603,7
33604,18
33605,13
33606,18
33607,11
33608,7
33609,11
33610,4
33611,5
33612,7
33613,13
33614,9
33615,11
33616,13
33617,2
33618,13
33619,1
33620,7
33621,7
33622,9
33623,13
33624,4
33625,18
33626,4
33627,11
33628,7
33629,18
33630,13
33631,19
33632,19
33633,5
33634,22
33635,19
33636,11
33637,13
33638,22
33639,13
33640,11
33641,21
33642,18
33643,2
33644,8
33645,3
33646,11
33647,1
33648,7
33649,22
33650,7
33651,18
33652,19
33653,19
33654,23
33655,11
33656,7
33657,22
33658,13
33659,9
33660,11
33661,13
33662,8
33663,11
33664,7
33665,22
33666,11
33667,13
33668,9
33669,11
33670,13
33671,19
33672,1
33673,6
33674,7
33675,13
33676,4
33677,19
33678,13
33679,7
33680,13
33681,1
33682,14
33683,11
33684,1
33685,11
33686,7
33687,4
33688,15
33689,19
33690,1
33691,3
33692,19
33693,11
33694,13
33695,1
33696,5
33697,21
33698,1
33699,7
33700,13
33701,21
33702,19
33703,18
33704,2
33705,23
33706,19
33707,13
33708,18
33709,5
33710,6
33711,20
33712,6
33713,11
33714,19
33715,22
33716,11
33717,14
33718,5
33719,13
33720,1
33721,11
33722,15
33723,11
33724,6
33725,11
33726,13
33727,2
33728,13
33729,19
33730,13
33731,13
33732,14
33733,2
33734,2
33735,5
33736,19
33737,13
33738,13
33739,19
33740,20
33741,13
33742,14
33743,11
33744,19
33745,14
33746,1
33747,8
33748,10
33749,16
33750,7
33751,8
33752,1
33753,1
33754,3
33755,7
33756,18
33757,18
33758,13
33759,19
33760,12
33761,13
33762,19
33763,11
33764,13
33765,13
33766,19
33767,11
33768,11
33769,13
33770,20
33771,13
33772,19
33773,9
33774,13
33775,1
33776,13
33777,18
33778,13
33779,2
33780,11
33781,18
33782,13
33783,7
33784,13
33785,2
33786,20
33787,11
33788,5
33789,19
33790,18
33791,18
33792,7
33793,18
33794,4
33795,22
33796,19
33797,2
33798,12
33799,5
33800,19
33801,18
33802,0
33803,22
33804,11
33805,15
33806,13
33807,2
33808,1
33809,21
33810,19
33811,14
33812,18
33813,11
33814,2
33815,22
33816,1
33817,2
33818,19
33819,5
33820,13
33821,13
33822,19
33823,1
33824,18
33825,0
33826,11
33827,21
33828,3
33829,13
33830,13
33831,1
33832,14
33833,7
33834,22
33835,7
33836,11
33837,2
33838,11
33839,19
33840,18
33841,19
33842,6
33843,2
33844,19
33845,1
33846,11
33847,11
33848,4
33849,5
33850,13
33851,19
33852,1
33853,1
33854,5
33855,18
33856,10
33857,7
33858,21
33859,13
33860,13
33861,13
33862,14
33863,19
33864,13
33865,13
33866,13
33867,11
33868,13
33869,4
33870,23
33871,11
33872,10
33873,2
33874,21
33875,2
33876,22
33877,22
33878,14
33879,11
33880,13
33881,22
33882,16
33883,15
33884,11
33885,22
33886,18
33887,22
33888,14
33889,13
33890,7
33891,13
33892,13
33893,19
33894,22
33895,14
33896,22
33897,14
33898,10
33899,20
33900,14
33901,13
33902,20
33903,2
33904,7
33905,1
33906,18
33907,2
33908,19
33909,11
33910,22
33911,21
33912,22
33913,5
33914,13
33915,10
33916,5
33917,19
33918,13
33919,2
33920,2
33921,1
33922,18
33923,1
33924,21
33925,19
33926,1
33927,1
33928,11
33929,19
33930,22
33931,4
33932,13
33933,11
33934,22
33935,13
33936,19
33937,1
33938,14
33939,3
33940,19
33941,8
33942,16
33943,19
33944,11
33945,21
33946,21
33947,13
33948,14
33949,13
33950,4
33951,5
33952,13
33953,2
33954,13
33955,11
33956,21
33957,11
33958,6
33959,1
33960,13
33961,13
33962,9
33963,9
33964,22
33965,20
33966,11
33967,15
33968,14
33969,7
33970,22
33971,18
33972,13
33973,11
33974,22
33975,11
33976,19
33977,13
33978,19
33979,19
33980,23
33981,1
33982,13
33983,1
33984,7
33985,21
33986,22
33987,11
33988,8
33989,18
33990,2
33991,11
33992,19
33993,10
33994,11
33995,22
33996,22
33997,2
33998,1
33999,21
34000,3
34001,7
34002,11
34003,11
34004,13
34005,18
34006,4
34007,14
34008,16
34009,9
34010,7
34011,13
34012,1
34013,11
34014,13
34015,19
34016,10
34017,2
34018,5
34019,5
34020,19
34021,1
34022,11
34023,11
34024,4
34025,18
34026,2
34027,16
34028,2
34029,18
34030,3
34031,13
34032,7
34033,13
34034,5
34035,22
34036,7
34037,11
34038,13
34039,2
34040,1
34041,0
34042,14
34043,13
34044,23
34045,18
34046,13
34047,13
34048,19
34049,18
34050,19
34051,19
34052,14
34053,22
34054,18
34055,22
34056,1
34057,1
34058,1
34059,1
34060,22
34061,22
34062,1
34063,22
34064,22
34065,7
34066,1
34067,2
34068,4
34069,1
34070,13
34071,13
34072,13
34073,11
34074,1
34075,1
34076,2
34077,19
34078,23
34079,10
34080,19
34081,11
34082,0
34083,13
34084,21
34085,22
34086,23
34087,7
34088,19
34089,13
34090,13
34091,11
34092,1
34093,20
34094,22
34095,18
34096,13
34097,19
34098,13
34099,1
34100,11
34101,17
34102,18
34103,13
34104,13
34105,7
34106,4
34107,19
34108,9
34109,13
34110,1
34111,19
34112,3
34113,13
34114,1
34115,23
34116,4
34117,13
34118,7
34119,13
34120,14
34121,11
34122,11
34123,19
34124,22
34125,7
34126,13
34127,13
34128,22
34129,1
34130,7
34131,13
34132,7
34133,21
34134,18
34135,7
34136,1
34137,6
34138,20
34139,13
34140,10
34141,2
34142,14
34143,19
34144,19
34145,6
34146,3
34147,3
34148,1
34149,19
34150,11
34151,13
34152,11
34153,13
34154,21
34155,11
34156,1
34157,1
34158,13
34159,7
34160,3
34161,3
34162,19
34163,14
34164,13
34165,13
34166,2
34167,18
34168,12
34169,13
34170,22
34171,14
34172,2
34173,2
34174,19
34175,1
34176,11
34177,19
34178,7
34179,11
34180,7
34181,1
34182,7
34183,14
34184,7
34185,13
34186,20
34187,14
34188,19
34189,23
34190,22
34191,1
34192,18
34193,2
34194,1
34195,3
34196,1
34197,13
34198,2
34199,2
34200,11
34201,7
34202,11
34203,3
34204,21
34205,14
34206,5
34207,13
34208,11
34209,11
34210,2
34211,14
34212,1
34213,22
34214,11
34215,22
34216,22
34217,4
34218,23
34219,11
34220,2
34221,23
34222,2
34223,18
34224,13
34225,8
34226,18
34227,11
34228,13
34229,13
34230,1
34231,7
34232,16
34233,2
34234,13
34235,13
34236,11
34237,10
34238,13
34239,1
34240,1
34241,11
34242,22
34243,9
34244,11
34245,13
34246,1
34247,13
34248,18
34249,13
34250,7
34251,22
34252,5
34253,7
34254,13
34255,19
34256,8
34257,9
34258,19
34259,22
34260,11
34261,22
34262,23
34263,13
34264,11
34265,7
34266,11
34267,11
34268,13
34269,0
34270,11
34271,22
34272,2
34273,7
34274,7
34275,17
34276,13
34277,13
34278,13
34279,19
34280,9
34281,2
34282,11
34283,4
34284,1
34285,11
34286,13
34287,5
34288,23
34289,5
34290,11
34291,11
34292,11
34293,2
34294,7
34295,3
34296,1
34297,21
34298,13
34299,1
34300,5
34301,11
34302,21
34303,9
34304,1
34305,13
34306,20
34307,4
34308,19
34309,11
34310,18
34311,13
34312,13
34313,16
34314,11
34315,16
34316,19
34317,15
34318,20
34319,7
34320,23
34321,22
34322,8
34323,6
34324,13
34325,14
34326,13
34327,11
34328,11
34329,7
34330,9
34331,19
34332,20
34333,18
34334,14
34335,7
34336,13
34337,1
34338,18
34339,1
34340,13
34341,7
34342,9
34343,6
34344,14
34345,18
34346,14
34347,2
34348,14
34349,11
34350,23
34351,19
34352,13
34353,11
34354,3
34355,13
34356,9
34357,0
34358,5
34359,18
34360,9
34361,19
34362,13
34363,7
34364,13
34365,13
34366,18
34367,13
34368,13
34369,1
34370,18
34371,19
34372,11
34373,16
34374,19
34375,22
34376,16
34377,11
34378,13
34379,4
34380,11
34381,20
34382,8
34383,20
34384,11
34385,18
34386,1
34387,7
34388,13
34389,22
34390,7
34391,18
34392,18
34393,14
34394,8
34395,19
34396,8
34397,13
34398,19
34399,13
34400,1
34401,20
34402,23
34403,13
34404,22
34405,1
34406,13
34407,7
34408,13
34409,1
34410,11
34411,1
34412,13
34413,9
34414,8
34415,15
34416,1
34417,19
34418,11
34419,13
34420,18
34421,13
34422,11
34423,19
34424,14
34425,18
34426,13
34427,7
34428,13
34429,17
34430,11
34431,5
34432,14
34433,7
34434,3
34435,13
34436,9
34437,1
34438,19
34439,13
34440,21
34441,13
34442,11
34443,21
34444,11
34445,19
34446,1
34447,0
34448,1
34449,9
34450,13
34451,23
34452,14
34453,14
34454,2
34455,19
34456,2
34457,12
34458,21
34459,2
34460,1
34461,13
34462,1
34463,13
34464,13
34465,1
34466,13
34467,11
34468,22
34469,13
34470,13
34471,13
34472,14
34473,7
34474,22
34475,16
34476,19
34477,13
34478,21
34479,6
34480,3
34481,19
34482,19
34483,3
34484,13
34485,22
34486,11
34487,15
34488,7
34489,22
34490,7
34491,18
34492,3
34493,11
34494,13
34495,13
34496,12
34497,18
34498,2
34499,14
34500,23
34501,13
34502,7
34503,2
34504,19
34505,1
34506,0
34507,11
34508,2
34509,13
34510,18
34511,13
34512,19
34513,0
34514,6
34515,7
34516,21
34517,5
34518,1
34519,7
34520,4
34521,7
34522,7
34523,2
34524,8
34525,13
34526,13
34527,7
34528,13
34529,15
34530,10
34531,13
34532,18
34533,11
34534,19
34535,1
34536,11
34537,18
34538,19
34539,19
34540,13
34541,20
34542,21
34543,13
34544,22
34545,9
34546,5
34547,1
34548,13
34549,7
34550,13
34551,20
34552,14
34553,22
34554,19
34555,7
34556,18
34557,11
34558,13
34559,19
34560,19
34561,13
34562,1
34563,7
34564,11
34565,13
34566,1
34567,19
34568,11
34569,11
34570,1
34571,2
34572,11
34573,1
34574,18
34575,18
34576,13
34577,13
34578,6
34579,0
34580,8
34581,13
34582,21
34583,7
34584,20
34585,7
34586,1
34587,19
34588,1
34589,18
34590,7
34591,2
34592,7
34593,7
34594,23
34595,14
34596,9
34597,11
34598,16
34599,18
34600,1
34601,1
34602,2
34603,13
34604,15
34605,19
34606,13
34607,22
34608,19
34609,1
34610,11
34611,11
34612,13
34613,5
34614,19
34615,11
34616,5
34617,4
34618,18
34619,13
34620,23
34621,1
34622,9
34623,22
34624,2
34625,1
34626,14
34627,13
34628,7
34629,2
34630,13
34631,11
34632,2
34633,11
34634,15
34635,18
34636,7
34637,13
34638,10
34639,3
34640,11
34641,11
34642,1
34643,13
34644,13
34645,5
34646,13
34647,5
34648,19
34649,13
34650,8
34651,22
34652,2
34653,3
34654,23
34655,13
34656,21
34657,1
34658,11
34659,16
34660,22
34661,19
34662,7
34663,22
34664,11
34665,18
34666,7
34667,2
34668,11
34669,19
34670,3
34671,4
34672,13
34673,1
34674,14
34675,1
34676,11
34677,13
34678,8
34679,22
34680,1
34681,22
34682,0
34683,5
34684,14
34685,18
34686,8
34687,13
34688,14
34689,21
34690,19
34691,19
34692,13
34693,16
34694,13
34695,22
34696,19
34697,11
34698,21
34699,7
34700,16
34701,14
34702,20
34703,10
34704,13
34705,23
34706,1
34707,13
34708,8
34709,11
34710,1
34711,13
34712,13
34713,2
34714,22
34715,13
34716,18
34717,1
34718,1
34719,8
34720,11
34721,1
34722,18
34723,1
34724,21
34725,13
34726,7
34727,2
34728,19
34729,2
34730,13
34731,1
34732,13
34733,1
34734,23
34735,13
34736,19
34737,1
34738,6
34739,13
34740,2
34741,19
34742,22
34743,1
34744,3
34745,19
34746,7
34747,11
34748,19
34749,19
34750,22
34751,18
34752,1
34753,11
34754,14
34755,1
34756,2
34757,21
34758,11
34759,13
34760,11
34761,23
34762,18
34763,1
34764,7
34765,7
34766,22
34767,19
34768,11
34769,13
34770,11
34771,11
34772,2
34773,18
34774,2
34775,21
34776,1
34777,11
34778,14
34779,13
34780,13
34781,21
34782,11
34783,1
34784,11
34785,1
34786,2
34787,19
34788,14
34789,21
34790,11
34791,13
34792,19
34793,13
34794,13
34795,13
34796,1
34797,13
34798,6
34799,10
34800,11
34801,21
34802,4
34803,18
34804,18
34805,0
34806,8
34807,13
34808,23
34809,11
34810,21
34811,13
34812,11
34813,12
34814,11
34815,21
34816,22
34817,11
34818,19
34819,23
34820,19
34821,13
34822,5
34823,9
34824,16
34825,14
34826,1
34827,7
34828,1
34829,4
34830,8
34831,13
34832,11
34833,3
34834,10
34835,11
34836,13
34837,2
34838,16
34839,11
34840,13
34841,11
34842,2
34843,11
34844,2
34845,13
34846,23
34847,2
34848,13
34849,22
34850,9
34851,14
34852,3
34853,11
34854,22
34855,19
34856,13
34857,1
34858,5
34859,7
34860,7
34861,1
34862,7
34863,18
34864,7
34865,11
34866,2
34867,7
34868,11
34869,8
34870,18
34871,4
34872,19
34873,13
34874,21
34875,1
34876,2
34877,13
34878,19
34879,13
34880,11
34881,14
34882,1
34883,14
34884,5
34885,13
34886,2
34887,14
34888,1
34889,13
34890,14
34891,1
34892,2
34893,13
34894,8
34895,1
34896,13
34897,23
34898,10
34899,19
34900,21
34901,14
34902,19
34903,7
34904,15
34905,2
34906,1
34907,20
34908,19
34909,12
34910,15
34911,10
34912,11
34913,20
34914,16
34915,1
34916,11
34917,3
34918,22
34919,18
34920,22
34921,2
34922,13
34923,18
34924,12
34925,19
34926,13
34927,19
34928,18
34929,13
34930,19
34931,9
34932,19
34933,22
34934,7
34935,18
34936,1
34937,20
34938,2
34939,1
34940,2
34941,4
34942,10
34943,1
34944,13
34945,23
34946,5
34947,4
34948,18
34949,19
34950,11
34951,18
34952,1
34953,11
34954,11
34955,18
34956,19
34957,4
34958,11
34959,13
34960,17
34961,13
34962,6
34963,13
34964,13
34965,13
34966,23
34967,6
34968,11
34969,19
34970,8
34971,22
34972,13
34973,11
34974,3
34975,13
34976,13
34977,4
34978,11
34979,11
34980,13
34981,6
34982,19
34983,2
34984,11
34985,15
34986,4
34987,8
34988,4
34989,13
34990,13
34991,2
34992,7
34993,2
34994,2
34995,7
34996,8
34997,13
34998,19
34999,19
35000,9
35001,11
35002,18
35003,10
35004,22
35005,11
35006,13
35007,21
35008,13
35009,2
35010,11
35011,7
35012,13
35013,2
35014,7
35015,10
35016,5
35017,3
35018,19
35019,13
35020,14
35021,13
35022,13
35023,11
35024,1
35025,2
35026,21
35027,22
35028,1
35029,14
35030,7
35031,4
35032,7
35033,2
35034,19
35035,11
35036,19
35037,13
35038,13
35039,2
35040,13
35041,8
35042,22
35043,3
35044,16
35045,7
35046,23
35047,7
35048,6
35049,11
35050,7
35051,19
35052,4
35053,11
35054,13
35055,7
35056,11
35057,11
35058,22
35059,2
35060,2
35061,22
35062,19
35063,17
35064,7
35065,8
35066,7
35067,13
35068,7
35069,22
35070,13
35071,17
35072,7
35073,13
35074,3
35075,22
35076,8
35077,7
35078,1
35079,1
35080,19
35081,7
35082,14
35083,21
35084,1
35085,22
35086,2
35087,13
35088,3
35089,1
35090,1
35091,10
35092,7
35093,19
35094,7
35095,7
35096,22
35097,11
35098,18
35099,13
35100,13
35101,19
35102,21
35103,21
35104,2
35105,11
35106,19
35107,18
35108,3
35109,1
35110,19
35111,13
35112,1
35113,8
35114,7
35115,7
35116,13
35117,20
35118,7
35119,19
35120,23
35121,7
35122,13
35123,2
35124,13
35125,11
35126,8
35127,13
35128,13
35129,10
35130,2
35131,1
35132,13
35133,9
35134,11
35135,13
35136,8
35137,1
35138,11
35139,23
35140,1
35141,5
35142,14
35143,11
35144,13
35145,18
35146,19
35147,18
35148,18
35149,13
35150,21
35151,15
35152,13
35153,22
35154,19
35155,22
35156,16
35157,11
35158,19
35159,5
35160,13
35161,3
35162,22
35163,2
35164,19
35165,23
35166,11
35167,13
35168,9
35169,8
35170,13
35171,7
35172,22
35173,5
35174,13
35175,11
35176,11
35177,7
35178,2
35179,19
35180,3
35181,19
35182,14
35183,7
35184,8
35185,7
35186,7
35187,18
35188,7
35189,13
35190,13
35191,7
35192,16
35193,13
35194,13
35195,11
35196,19
35197,8
35198,19
35199,7
35200,21
35201,8
35202,9
35203,4
35204,1
35205,3
35206,13
35207,13
35208,13
35209,20
35210,13
35211,1
35212,2
35213,21
35214,18
35215,13
35216,18
35217,4
35218,7
35219,20
35220,23
35221,13
35222,3
35223,0
35224,13
35225,22
35226,3
35227,13
35228,22
35229,18
35230,19
35231,9
35232,8
35233,22
35234,13
35235,7
35236,3
35237,19
35238,6
35239,21
35240,14
35241,21
35242,11
35243,18
35244,22
35245,19
35246,3
35247,7
35248,13
35249,2
35250,18
35251,1
35252,11
35253,1
35254,13
35255,19
35256,16
35257,11
35258,13
35259,1
35260,13
35261,14
35262,13
35263,22
35264,19
35265,22
35266,9
35267,13
35268,9
35269,13
35270,1
35271,1
35272,1
35273,7
35274,8
35275,22
35276,3
35277,13
35278,18
35279,11
35280,3
35281,20
35282,11
35283,21
35284,14
35285,2
35286,13
35287,7
35288,13
35289,11
35290,19
35291,13
35292,2
35293,19
35294,11
35295,2
35296,13
35297,8
35298,13
35299,9
35300,13
35301,7
35302,7
35303,7
35304,23
35305,13
35306,11
35307,1
35308,11
35309,22
35310,8
35311,9
35312,11
35313,11
35314,1
35315,2
35316,2
35317,13
35318,7
35319,18
35320,19
35321,11
35322,21
35323,22
35324,8
35325,7
35326,0
35327,1
35328,11
35329,13
35330,2
35331,5
35332,21
35333,11
35334,7
35335,13
35336,23
35337,11
35338,7
35339,11
35340,11
35341,11
35342,7
35343,19
35344,19
35345,6
35346,13
35347,22
35348,2
35349,1
35350,14
35351,11
35352,13
35353,13
35354,13
35355,1
35356,1
35357,13
35358,11
35359,2
35360,13
35361,13
35362,13
35363,13
35364,13
35365,13
35366,20
35367,20
35368,22
35369,7
35370,14
35371,22
35372,7
35373,23
35374,19
35375,11
35376,4
35377,19
35378,17
35379,2
35380,7
35381,23
35382,1
35383,1
35384,1
35385,13
35386,19
35387,1
35388,13
35389,13
35390,12
35391,22
35392,22
35393,19
35394,4
35395,19
35396,14
35397,14
35398,13
35399,2
35400,13
35401,13
35402,1
35403,19
35404,13
35405,2
35406,13
35407,13
35408,21
35409,22
35410,18
35411,13
35412,1
35413,2
35414,13
35415,11
35416,1
35417,22
35418,19
35419,19
35420,21
35421,5
35422,18
35423,15
35424,11
35425,13
35426,4
35427,9
35428,13
35429,15
35430,14
35431,11
35432,2
35433,13
35434,19
35435,14
35436,1
35437,23
35438,13
35439,19
35440,5
35441,13
35442,23
35443,13
35444,19
35445,22
35446,6
35447,18
35448,11
35449,13
35450,9
35451,19
35452,13
35453,22
35454,13
35455,13
35456,4
35457,13
35458,2
35459,21
35460,23
35461,1
35462,22
35463,2
35464,20
35465,19
35466,14
35467,8
35468,7
35469,13
35470,2
35471,14
35472,2
35473,7
35474,5
35475,1
35476,6
35477,4
35478,18
35479,1
35480,13
35481,19
35482,2
35483,14
35484,11
35485,13
35486,10
35487,7
35488,4
35489,22
35490,1
35491,13
35492,7
35493,13
35494,22
35495,14
35496,13
35497,13
35498,2
35499,13
35500,7
35501,1
35502,4
35503,8
35504,5
35505,2
35506,18
35507,19
35508,2
35509,6
35510,13
35511,19
35512,15
35513,1
35514,22
35515,13
35516,5
35517,14
35518,2
35519,19
35520,21
35521,21
35522,11
35523,1
35524,23
35525,7
35526,6
35527,19
35528,19
35529,13
35530,13
35531,23
35532,13
35533,7
35534,1
35535,19
35536,2
35537,8
35538,14
35539,7
35540,4
35541,2
35542,1
35543,2
35544,7
35545,14
35546,18
35547,11
35548,7
35549,7
35550,11
35551,13
35552,9
35553,22
35554,10
35555,13
35556,22
35557,13
35558,17
35559,19
35560,7
35561,14
35562,1
35563,13
35564,8
35565,13
35566,20
35567,11
35568,21
35569,2
35570,20
35571,2
35572,11
35573,7
35574,23
35575,13
35576,22
35577,5
35578,22
35579,1
35580,22
35581,23
35582,14
35583,1
35584,13
35585,13
35586,13
35587,13
35588,1
35589,1
35590,10
35591,13
35592,9
35593,1
35594,13
35595,13
35596,13
35597,7
35598,19
35599,2
35600,21
35601,11
35602,13
35603,15
35604,11
35605,1
35606,6
35607,19
35608,5
35609,11
35610,2
35611,13
35612,9
35613,9
35614,11
35615,13
35616,14
35617,7
35618,18
35619,4
35620,11
35621,7
35622,7
35623,11
35624,11
35625,19
35626,19
35627,13
35628,7
35629,19
35630,1
35631,10
35632,13
35633,11
35634,4
35635,6
35636,5
35637,14
35638,22
35639,1
35640,22
35641,9
35642,19
35643,11
35644,13
35645,19
35646,7
35647,3
35648,11
35649,1
35650,1
35651,7
35652,13
35653,1
35654,8
35655,11
35656,7
35657,7
35658,8
35659,7
35660,8
35661,1
35662,14
35663,5
35664,13
35665,21
35666,9
35667,1
35668,11
35669,7
35670,8
35671,18
35672,2
35673,7
35674,19
35675,13
35676,1
35677,4
35678,13
35679,11
35680,2
35681,7
35682,1
35683,13
35684,13
35685,2
35686,13
35687,14
35688,0
35689,21
35690,7
35691,8
35692,2
35693,13
35694,10
35695,14
35696,13
35697,21
35698,7
35699,16
35700,14
35701,18
35702,18
35703,9
35704,13
35705,18
35706,13
35707,9
35708,22
35709,1
35710,8
35711,3
35712,3
35713,11
35714,19
35715,18
35716,21
35717,23
35718,13
35719,15
35720,19
35721,11
35722,19
35723,22
35724,18
35725,7
35726,1
35727,4
35728,7
35729,23
35730,13
35731,13
35732,7
35733,1
35734,19
35735,22
35736,19
35737,2
35738,7
35739,13
35740,11
35741,22
35742,19
35743,14
35744,14
35745,2
35746,13
35747,2
35748,11
35749,18
35750,19
35751,13
35752,22
35753,2
35754,1
35755,11
35756,13
35757,19
35758,6
35759,11
35760,12
35761,1
35762,11
35763,19
35764,22
35765,11
35766,22
35767,23
35768,10
35769,1
35770,9
35771,21
35772,9
35773,13
35774,11
35775,19
35776,1
35777,7
35778,19
35779,22
35780,23
35781,15
35782,8
35783,7
35784,21
35785,23
35786,2
35787,6
35788,19
35789,11
35790,2
35791,1
35792,22
35793,11
35794,19
35795,7
35796,22
35797,1
35798,9
35799,13
35800,20
35801,11
35802,22
35803,11
35804,13
35805,11
35806,7
35807,13
35808,14
35809,4
35810,13
35811,7
35812,11
35813,20
35814,7
35815,8
35816,23
35817,3
35818,20
35819,22
35820,23
35821,23
35822,13
35823,19
35824,19
35825,4
35826,7
35827,1
35828,3
35829,13
35830,19
35831,1
35832,13
35833,19
35834,19
35835,13
35836,13
35837,13
35838,6
35839,22
35840,22
35841,13
35842,4
35843,19
35844,23
35845,19
35846,13
35847,13
35848,13
35849,13
35850,13
35851,22
35852,13
35853,17
35854,2
35855,1
35856,13
35857,0
35858,4
35859,13
35860,11
35861,7
35862,7
35863,4
35864,21
35865,13
35866,14
35867,21
35868,13
35869,18
35870,22
35871,13
35872,13
35873,7
35874,18
35875,18
35876,1
35877,19
35878,7
35879,13
35880,1
35881,19
35882,8
35883,2
35884,4
35885,1
35886,0
35887,1
35888,19
35889,4
35890,0
35891,14
35892,3
35893,1
35894,7
35895,7
35896,1
35897,22
35898,19
35899,7
35900,14
35901,13
35902,18
35903,13
35904,13
35905,19
35906,18
35907,7
35908,18
35909,13
35910,11
35911,13
35912,2
35913,19
35914,13
35915,13
35916,11
35917,9
35918,20
35919,19
35920,23
35921,11
35922,7
35923,18
35924,14
35925,13
35926,7
35927,18
35928,11
35929,21
35930,7
35931,13
35932,1
35933,14
35934,13
35935,23
35936,11
35937,13
35938,5
35939,13
35940,13
35941,13
35942,18
35943,13
35944,11
35945,13
35946,13
35947,7
35948,13
35949,0
35950,7
35951,19
35952,7
35953,19
35954,11
35955,22
35956,7
35957,19
35958,7
35959,7
35960,13
35961,4
35962,2
35963,5
35964,15
35965,13
35966,3
35967,21
35968,2
35969,4
35970,2
35971,13
35972,18
35973,11
35974,18
35975,2
35976,6
35977,11
35978,2
35979,19
35980,19
35981,18
35982,7
35983,7
35984,23
35985,11
35986,20
35987,7
35988,11
35989,11
35990,18
35991,13
35992,13
35993,2
35994,7
35995,14
35996,3
35997,18
35998,4
35999,2
36000,4
36001,13
36002,11
36003,7
36004,18
36005,13
36006,13
36007,11
36008,14
36009,7
36010,6
36011,13
36012,18
36013,13
36014,18
36015,10
36016,7
36017,7
36018,13
36019,18
36020,13
36021,15
36022,5
36023,11
36024,9
36025,13
36026,6
36027,3
36028,18
36029,8
36030,8
36031,20
36032,21
36033,7
36034,11
36035,13
36036,11
36037,22
36038,13
36039,18
36040,18
36041,7
36042,5
36043,13
36044,0
36045,22
36046,22
36047,5
36048,19
36049,9
36050,11
36051,21
36052,22
36053,1
36054,11
36055,18
36056,18
36057,19
36058,2
36059,19
36060,11
36061,7
36062,11
36063,22
36064,8
36065,9
36066,4
36067,7
36068,14
36069,19
36070,16
36071,13
36072,1
36073,11
36074,23
36075,1
36076,21
36077,1
36078,1
36079,8
36080,13
36081,4
36082,13
36083,2
36084,18
36085,13
36086,6
36087,13
36088,11
36089,14
36090,22
36091,11
36092,11
36093,13
36094,5
36095,1
36096,9
36097,11
36098,19
36099,13
36100,13
36101,2
36102,7
36103,5
36104,13
36105,18
36106,18
36107,16
36108,10
36109,1
36110,1
36111,1
36112,2
36113,13
36114,19
36115,16
36116,19
36117,20
36118,4
36119,19
36120,18
36121,7
36122,5
36123,13
36124,22
36125,2
36126,3
36127,11
36128,21
36129,11
36130,16
36131,4
36132,11
36133,14
36134,7
36135,18
36136,19
36137,22
36138,20
36139,18
36140,1
36141,11
36142,20
36143,1
36144,4
36145,14
36146,7
36147,13
36148,19
36149,1
36150,4
36151,8
36152,14
36153,13
36154,13
36155,2
36156,22
36157,13
36158,2
36159,15
36160,1
36161,19
36162,13
36163,3
36164,19
36165,19
36166,18
36167,13
36168,1
36169,7
36170,4
36171,13
36172,13
36173,13
36174,8
36175,11
36176,21
36177,19
36178,2
36179,19
36180,1
36181,22
36182,9
36183,13
36184,0
36185,1
36186,13
36187,3
36188,13
36189,18
36190,11
36191,1
36192,19
36193,21
36194,4
36195,13
36196,3
36197,19
36198,13
36199,22
36200,13
36201,7
36202,1
36203,22
36204,2
36205,21
36206,10
36207,11
36208,5
36209,13
36210,19
36211,6
36212,19
36213,14
36214,19
36215,3
36216,13
36217,10
36218,5
36219,2
36220,13
36221,7
36222,11
36223,1
36224,22
36225,7
36226,11
36227,2
36228,14
36229,18
36230,21
36231,18
36232,1
36233,1
36234,11
36235,2
36236,13
36237,9
36238,14
36239,11
36240,19
36241,10
36242,7
36243,1
36244,13
36245,13
36246,10
36247,2
36248,23
36249,22
36250,11
36251,13
36252,13
36253,1
36254,1
36255,19
36256,13
36257,11
36258,5
36259,11
36260,9
36261,18
36262,3
36263,21
36264,3
36265,1
36266,10
36267,13
36268,22
36269,7
36270,22
36271,5
36272,13
36273,5
36274,1
36275,14
36276,0
36277,19
36278,2
36279,23
36280,7
36281,7
36282,20
36283,19
36284,11
36285,9
36286,7
36287,13
36288,2
36289,6
36290,10
36291,13
36292,19
36293,12
36294,2
36295,11
36296,11
36297,11
36298,2
36299,18
36300,6
36301,17
36302,13
36303,2
36304,18
36305,16
36306,14
36307,13
36308,4
36309,1
36310,13
36311,22
36312,16
36313,13
36314,19
36315,13
36316,22
36317,1
36318,13
36319,19
36320,13
36321,13
36322,11
36323,11
36324,11
36325,4
36326,11
36327,2
36328,1
36329,7
36330,19
36331,4
36332,2
36333,1
36334,22
36335,5
36336,1
36337,4
36338,13
36339,0
36340,8
36341,18
36342,9
36343,22
36344,1
36345,13
36346,22
36347,2
36348,22
36349,22
36350,19
36351,18
36352,7
36353,15
36354,23
36355,19
36356,18
36357,18
36358,13
36359,18
36360,19
36361,1
36362,22
36363,1
36364,1
36365,13
36366,5
36367,22
36368,19
36369,22
36370,1
36371,15
36372,8
36373,2
36374,13
36375,18
36376,13
36377,22
36378,21
36379,13
36380,15
36381,11
36382,13
36383,11
36384,14
36385,1
36386,21
36387,13
36388,1
36389,6
36390,8
36391,3
36392,13
36393,13
36394,1
36395,11
36396,13
36397,2
36398,19
36399,22
36400,8
36401,19
36402,18
36403,13
36404,14
36405,13
36406,13
36407,7
36408,5
36409,14
36410,6
36411,19
36412,1
36413,13
36414,1
36415,19
36416,13
36417,11
36418,2
36419,8
36420,4
36421,7
36422,14
36423,1
36424,18
36425,5
36426,23
36427,23
36428,18
36429,4
36430,9
36431,19
36432,2
36433,7
36434,4
36435,2
36436,18
36437,19
36438,5
36439,1
36440,11
36441,19
36442,13
36443,1
36444,14
36445,10
36446,18
36447,11
36448,22
36449,21
36450,14
36451,7
36452,19
36453,15
36454,11
36455,9
36456,4
36457,5
36458,13
36459,1
36460,11
36461,6
36462,13
36463,4
36464,15
36465,7
36466,9
36467,7
36468,13
36469,18
36470,21
36471,7
36472,19
36473,7
36474,22
36475,22
36476,11
36477,23
36478,18
36479,13
36480,7
36481,7
36482,21
36483,4
36484,19
36485,4
36486,13
36487,11
36488,11
36489,2
36490,2
36491,1
36492,5
36493,11
36494,19
36495,18
36496,16
36497,2
36498,1
36499,19
36500,21
36501,7
36502,3
36503,9
36504,10
36505,9
36506,21
36507,13
36508,13
36509,16
36510,22
36511,13
36512,13
36513,10
36514,11
36515,7
36516,1
36517,13
36518,1
36519,8
36520,22
36521,0
36522,6
36523,18
36524,1
36525,13
36526,13
36527,1
36528,11
36529,7
36530,21
36531,13
36532,13
36533,11
36534,13
36535,1
36536,13
36537,13
36538,19
36539,13
36540,18
36541,13
36542,19
36543,7
36544,19
36545,1
36546,18
36547,1
36548,13
36549,5
36550,11
36551,21
36552,3
36553,7
36554,15
36555,11
36556,13
36557,8
36558,11
36559,13
36560,11
36561,14
36562,13
36563,13
36564,13
36565,11
36566,9
36567,22
36568,7
36569,1
36570,22
36571,11
36572,11
36573,18
36574,15
36575,11
36576,22
36577,4
36578,1
36579,18
36580,13
36581,22
36582,23
36583,7
36584,1
36585,2
36586,13
36587,14
36588,19
36589,1
36590,2
36591,13
36592,0
36593,13
36594,11
36595,11
36596,4
36597,1
36598,18
36599,22
36600,19
36601,11
36602,13
36603,15
36604,14
36605,19
36606,18
36607,13
36608,5
36609,2
36610,13
36611,11
36612,13
36613,11
36614,11
36615,13
36616,11
36617,11
36618,7
36619,11
36620,8
36621,19
36622,8
36623,1
36624,22
36625,8
36626,11
36627,13
36628,21
36629,11
36630,16
36631,22
36632,1
36633,7
36634,7
36635,8
36636,3
36637,5
36638,1
36639,13
36640,18
36641,14
36642,20
36643,13
36644,21
36645,1
36646,8
36647,23
36648,7
36649,13
36650,13
36651,11
36652,18
36653,7
36654,13
36655,19
36656,9
36657,20
36658,14
36659,19
36660,13
36661,13
36662,11
36663,4
36664,13
36665,11
36666,4
36667,7
36668,2
36669,13
36670,7
36671,20
36672,7
36673,18
36674,7
36675,7
36676,1
36677,11
36678,13
36679,4
36680,13
36681,18
36682,22
36683,1
36684,11
36685,9
36686,19
36687,7
36688,7
36689,14
36690,13
36691,1
36692,21
36693,11
36694,4
36695,19
36696,8
36697,21
36698,13
36699,8
36700,3
36701,11
36702,9
36703,11
36704,13
36705,7
36706,10
36707,1
36708,7
36709,1
36710,1
36711,5
36712,3
36713,13
36714,13
36715,11
36716,13
36717,9
36718,13
36719,19
36720,8
36721,13
36722,19
36723,18
36724,7
36725,10
36726,21
36727,22
36728,13
36729,1
36730,13
36731,13
36732,18
36733,11
36734,19
36735,19
36736,1
36737,0
36738,21
36739,14
36740,10
36741,7
36742,21
36743,13
36744,2
36745,6
36746,4
36747,5
36748,21
36749,1
36750,8
36751,22
36752,11
36753,1
36754,19
36755,7
36756,14
36757,13
36758,13
36759,2
36760,9
36761,1
36762,13
36763,22
36764,21
36765,11
36766,13
36767,9
36768,3
36769,2
36770,19
36771,23
36772,1
36773,13
36774,19
36775,2
36776,11
36777,8
36778,4
36779,1
36780,4
36781,13
36782,5
36783,14
36784,7
36785,20
36786,21
36787,11
36788,18
36789,13
36790,13
36791,13
36792,22
36793,13
36794,11
36795,22
36796,14
36797,1
36798,18
36799,14
36800,2
36801,0
36802,5
36803,8
36804,18
36805,2
36806,11
36807,14
36808,13
36809,7
36810,15
36811,19
36812,13
36813,1
36814,11
36815,21
36816,9
36817,7
36818,13
36819,1
36820,7
36821,13
36822,15
36823,3
36824,14
36825,13
36826,11
36827,18
36828,3
36829,13
36830,16
36831,1
36832,11
36833,13
36834,16
36835,3
36836,4
36837,22
36838,20
36839,3
36840,23
36841,19
36842,1
36843,21
36844,6
36845,6
36846,13
36847,21
36848,23
36849,13
36850,13
36851,9
36852,9
36853,10
36854,13
36855,18
36856,19
36857,19
36858,2
36859,11
36860,1
36861,13
36862,17
36863,4
36864,11
36865,4
36866,14
36867,22
36868,11
36869,11
36870,13
36871,13
36872,13
36873,14
36874,14
36875,13
36876,15
36877,19
36878,9
36879,2
36880,8
36881,7
36882,11
36883,11
36884,3
36885,11
36886,11
36887,3
36888,4
36889,11
36890,0
36891,19
36892,23
36893,6
36894,11
36895,13
36896,21
36897,13
36898,13
36899,2
36900,11
36901,11
36902,1
36903,13
36904,22
36905,13
36906,13
36907,20
36908,13
36909,19
36910,13
36911,17
36912,7
36913,11
36914,18
36915,16
36916,13
36917,8
36918,13
36919,7
36920,1
36921,2
36922,7
36923,12
36924,19
36925,18
36926,21
36927,8
36928,11
36929,7
36930,19
36931,13
36932,7
36933,12
36934,11
36935,9
36936,23
36937,11
36938,11
36939,13
36940,19
36941,18
36942,2
36943,13
36944,16
36945,7
36946,11
36947,19
36948,13
36949,1
36950,13
36951,22
36952,13
36953,13
36954,21
36955,6
36956,2
36957,1
36958,19
36959,5
36960,13
36961,1
36962,13
36963,21
36964,1
36965,23
36966,13
36967,2
36968,19
36969,0
36970,21
36971,18
36972,23
36973,13
36974,13
36975,18
36976,21
36977,11
36978,13
36979,1
36980,8
36981,14
36982,13
36983,13
36984,11
36985,2
36986,22
36987,13
36988,13
36989,3
36990,22
36991,13
36992,13
36993,21
36994,2
36995,18
36996,22
36997,1
36998,11
36999,14
37000,15
37001,3
37002,13
37003,19
37004,7
37005,11
37006,13
37007,13
37008,4
37009,7
37010,13
37011,11
37012,14
37013,18
37014,1
37015,23
37016,11
37017,13
37018,1
37019,6
37020,1
37021,18
37022,11
37023,1
37024,11
37025,13
37026,11
37027,3
37028,13
37029,1
37030,10
37031,22
37032,10
37033,19
37034,7
37035,3
37036,11
37037,22
37038,13
37039,13
37040,14
37041,2
37042,16
37043,14
37044,2
37045,2
37046,1
37047,1
37048,13
37049,18
37050,23
37051,18
37052,2
37053,1
37054,21
37055,1
37056,7
37057,18
37058,2
37059,19
37060,6
37061,13
37062,13
37063,2
37064,13
37065,7
37066,8
37067,5
37068,7
37069,19
37070,13
37071,13
37072,11
37073,13
37074,11
37075,13
37076,9
37077,5
37078,1
37079,1
37080,19
37081,11
37082,23
37083,13
37084,15
37085,5
37086,20
37087,7
37088,7
37089,18
37090,13
37091,13
37092,23
37093,3
37094,5
37095,7
37096,1
37097,22
37098,18
37099,9
37100,13
37101,13
37102,18
37103,10
37104,2
37105,14
37106,13
37107,13
37108,7
37109,13
37110,21
37111,11
37112,0
37113,22
37114,1
37115,18
37116,5
37117,7
37118,5
37119,16
37120,13
37121,1
37122,21
37123,11
37124,18
37125,13
37126,2
37127,7
37128,9
37129,14
37130,7
37131,9
37132,18
37133,3
37134,5
37135,22
37136,2
37137,11
37138,11
37139,14
37140,11
37141,19
37142,2
37143,19
37144,13
37145,11
37146,19
37147,11
37148,21
37149,3
37150,1
37151,1
37152,11
37153,23
37154,4
37155,10
37156,19
37157,18
37158,1
37159,2
37160,11
37161,18
37162,4
37163,1
37164,13
37165,10
37166,13
37167,23
37168,22
37169,8
37170,3
37171,13
37172,1
37173,5
37174,11
37175,18
37176,6
37177,14
37178,1
37179,19
37180,1
37181,22
37182,1
37183,2
37184,9
37185,18
37186,11
37187,19
37188,4
37189,19
37190,19
37191,9
37192,4
37193,13
37194,13
37195,3
37196,11
37197,1
37198,22
37199,18
37200,19
37201,3
37202,5
37203,23
37204,13
37205,13
37206,17
37207,7
37208,1
37209,14
37210,13
37211,19
37212,1
37213,19
37214,11
37215,7
37216,22
37217,23
37218,21
37219,13
37220,13
37221,20
37222,11
37223,23
37224,8
37225,10
37226,11
37227,7
37228,21
37229,19
37230,2
37231,13
37232,14
37233,19
37234,2
37235,13
37236,21
37237,11
37238,7
37239,19
37240,12
37241,18
37242,13
37243,1
37244,13
37245,23
37246,13
37247,1
37248,19
37249,21
37250,0
37251,13
37252,19
37253,18
37254,18
37255,13
37256,13
37257,11
37258,2
37259,3
37260,1
37261,22
37262,14
37263,19
37264,11
37265,19
37266,13
37267,1
37268,2
37269,3
37270,13
37271,1
37272,7
37273,7
37274,15
37275,14
37276,23
37277,22
37278,1
37279,14
37280,7
37281,7
37282,14
37283,5
37284,19
37285,2
37286,1
37287,22
37288,11
37289,2
37290,13
37291,19
37292,2
37293,13
37294,13
37295,19
37296,13
37297,11
37298,7
37299,2
37300,1
37301,13
37302,19
37303,20
37304,7
37305,3
37306,2
37307,13
37308,1
37309,21
37310,13
37311,3
37312,1
37313,18
37314,13
37315,13
37316,19
37317,13
37318,13
37319,6
37320,22
37321,14
37322,7
37323,14
37324,19
37325,1
37326,22
37327,19
37328,19
37329,13
37330,7
37331,11
37332,11
37333,14
37334,19
37335,13
37336,11
37337,14
37338,21
37339,5
37340,11
37341,22
37342,22
37343,13
37344,13
37345,2
37346,19
37347,18
37348,4
37349,9
37350,19
37351,23
37352,2
37353,22
37354,7
37355,3
37356,1
37357,18
37358,7
37359,14
37360,1
37361,13
37362,22
37363,23
37364,13
37365,18
37366,13
37367,23
37368,2
37369,21
37370,7
37371,1
37372,19
37373,19
37374,11
37375,11
37376,0
37377,11
37378,13
37379,5
37380,7
37381,2
37382,11
37383,11
37384,9
37385,11
37386,13
37387,13
37388,13
37389,11
37390,22
37391,13
37392,2
37393,2
37394,18
37395,13
37396,11
37397,3
37398,4
37399,13
37400,17
37401,2
37402,13
37403,4
37404,18
37405,3
37406,10
37407,13
37408,11
37409,19
37410,11
37411,1
37412,7
37413,13
37414,21
37415,22
37416,19
37417,19
37418,19
37419,22
37420,0
37421,4
37422,13
37423,0
37424,1
37425,21
37426,22
37427,1
37428,22
37429,13
37430,11
37431,10
37432,21
37433,22
37434,13
37435,22
37436,7
37437,23
37438,0
37439,8
37440,20
37441,13
37442,7
37443,4
37444,13
37445,2
37446,10
37447,13
37448,1
37449,5
37450,18
37451,13
37452,11
37453,1
37454,13
37455,2
37456,3
37457,21
37458,15
37459,13
37460,1
37461,18
37462,1
37463,19
37464,16
37465,9
37466,4
37467,14
37468,16
37469,13
37470,4
37471,1
37472,8
37473,19
37474,1
37475,7
37476,14
37477,11
37478,2
37479,1
37480,13
37481,19
37482,9
37483,4
37484,13
37485,2
37486,19
37487,13
37488,1
37489,13
37490,11
37491,7
37492,11
37493,2
37494,7
37495,11
37496,19
37497,2
37498,1
37499,7
37500,5
37501,21
37502,11
37503,13
37504,11
37505,7
37506,13
37507,13
37508,23
37509,11
37510,21
37511,11
37512,16
37513,22
37514,22
37515,13
37516,1
37517,2
37518,2
37519,3
37520,11
37521,13
37522,21
37523,19
37524,2
37525,8
37526,8
37527,10
37528,13
37529,6
37530,13
37531,8
37532,18
37533,11
37534,1
37535,13
37536,19
37537,13
37538,21
37539,2
37540,2
37541,13
37542,7
37543,1
37544,19
37545,2
37546,11
37547,2
37548,1
37549,23
37550,7
37551,13
37552,13
37553,22
37554,1
37555,1
37556,22
37557,3
37558,21
37559,19
37560,2
37561,8
37562,21
37563,19
37564,18
37565,7
37566,13
37567,11
37568,11
37569,5
37570,13
37571,11
37572,18
37573,13
37574,21
37575,11
37576,1
37577,11
37578,13
37579,6
37580,22
37581,11
37582,19
37583,2
37584,2
37585,19
37586,13
37587,22
37588,18
37589,13
37590,13
37591,19
37592,21
37593,1
37594,10
37595,21
37596,7
37597,4
37598,21
37599,5
37600,8
37601,19
37602,18
37603,19
37604,7
37605,1
37606,14
37607,14
37608,13
37609,19
37610,1
37611,14
37612,19
37613,13
37614,5
37615,1
37616,11
37617,2
37618,19
37619,18
37620,2
37621,1
37622,22
37623,1
37624,2
37625,13
37626,11
37627,19
37628,19
37629,8
37630,13
37631,21
37632,13
37633,6
37634,8
37635,17
37636,19
37637,22
37638,6
37639,4
37640,19
37641,0
37642,19
37643,4
37644,1
37645,2
37646,1
37647,13
37648,13
37649,1
37650,6
37651,7
37652,23
37653,2
37654,13
37655,0
37656,18
37657,7
37658,14
37659,1
37660,13
37661,20
37662,16
37663,2
37664,13
37665,13
37666,1
37667,7
37668,14
37669,5
37670,22
37671,14
37672,1
37673,18
37674,4
37675,19
37676,13
37677,14
37678,1
37679,13
37680,16
37681,2
37682,19
37683,23
37684,1
37685,13
37686,11
37687,8
37688,11
37689,2
37690,11
37691,23
37692,22
37693,11
37694,13
37695,13
37696,14
37697,18
37698,13
37699,22
37700,18
37701,13
37702,22
37703,4
37704,7
37705,0
37706,1
37707,21
37708,22
37709,3
37710,2
37711,18
37712,3
37713,22
37714,19
37715,18
37716,18
37717,13
37718,22
37719,21
37720,11
37721,6
37722,4
37723,18
37724,11
37725,8
37726,13
37727,3
37728,18
37729,22
37730,3
37731,1
37732,1
37733,19
37734,1
37735,7
37736,14
37737,21
37738,15
37739,1
37740,1
37741,13
37742,20
37743,11
37744,9
37745,5
37746,7
37747,13
37748,13
37749,2
37750,13
37751,13
37752,13
37753,19
37754,12
37755,18
37756,4
37757,2
37758,13
37759,22
37760,19
37761,18
37762,9
37763,19
37764,13
37765,11
37766,14
37767,3
37768,2
37769,4
37770,12
37771,0
37772,13
37773,8
37774,14
37775,19
37776,11
37777,14
37778,19
37779,13
37780,13
37781,19
37782,8
37783,11
37784,8
37785,9
37786,13
37787,6
37788,19
37789,2
37790,7
37791,13
37792,19
37793,2
37794,7
37795,19
37796,18
37797,9
37798,23
37799,22
37800,2
37801,5
37802,19
37803,1
37804,14
37805,7
37806,6
37807,3
37808,13
37809,1
37810,5
37811,19
37812,9
37813,2
37814,15
37815,7
37816,1
37817,1
37818,2
37819,23
37820,1
37821,13
37822,13
37823,14
37824,2
37825,2
37826,6
37827,7
37828,11
37829,13
37830,13
37831,3
37832,13
37833,21
37834,13
37835,19
37836,1
37837,1
37838,14
37839,4
37840,18
37841,11
37842,5
37843,5
37844,2
37845,3
37846,18
37847,7
37848,7
37849,21
37850,2
37851,18
37852,14
37853,13
37854,22
37855,18
37856,23
37857,5
37858,11
37859,11
37860,19
37861,13
37862,3
37863,19
37864,13
37865,1
37866,16
37867,16
37868,9
37869,11
37870,11
37871,18
37872,13
37873,11
37874,19
37875,13
37876,2
37877,2
37878,23
37879,0
37880,2
37881,19
37882,7
37883,20
37884,2
37885,22
37886,13
37887,19
37888,8
37889,1
37890,2
37891,13
37892,13
37893,8
37894,13
37895,22
37896,1
37897,18
37898,14
37899,9
37900,13
37901,2
37902,14
37903,13
37904,19
37905,11
37906,14
37907,19
37908,13
37909,5
37910,19
37911,7
37912,6
37913,1
37914,19
37915,19
37916,11
37917,16
37918,3
37919,11
37920,11
37921,11
37922,7
37923,22
37924,11
37925,13
37926,18
37927,1
37928,19
37929,2
37930,5
37931,11
37932,11
37933,7
37934,19
37935,11
37936,13
37937,1
37938,1
37939,8
37940,13
37941,23
37942,1
37943,13
37944,11
37945,7
37946,1
37947,13
37948,23
37949,18
37950,18
37951,4
37952,19
37953,5
37954,9
37955,1
37956,13
37957,2
37958,21
37959,19
37960,1
37961,8
37962,22
37963,7
37964,13
37965,21
37966,13
37967,2
37968,2
37969,7
37970,2
37971,9
37972,18
37973,10
37974,2
37975,13
37976,1
37977,2
37978,2
37979,2
37980,15
37981,11
37982,19
37983,5
37984,14
37985,13
37986,15
37987,2
37988,12
37989,19
37990,11
37991,1
37992,13
37993,19
37994,11
37995,2
37996,13
37997,7
37998,0
37999,13
38000,3
38001,7
38002,11
38003,5
38004,10
38005,19
38006,1
38007,2
38008,13
38009,18
38010,21
38011,4
38012,3
38013,11
38014,21
38015,11
38016,19
38017,5
38018,13
38019,13
38020,22
38021,2
38022,13
38023,7
38024,19
38025,13
38026,13
38027,7
38028,13
38029,7
38030,1
38031,15
38032,18
38033,1
38034,23
38035,5
38036,19
38037,13
38038,5
38039,19
38040,19
38041,2
38042,22
38043,13
38044,22
38045,4
38046,18
38047,22
38048,6
38049,1
38050,7
38051,1
38052,1
38053,13
38054,18
38055,23
38056,2
38057,1
38058,13
38059,7
38060,13
38061,20
38062,1
38063,7
38064,7
38065,11
38066,22
38067,10
38068,13
38069,0
38070,13
38071,13
38072,19
38073,13
38074,8
38075,23
38076,7
38077,18
38078,1
38079,14
38080,4
38081,14
38082,12
38083,13
38084,18
38085,18
38086,11
38087,1
38088,22
38089,2
38090,16
38091,11
38092,11
38093,22
38094,14
38095,20
38096,0
38097,8
38098,13
38099,22
38100,5
38101,13
38102,5
38103,18
38104,11
38105,11
38106,1
38107,19
38108,13
38109,1
38110,18
38111,13
38112,19
38113,1
38114,14
38115,19
38116,13
38117,22
38118,19
38119,13
38120,21
38121,2
38122,1
38123,13
38124,22
38125,19
38126,13
38127,23
38128,1
38129,2
38130,3
38131,2
38132,18
38133,7
38134,3
38135,18
38136,19
38137,13
38138,2
38139,2
38140,15
38141,13
38142,22
38143,21
38144,14
38145,19
38146,13
38147,3
38148,18
38149,20
38150,1
38151,13
38152,3
38153,13
38154,8
38155,13
38156,10
38157,7
38158,19
38159,13
38160,14
38161,4
38162,18
38163,14
38164,22
38165,13
38166,13
38167,11
38168,19
38169,1
38170,7
38171,13
38172,18
38173,7
38174,22
38175,12
38176,2
38177,13
38178,7
38179,12
38180,1
38181,1
38182,13
38183,7
38184,13
38185,19
38186,19
38187,2
38188,11
38189,7
38190,19
38191,18
38192,19
38193,14
38194,2
38195,15
38196,16
38197,13
38198,9
38199,1
38200,13
38201,1
38202,8
38203,2
38204,17
38205,1
38206,13
38207,3
38208,13
38209,22
38210,22
38211,7
38212,1
38213,13
38214,13
38215,13
38216,18
38217,19
38218,21
38219,1
38220,13
38221,13
38222,5
38223,19
38224,13
38225,2
38226,7
38227,13
38228,13
38229,5
38230,3
38231,1
38232,11
38233,21
38234,10
38235,10
38236,14
38237,13
38238,11
38239,18
38240,17
38241,13
38242,16
38243,11
38244,11
38245,2
38246,19
38247,11
38248,7
38249,3
38250,2
38251,13
38252,13
38253,13
38254,1
38255,14
38256,13
38257,20
38258,6
38259,2
38260,4
38261,13
38262,13
38263,21
38264,11
38265,8
38266,13
38267,0
38268,1
38269,2
38270,15
38271,19
38272,7
38273,11
38274,13
38275,22
38276,7
38277,21
38278,19
38279,19
38280,1
38281,18
38282,16
38283,14
38284,13
38285,13
38286,7
38287,14
38288,23
38289,9
38290,13
38291,4
38292,13
38293,7
38294,21
38295,19
38296,22
38297,19
38298,13
38299,13
38300,13
38301,7
38302,4
38303,13
38304,14
38305,13
38306,18
38307,18
38308,19
38309,1
38310,13
38311,13
38312,1
38313,2
38314,2
38315,7
38316,17
38317,11
38318,11
38319,3
38320,7
38321,21
38322,2
38323,18
38324,2
38325,2
38326,1
38327,19
38328,4
38329,4
38330,5
38331,2
38332,13
38333,18
38334,13
38335,1
38336,19
38337,14
38338,11
38339,19
38340,13
38341,2
38342,13
38343,8
38344,7
38345,11
38346,1
38347,19
38348,18
38349,19
38350,1
38351,20
38352,13
38353,0
38354,13
38355,18
38356,19
38357,21
38358,1
38359,2
38360,7
38361,16
38362,22
38363,10
38364,1
38365,19
38366,1
38367,1
38368,1
38369,22
38370,11
38371,18
38372,6
38373,2
38374,13
38375,18
38376,13
38377,1
38378,10
38379,19
38380,7
38381,9
38382,5
38383,4
38384,7
38385,14
38386,8
38387,2
38388,11
38389,5
38390,18
38391,21
38392,1
38393,13
38394,18
38395,11
38396,19
38397,8
38398,13
38399,13
38400,18
38401,18
38402,19
38403,11
38404,13
38405,13
38406,13
38407,14
38408,13
38409,13
38410,6
38411,6
38412,9
38413,19
38414,9
38415,1
38416,14
38417,13
38418,19
38419,7
38420,19
38421,7
38422,19
38423,1
38424,1
38425,5
38426,13
38427,23
38428,14
38429,1
38430,1
38431,11
38432,6
38433,18
38434,7
38435,8
38436,11
38437,4
38438,22
38439,11
38440,19
38441,19
38442,19
38443,11
38444,18
38445,14
38446,5
38447,13
38448,22
38449,8
38450,19
38451,20
38452,2
38453,4
38454,7
38455,1
38456,2
38457,1
38458,13
38459,2
38460,19
38461,7
38462,7
38463,22
38464,7
38465,8
38466,22
38467,13
38468,13
38469,10
38470,7
38471,1
38472,7
38473,7
38474,9
38475,14
38476,11
38477,8
38478,14
38479,2
38480,13
38481,1
38482,18
38483,7
38484,13
38485,2
38486,15
38487,5
38488,14
38489,1
38490,4
38491,7
38492,21
38493,14
38494,2
38495,19
38496,1
38497,18
38498,19
38499,12
38500,13
38501,23
38502,11
38503,18
38504,13
38505,15
38506,13
38507,21
38508,14
38509,18
38510,23
38511,22
38512,8
38513,2
38514,1
38515,14
38516,21
38517,13
38518,13
38519,4
38520,11
38521,18
38522,1
38523,21
38524,18
38525,23
38526,19
38527,18
38528,8
38529,13
38530,13
38531,2
38532,5
38533,23
38534,11
38535,7
38536,11
38537,18
38538,4
38539,18
38540,18
38541,18
38542,13
38543,7
38544,13
38545,10
38546,22
38547,13
38548,16
38549,14
38550,7
38551,18
38552,9
38553,5
38554,19
38555,23
38556,1
38557,13
38558,14
38559,18
38560,5
38561,4
38562,4
38563,23
38564,11
38565,19
38566,2
38567,8
38568,13
38569,18
38570,19
38571,1
38572,18
38573,2
38574,18
38575,21
38576,5
38577,0
38578,7
38579,13
38580,22
38581,8
38582,11
38583,13
38584,22
38585,1
38586,7
38587,6
38588,22
38589,1
38590,11
38591,19
38592,18
38593,4
38594,2
38595,13
38596,18
38597,1
38598,19
38599,19
38600,11
38601,23
38602,14
38603,7
38604,11
38605,11
38606,8
38607,13
38608,7
38609,7
38610,13
38611,13
38612,19
38613,1
38614,9
38615,2
38616,13
38617,11
38618,13
38619,4
38620,0
38621,2
38622,13
38623,21
38624,18
38625,11
38626,14
38627,14
38628,6
38629,1
38630,1
38631,9
38632,13
38633,4
38634,19
38635,18
38636,18
38637,13
38638,18
38639,2
38640,7
38641,13
38642,1
38643,8
38644,1
38645,22
38646,11
38647,8
38648,18
38649,7
38650,13
38651,4
38652,18
38653,1
38654,19
38655,13
38656,18
38657,2
38658,2
38659,13
38660,18
38661,22
38662,13
38663,9
38664,13
38665,1
38666,13
38667,13
38668,21
38669,7
38670,19
38671,5
38672,23
38673,6
38674,1
38675,7
38676,5
38677,1
38678,22
38679,19
38680,21
38681,13
38682,1
38683,22
38684,13
38685,2
38686,8
38687,7
38688,1
38689,6
38690,5
38691,7
38692,10
38693,5
38694,1
38695,13
38696,1
38697,22
38698,14
38699,2
38700,13
38701,19
38702,23
38703,1
38704,19
38705,1
38706,14
38707,7
38708,13
38709,22
38710,19
38711,2
38712,6
38713,1
38714,19
38715,5
38716,18
38717,18
38718,14
38719,13
38720,13
38721,5
38722,1
38723,13
38724,11
38725,7
38726,13
38727,13
38728,9
38729,8
38730,3
38731,19
38732,18
38733,7
38734,14
38735,2
38736,21
38737,11
38738,14
38739,21
38740,11
38741,11
38742,1
38743,19
38744,2
38745,3
38746,2
38747,2
38748,9
38749,1
38750,6
38751,13
38752,13
38753,13
38754,18
38755,19
38756,9
38757,2
38758,2
38759,19
38760,18
38761,14
38762,23
38763,1
38764,6
38765,13
38766,1
38767,7
38768,10
38769,5
38770,13
38771,13
38772,18
38773,13
38774,11
38775,18
38776,7
38777,21
38778,0
38779,21
38780,19
38781,6
38782,13
38783,13
38784,8
38785,13
38786,1
38787,13
38788,19
38789,4
38790,11
38791,2
38792,2
38793,18
38794,19
38795,5
38796,6
38797,9
38798,13
38799,18
38800,9
38801,5
38802,11
38803,7
38804,11
38805,19
38806,18
38807,2
38808,19
38809,13
38810,13
38811,19
38812,4
38813,14
38814,11
38815,3
38816,7
38817,20
38818,13
38819,13
38820,1
38821,13
38822,21
38823,1
38824,7
38825,19
38826,19
38827,1
38828,3
38829,5
38830,18
38831,19
38832,19
38833,3
38834,7
38835,22
38836,2
38837,19
38838,18
38839,21
38840,18
38841,18
38842,22
38843,13
38844,13
38845,18
38846,11
38847,5
38848,7
38849,11
38850,11
38851,5
38852,21
38853,7
38854,13
38855,0
38856,22
38857,5
38858,21
38859,21
38860,1
38861,18
38862,8
38863,19
38864,21
38865,1
38866,18
38867,18
38868,7
38869,13
38870,23
38871,10
38872,18
38873,22
38874,2
38875,4
38876,19
38877,18
38878,2
38879,7
38880,13
38881,19
38882,13
38883,5
38884,11
38885,7
38886,19
38887,13
38888,15
38889,23
38890,13
38891,13
38892,18
38893,18
38894,1
38895,14
38896,13
38897,7
38898,19
38899,1
38900,12
38901,13
38902,19
38903,0
38904,7
38905,1
38906,14
38907,2
38908,2
38909,22
38910,7
38911,14
38912,12
38913,2
38914,0
38915,2
38916,1
38917,7
38918,2
38919,7
38920,22
38921,11
38922,11
38923,19
38924,13
38925,20
38926,22
38927,9
38928,6
38929,22
38930,7
38931,21
38932,22
38933,14
38934,13
38935,10
38936,18
38937,19
38938,10
38939,22
38940,18
38941,4
38942,7
38943,15
38944,21
38945,2
38946,8
38947,2
38948,11
38949,8
38950,8
38951,17
38952,19
38953,13
38954,19
38955,2
38956,1
38957,11
38958,22
38959,4
38960,1
38961,18
38962,3
38963,15
38964,15
38965,8
38966,8
38967,13
38968,22
38969,18
38970,22
38971,11
38972,6
38973,11
38974,5
38975,13
38976,18
38977,9
38978,7
38979,2
38980,13
38981,13
38982,18
38983,13
38984,1
38985,22
38986,2
38987,9
38988,14
38989,22
38990,11
38991,14
38992,11
38993,23
38994,13
38995,18
38996,13
38997,14
38998,14
38999,4
39000,2
39001,18
39002,13
39003,13
39004,3
39005,7
39006,22
39007,7
39008,6
39009,20
39010,19
39011,1
39012,3
39013,6
39014,19
39015,19
39016,4
39017,21
39018,13
39019,7
39020,13
39021,12
39022,11
39023,16
39024,15
39025,13
39026,7
39027,15
39028,13
39029,1
39030,23
39031,3
39032,19
39033,2
39034,21
39035,7
39036,13
39037,8
39038,13
39039,5
39040,21
39041,19
39042,11
39043,7
39044,7
39045,2
39046,7
39047,9
39048,13
39049,13
39050,19
39051,13
39052,4
39053,19
39054,4
39055,11
39056,8
39057,13
39058,0
39059,11
39060,19
39061,19
39062,19
39063,1
39064,7
39065,2
39066,5
39067,13
39068,13
39069,2
39070,15
39071,19
39072,0
39073,7
39074,15
39075,11
39076,10
39077,19
39078,9
39079,8
39080,2
39081,11
39082,23
39083,19
39084,13
39085,22
39086,13
39087,7
39088,20
39089,1
39090,15
39091,3
39092,13
39093,13
39094,11
39095,2
39096,13
39097,5
39098,18
39099,11
39100,13
39101,9
39102,1
39103,13
39104,10
39105,0
39106,13
39107,1
39108,13
39109,1
39110,11
39111,13
39112,14
39113,13
39114,18
39115,16
39116,13
39117,18
39118,7
39119,13
39120,1
39121,3
39122,13
39123,22
39124,7
39125,10
39126,14
39127,4
39128,13
39129,22
39130,9
39131,1
39132,19
39133,2
39134,6
39135,23
39136,8
39137,19
39138,11
39139,13
39140,1
39141,9
39142,21
39143,13
39144,15
39145,21
39146,18
39147,13
39148,2
39149,13
39150,8
39151,11
39152,22
39153,11
39154,5
39155,2
39156,21
39157,11
39158,19
39159,1
39160,23
39161,8
39162,13
39163,22
39164,9
39165,21
39166,7
39167,11
39168,22
39169,14
39170,3
39171,6
39172,4
39173,13
39174,13
39175,19
39176,13
39177,13
39178,13
39179,21
39180,16
39181,13
39182,21
39183,18
39184,22
39185,19
39186,1
39187,3
39188,13
39189,7
39190,11
39191,6
39192,19
39193,8
39194,11
39195,2
39196,13
39197,2
39198,5
39199,11
39200,13
39201,1
39202,14
39203,1
39204,8
39205,5
39206,12
39207,18
39208,11
39209,18
39210,5
39211,23
39212,8
39213,11
39214,1
39215,21
39216,4
39217,13
39218,7
39219,11
39220,11
39221,16
39222,19
39223,1
39224,7
39225,21
39226,8
39227,7
39228,0
39229,19
39230,22
39231,20
39232,13
39233,17
39234,7
39235,13
39236,13
39237,16
39238,13
39239,1
39240,19
39241,18
39242,11
39243,19
39244,3
39245,5
39246,18
39247,13
39248,2
39249,13
39250,23
39251,8
39252,1
39253,18
39254,13
39255,19
39256,22
39257,19
39258,13
39259,3
39260,3
39261,13
39262,19
39263,13
39264,11
39265,14
39266,8
39267,11
39268,7
39269,14
39270,13
39271,13
39272,18
39273,14
39274,11
39275,7
39276,5
39277,19
39278,9
39279,8
39280,22
39281,19
39282,13
39283,22
39284,19
39285,1
39286,6
39287,13
39288,13
39289,1
39290,1
39291,19
39292,14
39293,13
39294,2
39295,2
39296,7
39297,5
39298,1
39299,9
39300,13
39301,21
39302,13
39303,13
39304,11
39305,7
39306,8
39307,11
39308,3
39309,2
39310,11
39311,19
39312,19
39313,22
39314,14
39315,7
39316,23
39317,13
39318,2
39319,19
39320,13
39321,2
39322,5
39323,2
39324,6
39325,13
39326,11
39327,11
39328,22
39329,1
39330,16
39331,8
39332,21
39333,23
39334,13
39335,13
39336,2
39337,5
39338,13
39339,11
39340,1
39341,19
39342,16
39343,19
39344,18
39345,13
39346,1
39347,2
39348,19
39349,13
39350,7
39351,23
39352,11
39353,13
39354,1
39355,6
39356,20
39357,11
39358,2
39359,21
39360,20
39361,16
39362,19
39363,8
39364,10
39365,1
39366,19
39367,13
39368,14
39369,7
39370,19
39371,13
39372,8
39373,21
39374,5
39375,19
39376,23
39377,13
39378,19
39379,1
39380,11
39381,14
39382,22
39383,22
39384,19
39385,3
39386,20
39387,18
39388,3
39389,2
39390,11
39391,7
39392,1
39393,6
39394,9
39395,13
39396,11
39397,3
39398,4
39399,11
39400,5
39401,7
39402,21
39403,13
39404,8
39405,22
39406,1
39407,23
39408,19
39409,2
39410,13
39411,21
39412,7
39413,16
39414,18
39415,23
39416,19
39417,18
39418,11
39419,1
39420,6
39421,7
39422,7
39423,18
39424,22
39425,4
39426,8
39427,8
39428,6
39429,11
39430,14
39431,18
39432,18
39433,10
39434,1
39435,9
39436,1
39437,19
39438,11
39439,4
39440,7
39441,4
39442,21
39443,7
39444,11
39445,13
39446,11
39447,6
39448,19
39449,22
39450,5
39451,1
39452,22
39453,13
39454,1
39455,2
39456,8
39457,21
39458,19
39459,11
39460,13
39461,19
39462,21
39463,14
39464,13
39465,13
39466,11
39467,13
39468,13
39469,1
39470,1
39471,11
39472,22
39473,22
39474,21
39475,7
39476,11
39477,1
39478,15
39479,7
39480,19
39481,18
39482,7
39483,14
39484,13
39485,7
39486,11
39487,13
39488,19
39489,7
39490,5
39491,23
39492,11
39493,14
39494,13
39495,1
39496,11
39497,1
39498,3
39499,18
39500,8
39501,5
39502,0
39503,2
39504,14
39505,3
39506,11
39507,20
39508,2
39509,9
39510,22
39511,21
39512,5
39513,22
39514,13
39515,1
39516,22
39517,13
39518,18
39519,18
39520,1
39521,1
39522,2
39523,19
39524,21
39525,14
39526,18
39527,2
39528,16
39529,13
39530,3
39531,7
39532,4
39533,1
39534,4
39535,3
39536,2
39537,12
39538,4
39539,13
39540,1
39541,1
39542,13
39543,11
39544,18
39545,19
39546,14
39547,10
39548,13
39549,13
39550,13
39551,1
39552,2
39553,1
39554,23
39555,20
39556,18
39557,14
39558,18
39559,7
39560,7
39561,21
39562,22
39563,9
39564,23
39565,20
39566,19
39567,14
39568,2
39569,13
39570,2
39571,1
39572,14
39573,15
39574,18
39575,18
39576,13
39577,13
39578,18
39579,13
39580,6
39581,21
39582,7
39583,11
39584,5
39585,2
39586,13
39587,20
39588,1
39589,22
39590,19
39591,18
39592,19
39593,19
39594,11
39595,15
39596,11
39597,7
39598,19
39599,21
39600,3
39601,18
39602,13
39603,8
39604,18
39605,22
39606,21
39607,19
39608,18
39609,19
39610,14
39611,13
39612,2
39613,13
39614,14
39615,19
39616,19
39617,4
39618,7
39619,2
39620,1
39621,14
39622,14
39623,11
39624,9
39625,19
39626,4
39627,2
39628,12
39629,11
39630,13
39631,11
39632,1
39633,3
39634,19
39635,23
39636,13
39637,18
39638,3
39639,19
39640,8
39641,10
39642,18
39643,13
39644,13
39645,19
39646,7
39647,19
39648,6
39649,21
39650,1
39651,16
39652,1
39653,22
39654,11
39655,22
39656,13
39657,13
39658,5
39659,3
39660,10
39661,13
39662,17
39663,19
39664,11
39665,5
39666,1
39667,13
39668,18
39669,8
39670,13
39671,14
39672,21
39673,19
39674,13
39675,5
39676,22
39677,19
39678,21
39679,18
39680,19
39681,21
39682,8
39683,8
39684,7
39685,7
39686,13
39687,21
39688,23
39689,19
39690,22
39691,11
39692,4
39693,1
39694,13
39695,8
39696,22
39697,13
39698,18
39699,1
39700,21
39701,23
39702,14
39703,1
39704,7
39705,14
39706,2
39707,8
39708,13
39709,14
39710,13
39711,8
39712,11
39713,23
39714,18
39715,22
39716,19
39717,9
39718,11
39719,2
39720,13
39721,13
39722,18
39723,9
39724,7
39725,18
39726,7
39727,13
39728,8
39729,13
39730,6
39731,13
39732,0
39733,19
39734,17
39735,18
39736,13
39737,2
39738,1
39739,22
39740,13
39741,5
39742,14
39743,2
39744,21
39745,19
39746,13
39747,19
39748,1
39749,20
39750,7
39751,13
39752,6
39753,13
39754,1
39755,23
39756,3
39757,21
39758,18
39759,7
39760,23
39761,1
39762,2
39763,13
39764,20
39765,13
39766,13
39767,13
39768,22
39769,19
39770,11
39771,8
39772,11
39773,20
39774,19
39775,19
39776,13
39777,3
39778,11
39779,13
39780,13
39781,9
39782,13
39783,14
39784,19
39785,13
39786,4
39787,2
39788,13
39789,1
39790,4
39791,16
39792,11
39793,7
39794,14
39795,11
39796,18
39797,13
39798,13
39799,14
39800,13
39801,13
39802,13
39803,10
39804,3
39805,13
39806,13
39807,10
39808,4
39809,11
39810,8
39811,13
39812,11
39813,13
39814,0
39815,13
39816,5
39817,2
39818,19
39819,11
39820,16
39821,0
39822,19
39823,22
39824,20
39825,13
39826,19
39827,13
39828,2
39829,13
39830,3
39831,7
39832,6
39833,19
39834,22
39835,11
39836,10
39837,18
39838,1
39839,2
39840,5
39841,18
39842,11
39843,13
39844,2
39845,11
39846,14
39847,6
39848,19
39849,1
39850,1
39851,13
39852,11
39853,13
39854,13
39855,1
39856,2
39857,3
39858,22
39859,13
39860,22
39861,13
39862,14
39863,18
39864,1
39865,14
39866,9
39867,17
39868,19
39869,13
39870,19
39871,19
39872,18
39873,5
39874,19
39875,1
39876,13
39877,2
39878,18
39879,19
39880,7
39881,7
39882,11
39883,6
39884,13
39885,11
39886,22
39887,18
39888,13
39889,13
39890,13
39891,11
39892,2
39893,19
39894,18
39895,21
39896,13
39897,18
39898,13
39899,13
39900,7
39901,19
39902,13
39903,21
39904,21
39905,13
39906,8
39907,14
39908,7
39909,7
39910,20
39911,1
39912,4
39913,11
39914,13
39915,14
39916,18
39917,19
39918,1
39919,13
39920,19
39921,7
39922,22
39923,1
39924,16
39925,0
39926,2
39927,21
39928,22
39929,11
39930,18
39931,19
39932,14
39933,15
39934,11
39935,21
39936,14
39937,13
39938,13
39939,13
39940,22
39941,7
39942,2
39943,18
39944,14
39945,11
39946,13
39947,11
39948,22
39949,13
39950,5
39951,18
39952,11
39953,13
39954,19
39955,7
39956,11
39957,22
39958,13
39959,15
39960,7
39961,2
39962,19
39963,7
39964,11
39965,7
39966,13
39967,13
39968,13
39969,13
39970,13
39971,7
39972,3
39973,11
39974,13
39975,5
39976,13
39977,13
39978,23
39979,1
39980,13
39981,13
39982,13
39983,1
39984,13
39985,21
39986,22
39987,19
39988,9
39989,23
39990,7
39991,7
39992,19
39993,14
39994,22
39995,13
39996,22
39997,2
39998,8
39999,8
40000,23
40001,4
40002,7
40003,23
40004,7
40005,19
40006,21
40007,11
40008,7
40009,7
40010,7
40011,11
40012,19
40013,11
40014,18
40015,2
40016,10
40017,16
40018,1
40019,14
40020,1
40021,1
40022,18
40023,22
40024,15
40025,18
40026,2
40027,3
40028,18
40029,19
40030,11
40031,19
40032,7
40033,14
40034,8
40035,13
40036,11
40037,16
40038,5
40039,4
40040,23
40041,19
40042,19
40043,11
40044,22
40045,9
40046,8
40047,1
40048,14
40049,18
40050,14
40051,14
40052,13
40053,18
40054,11
40055,18
40056,2
40057,7
40058,19
40059,13
40060,10
40061,22
40062,13
40063,11
40064,19
40065,7
40066,22
40067,7
40068,2
40069,1
40070,4
40071,22
40072,1
40073,16
40074,11
40075,11
40076,13
40077,13
40078,11
40079,7
40080,2
40081,22
40082,5
40083,14
40084,13
40085,11
40086,12
40087,7
40088,9
40089,14
40090,13
40091,13
40092,14
40093,19
40094,3
40095,1
40096,22
40097,22
40098,18
40099,7
40100,11
40101,21
40102,22
40103,13
40104,14
40105,13
40106,13
40107,7
40108,1
40109,13
40110,13
40111,13
40112,22
40113,11
40114,9
40115,22
40116,21
40117,14
40118,13
40119,14
40120,21
40121,1
40122,11
40123,19
40124,14
40125,3
40126,1
40127,22
40128,11
40129,13
40130,19
40131,16
40132,18
40133,11
40134,18
40135,22
40136,7
40137,3
40138,11
40139,4
40140,13
40141,19
40142,13
40143,11
40144,21
40145,22
40146,19
40147,3
40148,7
40149,13
40150,11
40151,13
40152,13
40153,13
40154,19
40155,13
40156,1
40157,21
40158,3
40159,19
40160,2
40161,5
40162,13
40163,21
40164,19
40165,8
40166,7
40167,13
40168,11
40169,22
40170,19
40171,13
40172,3
40173,1
40174,13
40175,13
40176,22
40177,7
40178,2
40179,13
40180,7
40181,7
40182,18
40183,18
40184,19
40185,11
40186,4
40187,0
40188,2
40189,0
40190,22
40191,11
40192,1
40193,14
40194,19
40195,1
40196,2
40197,21
40198,11
40199,16
40200,5
40201,13
40202,1
40203,11
40204,18
40205,0
40206,2
40207,11
40208,4
40209,13
40210,13
40211,1
40212,3
40213,13
40214,1
40215,6
40216,11
40217,22
40218,1
40219,13
40220,3
40221,2
40222,21
40223,21
40224,13
40225,18
40226,2
40227,21
40228,19
40229,14
40230,1
40231,13
40232,13
40233,2
40234,7
40235,13
40236,7
40237,22
40238,16
40239,22
40240,13
40241,2
40242,11
40243,2
40244,23
40245,23
40246,1
40247,19
40248,11
40249,7
40250,2
40251,1
40252,2
40253,14
40254,11
40255,11
40256,13
40257,1
40258,13
40259,9
40260,11
40261,22
40262,21
40263,20
40264,13
40265,2
40266,1
40267,1
40268,19
40269,8
40270,9
40271,4
40272,13
40273,11
40274,0
40275,13
40276,11
40277,0
40278,4
40279,13
40280,13
40281,19
40282,5
40283,13
40284,19
40285,13
40286,2
40287,18
40288,1
40289,11
40290,3
40291,1
40292,1
40293,6
40294,9
40295,18
40296,5
40297,8
40298,7
40299,5
40300,19
40301,13
40302,13
40303,13
40304,19
40305,19
40306,19
40307,11
40308,22
40309,19
40310,2
40311,1
40312,4
40313,20
40314,6
40315,7
40316,9
40317,20
40318,14
40319,2
40320,5
40321,13
40322,18
40323,18
40324,14
40325,18
40326,13
40327,4
40328,19
40329,19
40330,13
40331,10
40332,14
40333,14
40334,7
40335,11
40336,22
40337,13
40338,1
40339,13
40340,13
40341,14
40342,11
40343,7
40344,11
40345,2
40346,11
40347,2
40348,18
40349,2
40350,20
40351,3
40352,22
40353,8
40354,13
40355,10
40356,2
40357,21
40358,11
40359,13
40360,1
40361,5
40362,18
40363,11
40364,1
40365,5
40366,19
40367,1
40368,0
40369,7
40370,14
40371,22
40372,18
40373,7
40374,2
40375,14
40376,19
40377,11
40378,21
40379,11
40380,23
40381,5
40382,2
40383,18
40384,2
40385,2
40386,22
40387,13
40388,7
40389,21
40390,19
40391,10
40392,19
40393,18
40394,4
40395,13
40396,11
40397,16
40398,11
40399,11
40400,11
40401,14
40402,1
40403,14
40404,6
40405,1
40406,22
40407,13
40408,7
40409,19
40410,4
40411,13
40412,13
40413,3
40414,14
40415,1
40416,14
40417,2
40418,19
40419,13
40420,14
40421,7
40422,1
40423,13
40424,19
40425,13
40426,11
40427,13
40428,14
40429,7
40430,11
40431,17
40432,11
40433,7
40434,19
40435,7
40436,2
40437,6
40438,2
40439,1
40440,9
40441,13
40442,18
40443,13
40444,21
40445,4
40446,11
40447,14
40448,6
40449,8
40450,0
40451,1
40452,2
40453,7
40454,19
40455,22
40456,18
40457,1
40458,11
40459,21
40460,11
40461,15
40462,11
40463,13
40464,13
40465,4
40466,21
40467,16
40468,1
40469,11
40470,2
40471,19
40472,22
40473,4
40474,11
40475,11
40476,13
40477,18
40478,15
40479,7
40480,23
40481,1
40482,13
40483,18
40484,7
40485,11
40486,21
40487,7
40488,0
40489,13
40490,22
40491,7
40492,19
40493,14
40494,21
40495,2
40496,19
40497,19
40498,12
40499,13
40500,11
40501,19
40502,19
40503,19
40504,19
40505,7
40506,11
40507,3
40508,22
40509,11
40510,19
40511,13
40512,13
40513,8
40514,14
40515,7
40516,11
40517,22
40518,19
40519,11
40520,11
40521,4
40522,19
40523,12
40524,7
40525,13
40526,19
40527,1
40528,13
40529,2
40530,4
40531,13
40532,7
40533,4
40534,9
40535,18
40536,1
40537,18
40538,6
40539,11
40540,23
40541,4
40542,13
40543,15
40544,7
40545,11
40546,19
40547,7
40548,15
40549,4
40550,1
40551,18
40552,3
40553,13
40554,17
40555,5
40556,1
40557,20
40558,3
40559,13
40560,10
40561,7
40562,12
40563,8
40564,13
40565,0
40566,11
40567,19
40568,10
40569,11
40570,19
40571,4
40572,23
40573,14
40574,18
40575,18
40576,1
40577,19
40578,2
40579,9
40580,7
40581,18
40582,22
40583,5
40584,1
40585,8
40586,14
40587,2
40588,7
40589,13
40590,13
40591,9
40592,11
40593,19
40594,1
40595,21
40596,13
40597,13
40598,0
40599,13
40600,19
40601,18
40602,6
40603,13
40604,14
40605,9
40606,5
40607,14
40608,13
40609,19
40610,14
40611,7
40612,13
40613,14
40614,13
40615,11
40616,20
40617,8
40618,11
40619,1
40620,11
40621,13
40622,7
40623,7
40624,19
40625,7
40626,11
40627,11
40628,15
40629,19
40630,22
40631,7
40632,2
40633,1
40634,18
40635,11
40636,7
40637,4
40638,18
40639,21
40640,1
40641,11
40642,11
40643,5
40644,22
40645,2
40646,13
40647,20
40648,1
40649,11
40650,2
40651,11
40652,7
40653,3
40654,11
40655,21
40656,5
40657,9
40658,16
40659,22
40660,22
40661,7
40662,4
40663,7
40664,0
40665,13
40666,7
40667,19
40668,11
40669,1
40670,18
40671,5
40672,2
40673,11
40674,19
40675,7
40676,1
40677,13
40678,1
40679,4
40680,11
40681,2
40682,14
40683,13
40684,4
40685,7
40686,13
40687,2
40688,11
40689,13
40690,22
40691,11
40692,23
40693,13
40694,2
40695,14
40696,1
40697,13
40698,13
40699,3
40700,1
40701,7
40702,4
40703,2
40704,1
40705,5
40706,1
40707,21
40708,23
40709,2
40710,14
40711,9
40712,4
40713,19
40714,14
40715,9
40716,14
40717,19
40718,2
40719,20
40720,1
40721,13
40722,19
40723,1
40724,18
40725,11
40726,22
40727,13
40728,5
40729,11
40730,19
40731,13
40732,13
40733,4
40734,18
40735,3
40736,22
40737,11
40738,10
40739,5
40740,13
40741,13
40742,12
40743,7
40744,19
40745,11
40746,13
40747,7
40748,2
40749,14
40750,22
40751,2
40752,13
40753,1
40754,13
40755,16
40756,1
40757,1
40758,13
40759,1
40760,19
40761,1
40762,4
40763,22
40764,13
40765,19
40766,0
40767,13
40768,1
40769,13
40770,19
40771,13
40772,5
40773,8
40774,19
40775,4
40776,9
40777,4
40778,10
40779,13
40780,11
40781,1
40782,19
40783,8
40784,22
40785,1
40786,13
40787,1
40788,11
40789,13
40790,11
40791,11
40792,19
40793,13
40794,1
40795,6
40796,2
40797,5
40798,15
40799,13
40800,8
40801,13
40802,1
40803,11
40804,11
40805,11
40806,13
40807,4
40808,13
40809,8
40810,19
40811,7
40812,11
40813,13
40814,1
40815,19
40816,13
40817,19
40818,9
40819,13
40820,7
40821,16
40822,13
40823,1
40824,1
40825,8
40826,1
40827,7
40828,23
40829,14
40830,13
40831,23
40832,8
40833,13
40834,2
40835,3
40836,0
40837,1
40838,6
40839,14
40840,1
40841,6
40842,1
40843,13
40844,7
40845,19
40846,19
40847,23
40848,1
40849,19
40850,8
40851,11
40852,13
40853,19
40854,2
40855,8
40856,1
40857,19
40858,19
40859,11
40860,1
40861,10
40862,18
40863,19
40864,11
40865,11
40866,11
40867,13
40868,2
40869,13
40870,13
40871,1
40872,20
40873,19
40874,13
40875,16
40876,21
40877,18
40878,22
40879,13
40880,2
40881,11
40882,13
40883,18
40884,7
40885,21
40886,12
40887,13
40888,13
40889,1
40890,14
40891,3
40892,18
40893,1
40894,19
40895,6
40896,16
40897,18
40898,13
40899,5
40900,2
40901,13
40902,11
40903,1
40904,4
40905,2
40906,19
40907,11
40908,8
40909,13
40910,5
40911,19
40912,13
40913,20
40914,5
40915,7
40916,11
40917,13
40918,21
40919,13
40920,9
40921,8
40922,19
40923,15
40924,13
40925,2
40926,13
40927,22
40928,22
40929,4
40930,2
40931,7
40932,3
40933,19
40934,18
40935,1
40936,19
40937,11
40938,8
40939,23
40940,13
40941,13
40942,22
40943,14
40944,15
40945,14
40946,13
40947,10
40948,7
40949,17
40950,11
40951,19
40952,4
40953,18
40954,18
40955,10
40956,2
40957,23
40958,19
40959,11
40960,14
40961,21
40962,11
40963,13
40964,8
40965,13
40966,19
40967,4
40968,7
40969,19
40970,13
40971,21
40972,21
40973,18
40974,13
40975,19
40976,7
40977,23
40978,11
40979,10
40980,7
40981,13
40982,20
40983,7
40984,19
40985,13
40986,13
40987,5
40988,18
40989,6
40990,4
40991,11
40992,19
40993,18
40994,10
40995,18
40996,1
40997,13
40998,22
40999,21
41000,14
41001,2
41002,2
41003,2
41004,13
41005,23
41006,16
41007,13
41008,19
41009,22
41010,5
41011,2
41012,13
41013,13
41014,2
41015,11
41016,4
41017,7
41018,22
41019,20
41020,8
41021,1
41022,4
41023,18
41024,23
41025,23
41026,13
41027,20
41028,14
41029,21
41030,1
41031,1
41032,11
41033,13
41034,10
41035,14
41036,11
41037,13
41038,1
41039,13
41040,14
41041,14
41042,21
41043,7
41044,19
41045,22
41046,22
41047,0
41048,18
41049,20
41050,19
41051,18
41052,11
41053,3
41054,13
41055,13
41056,18
41057,3
41058,1
41059,13
41060,14
41061,1
41062,23
41063,13
41064,22
41065,13
41066,13
41067,21
41068,3
41069,14
41070,11
41071,4
41072,7
41073,13
41074,13
41075,1
41076,19
41077,11
41078,2
41079,18
41080,19
41081,8
41082,2
41083,11
41084,7
41085,18
41086,1
41087,11
41088,14
41089,7
41090,23
41091,19
41092,8
41093,22
41094,2
41095,13
41096,11
41097,1
41098,11
41099,2
41100,13
41101,22
41102,19
41103,11
41104,2
41105,13
41106,13
41107,21
41108,13
41109,4
41110,2
41111,11
41112,2
41113,13
41114,1
41115,13
41116,1
41117,2
41118,2
41119,14
41120,22
41121,7
41122,2
41123,17
41124,22
41125,14
41126,8
41127,8
41128,13
41129,7
41130,13
41131,9
41132,13
41133,9
41134,13
41135,14
41136,5
41137,18
41138,21
41139,14
41140,18
41141,21
41142,14
41143,11
41144,23
41145,0
41146,18
41147,13
41148,8
41149,11
41150,20
41151,11
41152,13
41153,22
41154,1
41155,1
41156,22
41157,7
41158,16
41159,13
41160,1
41161,13
41162,2
41163,9
41164,18
41165,22
41166,18
41167,19
41168,2
41169,1
41170,8
41171,21
41172,13
41173,13
41174,8
41175,2
41176,2
41177,14
41178,19
41179,23
41180,22
41181,13
41182,22
41183,7
41184,11
41185,11
41186,11
41187,11
41188,13
41189,7
41190,7
41191,1
41192,8
41193,7
41194,19
41195,19
41196,0
41197,13
41198,1
41199,22
41200,3
41201,16
41202,13
41203,13
41204,13
41205,21
41206,16
41207,7
41208,11
41209,13
41210,18
41211,2
41212,18
41213,2
41214,18
41215,11
41216,1
41217,18
41218,1
41219,19
41220,18
41221,13
41222,5
41223,13
41224,1
41225,5
41226,13
41227,13
41228,8
41229,19
41230,15
41231,4
41232,2
41233,14
41234,1
41235,4
41236,13
41237,8
41238,22
41239,19
41240,13
41241,1
41242,7
41243,19
41244,18
41245,23
41246,13
41247,3
41248,11
41249,9
41250,19
41251,13
41252,7
41253,12
41254,1
41255,10
41256,19
41257,23
41258,2
41259,11
41260,11
41261,11
41262,11
41263,13
41264,23
41265,13
41266,13
41267,13
41268,13
41269,22
41270,7
41271,19
41272,3
41273,13
41274,7
41275,22
41276,6
41277,1
41278,2
41279,22
41280,2
41281,7
41282,2
41283,2
41284,19
41285,8
41286,19
41287,19
41288,11
41289,1
41290,15
41291,13
41292,1
41293,7
41294,9
41295,21
41296,23
41297,2
41298,7
41299,18
41300,20
41301,13
41302,19
41303,5
41304,9
41305,1
41306,6
41307,21
41308,3
41309,21
41310,8
41311,13
41312,19
41313,11
41314,2
41315,14
41316,7
41317,13
41318,19
41319,19
41320,4
41321,4
41322,9
41323,7
41324,19
41325,5
41326,1
41327,13
41328,11
41329,7
41330,19
41331,11
41332,23
41333,13
41334,11
41335,13
41336,14
41337,13
41338,5
41339,5
41340,23
41341,20
41342,9
41343,18
41344,11
41345,15
41346,22
41347,13
41348,16
41349,4
41350,1
41351,2
41352,1
41353,13
41354,7
41355,9
41356,3
41357,7
41358,21
41359,1
41360,9
41361,2
41362,18
41363,19
41364,8
41365,11
41366,11
41367,19
41368,7
41369,13
41370,10
41371,13
41372,1
41373,18
41374,19
41375,2
41376,14
41377,7
41378,13
41379,7
41380,2
41381,1
41382,7
41383,13
41384,2
41385,7
41386,11
41387,7
41388,1
41389,1
41390,7
41391,1
41392,14
41393,14
41394,14
41395,13
41396,3
41397,22
41398,23
41399,1
41400,13
41401,13
41402,1
41403,2
41404,13
41405,1
41406,2
41407,23
41408,19
41409,13
41410,11
41411,7
41412,22
41413,19
41414,7
41415,4
41416,19
41417,14
41418,1
41419,21
41420,20
41421,15
41422,21
41423,15
41424,11
41425,2
41426,11
41427,2
41428,13
41429,8
41430,8
41431,18
41432,9
41433,21
41434,23
41435,7
41436,7
41437,18
41438,13
41439,2
41440,13
41441,22
41442,19
41443,13
41444,10
41445,19
41446,22
41447,4
41448,23
41449,19
41450,1
41451,7
41452,19
41453,18
41454,3
41455,1
41456,17
41457,18
41458,2
41459,3
41460,13
41461,22
41462,18
41463,7
41464,18
41465,19
41466,18
41467,9
41468,2
41469,2
41470,22
41471,7
41472,21
41473,13
41474,21
41475,1
41476,13
41477,20
41478,2
41479,3
41480,13
41481,4
41482,2
41483,2
41484,19
41485,13
41486,19
41487,4
41488,2
41489,1
41490,13
41491,14
41492,1
41493,21
41494,13
41495,7
41496,7
41497,19
41498,19
41499,19
41500,19
41501,21
41502,22
41503,11
41504,2
41505,1
41506,19
41507,14
41508,22
41509,7
41510,11
41511,14
41512,7
41513,0
41514,13
41515,19
41516,13
41517,18
41518,13
41519,21
41520,7
41521,11
41522,19
41523,14
41524,13
41525,22
41526,10
41527,1
41528,5
41529,0
41530,13
41531,7
41532,8
41533,11
41534,11
41535,8
41536,11
41537,22
41538,13
41539,21
41540,13
41541,4
41542,4
41543,1
41544,22
41545,19
41546,6
41547,9
41548,11
41549,19
41550,7
41551,7
41552,13
41553,19
41554,11
41555,13
41556,19
41557,1
41558,11
41559,8
41560,14
41561,19
41562,18
41563,2
41564,8
41565,2
41566,1
41567,11
41568,1
41569,22
41570,13
41571,16
41572,11
41573,22
41574,11
41575,0
41576,1
41577,22
41578,11
41579,13
41580,1
41581,20
41582,18
41583,22
41584,18
41585,13
41586,13
41587,3
41588,19
41589,13
41590,22
41591,1
41592,13
41593,18
41594,20
41595,5
41596,11
41597,11
41598,21
41599,23
41600,1
41601,3
41602,11
41603,2
41604,13
41605,19
41606,19
41607,18
41608,22
41609,3
41610,13
41611,5
41612,13
41613,6
41614,13
41615,7
41616,22
41617,2
41618,9
41619,9
41620,3
41621,22
41622,7
41623,1
41624,19
41625,7
41626,13
41627,1
41628,11
41629,19
41630,21
41631,13
41632,7
41633,11
41634,1
41635,6
41636,21
41637,20
41638,11
41639,19
41640,13
41641,7
41642,22
41643,1
41644,11
41645,1
41646,7
41647,1
41648,22
41649,15
41650,2
41651,9
41652,22
41653,13
41654,13
41655,13
41656,7
41657,19
41658,4
41659,11
41660,7
41661,14
41662,11
41663,11
41664,11
41665,14
41666,4
41667,11
41668,14
41669,13
41670,13
41671,19
41672,8
41673,14
41674,11
41675,7
41676,13
41677,18
41678,1
41679,1
41680,21
41681,9
41682,19
41683,19
41684,12
41685,0
41686,1
41687,13
41688,14
41689,13
41690,11
41691,0
41692,18
41693,13
41694,4
41695,23
41696,11
41697,4
41698,6
41699,21
41700,15
41701,1
41702,19
41703,1
41704,9
41705,8
41706,19
41707,2
41708,18
41709,19
41710,10
41711,19
41712,23
41713,22
41714,13
41715,23
41716,13
41717,13
41718,19
41719,7
41720,5
41721,1
41722,20
41723,7
41724,0
41725,21
41726,7
41727,22
41728,2
41729,1
41730,6
41731,1
41732,5
41733,13
41734,13
41735,21
41736,13
41737,2
41738,13
41739,13
41740,1
41741,1
41742,1
41743,7
41744,2
41745,7
41746,14
41747,11
41748,2
41749,5
41750,13
41751,13
41752,7
41753,22
41754,1
41755,3
41756,20
41757,7
41758,7
41759,9
41760,9
41761,18
41762,1
41763,7
41764,11
41765,13
41766,1
41767,7
41768,23
41769,0
41770,1
41771,13
41772,11
41773,19
41774,13
41775,1
41776,7
41777,13
41778,13
41779,21
41780,23
41781,1
41782,5
41783,11
41784,11
41785,1
41786,6
41787,18
41788,18
41789,13
41790,22
41791,13
41792,13
41793,22
41794,7
41795,7
41796,18
41797,18
41798,6
41799,11
41800,13
41801,5
41802,22
41803,2
41804,14
41805,7
41806,11
41807,18
41808,19
41809,6
41810,13
41811,22
41812,1
41813,14
41814,1
41815,16
41816,3
41817,8
41818,18
41819,22
41820,22
41821,8
41822,4
41823,19
41824,19
41825,21
41826,18
41827,22
41828,7
41829,13
41830,13
41831,13
41832,7
41833,1
41834,14
41835,13
41836,2
41837,3
41838,7
41839,3
41840,18
41841,18
41842,1
41843,11
41844,2
41845,5
41846,7
41847,8
41848,2
41849,9
41850,2
41851,11
41852,1
41853,21
41854,5
41855,13
41856,12
41857,18
41858,11
41859,2
41860,19
41861,18
41862,19
41863,15
41864,18
41865,13
41866,14
41867,23
41868,6
41869,1
41870,2
41871,19
41872,18
41873,16
41874,11
41875,9
41876,1
41877,19
41878,8
41879,13
41880,11
41881,20
41882,13
41883,7
41884,7
41885,1
41886,21
41887,21
41888,23
41889,7
41890,18
41891,19
41892,7
41893,18
41894,11
41895,5
41896,1
41897,13
41898,19
41899,23
41900,13
41901,14
41902,22
41903,19
41904,19
41905,13
41906,19
41907,8
41908,19
41909,17
41910,20
41911,1
41912,7
41913,6
41914,7
41915,19
41916,18
41917,1
41918,13
41919,3
41920,11
41921,18
41922,2
41923,21
41924,20
41925,2
41926,13
41927,13
41928,11
41929,23
41930,18
41931,22
41932,11
41933,22
41934,14
41935,18
41936,7
41937,11
41938,21
41939,13
41940,13
41941,11
41942,13
41943,7
41944,7
41945,13
41946,11
41947,4
41948,13
41949,5
41950,1
41951,13
41952,18
41953,22
41954,11
41955,13
41956,1
41957,22
41958,2
41959,13
41960,13
41961,16
41962,13
41963,13
41964,13
41965,19
41966,7
41967,1
41968,10
41969,8
41970,18
41971,18
41972,13
41973,13
41974,23
41975,22
41976,1
41977,16
41978,16
41979,13
41980,19
41981,13
41982,11
41983,7
41984,13
41985,7
41986,13
41987,19
41988,8
41989,4
41990,6
41991,21
41992,13
41993,6
41994,18
41995,14
41996,4
41997,4
41998,11
41999,1
42000,13
42001,19
42002,2
42003,13
42004,14
42005,13
42006,19
42007,8
42008,13
42009,5
42010,22
42011,18
42012,6
42013,13
42014,2
42015,21
42016,2
42017,11
42018,5
42019,18
42020,14
42021,13
42022,13
42023,1
42024,13
42025,18
42026,6
42027,9
42028,22
42029,13
42030,2
42031,20
42032,11
42033,22
42034,11
42035,3
42036,18
42037,13
42038,11
42039,13
42040,9
42041,11
42042,13
42043,5
42044,7
42045,22
42046,21
42047,4
42048,11
42049,1
42050,22
42051,13
42052,2
42053,14
42054,19
42055,1
42056,1
42057,19
42058,11
42059,13
42060,14
42061,22
42062,7
42063,9
42064,7
42065,11
42066,21
42067,13
42068,11
42069,19
42070,18
42071,14
42072,13
42073,20
42074,0
42075,13
42076,21
42077,22
42078,21
42079,13
42080,10
42081,11
42082,2
42083,11
42084,1
42085,11
42086,18
42087,7
42088,7
42089,11
42090,22
42091,7
42092,19
42093,2
42094,9
42095,6
42096,1
42097,13
42098,11
42099,9
42100,19
42101,1
42102,11
42103,22
42104,18
42105,22
42106,0
42107,5
42108,19
42109,11
42110,13
42111,13
42112,1
42113,14
42114,22
42115,22
42116,7
42117,8
42118,13
42119,1
42120,18
42121,18
42122,18
42123,21
42124,13
42125,2
42126,18
42127,22
42128,7
42129,7
42130,2
42131,7
42132,6
42133,22
42134,14
42135,13
42136,18
42137,7
42138,10
42139,8
42140,19
42141,7
42142,21
42143,1
42144,1
42145,18
42146,18
42147,11
42148,5
42149,7
42150,22
42151,9
42152,18
42153,4
42154,1
42155,7
42156,2
42157,13
42158,13
42159,22
42160,21
42161,1
42162,13
42163,3
42164,16
42165,10
42166,1
42167,11
42168,7
42169,7
42170,11
42171,13
42172,1
42173,3
42174,19
42175,11
42176,22
42177,18
42178,16
42179,22
42180,19
42181,9
42182,2
42183,2
42184,7
42185,2
42186,21
42187,18
42188,7
42189,13
42190,13
42191,6
42192,2
42193,11
42194,2
42195,7
42196,11
42197,13
42198,4
42199,1
42200,7
42201,11
42202,11
42203,13
42204,14
42205,21
42206,18
42207,1
42208,6
42209,11
42210,18
42211,5
42212,18
42213,22
42214,19
42215,7
42216,11
42217,7
42218,13
42219,13
42220,3
42221,14
42222,21
42223,22
42224,13
42225,18
42226,18
42227,13
42228,7
42229,19
42230,23
42231,13
42232,11
42233,11
42234,14
42235,18
42236,5
42237,15
42238,13
42239,4
42240,14
42241,7
42242,2
42243,1
42244,21
42245,19
42246,11
42247,2
42248,18
42249,21
42250,7
42251,7
42252,18
42253,2
42254,19
42255,19
42256,19
42257,13
42258,23
42259,12
42260,7
42261,13
42262,11
42263,22
42264,22
42265,16
42266,13
42267,1
42268,13
42269,13
42270,13
42271,1
42272,2
42273,1
42274,14
42275,18
42276,1
42277,15
42278,9
42279,13
42280,5
42281,7
42282,6
42283,13
42284,19
42285,4
42286,16
42287,22
42288,13
42289,18
42290,5
42291,1
42292,9
42293,13
42294,11
42295,4
42296,4
42297,18
42298,10
42299,1
42300,0
42301,8
42302,18
42303,17
42304,21
42305,13
42306,14
42307,19
42308,7
42309,1
42310,21
42311,7
42312,19
42313,18
42314,18
42315,13
42316,13
42317,0
42318,7
42319,13
42320,1
42321,8
42322,14
42323,18
42324,1
42325,1
42326,8
42327,14
42328,11
42329,1
42330,14
42331,2
42332,18
42333,18
42334,9
42335,11
42336,7
42337,11
42338,9
42339,22
42340,5
42341,13
42342,22
42343,2
42344,14
42345,1
42346,13
42347,5
42348,18
42349,16
42350,7
42351,2
42352,9
42353,13
42354,18
42355,22
42356,19
42357,2
42358,11
42359,13
42360,18
42361,1
42362,11
42363,21
42364,13
42365,13
42366,7
42367,4
42368,13
42369,2
42370,7
42371,6
42372,14
42373,1
42374,18
42375,14
42376,19
42377,11
42378,19
42379,19
42380,18
42381,2
42382,7
42383,11
42384,1
42385,15
42386,19
42387,6
42388,10
42389,2
42390,3
42391,21
42392,7
42393,18
42394,14
42395,4
42396,13
42397,13
42398,13
42399,15
42400,13
42401,18
42402,7
42403,13
42404,14
42405,11
42406,18
42407,12
42408,21
42409,21
42410,14
42411,12
42412,19
42413,11
42414,7
42415,19
42416,16
42417,19
42418,3
42419,13
42420,21
42421,4
42422,13
42423,2
42424,11
42425,11
42426,13
42427,7
42428,11
42429,12
42430,1
42431,3
42432,19
42433,19
42434,13
42435,7
42436,7
42437,19
42438,1
42439,19
42440,7
42441,2
42442,19
42443,13
42444,14
42445,19
42446,13
42447,7
42448,5
42449,13
42450,9
42451,11
42452,23
42453,13
42454,11
42455,2
42456,18
42457,14
42458,11
42459,21
42460,2
42461,15
42462,14
42463,7
42464,13
42465,14
42466,13
42467,15
42468,14
42469,13
42470,19
42471,18
42472,18
42473,19
42474,7
42475,13
42476,13
42477,13
42478,19
42479,13
42480,2
42481,2
42482,13
42483,13
42484,2
42485,13
42486,14
42487,2
42488,7
42489,13
42490,14
42491,9
42492,11
42493,2
42494,11
42495,13
42496,2
42497,14
42498,13
42499,15
42500,13
42501,9
42502,13
42503,14
42504,5
42505,3
42506,1
42507,13
42508,1
42509,7
42510,19
42511,18
42512,13
42513,7
42514,13
42515,14
42516,13
42517,22
42518,2
42519,13
42520,6
42521,2
42522,14
42523,3
42524,1
42525,14
42526,2
42527,19
42528,7
42529,22
42530,2
42531,23
42532,11
42533,1
42534,13
42535,14
42536,14
42537,2
42538,19
42539,2
42540,19
42541,2
42542,13
42543,7
42544,1
42545,7
42546,13
42547,11
42548,4
42549,14
42550,19
42551,22
42552,4
42553,19
42554,2
42555,13
42556,12
42557,11
42558,13
42559,15
42560,11
42561,13
42562,0
42563,13
42564,2
42565,5
42566,14
42567,21
42568,3
42569,13
42570,23
42571,13
42572,13
42573,18
42574,1
42575,22
42576,18
42577,10
42578,14
42579,17
42580,19
42581,7
42582,7
42583,5
42584,19
42585,14
42586,13
42587,19
42588,8
42589,7
42590,19
42591,13
42592,13
42593,7
42594,2
42595,1
42596,18
42597,19
42598,18
42599,11
42600,19
42601,18
42602,2
42603,14
42604,19
42605,13
42606,11
42607,19
42608,14
42609,1
42610,22
42611,22
42612,19
42613,14
42614,13
42615,4
42616,6
42617,19
42618,23
42619,7
42620,18
42621,6
42622,13
42623,7
42624,14
42625,5
42626,11
42627,13
42628,22
42629,10
42630,5
42631,13
42632,14
42633,22
42634,7
42635,13
42636,13
42637,22
42638,10
42639,3
42640,8
42641,11
42642,7
42643,13
42644,19
42645,21
42646,6
42647,23
42648,13
42649,11
42650,4
42651,7
42652,22
42653,13
42654,11
42655,4
42656,12
42657,19
42658,11
42659,6
42660,19
42661,13
42662,5
42663,5
42664,8
42665,1
42666,18
42667,1
42668,22
42669,18
42670,22
42671,1
42672,11
42673,2
42674,13
42675,1
42676,18
42677,13
42678,7
42679,8
42680,18
42681,3
42682,5
42683,18
42684,19
42685,13
42686,0
42687,4
42688,11
42689,19
42690,1
42691,19
42692,22
42693,22
42694,14
42695,13
42696,2
42697,18
42698,13
42699,3
42700,22
42701,11
42702,2
42703,9
42704,6
42705,1
42706,13
42707,11
42708,1
42709,21
42710,11
42711,2
42712,7
42713,14
42714,7
42715,14
42716,1
42717,21
42718,6
42719,13
42720,11
42721,14
42722,1
42723,8
42724,1
42725,15
42726,0
42727,1
42728,13
42729,6
42730,13
42731,19
42732,22
42733,11
42734,23
42735,22
42736,21
42737,13
42738,19
42739,9
42740,21
42741,11
42742,18
42743,18
42744,1
42745,14
42746,5
42747,7
42748,7
42749,16
42750,3
42751,5
42752,9
42753,2
42754,22
42755,7
42756,13
42757,16
42758,19
42759,19
42760,19
42761,13
42762,4
42763,7
42764,19
42765,13
42766,18
42767,7
42768,11
42769,13
42770,13
42771,11
42772,11
42773,21
42774,18
42775,7
42776,8
42777,13
42778,10
42779,19
42780,2
42781,20
42782,20
42783,2
42784,2
42785,7
42786,19
42787,7
42788,4
42789,1
42790,3
42791,2
42792,2
42793,18
42794,3
42795,13
42796,22
42797,19
42798,18
42799,11
42800,13
42801,5
42802,1
42803,1
42804,19
42805,11
42806,19
42807,1
42808,8
42809,7
42810,8
42811,13
42812,23
42813,14
42814,1
42815,21
42816,22
42817,23
42818,17
42819,1
42820,19
42821,2
42822,18
42823,6
42824,19
42825,13
42826,4
42827,20
42828,7
42829,7
42830,11
42831,13
42832,18
42833,4
42834,21
42835,5
42836,19
42837,13
42838,19
42839,11
42840,5
42841,18
42842,7
42843,22
42844,10
42845,21
42846,13
42847,1
42848,13
42849,23
42850,19
42851,11
42852,2
42853,18
42854,23
42855,13
42856,2
42857,1
42858,19
42859,21
42860,14
42861,9
42862,2
42863,8
42864,2
42865,2
42866,11
42867,13
42868,1
42869,12
42870,19
42871,16
42872,3
42873,18
42874,3
42875,13
42876,22
42877,13
42878,21
42879,9
42880,11
42881,11
42882,13
42883,13
42884,6
42885,14
42886,13
42887,1
42888,3
42889,14
42890,22
42891,16
42892,7
42893,22
42894,13
42895,14
42896,2
42897,7
42898,7
42899,19
42900,22
42901,18
42902,7
42903,2
42904,1
42905,13
42906,2
42907,13
42908,11
42909,19
42910,11
42911,13
42912,5
42913,15
42914,2
42915,1
42916,13
42917,7
42918,22
42919,13
42920,19
42921,2
42922,2
42923,9
42924,15
42925,13
42926,2
42927,9
42928,2
42929,11
42930,2
42931,16
42932,5
42933,19
42934,13
42935,13
42936,11
42937,10
42938,19
42939,22
42940,1
42941,7
42942,19
42943,21
42944,5
42945,2
42946,19
42947,18
42948,8
42949,23
42950,13
42951,18
42952,22
42953,18
42954,3
42955,1
42956,13
42957,11
42958,19
42959,19
42960,9
42961,13
42962,2
42963,13
42964,13
42965,1
42966,19
42967,19
42968,22
42969,13
42970,16
42971,14
42972,2
42973,8
42974,11
42975,7
42976,18
42977,22
42978,1
42979,2
42980,13
42981,11
42982,13
42983,3
42984,13
42985,9
42986,18
42987,11
42988,18
42989,13
42990,21
42991,7
42992,2
42993,22
42994,23
42995,1
42996,13
42997,23
42998,1
42999,11
43000,2
43001,10
43002,4
43003,7
43004,18
43005,1
43006,23
43007,13
43008,7
43009,13
43010,23
43011,5
43012,9
43013,2
43014,10
43015,22
43016,13
43017,10
43018,13
43019,11
43020,11
43021,4
43022,18
43023,19
43024,1
43025,11
43026,22
43027,6
43028,19
43029,2
43030,4
43031,11
43032,19
43033,8
43034,14
43035,10
43036,19
43037,7
43038,21
43039,15
43040,13
43041,11
43042,13
43043,9
43044,13
43045,12
43046,18
43047,11
43048,13
43049,1
43050,5
43051,19
43052,7
43053,13
43054,19
43055,19
43056,1
43057,9
43058,11
43059,15
43060,13
43061,4
43062,18
43063,2
43064,13
43065,13
43066,13
43067,21
43068,14
43069,14
43070,13
43071,21
43072,7
43073,2
43074,5
43075,13
43076,16
43077,15
43078,13
43079,13
43080,9
43081,7
43082,22
43083,19
43084,19
43085,18
43086,1
43087,10
43088,19
43089,11
43090,3
43091,2
43092,23
43093,22
43094,21
43095,4
43096,19
43097,2
43098,23
43099,13
43100,13
43101,13
43102,13
43103,10
43104,19
43105,1
43106,23
43107,11
43108,18
43109,11
43110,13
43111,13
43112,13
43113,1
43114,5
43115,3
43116,21
43117,13
43118,7
43119,13
43120,1
43121,13
43122,11
43123,7
43124,22
43125,5
43126,22
43127,1
43128,7
43129,13
43130,20
43131,4
43132,7
43133,13
43134,9
43135,14
43136,10
43137,19
43138,19
43139,21
43140,22
43141,22
43142,18
43143,19
43144,3
43145,5
43146,13
43147,13
43148,13
43149,7
43150,1
43151,19
43152,13
43153,13
43154,11
43155,13
43156,19
43157,10
43158,13
43159,2
43160,7
43161,11
43162,13
43163,22
43164,7
43165,13
43166,11
43167,1
43168,21
43169,7
43170,11
43171,13
43172,4
43173,22
43174,10
43175,19
43176,19
43177,13
43178,13
43179,11
43180,11
43181,2
43182,22
43183,2
43184,14
43185,13
43186,13
43187,15
43188,13
43189,1
43190,1
43191,7
43192,18
43193,1
43194,11
43195,1
43196,3
43197,21
43198,13
43199,7
43200,19
43201,13
43202,13
43203,21
43204,13
43205,18
43206,2
43207,13
43208,8
43209,9
43210,0
43211,8
43212,18
43213,6
43214,19
43215,15
43216,4
43217,13
43218,13
43219,1
43220,7
43221,13
43222,20
43223,2
43224,18
43225,11
43226,1
43227,5
43228,13
43229,23
43230,18
43231,18
43232,16
43233,13
43234,1
43235,11
43236,13
43237,13
43238,7
43239,1
43240,13
43241,1
43242,14
43243,21
43244,22
43245,17
43246,11
43247,21
43248,7
43249,13
43250,19
43251,9
43252,13
43253,19
43254,13
43255,18
43256,6
43257,7
43258,13
43259,1
43260,4
43261,11
43262,20
43263,19
43264,13
43265,11
43266,22
43267,19
43268,13
43269,5
43270,11
43271,21
43272,22
43273,22
43274,4
43275,13
43276,9
43277,1
43278,13
43279,22
43280,19
43281,19
43282,7
43283,18
43284,19
43285,18
43286,7
43287,2
43288,7
43289,8
43290,22
43291,19
43292,13
43293,18
43294,11
43295,13
43296,22
43297,11
43298,23
43299,2
43300,10
43301,7
43302,11
43303,9
43304,13
43305,13
43306,4
43307,11
43308,13
43309,0
43310,1
43311,11
43312,13
43313,21
43314,2
43315,11
43316,19
43317,14
43318,1
43319,0
43320,13
43321,21
43322,22
43323,19
43324,22
43325,7
43326,23
43327,6
43328,19
43329,1
43330,3
43331,8
43332,1
43333,19
43334,11
43335,1
43336,13
43337,13
43338,7
43339,4
43340,11
43341,11
43342,7
43343,13
43344,13
43345,11
43346,11
43347,1
43348,7
43349,13
43350,1
43351,22
43352,13
43353,6
43354,8
43355,5
43356,21
43357,8
43358,4
43359,14
43360,2
43361,7
43362,13
43363,18
43364,19
43365,13
43366,13
43367,8
43368,14
43369,11
43370,7
43371,19
43372,2
43373,1
43374,22
43375,4
43376,14
43377,2
43378,18
43379,12
43380,14
43381,19
43382,5
43383,13
43384,14
43385,8
43386,13
43387,13
43388,4
43389,1
43390,2
43391,19
43392,22
43393,11
43394,13
43395,21
43396,0
43397,2
43398,18
43399,19
43400,7
43401,7
43402,5
43403,11
43404,11
43405,22
43406,1
43407,18
43408,10
43409,2
43410,9
43411,19
43412,7
43413,7
43414,10
43415,1
43416,2
43417,7
43418,13
43419,4
43420,18
43421,1
43422,13
43423,22
43424,8
43425,21
43426,1
43427,2
43428,2
43429,1
43430,11
43431,19
43432,13
43433,1
43434,11
43435,13
43436,1
43437,10
43438,13
43439,5
43440,12
43441,4
43442,8
43443,12
43444,11
43445,7
43446,21
43447,20
43448,18
43449,13
43450,13
43451,22
43452,13
43453,22
43454,12
43455,19
43456,7
43457,16
43458,5
43459,18
43460,2
43461,19
43462,9
43463,7
43464,3
43465,13
43466,14
43467,9
43468,22
43469,11
43470,13
43471,13
43472,2
43473,7
43474,11
43475,19
43476,7
43477,18
43478,13
43479,11
43480,11
43481,14
43482,1
43483,22
43484,22
43485,13
43486,2
43487,13
43488,18
43489,18
43490,14
43491,3
43492,11
43493,2
43494,4
43495,18
43496,7
43497,13
43498,13
43499,11
43500,1
43501,13
43502,11
43503,5
43504,11
43505,23
43506,7
43507,7
43508,18
43509,14
43510,7
43511,18
43512,13
43513,2
43514,3
43515,11
43516,4
43517,13
43518,13
43519,7
43520,19
43521,13
43522,7
43523,5
43524,10
43525,11
43526,11
43527,19
43528,1
43529,11
43530,13
43531,14
43532,11
43533,19
43534,15
43535,1
43536,3
43537,4
43538,8
43539,4
43540,3
43541,20
43542,19
43543,14
43544,11
43545,5
43546,0
43547,9
43548,2
43549,11
43550,1
43551,22
43552,23
43553,2
43554,21
43555,1
43556,11
43557,7
43558,13
43559,13
43560,23
43561,13
43562,22
43563,11
43564,11
43565,4
43566,13
43567,19
43568,18
43569,14
43570,19
43571,5
43572,13
43573,2
43574,2
43575,14
43576,19
43577,3
43578,14
43579,13
43580,1
43581,11
43582,13
43583,23
43584,14
43585,3
43586,13
43587,14
43588,13
43589,8
43590,18
43591,18
43592,22
43593,13
43594,11
43595,14
43596,21
43597,13
43598,19
43599,1
43600,5
43601,19
43602,5
43603,1
43604,20
43605,13
43606,2
43607,19
43608,12
43609,21
43610,22
43611,7
43612,13
43613,11
43614,5
43615,19
43616,13
43617,11
43618,13
43619,13
43620,18
43621,2
43622,21
43623,6
43624,5
43625,14
43626,13
43627,0
43628,4
43629,13
43630,13
43631,16
43632,22
43633,2
43634,11
43635,0
43636,19
43637,16
43638,22
43639,6
43640,3
43641,11
43642,1
43643,19
43644,10
43645,6
43646,9
43647,10
43648,5
43649,1
43650,18
43651,7
43652,11
43653,13
43654,7
43655,11
43656,13
43657,19
43658,2
43659,11
43660,11
43661,20
43662,13
43663,1
43664,22
43665,7
43666,19
43667,13
43668,13
43669,23
43670,11
43671,21
43672,5
43673,11
43674,1
43675,19
43676,22
43677,9
43678,7
43679,13
43680,13
43681,10
43682,17
43683,12
43684,1
43685,1
43686,1
43687,11
43688,13
43689,22
43690,14
43691,11
43692,13
43693,11
43694,10
43695,13
43696,13
43697,5
43698,8
43699,22
43700,21
43701,7
43702,19
43703,2
43704,4
43705,13
43706,13
43707,13
43708,21
43709,1
43710,13
43711,22
43712,13
43713,18
43714,7
43715,1
43716,11
43717,18
43718,1
43719,11
43720,7
43721,22
43722,11
43723,11
43724,13
43725,21
43726,11
43727,19
43728,7
43729,8
43730,18
43731,13
43732,6
43733,13
43734,13
43735,21
43736,9
43737,10
43738,22
43739,11
43740,9
43741,13
43742,9
43743,7
43744,13
43745,13
43746,22
43747,11
43748,13
43749,11
43750,13
43751,11
43752,5
43753,23
43754,1
43755,13
43756,11
43757,21
43758,10
43759,13
43760,20
43761,1
43762,11
43763,21
43764,22
43765,2
43766,6
43767,22
43768,13
43769,13
43770,2
43771,19
43772,13
43773,10
43774,5
43775,5
43776,11
43777,19
43778,11
43779,13
43780,18
43781,7
43782,19
43783,18
43784,11
43785,13
43786,19
43787,13
43788,18
43789,13
43790,11
43791,12
43792,4
43793,22
43794,5
43795,23
43796,5
43797,22
43798,14
43799,13
43800,14
43801,13
43802,22
43803,1
43804,19
43805,5
43806,13
43807,1
43808,19
43809,18
43810,0
43811,5
43812,7
43813,11
43814,12
43815,7
43816,19
43817,13
43818,7
43819,1
43820,8
43821,13
43822,9
43823,3
43824,18
43825,11
43826,1
43827,7
43828,1
43829,3
43830,13
43831,22
43832,13
43833,22
43834,11
43835,8
43836,19
43837,22
43838,1
43839,3
43840,1
43841,7
43842,6
43843,1
43844,18
43845,18
43846,2
43847,11
43848,13
43849,11
43850,19
43851,19
43852,7
43853,4
43854,10
43855,18
43856,13
43857,7
43858,3
43859,18
43860,13
43861,18
43862,13
43863,13
43864,14
43865,18
43866,18
43867,19
43868,7
43869,2
43870,7
43871,13
43872,21
43873,18
43874,14
43875,13
43876,23
43877,16
43878,7
43879,7
43880,9
43881,19
43882,13
43883,18
43884,18
43885,7
43886,18
43887,19
43888,14
43889,2
43890,3
43891,1
43892,13
43893,22
43894,23
43895,19
43896,11
43897,14
43898,22
43899,22
43900,11
43901,22
43902,19
43903,21
43904,19
43905,14
43906,8
43907,7
43908,19
43909,1
43910,1
43911,7
43912,22
43913,8
43914,18
43915,5
43916,18
43917,13
43918,11
43919,14
43920,13
43921,18
43922,2
43923,11
43924,13
43925,10
43926,14
43927,7
43928,19
43929,18
43930,22
43931,11
43932,13
43933,14
43934,18
43935,13
43936,11
43937,18
43938,21
43939,18
43940,2
43941,3
43942,6
43943,22
43944,22
43945,14
43946,14
43947,13
43948,1
43949,2
43950,7
43951,8
43952,7
43953,13
43954,6
43955,11
43956,13
43957,5
43958,14
43959,22
43960,19
43961,13
43962,1
43963,11
43964,11
43965,22
43966,13
43967,1
43968,21
43969,6
43970,11
43971,21
43972,5
43973,19
43974,18
43975,18
43976,10
43977,14
43978,9
43979,18
43980,7
43981,19
43982,18
43983,21
43984,22
43985,9
43986,13
43987,1
43988,7
43989,11
43990,13
43991,2
43992,0
43993,19
43994,13
43995,23
43996,6
43997,7
43998,1
43999,21
44000,19
44001,19
44002,7
44003,11
44004,1
44005,13
44006,21
44007,19
44008,22
44009,22
44010,1
44011,19
44012,11
44013,7
44014,4
44015,21
44016,13
44017,2
44018,7
44019,21
44020,7
44021,21
44022,1
44023,13
44024,13
44025,2
44026,18
44027,8
44028,1
44029,8
44030,21
44031,0
44032,14
44033,4
44034,18
44035,13
44036,19
44037,11
44038,11
44039,9
44040,2
44041,13
44042,7
44043,3
44044,19
44045,11
44046,22
44047,20
44048,18
44049,7
44050,11
44051,5
44052,11
44053,2
44054,14
44055,2
44056,13
44057,2
44058,1
44059,13
44060,0
44061,4
44062,2
44063,13
44064,5
44065,13
44066,9
44067,1
44068,2
44069,11
44070,11
44071,18
44072,2
44073,22
44074,11
44075,14
44076,8
44077,13
44078,22
44079,22
44080,1
44081,4
44082,1
44083,1
44084,21
44085,19
44086,14
44087,11
44088,19
44089,11
44090,2
44091,19
44092,19
44093,11
44094,21
44095,7
44096,5
44097,6
44098,7
44099,2
44100,9
44101,18
44102,13
44103,19
44104,21
44105,3
44106,19
44107,13
44108,1
44109,9
44110,1
44111,2
44112,21
44113,22
44114,1
44115,2
44116,13
44117,7
44118,2
44119,20
44120,14
44121,7
44122,13
44123,19
44124,13
44125,8
44126,11
44127,13
44128,14
44129,13
44130,13
44131,1
44132,13
44133,7
44134,3
44135,19
44136,21
44137,1
44138,13
44139,13
44140,2
44141,8
44142,17
44143,1
44144,11
44145,5
44146,22
44147,14
44148,7
44149,3
44150,1
44151,4
44152,2
44153,18
44154,0
44155,19
44156,1
44157,14
44158,13
44159,18
44160,19
44161,11
44162,7
44163,13
44164,18
44165,9
44166,11
44167,11
44168,2
44169,1
44170,13
44171,16
44172,19
44173,2
44174,20
44175,23
44176,1
44177,1
44178,13
44179,1
44180,23
44181,23
44182,11
44183,4
44184,11
44185,22
44186,18
44187,11
44188,13
44189,13
44190,19
44191,13
44192,19
44193,1
44194,5
44195,18
44196,13
44197,2
44198,13
44199,12
44200,18
44201,11
44202,2
44203,8
44204,13
44205,1
44206,1
44207,18
44208,19
44209,1
44210,11
44211,13
44212,13
44213,1
44214,18
44215,20
44216,23
44217,18
44218,9
44219,3
44220,22
44221,19
44222,21
44223,13
44224,13
44225,2
44226,22
44227,2
44228,18
44229,5
44230,7
44231,7
44232,14
44233,1
44234,13
44235,1
44236,1
44237,11
44238,11
44239,6
44240,21
44241,2
44242,11
44243,13
44244,9
44245,5
44246,15
44247,13
44248,11
44249,14
44250,4
44251,3
44252,19
44253,18
44254,4
44255,13
44256,19
44257,19
44258,8
44259,13
44260,18
44261,21
44262,9
44263,19
44264,0
44265,19
44266,7
44267,1
44268,23
44269,8
44270,12
44271,2
44272,9
44273,13
44274,11
44275,11
44276,18
44277,22
44278,22
44279,19
44280,7
44281,2
44282,13
44283,1
44284,4
44285,13
44286,11
44287,7
44288,22
44289,13
44290,19
44291,2
44292,17
44293,15
44294,18
44295,13
44296,13
44297,19
44298,19
44299,8
44300,7
44301,19
44302,13
44303,13
44304,19
44305,22
44306,13
44307,13
44308,5
44309,11
44310,11
44311,19
44312,21
44313,6
44314,19
44315,13
44316,1
44317,9
44318,1
44319,14
44320,7
44321,18
44322,9
44323,19
44324,10
44325,7
44326,7
44327,18
44328,3
44329,14
44330,2
44331,11
44332,5
44333,18
44334,9
44335,13
44336,19
44337,11
44338,16
44339,13
44340,13
44341,19
44342,1
44343,14
44344,13
44345,1
44346,13
44347,11
44348,19
44349,8
44350,1
44351,18
44352,18
44353,11
44354,14
44355,4
44356,13
44357,6
44358,22
44359,1
44360,1
44361,2
44362,21
44363,14
44364,1
44365,13
44366,19
44367,20
44368,11
44369,14
44370,5
44371,8
44372,19
44373,19
44374,1
44375,2
44376,7
44377,1
44378,14
44379,22
44380,3
44381,22
44382,7
44383,13
44384,7
44385,13
44386,6
44387,13
44388,1
44389,22
44390,13
44391,1
44392,13
44393,21
44394,7
44395,1
44396,3
44397,23
44398,2
44399,13
44400,18
44401,19
44402,1
44403,9
44404,13
44405,9
44406,23
44407,13
44408,16
44409,6
44410,19
44411,19
44412,13
44413,23
44414,7
44415,2
44416,2
44417,7
44418,14
44419,1
44420,1
44421,7
44422,21
44423,6
44424,13
44425,23
44426,1
44427,11
44428,18
44429,2
44430,13
44431,19
44432,19
44433,1
44434,22
44435,1
44436,11
44437,13
44438,18
44439,8
44440,1
44441,19
44442,1
44443,2
44444,21
44445,22
44446,14
44447,15
44448,11
44449,23
44450,13
44451,11
44452,2
44453,8
44454,18
44455,13
44456,13
44457,4
44458,22
44459,8
44460,19
44461,19
44462,18
44463,23
44464,2
44465,13
44466,13
44467,18
44468,7
44469,18
44470,11
44471,9
44472,19
44473,13
44474,13
44475,0
44476,22
44477,3
44478,11
44479,11
44480,18
44481,19
44482,13
44483,18
44484,0
44485,21
44486,13
44487,13
44488,2
44489,1
44490,13
44491,19
44492,23
44493,22
44494,19
44495,6
44496,13
44497,13
44498,19
44499,11
44500,7
44501,21
44502,13
44503,2
44504,21
44505,18
44506,19
44507,13
44508,16
44509,1
44510,18
44511,21
44512,17
44513,19
44514,14
44515,9
44516,7
44517,1
44518,21
44519,19
44520,19
44521,20
44522,7
44523,23
44524,22
44525,2
44526,0
44527,3
44528,2
44529,9
44530,13
44531,18
44532,7
44533,2
44534,4
44535,7
44536,7
44537,11
44538,1
44539,5
44540,13
44541,18
44542,7
44543,18
44544,18
44545,18
44546,1
44547,18
44548,1
44549,23
44550,19
44551,18
44552,1
44553,2
44554,13
44555,14
44556,11
44557,19
44558,1
44559,17
44560,5
44561,7
44562,13
44563,11
44564,11
44565,13
44566,13
44567,5
44568,20
44569,1
44570,13
44571,13
44572,19
44573,14
44574,19
44575,16
44576,1
44577,10
44578,18
44579,7
44580,18
44581,11
44582,22
44583,22
44584,19
44585,21
44586,8
44587,19
44588,19
44589,22
44590,14
44591,13
44592,13
44593,21
44594,13
44595,18
44596,13
44597,13
44598,18
44599,19
44600,19
44601,14
44602,23
44603,20
44604,14
44605,1
44606,22
44607,22
44608,21
44609,3
44610,13
44611,13
44612,13
44613,23
44614,6
44615,11
44616,19
44617,7
44618,1
44619,19
44620,18
44621,7
44622,13
44623,2
44624,6
44625,10
44626,7
44627,1
44628,14
44629,1
44630,19
44631,7
44632,1
44633,0
44634,1
44635,2
44636,19
44637,13
44638,18
44639,21
44640,13
44641,7
44642,23
44643,13
44644,1
44645,10
44646,11
44647,23
44648,11
44649,2
44650,8
44651,23
44652,0
44653,18
44654,13
44655,13
44656,9
44657,13
44658,20
44659,13
44660,6
44661,5
44662,5
44663,19
44664,5
44665,13
44666,19
44667,13
44668,23
44669,19
44670,14
44671,3
44672,11
44673,8
44674,13
44675,21
44676,5
44677,1
44678,2
44679,13
44680,2
44681,18
44682,19
44683,7
44684,18
44685,19
44686,21
44687,22
44688,2
44689,16
44690,11
44691,1
44692,18
44693,20
44694,2
44695,2
44696,11
44697,8
44698,13
44699,14
44700,13
44701,11
44702,11
44703,14
44704,14
44705,4
44706,19
44707,17
44708,2
44709,13
44710,13
44711,13
44712,13
44713,19
44714,11
44715,13
44716,19
44717,10
44718,2
44719,22
44720,7
44721,14
44722,9
44723,1
44724,19
44725,9
44726,3
44727,13
44728,20
44729,7
44730,0
44731,11
44732,19
44733,5
44734,7
44735,13
44736,23
44737,8
44738,13
44739,14
44740,14
44741,11
44742,9
44743,14
44744,4
44745,12
44746,2
44747,2
44748,23
44749,18
44750,7
44751,1
44752,19
44753,11
44754,5
44755,7
44756,22
44757,13
44758,1
44759,9
44760,1
44761,13
44762,7
44763,13
44764,14
44765,1
44766,2
44767,19
44768,14
44769,2
44770,5
44771,8
44772,19
44773,7
44774,19
44775,2
44776,2
44777,18
44778,10
44779,13
44780,11
44781,3
44782,21
44783,19
44784,13
44785,8
44786,2
44787,23
44788,11
44789,22
44790,2
44791,22
44792,12
44793,22
44794,1
44795,14
44796,13
44797,4
44798,18
44799,23
44800,19
44801,11
44802,7
44803,22
44804,6
44805,23
44806,14
44807,0
44808,4
44809,13
44810,2
44811,19
44812,7
44813,11
44814,5
44815,7
44816,22
44817,18
44818,22
44819,21
44820,1
44821,11
44822,13
44823,1
44824,13
44825,2
44826,2
44827,13
44828,13
44829,1
44830,23
44831,7
44832,13
44833,19
44834,13
44835,18
44836,1
44837,18
44838,1
44839,3
44840,11
44841,18
44842,13
44843,13
44844,8
44845,2
44846,12
44847,18
44848,8
44849,1
44850,1
44851,21
44852,15
44853,1
44854,19
44855,21
44856,18
44857,2
44858,11
44859,2
44860,4
44861,22
44862,13
44863,18
44864,1
44865,21
44866,17
44867,2
44868,0
44869,18
44870,5
44871,2
44872,19
44873,19
44874,20
44875,21
44876,19
44877,13
44878,1
44879,20
44880,4
44881,1
44882,13
44883,22
44884,10
44885,2
44886,0
44887,15
44888,2
44889,1
44890,1
44891,21
44892,11
44893,23
44894,9
44895,13
44896,19
44897,13
44898,23
44899,10
44900,16
44901,21
44902,23
44903,1
44904,2
44905,14
44906,13
44907,4
44908,13
44909,11
44910,19
44911,19
44912,5
44913,14
44914,11
44915,11
44916,16
44917,14
44918,2
44919,22
44920,22
44921,18
44922,13
44923,21
44924,2
44925,13
44926,1
44927,21
44928,3
44929,21
44930,18
44931,1
44932,12
44933,11
44934,6
44935,7
44936,11
44937,20
44938,13
44939,15
44940,16
44941,13
44942,22
44943,22
44944,22
44945,13
44946,4
44947,1
44948,11
44949,19
44950,11
44951,14
44952,18
44953,21
44954,11
44955,8
44956,1
44957,19
44958,23
44959,21
44960,14
44961,1
44962,5
44963,19
44964,13
44965,21
44966,18
44967,21
44968,8
44969,4
44970,13
44971,2
44972,18
44973,23
44974,13
44975,13
44976,21
44977,3
44978,5
44979,13
44980,22
44981,23
44982,23
44983,13
44984,8
44985,1
44986,23
44987,19
44988,13
44989,19
44990,21
44991,1
44992,11
44993,11
44994,1
44995,21
44996,2
44997,2
44998,17
44999,22
45000,1
45001,18
45002,19
45003,1
45004,13
45005,19
45006,13
45007,13
45008,6
45009,13
45010,2
45011,13
45012,14
45013,22
45014,13
45015,19
45016,3
45017,19
45018,22
45019,11
45020,2
45021,4
45022,2
45023,11
45024,16
45025,22
45026,19
45027,1
45028,1
45029,13
45030,19
45031,13
45032,18
45033,18
45034,7
45035,0
45036,11
45037,2
45038,18
45039,23
45040,7
45041,22
45042,8
45043,4
45044,2
45045,14
45046,1
45047,18
45048,15
45049,13
45050,13
45051,1
45052,23
45053,5
45054,22
45055,18
45056,7
45057,8
45058,4
45059,13
45060,1
45061,13
45062,12
45063,22
45064,2
45065,7
45066,5
45067,5
45068,7
45069,9
45070,13
45071,1
45072,13
45073,1
45074,1
45075,17
45076,8
45077,19
45078,13
45079,18
45080,1
45081,14
45082,7
45083,13
45084,22
45085,19
45086,13
45087,0
45088,2
45089,11
45090,13
45091,7
45092,7
45093,10
45094,11
45095,18
45096,11
45097,1
45098,2
45099,11
45100,7
45101,19
45102,11
45103,22
45104,11
45105,7
45106,1
45107,22
45108,22
45109,15
45110,13
45111,19
45112,19
45113,7
45114,9
45115,8
45116,19
45117,7
45118,18
45119,13
45120,5
45121,3
45122,19
45123,21
45124,1
45125,18
45126,19
45127,13
45128,8
45129,14
45130,22
45131,13
45132,11
45133,1
45134,2
45135,11
45136,8
45137,23
45138,22
45139,10
45140,22
45141,2
45142,3
45143,19
45144,22
45145,18
45146,10
45147,7
45148,11
45149,5
45150,19
45151,2
45152,5
45153,14
45154,3
45155,1
45156,9
45157,10
45158,7
45159,20
45160,13
45161,11
45162,0
45163,1
45164,13
45165,13
45166,11
45167,7
45168,7
45169,0
45170,6
45171,7
45172,1
45173,1
45174,13
45175,10
45176,11
45177,2
45178,8
45179,1
45180,21
45181,19
45182,0
45183,13
45184,22
45185,11
45186,1
45187,13
45188,20
45189,7
45190,4
45191,5
45192,7
45193,19
45194,19
45195,14
45196,11
45197,13
45198,7
45199,14
45200,13
45201,13
45202,14
45203,1
45204,2
45205,8
45206,2
45207,22
45208,13
45209,18
45210,0
45211,23
45212,19
45213,9
45214,22
45215,4
45216,3
45217,19
45218,19
45219,11
45220,22
45221,22
45222,1
45223,1
45224,6
45225,2
45226,13
45227,13
45228,18
45229,7
45230,13
45231,5
45232,11
45233,13
45234,18
45235,18
45236,2
45237,13
45238,18
45239,14
45240,11
45241,13
45242,13
45243,7
45244,4
45245,19
45246,13
45247,7
45248,13
45249,4
45250,16
45251,1
45252,13
45253,11
45254,14
45255,23
45256,13
45257,11
45258,18
45259,11
45260,11
45261,0
45262,11
45263,1
45264,21
45265,1
45266,1
45267,13
45268,1
45269,5
45270,13
45271,13
45272,1
45273,11
45274,13
45275,13
45276,21
45277,19
45278,18
45279,19
45280,1
45281,14
45282,7
45283,14
45284,18
45285,22
45286,13
45287,13
45288,22
45289,13
45290,11
45291,22
45292,7
45293,13
45294,13
45295,14
45296,22
45297,13
45298,14
45299,13
45300,0
45301,2
45302,18
45303,22
45304,15
45305,3
45306,1
45307,13
45308,11
45309,19
45310,8
45311,13
45312,11
45313,5
45314,14
45315,13
45316,13
45317,1
45318,18
45319,6
45320,22
45321,7
45322,15
45323,13
45324,9
45325,23
45326,3
45327,22
45328,8
45329,9
45330,13
45331,11
45332,7
45333,19
45334,1
45335,5
45336,1
45337,13
45338,13
45339,11
45340,2
45341,13
45342,13
45343,2
45344,12
45345,1
45346,8
45347,21
45348,4
45349,8
45350,2
45351,18
45352,19
45353,13
45354,4
45355,15
45356,13
45357,7
45358,23
45359,13
45360,2
45361,13
45362,13
45363,13
45364,19
45365,13
45366,1
45367,4
45368,11
45369,18
45370,1
45371,19
45372,4
45373,10
45374,8
45375,19
45376,18
45377,13
45378,22
45379,13
45380,1
45381,13
45382,19
45383,14
45384,1
45385,1
45386,7
45387,14
45388,12
45389,1
45390,13
45391,2
45392,11
45393,13
45394,18
45395,13
45396,7
45397,1
45398,1
45399,22
45400,13
45401,0
45402,10
45403,18
45404,1
45405,19
45406,19
45407,13
45408,22
45409,2
45410,1
45411,22
45412,14
45413,13
45414,3
45415,13
45416,13
45417,19
45418,13
45419,19
45420,11
45421,11
45422,1
45423,15
45424,19
45425,22
45426,11
45427,13
45428,2
45429,1
45430,13
45431,7
45432,13
45433,9
45434,13
45435,6
45436,23
45437,8
45438,14
45439,5
45440,11
45441,23
45442,14
45443,2
45444,7
45445,7
45446,1
45447,13
45448,8
45449,22
45450,22
45451,23
45452,6
45453,13
45454,19
45455,13
45456,1
45457,1
45458,22
45459,11
45460,13
45461,21
45462,13
45463,1
45464,11
45465,11
45466,19
45467,13
45468,13
45469,11
45470,7
45471,2
45472,14
45473,5
45474,9
45475,0
45476,7
45477,18
45478,21
45479,18
45480,22
45481,19
45482,1
45483,13
45484,1
45485,11
45486,13
45487,5
45488,23
45489,13
45490,13
45491,4
45492,11
45493,2
45494,13
45495,13
45496,14
45497,19
45498,22
45499,14
45500,13
45501,7
45502,7
45503,11
45504,11
45505,13
45506,13
45507,19
45508,13
45509,13
45510,1
45511,21
45512,19
45513,7
45514,14
45515,22
45516,2
45517,16
45518,11
45519,2
45520,1
45521,7
45522,19
45523,13
45524,19
45525,13
45526,13
45527,13
45528,21
45529,0
45530,13
45531,3
45532,5
45533,11
45534,23
45535,18
45536,2
45537,13
45538,21
45539,11
45540,2
45541,1
45542,4
45543,13
45544,13
45545,22
45546,2
45547,2
45548,2
45549,18
45550,2
45551,9
45552,4
45553,8
45554,5
45555,18
45556,19
45557,18
45558,7
45559,7
45560,2
45561,13
45562,11
45563,19
45564,2
45565,11
45566,22
45567,11
45568,7
45569,11
45570,14
45571,13
45572,14
45573,1
45574,22
45575,6
45576,19
45577,13
45578,19
45579,7
45580,11
45581,23
45582,23
45583,13
45584,22
45585,2
45586,1
45587,13
45588,7
45589,13
45590,20
45591,11
45592,5
45593,19
45594,13
45595,18
45596,21
45597,11
45598,23
45599,1
45600,8
45601,8
45602,19
45603,20
45604,13
45605,13
45606,11
45607,7
45608,22
45609,18
45610,13
45611,19
45612,3
45613,13
45614,11
45615,18
45616,13
45617,2
45618,13
45619,11
45620,8
45621,22
45622,0
45623,19
45624,1
45625,4
45626,13
45627,11
45628,16
45629,2
45630,9
45631,21
45632,1
45633,13
45634,19
45635,15
45636,18
45637,13
45638,13
45639,13
45640,1
45641,19
45642,5
45643,8
45644,19
45645,13
45646,13
45647,1
45648,13
45649,11
45650,21
45651,13
45652,13
45653,13
45654,13
45655,8
45656,13
45657,16
45658,13
45659,11
45660,13
45661,19
45662,1
45663,19
45664,13
45665,4
45666,2
45667,10
45668,1
45669,10
45670,1
45671,5
45672,11
45673,20
45674,13
45675,11
45676,19
45677,22
45678,7
45679,9
45680,2
45681,5
45682,2
45683,13
45684,3
45685,13
45686,13
45687,8
45688,2
45689,13
45690,13
45691,11
45692,13
45693,19
45694,13
45695,1
45696,19
45697,2
45698,1
45699,18
45700,8
45701,19
45702,11
45703,18
45704,11
45705,13
45706,4
45707,21
45708,8
45709,19
45710,7
45711,13
45712,21
45713,14
45714,13
45715,13
45716,10
45717,7
45718,13
45719,0
45720,14
45721,1
45722,13
45723,9
45724,2
45725,23
45726,3
45727,5
45728,21
45729,1
45730,19
45731,4
45732,19
45733,11
45734,22
45735,23
45736,11
45737,13
45738,18
45739,13
45740,18
45741,18
45742,13
45743,2
45744,13
45745,1
45746,2
45747,3
45748,18
45749,11
45750,22
45751,7
45752,18
45753,2
45754,19
45755,19
45756,1
45757,1
45758,19
45759,19
45760,3
45761,10
45762,7
45763,22
45764,1
45765,23
45766,7
45767,18
45768,22
45769,19
45770,2
45771,18
45772,4
45773,5
45774,2
45775,2
45776,3
45777,8
45778,18
45779,16
45780,13
45781,19
45782,11
45783,22
45784,7
45785,19
45786,11
45787,19
45788,1
45789,22
45790,4
45791,7
45792,11
45793,4
45794,13
45795,10
45796,22
45797,22
45798,4
45799,8
45800,11
45801,13
45802,13
45803,2
45804,13
45805,10
45806,19
45807,13
45808,13
45809,1
45810,2
45811,19
45812,18
45813,1
45814,18
45815,7
45816,1
45817,19
45818,2
45819,19
45820,13
45821,14
45822,19
45823,8
45824,5
45825,7
45826,9
45827,2
45828,23
45829,5
45830,19
45831,11
45832,0
45833,15
45834,11
45835,19
45836,11
45837,11
45838,13
45839,7
45840,1
45841,22
45842,13
45843,8
45844,18
45845,13
45846,7
45847,19
45848,1
45849,13
45850,5
45851,21
45852,19
45853,19
45854,14
45855,5
45856,1
45857,8
45858,7
45859,21
45860,11
45861,11
45862,23
45863,21
45864,20
45865,13
45866,13
45867,19
45868,13
45869,7
45870,18
45871,14
45872,1
45873,13
45874,11
45875,18
45876,11
45877,22
45878,13
45879,21
45880,13
45881,1
45882,7
45883,22
45884,13
45885,13
45886,1
45887,13
45888,1
45889,19
45890,1
45891,23
45892,13
45893,13
45894,21
45895,11
45896,18
45897,18
45898,22
45899,13
45900,13
45901,13
45902,21
45903,4
45904,13
45905,1
45906,7
45907,13
45908,19
45909,7
45910,11
45911,1
45912,22
45913,2
45914,1
45915,2
45916,19
45917,7
45918,21
45919,11
45920,22
45921,22
45922,11
45923,2
45924,9
45925,19
45926,21
45927,14
45928,13
45929,22
45930,13
45931,19
45932,20
45933,13
45934,13
45935,13
45936,11
45937,23
45938,19
45939,19
45940,22
45941,13
45942,5
45943,7
45944,7
45945,19
45946,2
45947,1
45948,1
45949,1
45950,13
45951,13
45952,18
45953,22
45954,13
45955,8
45956,1
45957,19
45958,2
45959,2
45960,11
45961,13
45962,23
45963,18
45964,8
45965,6
45966,5
45967,13
45968,13
45969,13
45970,22
45971,3
45972,12
45973,3
45974,21
45975,11
45976,16
45977,13
45978,15
45979,13
45980,6
45981,13
45982,13
45983,1
45984,18
45985,2
45986,18
45987,1
45988,19
45989,5
45990,7
45991,9
45992,22
45993,10
45994,19
45995,11
45996,22
45997,11
45998,18
45999,22
46000,19
46001,15
46002,0
46003,2
46004,4
46005,13
46006,14
46007,19
46008,3
46009,5
46010,13
46011,13
46012,2
46013,4
46014,19
46015,13
46016,13
46017,11
46018,8
46019,13
46020,7
46021,0
46022,13
46023,19
46024,11
46025,18
46026,11
46027,7
46028,13
46029,15
46030,1
46031,19
46032,2
46033,4
46034,9
46035,4
46036,14
46037,7
46038,18
46039,13
46040,13
46041,14
46042,1
46043,4
46044,16
46045,19
46046,19
46047,18
46048,23
46049,11
46050,6
46051,11
46052,11
46053,11
46054,5
46055,13
46056,18
46057,13
46058,14
46059,7
46060,19
46061,11
46062,18
46063,20
46064,11
46065,1
46066,11
46067,1
46068,4
46069,23
46070,1
46071,9
46072,19
46073,15
46074,19
46075,9
46076,20
46077,22
46078,19
46079,18
46080,16
46081,20
46082,2
46083,7
46084,16
46085,13
46086,10
46087,13
46088,2
46089,6
46090,2
46091,2
46092,7
46093,20
46094,11
46095,6
46096,14
46097,22
46098,7
46099,18
46100,19
46101,1
46102,22
46103,22
46104,18
46105,1
46106,13
46107,14
46108,13
46109,19
46110,18
46111,13
46112,2
46113,11
46114,11
46115,13
46116,23
46117,11
46118,22
46119,13
46120,11
46121,19
46122,8
46123,13
46124,13
46125,13
46126,5
46127,0
46128,14
46129,1
46130,11
46131,9
46132,19
46133,19
46134,13
46135,22
46136,2
46137,18
46138,2
46139,18
46140,2
46141,3
46142,19
46143,18
46144,19
46145,13
46146,13
46147,11
46148,19
46149,4
46150,7
46151,14
46152,0
46153,7
46154,18
46155,14
46156,8
46157,2
46158,8
46159,1
46160,15
46161,11
46162,19
46163,13
46164,1
46165,7
46166,13
46167,19
46168,13
46169,11
46170,1
46171,13
46172,19
46173,3
46174,1
46175,14
46176,5
46177,13
46178,13
46179,13
46180,13
46181,21
46182,5
46183,8
46184,3
46185,19
46186,22
46187,19
46188,18
46189,1
46190,13
46191,22
46192,19
46193,11
46194,12
46195,2
46196,19
46197,19
46198,11
46199,13
46200,3
46201,13
46202,13
46203,13
46204,19
46205,11
46206,11
46207,22
46208,2
46209,1
46210,13
46211,14
46212,2
46213,5
46214,4
46215,11
46216,21
46217,19
46218,19
46219,7
46220,15
46221,9
46222,13
46223,0
46224,22
46225,8
46226,13
46227,11
46228,19
46229,14
46230,11
46231,13
46232,11
46233,23
46234,7
46235,4
46236,1
46237,14
46238,11
46239,19
46240,7
46241,1
46242,20
46243,13
46244,18
46245,7
46246,13
46247,7
46248,13
46249,11
46250,13
46251,13
46252,13
46253,13
46254,19
46255,2
46256,13
46257,2
46258,22
46259,19
46260,21
46261,11
46262,1
46263,3
46264,19
46265,19
46266,19
46267,11
46268,19
46269,22
46270,13
46271,13
46272,19
46273,2
46274,19
46275,11
46276,5
46277,9
46278,11
46279,13
46280,7
46281,22
46282,9
46283,15
46284,19
46285,18
46286,22
46287,19
46288,11
46289,13
46290,14
46291,22
46292,23
46293,1
46294,13
46295,7
46296,19
46297,13
46298,1
46299,3
46300,7
46301,5
46302,2
46303,13
46304,2
46305,1
46306,19
46307,11
46308,1
46309,13
46310,2
46311,1
46312,4
46313,2
46314,11
46315,7
46316,19
46317,3
46318,22
46319,13
46320,18
46321,18
46322,13
46323,1
46324,22
46325,8
46326,7
46327,9
46328,6
46329,8
46330,1
46331,1
46332,22
46333,21
46334,7
46335,1
46336,16
46337,21
46338,14
46339,1
46340,19
46341,19
46342,11
46343,4
46344,9
46345,21
46346,13
46347,10
46348,18
46349,23
46350,1
46351,0
46352,18
46353,11
46354,22
46355,9
46356,7
46357,13
46358,2
46359,13
46360,1
46361,7
46362,1
46363,13
46364,1
46365,21
46366,19
46367,22
46368,0
46369,14
46370,8
46371,13
46372,7
46373,5
46374,7
46375,23
46376,7
46377,2
46378,13
46379,11
46380,10
46381,9
46382,23
46383,6
46384,13
46385,13
46386,13
46387,22
46388,18
46389,8
46390,7
46391,22
46392,19
46393,7
46394,2
46395,15
46396,18
46397,4
46398,18
46399,7
46400,1
46401,22
46402,18
46403,11
46404,7
46405,7
46406,7
46407,11
46408,13
46409,23
46410,5
46411,13
46412,23
46413,8
46414,4
46415,22
46416,18
46417,19
46418,13
46419,8
46420,7
46421,1
46422,2
46423,2
46424,19
46425,5
46426,5
46427,13
46428,13
46429,1
46430,22
46431,20
46432,19
46433,2
46434,18
46435,13
46436,21
46437,22
46438,13
46439,11
46440,22
46441,13
46442,8
46443,1
46444,7
46445,11
46446,7
46447,7
46448,21
46449,7
46450,20
46451,1
46452,18
46453,1
46454,1
46455,2
46456,19
46457,23
46458,7
46459,22
46460,0
46461,13
46462,23
46463,11
46464,3
46465,11
46466,7
46467,21
46468,9
46469,7
46470,7
46471,18
46472,8
46473,1
46474,14
46475,9
46476,9
46477,10
46478,22
46479,13
46480,2
46481,1
46482,4
46483,23
46484,18
46485,21
46486,13
46487,19
46488,18
46489,22
46490,13
46491,11
46492,7
46493,6
46494,21
46495,23
46496,13
46497,13
46498,11
46499,5
46500,13
46501,14
46502,13
46503,1
46504,2
46505,3
46506,19
46507,16
46508,21
46509,19
46510,19
46511,7
46512,19
46513,10
46514,13
46515,14
46516,1
46517,11
46518,9
46519,19
46520,13
46521,6
46522,19
46523,19
46524,1
46525,8
46526,14
46527,8
46528,8
46529,19
46530,14
46531,19
46532,19
46533,23
46534,13
46535,19
46536,19
46537,13
46538,2
46539,22
46540,13
46541,1
46542,17
46543,11
46544,3
46545,13
46546,1
46547,18
46548,21
46549,13
46550,1
46551,3
46552,3
46553,1
46554,3
46555,4
46556,19
46557,13
46558,2
46559,10
46560,11
46561,1
46562,11
46563,19
46564,1
46565,19
46566,13
46567,13
46568,19
46569,13
46570,7
46571,21
46572,19
46573,18
46574,4
46575,13
46576,8
46577,18
46578,13
46579,19
46580,8
46581,1
46582,14
46583,13
46584,13
46585,21
46586,14
46587,2
46588,11
46589,19
46590,7
46591,8
46592,4
46593,7
46594,14
46595,14
46596,13
46597,7
46598,13
46599,13
46600,12
46601,22
46602,20
46603,21
46604,5
46605,11
46606,13
46607,1
46608,18
46609,13
46610,11
46611,11
46612,6
46613,8
46614,18
46615,22
46616,6
46617,8
46618,1
46619,5
46620,13
46621,2
46622,11
46623,21
46624,9
46625,2
46626,19
46627,23
46628,22
46629,13
46630,15
46631,3
46632,1
46633,3
46634,1
46635,19
46636,2
46637,1
46638,7
46639,22
46640,11
46641,1
46642,13
46643,19
46644,1
46645,1
46646,14
46647,9
46648,19
46649,2
46650,20
46651,13
46652,18
46653,23
46654,11
46655,13
46656,15
46657,18
46658,11
46659,13
46660,1
46661,19
46662,12
46663,22
46664,21
46665,7
46666,1
46667,21
46668,1
46669,20
46670,11
46671,13
46672,1
46673,13
46674,13
46675,22
46676,14
46677,19
46678,13
46679,11
46680,1
46681,11
46682,11
46683,13
46684,19
46685,11
46686,4
46687,19
46688,7
46689,13
46690,11
46691,16
46692,1
46693,1
46694,18
46695,21
46696,19
46697,23
46698,4
46699,9
46700,11
46701,8
46702,20
46703,11
46704,19
46705,1
46706,9
46707,13
46708,23
46709,1
46710,22
46711,2
46712,2
46713,13
46714,13
46715,2
46716,1
46717,18
46718,6
46719,14
46720,5
46721,5
46722,7
46723,14
46724,18
46725,1
46726,1
46727,4
46728,11
46729,11
46730,1
46731,0
46732,8
46733,13
46734,11
46735,13
46736,2
46737,15
46738,14
46739,19
46740,18
46741,18
46742,23
46743,21
46744,13
46745,13
46746,13
46747,1
46748,14
46749,13
46750,11
46751,18
46752,13
46753,1
46754,0
46755,2
46756,8
46757,11
46758,13
46759,20
46760,22
46761,19
46762,14
46763,13
46764,13
46765,11
46766,18
46767,19
46768,11
46769,1
46770,22
46771,21
46772,11
46773,11
46774,19
46775,7
46776,7
46777,18
46778,7
46779,14
46780,22
46781,7
46782,16
46783,11
46784,7
46785,1
46786,13
46787,13
46788,2
46789,18
46790,11
46791,13
46792,7
46793,11
46794,19
46795,11
46796,13
46797,13
46798,19
46799,2
46800,10
46801,13
46802,21
46803,7
46804,1
46805,7
46806,13
46807,23
46808,13
46809,5
46810,19
46811,7
46812,7
46813,0
46814,19
46815,22
46816,5
46817,21
46818,18
46819,6
46820,3
46821,9
46822,13
46823,1
46824,2
46825,2
46826,3
46827,1
46828,13
46829,19
46830,3
46831,6
46832,13
46833,18
46834,19
46835,22
46836,18
46837,19
46838,7
46839,2
46840,6
46841,2
46842,1
46843,18
46844,7
46845,2
46846,9
46847,11
46848,5
46849,8
46850,11
46851,7
46852,11
46853,22
46854,14
46855,13
46856,13
46857,19
46858,3
46859,13
46860,1
46861,18
46862,13
46863,14
46864,13
46865,2
46866,11
46867,11
46868,11
46869,18
46870,7
46871,19
46872,21
46873,21
46874,13
46875,7
46876,1
46877,1
46878,2
46879,13
46880,6
46881,4
46882,7
46883,22
46884,7
46885,23
46886,5
46887,1
46888,1
46889,13
46890,1
46891,11
46892,2
46893,2
46894,2
46895,7
46896,2
46897,1
46898,10
46899,22
46900,11
46901,11
46902,4
46903,22
46904,18
46905,3
46906,2
46907,3
46908,2
46909,13
46910,15
46911,13
46912,2
46913,21
46914,13
46915,8
46916,11
46917,3
46918,21
46919,18
46920,1
46921,3
46922,22
46923,1
46924,4
46925,11
46926,2
46927,7
46928,18
46929,7
46930,18
46931,19
46932,19
46933,13
46934,18
46935,14
46936,7
46937,11
46938,13
46939,1
46940,2
46941,1
46942,18
46943,23
46944,11
46945,4
46946,0
46947,2
46948,13
46949,19
46950,14
46951,1
46952,13
46953,9
46954,8
46955,13
46956,22
46957,13
46958,11
46959,19
46960,3
46961,19
46962,11
46963,7
46964,13
46965,14
46966,19
46967,8
46968,18
46969,22
46970,14
46971,1
46972,1
46973,11
46974,23
46975,11
46976,13
46977,2
46978,19
46979,11
46980,13
46981,21
46982,19
46983,16
46984,7
46985,17
46986,19
46987,21
46988,13
46989,11
46990,9
46991,2
46992,13
46993,3
46994,13
46995,20
46996,1
46997,2
46998,1
46999,7
47000,4
47001,13
47002,14
47003,1
47004,22
47005,2
47006,18
47007,1
47008,13
47009,7
47010,13
47011,22
47012,13
47013,21
47014,21
47015,23
47016,1
47017,18
47018,1
47019,0
47020,13
47021,18
47022,11
47023,1
47024,1
47025,7
47026,13
47027,8
47028,13
47029,19
47030,3
47031,21
47032,10
47033,23
47034,1
47035,2
47036,2
47037,2
47038,7
47039,18
47040,18
47041,19
47042,5
47043,1
47044,2
47045,1
47046,6
47047,4
47048,13
47049,14
47050,8
47051,4
47052,13
47053,11
47054,10
47055,18
47056,19
47057,1
47058,2
47059,7
47060,5
47061,13
47062,21
47063,22
47064,2
47065,13
47066,11
47067,7
47068,13
47069,1
47070,9
47071,2
47072,5
47073,2
47074,20
47075,13
47076,14
47077,7
47078,1
47079,11
47080,1
47081,11
47082,2
47083,7
47084,1
47085,1
47086,3
47087,1
47088,19
47089,7
47090,13
47091,12
47092,22
47093,13
47094,19
47095,21
47096,2
47097,13
47098,1
47099,11
47100,1
47101,7
47102,7
47103,4
47104,13
47105,11
47106,1
47107,7
47108,19
47109,18
47110,18
47111,13
47112,19
47113,18
47114,19
47115,1
47116,3
47117,9
47118,2
47119,3
47120,13
47121,22
47122,22
47123,12
47124,22
47125,22
47126,13
47127,22
47128,19
47129,13
47130,19
47131,9
47132,7
47133,18
47134,19
47135,22
47136,11
47137,1
47138,7
47139,7
47140,14
47141,13
47142,18
47143,13
47144,14
47145,22
47146,5
47147,11
47148,19
47149,11
47150,13
47151,14
47152,19
47153,6
47154,19
47155,11
47156,19
47157,13
47158,9
47159,19
47160,2
47161,13
47162,23
47163,21
47164,19
47165,7
47166,13
47167,18
47168,14
47169,1
47170,23
47171,7
47172,22
47173,14
47174,5
47175,19
47176,18
47177,19
47178,13
47179,23
47180,17
47181,13
47182,11
47183,19
47184,10
47185,21
47186,11
47187,11
47188,13
47189,14
47190,22
47191,14
47192,21
47193,19
47194,13
47195,8
47196,13
47197,19
47198,2
47199,19
47200,0
47201,19
47202,6
47203,13
47204,13
47205,14
47206,5
47207,14
47208,13
47209,11
47210,1
47211,2
47212,14
47213,19
47214,13
47215,2
47216,14
47217,13
47218,5
47219,13
47220,1
47221,13
47222,14
47223,11
47224,1
47225,7
47226,4
47227,7
47228,1
47229,19
47230,11
47231,1
47232,14
47233,11
47234,21
47235,1
47236,9
47237,13
47238,7
47239,7
47240,21
47241,11
47242,11
47243,14
47244,13
47245,7
47246,8
47247,7
47248,19
47249,18
47250,11
47251,19
47252,2
47253,0
47254,21
47255,11
47256,0
47257,7
47258,5
47259,19
47260,11
47261,22
47262,11
47263,13
47264,6
47265,11
47266,18
47267,13
47268,0
47269,18
47270,11
47271,7
47272,21
47273,13
47274,21
47275,16
47276,5
47277,13
47278,11
47279,11
47280,2
47281,1
47282,5
47283,19
47284,1
47285,19
47286,21
47287,22
47288,13
47289,20
47290,11
47291,1
47292,11
47293,19
47294,21
47295,7
47296,22
47297,21
47298,13
47299,13
47300,21
47301,9
47302,18
47303,18
47304,1
47305,13
47306,19
47307,2
47308,0
47309,18
47310,18
47311,6
47312,18
47313,21
47314,15
47315,7
47316,6
47317,22
47318,2
47319,14
47320,14
47321,19
47322,7
47323,11
47324,11
47325,13
47326,13
47327,1
47328,1
47329,19
47330,22
47331,22
47332,2
47333,13
47334,19
47335,13
47336,14
47337,13
47338,1
47339,13
47340,13
47341,16
47342,1
47343,19
47344,18
47345,11
47346,19
47347,14
47348,13
47349,13
47350,19
47351,13
47352,5
47353,22
47354,14
47355,11
47356,22
47357,13
47358,1
47359,12
47360,18
47361,21
47362,1
47363,3
47364,11
47365,23
47366,2
47367,2
47368,7
47369,16
47370,13
47371,9
47372,7
47373,13
47374,2
47375,19
47376,22
47377,7
47378,4
47379,9
47380,19
47381,20
47382,21
47383,1
47384,22
47385,7
47386,11
47387,1
47388,6
47389,1
47390,11
47391,13
47392,2
47393,3
47394,4
47395,11
47396,11
47397,22
47398,11
47399,13
47400,13
47401,7
47402,7
47403,13
47404,18
47405,13
47406,1
47407,10
47408,2
47409,11
47410,19
47411,13
47412,13
47413,13
47414,11
47415,5
47416,5
47417,10
47418,2
47419,13
47420,22
47421,1
47422,11
47423,13
47424,3
47425,1
47426,1
47427,2
47428,13
47429,11
47430,18
47431,1
47432,5
47433,19
47434,1
47435,13
47436,2
47437,7
47438,2
47439,5
47440,13
47441,14
47442,2
47443,13
47444,7
47445,13
47446,13
47447,19
47448,19
47449,6
47450,1
47451,4
47452,1
47453,19
47454,7
47455,11
47456,14
47457,13
47458,14
47459,4
47460,13
47461,13
47462,3
47463,4
47464,9
47465,13
47466,2
47467,2
47468,23
47469,7
47470,22
47471,2
47472,13
47473,7
47474,1
47475,11
47476,7
47477,19
47478,7
47479,10
47480,21
47481,21
47482,1
47483,20
47484,7
47485,7
47486,13
47487,13
47488,7
47489,5
47490,6
47491,13
47492,11
47493,7
47494,1
47495,15
47496,4
47497,4
47498,7
47499,11
47500,1
47501,1
47502,7
47503,22
47504,13
47505,8
47506,13
47507,11
47508,21
47509,11
47510,11
47511,13
47512,2
47513,13
47514,19
47515,23
47516,13
47517,13
47518,11
47519,18
47520,7
47521,19
47522,23
47523,7
47524,18
47525,1
47526,9
47527,8
47528,11
47529,14
47530,13
47531,23
47532,11
47533,11
47534,8
47535,13
47536,7
47537,11
47538,11
47539,4
47540,13
47541,19
47542,13
47543,1
47544,13
47545,1
47546,13
47547,21
47548,20
47549,11
47550,2
47551,4
47552,1
47553,18
47554,13
47555,1
47556,19
47557,3
47558,21
47559,13
47560,8
47561,13
47562,22
47563,18
47564,13
47565,1
47566,11
47567,19
47568,14
47569,1
47570,2
47571,18
47572,9
47573,10
47574,1
47575,1
47576,7
47577,11
47578,18
47579,18
47580,19
47581,21
47582,14
47583,7
47584,2
47585,6
47586,13
47587,19
47588,2
47589,9
47590,22
47591,13
47592,11
47593,1
47594,11
47595,13
47596,5
47597,13
47598,8
47599,9
47600,13
47601,7
47602,13
47603,13
47604,19
47605,19
47606,4
47607,2
47608,18
47609,13
47610,13
47611,19
47612,23
47613,7
47614,13
47615,1
47616,18
47617,19
47618,14
47619,11
47620,8
47621,1
47622,20
47623,14
47624,8
47625,18
47626,13
47627,19
47628,18
47629,4
47630,13
47631,19
47632,13
47633,1
47634,2
47635,13
47636,1
47637,3
47638,22
47639,7
47640,13
47641,2
47642,7
47643,13
47644,13
47645,19
47646,19
47647,13
47648,19
47649,10
47650,11
47651,13
47652,18
47653,13
47654,18
47655,7
47656,11
47657,14
47658,9
47659,11
47660,13
47661,1
47662,11
47663,2
47664,8
47665,13
47666,8
47667,7
47668,9
47669,11
47670,7
47671,13
47672,6
47673,1
47674,7
47675,14
47676,13
47677,13
47678,2
47679,22
47680,13
47681,18
47682,7
47683,2
47684,19
47685,7
47686,11
47687,1
47688,22
47689,9
47690,7
47691,18
47692,13
47693,1
47694,18
47695,14
47696,13
47697,3
47698,2
47699,18
47700,7
47701,19
47702,1
47703,19
47704,14
47705,19
47706,18
47707,7
47708,1
47709,19
47710,13
47711,1
47712,2
47713,1
47714,7
47715,11
47716,13
47717,18
47718,22
47719,13
47720,22
47721,1
47722,13
47723,15
47724,5
47725,11
47726,21
47727,11
47728,13
47729,4
47730,7
47731,1
47732,19
47733,7
47734,13
47735,18
47736,17
47737,7
47738,1
47739,13
47740,7
47741,1
47742,7
47743,14
47744,11
47745,18
47746,22
47747,7
47748,22
47749,22
47750,10
47751,21
47752,7
47753,13
47754,15
47755,1
47756,4
47757,11
47758,13
47759,10
47760,19
47761,9
47762,18
47763,8
47764,3
47765,4
47766,5
47767,11
47768,7
47769,11
47770,19
47771,19
47772,6
47773,18
47774,16
47775,1
47776,19
47777,5
47778,22
47779,22
47780,14
47781,18
47782,7
47783,19
47784,11
47785,13
47786,2
47787,19
47788,1
47789,19
47790,19
47791,11
47792,6
47793,7
47794,21
47795,18
47796,1
47797,21
47798,11
47799,2
47800,14
47801,19
47802,19
47803,20
47804,10
47805,1
47806,15
47807,14
47808,19
47809,13
47810,18
47811,12
47812,11
47813,7
47814,13
47815,13
47816,19
47817,22
47818,13
47819,13
47820,9
47821,1
47822,22
47823,7
47824,18
47825,13
47826,13
47827,7
47828,7
47829,17
47830,20
47831,3
47832,19
47833,11
47834,11
47835,16
47836,1
47837,1
47838,7
47839,7
47840,13
47841,19
47842,19
47843,13
47844,13
47845,4
47846,1
47847,18
47848,7
47849,7
47850,1
47851,13
47852,13
47853,22
47854,4
47855,23
47856,13
47857,11
47858,13
47859,5
47860,11
47861,14
47862,19
47863,4
47864,8
47865,13
47866,18
47867,1
47868,14
47869,14
47870,13
47871,13
47872,13
47873,19
47874,19
47875,19
47876,11
47877,22
47878,11
47879,8
47880,19
47881,19
47882,7
47883,14
47884,13
47885,13
47886,18
47887,13
47888,2
47889,4
47890,19
47891,16
47892,5
47893,15
47894,2
47895,7
47896,7
47897,13
47898,13
47899,11
47900,11
47901,13
47902,3
47903,2
47904,2
47905,19
47906,13
47907,7
47908,3
47909,2
47910,14
47911,13
47912,7
47913,7
47914,6
47915,13
47916,6
47917,13
47918,1
47919,22
47920,6
47921,16
47922,9
47923,11
47924,23
47925,1
47926,14
47927,19
47928,11
47929,19
47930,13
47931,7
47932,1
47933,2
47934,18
47935,7
47936,7
47937,1
47938,7
47939,19
47940,11
47941,7
47942,1
47943,13
47944,23
47945,19
47946,11
47947,22
47948,9
47949,2
47950,13
47951,3
47952,19
47953,13
47954,13
47955,18
47956,3
47957,4
47958,23
47959,1
47960,2
47961,11
47962,13
47963,22
47964,4
47965,11
47966,13
47967,11
47968,22
47969,5
47970,1
47971,23
47972,5
47973,16
47974,13
47975,13
47976,2
47977,11
47978,8
47979,18
47980,1
47981,5
47982,13
47983,2
47984,21
47985,21
47986,7
47987,2
47988,3
47989,13
47990,11
47991,19
47992,1
47993,7
47994,21
47995,2
47996,16
47997,7
47998,8
47999,19
48000,14
48001,22
48002,18
48003,13
48004,11
48005,5
48006,9
48007,22
48008,13
48009,19
48010,1
48011,14
48012,19
48013,18
48014,21
48015,16
48016,14
48017,11
48018,20
48019,18
48020,7
48021,16
48022,13
48023,2
48024,2
48025,11
48026,22
48027,22
48028,7
48029,21
48030,7
48031,13
48032,11
48033,11
48034,18
48035,13
48036,19
48037,19
48038,13
48039,8
48040,7
48041,11
48042,21
48043,19
48044,15
48045,23
48046,19
48047,11
48048,19
48049,20
48050,13
48051,11
48052,18
48053,0
48054,1
48055,19
48056,8
48057,19
48058,1
48059,22
48060,7
48061,13
48062,9
48063,14
48064,16
48065,9
48066,2
48067,22
48068,12
48069,21
48070,20
48071,11
48072,2
48073,18
48074,1
48075,13
48076,2
48077,13
48078,22
48079,11
48080,14
48081,10
48082,19
48083,8
48084,1
48085,14
48086,1
48087,11
48088,13
48089,11
48090,1
48091,13
48092,21
48093,19
48094,13
48095,13
48096,4
48097,5
48098,13
48099,15
48100,19
48101,11
48102,8
48103,19
48104,13
48105,1
48106,22
48107,4
48108,22
48109,2
48110,7
48111,7
48112,1
48113,1
48114,5
48115,23
48116,1
48117,11
48118,18
48119,20
48120,7
48121,3
48122,16
48123,7
48124,3
48125,1
48126,18
48127,19
48128,7
48129,9
48130,11
48131,22
48132,2
48133,23
48134,1
48135,13
48136,6
48137,13
48138,19
48139,13
48140,1
48141,1
48142,0
48143,4
48144,16
48145,13
48146,2
48147,12
48148,7
48149,19
48150,13
48151,22
48152,18
48153,6
48154,18
48155,11
48156,4
48157,4
48158,7
48159,8
48160,4
48161,13
48162,22
48163,2
48164,22
48165,2
48166,13
48167,11
48168,1
48169,7
48170,13
48171,12
48172,2
48173,6
48174,13
48175,11
48176,19
48177,3
48178,6
48179,13
48180,2
48181,23
48182,4
48183,7
48184,2
48185,22
48186,18
48187,5
48188,2
48189,7
48190,7
48191,13
48192,22
48193,7
48194,1
48195,18
48196,11
48197,4
48198,13
48199,2
48200,14
48201,13
48202,7
48203,23
48204,1
48205,23
48206,5
48207,18
48208,18
48209,19
48210,18
48211,13
48212,7
48213,13
48214,14
48215,19
48216,19
48217,9
48218,19
48219,4
48220,13
48221,14
48222,20
48223,14
48224,2
48225,3
48226,13
48227,5
48228,15
48229,19
48230,3
48231,19
48232,11
48233,11
48234,7
48235,23
48236,13
48237,13
48238,1
48239,2
48240,13
48241,22
48242,1
48243,19
48244,3
48245,1
48246,15
48247,13
48248,7
48249,13
48250,13
48251,19
48252,19
48253,2
48254,13
48255,2
48256,14
48257,18
48258,0
48259,13
48260,19
48261,13
48262,1
48263,11
48264,13
48265,19
48266,13
48267,18
48268,13
48269,3
48270,13
48271,9
48272,8
48273,11
48274,11
48275,19
48276,19
48277,18
48278,19
48279,12
48280,13
48281,7
48282,14
48283,19
48284,22
48285,19
48286,5
48287,3
48288,11
48289,7
48290,11
48291,13
48292,10
48293,9
48294,3
48295,22
48296,6
48297,3
48298,11
48299,1
48300,18
48301,22
48302,11
48303,22
48304,5
48305,1
48306,2
48307,21
48308,11
48309,1
48310,1
48311,1
48312,13
48313,0
48314,13
48315,2
48316,13
48317,2
48318,13
48319,5
48320,13
48321,18
48322,13
48323,1
48324,12
48325,9
48326,13
48327,23
48328,5
48329,4
48330,13
48331,13
48332,13
48333,2
48334,15
48335,13
48336,19
48337,13
48338,19
48339,7
48340,16
48341,19
48342,19
48343,11
48344,21
48345,1
48346,14
48347,7
48348,7
48349,2
48350,16
48351,1
48352,1
48353,13
48354,13
48355,18
48356,18
48357,1
48358,21
48359,1
48360,7
48361,13
48362,23
48363,5
48364,13
48365,2
48366,7
48367,23
48368,13
48369,7
48370,14
48371,11
48372,3
48373,20
48374,7
48375,19
48376,13
48377,2
48378,1
48379,7
48380,13
48381,11
48382,13
48383,4
48384,14
48385,21
48386,14
48387,11
48388,21
48389,1
48390,19
48391,1
48392,1
48393,1
48394,13
48395,22
48396,5
48397,5
48398,18
48399,2
48400,19
48401,14
48402,13
48403,5
48404,23
48405,19
48406,19
48407,14
48408,14
48409,19
48410,2
48411,1
48412,1
48413,18
48414,21
48415,22
48416,11
48417,22
48418,13
48419,13
48420,13
48421,7
48422,7
48423,13
48424,19
48425,19
48426,20
48427,12
48428,7
48429,9
48430,13
48431,22
48432,1
48433,18
48434,18
48435,8
48436,2
48437,7
48438,0
48439,11
48440,18
48441,13
48442,19
48443,0
48444,5
48445,15
48446,2
48447,1
48448,17
48449,10
48450,3
48451,13
48452,11
48453,22
48454,1
48455,14
48456,18
48457,19
48458,7
48459,19
48460,22
48461,19
48462,13
48463,11
48464,13
48465,19
48466,13
48467,18
48468,13
48469,2
48470,8
48471,7
48472,22
48473,19
48474,11
48475,19
48476,13
48477,9
48478,10
48479,7
48480,10
48481,10
48482,1
48483,9
48484,18
48485,21
48486,22
48487,2
48488,19
48489,2
48490,13
48491,19
48492,18
48493,19
48494,19
48495,7
48496,18
48497,14
48498,7
48499,3
48500,13
48501,22
48502,13
48503,19
48504,15
48505,7
48506,14
48507,2
48508,11
48509,1
48510,18
48511,4
48512,22
48513,13
48514,22
48515,14
48516,7
48517,18
48518,1
48519,13
48520,2
48521,1
48522,1
48523,7
48524,23
48525,13
48526,1
48527,11
48528,21
48529,14
48530,21
48531,22
48532,19
48533,6
48534,5
48535,0
48536,5
48537,19
48538,20
48539,13
48540,16
48541,22
48542,21
48543,14
48544,20
48545,7
48546,13
48547,7
48548,14
48549,19
48550,11
48551,18
48552,19
48553,11
48554,13
48555,2
48556,13
48557,13
48558,23
48559,13
48560,22
48561,11
48562,19
48563,11
48564,7
48565,13
48566,2
48567,19
48568,13
48569,11
48570,2
48571,13
48572,23
48573,4
48574,22
48575,13
48576,7
48577,13
48578,11
48579,19
48580,23
48581,7
48582,22
48583,8
48584,13
48585,13
48586,7
48587,13
48588,23
48589,11
48590,13
48591,14
48592,2
48593,7
48594,11
48595,17
48596,1
48597,18
48598,19
48599,4
48600,21
48601,22
48602,3
48603,1
48604,5
48605,18
48606,23
48607,1
48608,0
48609,14
48610,7
48611,14
48612,1
48613,9
48614,13
48615,22
48616,8
48617,2
48618,18
48619,11
48620,14
48621,11
48622,1
48623,4
48624,4
48625,7
48626,9
48627,20
48628,6
48629,13
48630,2
48631,19
48632,11
48633,13
48634,13
48635,22
48636,19
48637,23
48638,4
48639,19
48640,2
48641,22
48642,7
48643,13
48644,13
48645,11
48646,18
48647,22
48648,1
48649,8
48650,13
48651,8
48652,13
48653,11
48654,19
48655,19
48656,9
48657,11
48658,18
48659,14
48660,1
48661,22
48662,18
48663,2
48664,11
48665,13
48666,11
48667,14
48668,19
48669,13
48670,23
48671,11
48672,1
48673,4
48674,1
48675,1
48676,1
48677,13
48678,7
48679,22
48680,18
48681,13
48682,23
48683,22
48684,13
48685,19
48686,14
48687,4
48688,13
48689,19
48690,18
48691,11
48692,13
48693,18
48694,1
48695,9
48696,3
48697,13
48698,2
48699,12
48700,2
48701,11
48702,13
48703,4
48704,22
48705,1
48706,5
48707,22
48708,13
48709,13
48710,11
48711,13
48712,7
48713,19
48714,13
48715,19
48716,7
48717,13
48718,11
48719,11
48720,18
48721,6
48722,19
48723,11
48724,22
48725,5
48726,13
48727,7
48728,11
48729,2
48730,5
48731,9
48732,13
48733,21
48734,10
48735,11
48736,13
48737,13
48738,19
48739,9
48740,13
48741,11
48742,21
48743,18
48744,8
48745,15
48746,18
48747,9
48748,11
48749,2
48750,13
48751,19
48752,19
48753,13
48754,19
48755,1
48756,20
48757,4
48758,14
48759,1
48760,18
48761,7
48762,1
48763,21
48764,11
48765,6
48766,18
48767,5
48768,7
48769,19
48770,22
48771,11
48772,1
48773,15
48774,7
48775,23
48776,13
48777,2
48778,19
48779,5
48780,11
48781,1
48782,19
48783,22
48784,13
48785,15
48786,22
48787,18
48788,21
48789,11
48790,2
48791,9
48792,1
48793,13
48794,8
48795,13
48796,11
48797,5
48798,2
48799,13
48800,5
48801,2
48802,11
48803,13
48804,1
48805,1
48806,16
48807,2
48808,22
48809,7
48810,18
48811,5
48812,19
48813,8
48814,8
48815,5
48816,22
48817,7
48818,0
48819,14
48820,2
48821,22
48822,19
48823,22
48824,1
48825,13
48826,8
48827,10
48828,1
48829,14
48830,9
48831,18
48832,13
48833,13
48834,19
48835,18
48836,2
48837,19
48838,19
48839,1
48840,2
48841,11
48842,13
48843,19
48844,13
48845,18
48846,19
48847,7
48848,19
48849,16
48850,11
48851,8
48852,23
48853,4
48854,2
48855,8
48856,11
48857,11
48858,7
48859,1
48860,11
48861,13
48862,13
48863,22
48864,19
48865,18
48866,19
48867,1
48868,6
48869,7
48870,2
48871,22
48872,22
48873,13
48874,2
48875,20
48876,8
48877,1
48878,13
48879,22
48880,3
48881,22
48882,22
48883,13
48884,2
48885,2
48886,2
48887,22
48888,11
48889,7
48890,22
48891,13
48892,11
48893,3
48894,1
48895,7
48896,2
48897,14
48898,1
48899,2
48900,19
48901,14
48902,17
48903,22
48904,3
48905,7
48906,22
48907,13
48908,11
48909,13
48910,11
48911,13
48912,22
48913,19
48914,8
48915,21
48916,2
48917,13
48918,21
48919,11
48920,18
48921,8
48922,19
48923,9
48924,13
48925,23
48926,19
48927,6
48928,1
48929,7
48930,2
48931,7
48932,14
48933,13
48934,13
48935,13
48936,13
48937,6
48938,13
48939,6
48940,11
48941,1
48942,1
48943,11
48944,22
48945,0
48946,11
48947,13
48948,2
48949,8
48950,13
48951,18
48952,5
48953,0
48954,14
48955,1
48956,11
48957,7
48958,19
48959,6
48960,18
48961,23
48962,4
48963,1
48964,7
48965,20
48966,19
48967,13
48968,21
48969,1
48970,7
48971,13
48972,21
48973,13
48974,3
48975,13
48976,13
48977,13
48978,13
48979,13
48980,2
48981,11
48982,13
48983,1
48984,0
48985,13
48986,13
48987,21
48988,6
48989,13
48990,6
48991,1
48992,22
48993,13
48994,13
48995,13
48996,20
48997,22
48998,9
48999,1
49000,19
49001,1
49002,14
49003,1
49004,19
49005,2
49006,2
49007,19
49008,13
49009,13
49010,13
49011,21
49012,1
49013,13
49014,7
49015,18
49016,7
49017,13
49018,13
49019,5
49020,7
49021,19
49022,8
49023,13
49024,8
49025,14
49026,13
49027,19
49028,13
49029,7
49030,9
49031,3
49032,7
49033,13
49034,2
49035,1
49036,22
49037,19
49038,2
49039,8
49040,13
49041,11
49042,13
49043,22
49044,13
49045,18
49046,11
49047,4
49048,8
49049,11
49050,1
49051,13
49052,22
49053,7
49054,13
49055,2
49056,13
49057,11
49058,14
49059,2
49060,22
49061,20
49062,14
49063,19
49064,14
49065,1
49066,19
49067,5
49068,8
49069,1
49070,11
49071,11
49072,1
49073,14
49074,23
49075,11
49076,14
49077,18
49078,11
49079,3
49080,21
49081,16
49082,3
49083,22
49084,1
49085,7
49086,13
49087,11
49088,1
49089,22
49090,1
49091,1
49092,15
49093,19
49094,18
49095,19
49096,11
49097,1
49098,13
49099,7
49100,10
49101,13
49102,7
49103,19
49104,19
49105,23
49106,2
49107,13
49108,1
49109,13
49110,1
49111,19
49112,7
49113,23
49114,7
49115,21
49116,13
49117,7
49118,8
49119,19
49120,2
49121,3
49122,11
49123,13
49124,7
49125,19
49126,5
49127,18
49128,8
49129,5
49130,13
49131,2
49132,13
49133,7
49134,1
49135,13
49136,13
49137,2
49138,13
49139,8
49140,14
49141,19
49142,13
49143,12
49144,1
49145,7
49146,8
49147,4
49148,9
49149,23
49150,13
49151,18
49152,11
49153,7
49154,14
49155,21
49156,19
49157,11
49158,16
49159,7
49160,2
49161,1
49162,18
49163,21
49164,8
49165,15
49166,14
49167,11
49168,4
49169,1
49170,7
49171,8
49172,18
49173,19
49174,21
49175,14
49176,1
49177,13
49178,8
49179,13
49180,7
49181,13
49182,11
49183,1
49184,13
49185,15
49186,19
49187,14
49188,19
49189,2
49190,1
49191,2
49192,14
49193,14
49194,1
49195,23
49196,7
49197,1
49198,23
49199,2
49200,19
49201,13
49202,21
49203,7
49204,2
49205,11
49206,19
49207,11
49208,23
49209,11
49210,2
49211,7
49212,5
49213,13
49214,14
49215,15
49216,5
49217,13
49218,21
49219,3
49220,19
49221,23
49222,13
49223,2
49224,11
49225,13
49226,1
49227,8
49228,11
49229,18
49230,7
49231,19
49232,22
49233,18
49234,14
49235,11
49236,1
49237,18
49238,7
49239,19
49240,18
49241,13
49242,2
49243,6
49244,5
49245,11
49246,11
49247,2
49248,19
49249,20
49250,23
49251,18
49252,13
49253,13
49254,13
49255,19
49256,3
49257,5
49258,13
49259,22
49260,3
49261,4
49262,7
49263,13
49264,1
49265,22
49266,11
49267,6
49268,1
49269,5
49270,18
49271,4
49272,19
49273,1
49274,11
49275,19
49276,1
49277,13
49278,9
49279,1
49280,2
49281,4
49282,6
49283,8
49284,11
49285,11
49286,7
49287,13
49288,18
49289,22
49290,3
49291,22
49292,13
49293,18
49294,7
49295,21
49296,4
49297,8
49298,13
49299,1
49300,7
49301,1
49302,13
49303,1
49304,1
49305,14
49306,11
49307,6
49308,16
49309,23
49310,1
49311,1
49312,19
49313,21
49314,7
49315,6
49316,18
49317,19
49318,19
49319,18
49320,23
49321,19
49322,2
49323,13
49324,21
49325,11
49326,10
49327,7
49328,1
49329,21
49330,13
49331,13
49332,13
49333,8
49334,13
49335,2
49336,14
49337,14
49338,13
49339,9
49340,22
49341,1
49342,10
49343,19
49344,18
49345,19
49346,3
49347,11
49348,2
49349,5
49350,14
49351,6
49352,9
49353,19
49354,6
49355,22
49356,13
49357,13
49358,8
49359,18
49360,13
49361,19
49362,12
49363,11
49364,2
49365,11
49366,16
49367,9
49368,11
49369,13
49370,11
49371,3
49372,11
49373,2
49374,13
49375,13
49376,1
49377,11
49378,22
49379,19
49380,22
49381,22
49382,21
49383,13
49384,18
49385,13
49386,21
49387,2
49388,2
49389,23
49390,1
49391,13
49392,1
49393,13
49394,19
49395,13
49396,8
49397,23
49398,2
49399,19
49400,13
49401,11
49402,13
49403,23
49404,7
49405,19
49406,18
49407,23
49408,13
49409,13
49410,8
49411,19
49412,13
49413,7
49414,13
49415,18
49416,10
49417,13
49418,4
49419,13
49420,13
49421,3
49422,5
49423,19
49424,13
49425,15
49426,19
49427,2
49428,21
49429,13
49430,13
49431,7
49432,5
49433,14
49434,19
49435,2
49436,7
49437,11
49438,19
49439,11
49440,2
49441,2
49442,7
49443,1
49444,20
49445,1
49446,22
49447,18
49448,19
49449,13
49450,19
49451,14
49452,18
49453,11
49454,5
49455,11
49456,18
49457,22
49458,8
49459,18
49460,13
49461,11
49462,13
49463,7
49464,22
49465,21
49466,13
49467,2
49468,7
49469,19
49470,5
49471,11
49472,19
49473,19
49474,7
49475,13
49476,7
49477,3
49478,14
49479,1
49480,21
49481,18
49482,5
49483,13
49484,13
49485,13
49486,11
49487,23
49488,11
49489,13
49490,13
49491,12
49492,14
49493,0
49494,1
49495,19
49496,2
49497,2
49498,13
49499,22
49500,3
49501,7
49502,7
49503,4
49504,4
49505,13
49506,19
49507,22
49508,19
49509,17
49510,13
49511,0
49512,13
49513,21
49514,19
49515,18
49516,7
49517,22
49518,1
49519,11
49520,18
49521,16
49522,13
49523,14
49524,22
49525,3
49526,4
49527,6
49528,11
49529,2
49530,11
49531,9
49532,4
49533,10
49534,19
49535,13
49536,8
49537,18
49538,1
49539,21
49540,11
49541,1
49542,13
49543,1
49544,13
49545,14
49546,21
49547,1
49548,14
49549,23
49550,7
49551,13
49552,4
49553,10
49554,1
49555,19
49556,7
49557,1
49558,19
49559,9
49560,11
49561,13
49562,2
49563,2
49564,19
49565,10
49566,13
49567,11
49568,22
49569,7
49570,21
49571,13
49572,18
49573,7
49574,21
49575,4
49576,7
49577,11
49578,19
49579,23
49580,19
49581,7
49582,13
49583,22
49584,19
49585,13
49586,11
49587,5
49588,22
49589,11
49590,13
49591,13
49592,18
49593,14
49594,22
49595,2
49596,2
49597,6
49598,19
49599,13
49600,1
49601,19
49602,13
49603,15
49604,7
49605,2
49606,14
49607,13
49608,18
49609,7
49610,2
49611,18
49612,2
49613,22
49614,13
49615,14
49616,13
49617,11
49618,11
49619,14
49620,7
49621,1
49622,13
49623,13
49624,19
49625,0
49626,13
49627,7
49628,1
49629,13
49630,19
49631,7
49632,18
49633,19
49634,10
49635,1
49636,8
49637,19
49638,14
49639,11
49640,18
49641,13
49642,1
49643,11
49644,13
49645,11
49646,7
49647,1
49648,2
49649,21
49650,19
49651,7
49652,21
49653,18
49654,7
49655,13
49656,2
49657,7
49658,7
49659,11
49660,1
49661,19
49662,11
49663,8
49664,19
49665,7
49666,11
49667,22
49668,3
49669,22
49670,13
49671,13
49672,1
49673,11
49674,15
49675,11
49676,4
49677,7
49678,2
49679,21
49680,1
49681,22
49682,8
49683,11
49684,18
49685,14
49686,18
49687,14
49688,18
49689,8
49690,9
49691,2
49692,6
49693,6
49694,13
49695,13
49696,13
49697,13
49698,19
49699,14
49700,16
49701,7
49702,5
49703,18
49704,13
49705,11
49706,13
49707,9
49708,3
49709,1
49710,7
49711,11
49712,1
49713,2
49714,14
49715,5
49716,21
49717,22
49718,13
49719,14
49720,19
49721,19
49722,19
49723,22
49724,13
49725,10
49726,22
49727,2
49728,19
49729,1
49730,2
49731,18
49732,13
49733,13
49734,1
49735,11
49736,14
49737,9
49738,11
49739,2
49740,13
49741,14
49742,7
49743,4
49744,13
49745,4
49746,12
49747,1
49748,11
49749,18
49750,1
49751,13
49752,2
49753,11
49754,19
49755,5
49756,5
49757,7
49758,23
49759,2
49760,2
49761,0
49762,7
49763,9
49764,13
49765,4
49766,20
49767,13
49768,22
49769,11
49770,13
49771,22
49772,13
49773,13
49774,13
49775,13
49776,2
49777,18
49778,13
49779,9
49780,21
49781,13
49782,20
49783,2
49784,19
49785,2
49786,11
49787,8
49788,7
49789,18
49790,3
49791,2
49792,13
49793,11
49794,16
49795,18
49796,2
49797,13
49798,18
49799,11
49800,11
49801,1
49802,7
49803,19
49804,14
49805,19
49806,2
49807,4
49808,18
49809,9
49810,22
49811,13
49812,11
49813,3
49814,7
49815,22
49816,11
49817,13
49818,22
49819,7
49820,19
49821,11
49822,13
49823,19
49824,2
49825,13
49826,6
49827,1
49828,6
49829,21
49830,13
49831,14
49832,13
49833,21
49834,2
49835,11
49836,14
49837,10
49838,19
49839,1
49840,7
49841,11
49842,13
49843,14
49844,11
49845,14
49846,1
49847,7
49848,2
49849,1
49850,22
49851,4
49852,22
49853,23
49854,13
49855,13
49856,7
49857,11
49858,10
49859,13
49860,7
49861,2
49862,13
49863,11
49864,13
49865,8
49866,2
49867,13
49868,13
49869,13
49870,13
49871,1
49872,7
49873,13
49874,11
49875,14
49876,14
49877,7
49878,19
49879,22
49880,13
49881,11
49882,4
49883,7
49884,18
49885,18
49886,14
49887,13
49888,10
49889,0
49890,7
49891,5
49892,13
49893,14
49894,13
49895,3
49896,23
49897,11
49898,5
49899,11
49900,13
49901,11
49902,13
49903,14
49904,22
49905,13
49906,11
49907,2
49908,5
49909,14
49910,18
49911,19
49912,18
49913,14
49914,13
49915,11
49916,22
49917,9
49918,1
49919,11
49920,8
49921,11
49922,0
49923,7
49924,22
49925,3
49926,13
49927,2
49928,4
49929,22
49930,13
49931,2
49932,11
49933,11
49934,20
49935,14
49936,10
49937,22
49938,14
49939,19
49940,8
49941,7
49942,7
49943,6
49944,14
49945,22
49946,19
49947,1
49948,13
49949,21
49950,13
49951,21
49952,13
49953,19
49954,11
49955,19
49956,7
49957,20
49958,22
49959,14
49960,5
49961,5
49962,13
49963,19
49964,0
49965,7
49966,22
49967,19
49968,5
49969,22
49970,7
49971,13
49972,13
49973,2
49974,11
49975,18
49976,10
49977,3
49978,19
49979,13
49980,11
49981,8
49982,11
49983,22
49984,13
49985,11
49986,20
49987,5
49988,21
49989,7
49990,2
49991,13
49992,23
49993,21
49994,2
49995,20
49996,18
49997,19
49998,11
49999,14
50000,11
50001,11
50002,13
50003,7
50004,5
50005,10
50006,13
50007,18
50008,15
50009,11
50010,21
50011,18
50012,2
50013,7
50014,18
50015,11
50016,2
50017,22
50018,13
50019,7
50020,7
50021,5
50022,1
50023,21
50024,2
50025,19
50026,7
50027,23
50028,13
50029,7
50030,13
50031,8
50032,7
50033,22
50034,3
50035,19
50036,7
50037,11
50038,13
50039,1
50040,7
50041,23
50042,3
50043,1
50044,19
50045,13
50046,1
50047,18
50048,9
50049,11
50050,13
50051,9
50052,21
50053,18
50054,11
50055,9
50056,13
50057,5
50058,19
50059,9
50060,2
50061,2
50062,5
50063,20
50064,14
50065,10
50066,19
50067,4
50068,13
50069,5
50070,4
50071,10
50072,7
50073,19
50074,20
50075,8
50076,2
50077,19
50078,11
50079,1
50080,2
50081,7
50082,13
50083,11
50084,21
50085,4
50086,19
50087,13
50088,11
50089,21
50090,15
50091,13
50092,6
50093,21
50094,7
50095,22
50096,21
50097,13
50098,9
50099,11
50100,22
50101,18
50102,13
50103,1
50104,14
50105,13
50106,23
50107,13
50108,13
50109,13
50110,13
50111,11
50112,11
50113,1
50114,13
50115,8
50116,19
50117,7
50118,4
50119,13
50120,0
50121,2
50122,11
50123,7
50124,13
50125,7
50126,21
50127,13
50128,11
50129,22
50130,1
50131,11
50132,20
50133,21
50134,21
50135,6
50136,2
50137,2
50138,13
50139,2
50140,11
50141,18
50142,19
50143,11
50144,21
50145,13
50146,7
50147,13
50148,14
50149,19
50150,1
50151,13
50152,22
50153,13
50154,13
50155,13
50156,2
50157,8
50158,11
50159,11
50160,13
50161,7
50162,3
50163,14
50164,0
50165,18
50166,11
50167,19
50168,19
50169,11
50170,9
50171,11
50172,13
50173,11
50174,11
50175,19
50176,13
50177,0
50178,18
50179,7
50180,18
50181,6
50182,7
50183,3
50184,18
50185,1
50186,13
50187,18
50188,19
50189,21
50190,1
50191,9
50192,7
50193,7
50194,19
50195,13
50196,19
50197,19
50198,7
50199,22
50200,18
50201,2
50202,7
50203,21
50204,13
50205,7
50206,13
50207,18
50208,23
50209,20
50210,13
50211,13
50212,19
50213,11
50214,14
50215,11
50216,1
50217,11
50218,15
50219,16
50220,16
50221,1
50222,7
50223,11
50224,22
50225,2
50226,13
50227,16
50228,21
50229,7
50230,19
50231,18
50232,13
50233,19
50234,7
50235,13
50236,11
50237,11
50238,14
50239,19
50240,11
50241,2
50242,22
50243,9
50244,19
50245,11
50246,0
50247,11
50248,21
50249,14
50250,18
50251,1
50252,7
50253,5
50254,2
50255,22
50256,13
50257,1
50258,2
50259,1
50260,19
50261,5
50262,1
50263,13
50264,13
50265,13
50266,22
50267,22
50268,11
50269,19
50270,11
50271,13
50272,13
50273,20
50274,13
50275,3
50276,22
50277,14
50278,13
50279,16
50280,4
50281,13
50282,11
50283,2
50284,14
50285,2
50286,13
50287,6
50288,18
50289,13
50290,19
50291,18
50292,13
50293,13
50294,20
50295,19
50296,20
50297,0
50298,1
50299,1
50300,7
50301,19
50302,2
50303,14
50304,23
50305,18
50306,22
50307,7
50308,19
50309,14
50310,14
50311,19
50312,22
50313,7
50314,14
50315,22
50316,7
50317,1
50318,7
50319,13
50320,11
50321,7
50322,13
50323,1
50324,13
50325,19
50326,12
50327,1
50328,13
50329,5
50330,2
50331,18
50332,18
50333,19
50334,13
50335,18
50336,8
50337,13
50338,18
50339,11
50340,14
50341,18
50342,16
50343,10
50344,13
50345,13
50346,16
50347,2
50348,5
50349,19
50350,13
50351,7
50352,13
50353,21
50354,13
50355,11
50356,17
50357,2
50358,7
50359,14
50360,14
50361,8
50362,19
50363,18
50364,18
50365,19
50366,21
50367,18
50368,13
50369,3
50370,3
50371,18
50372,21
50373,17
50374,7
50375,1
50376,18
50377,14
50378,21
50379,8
50380,13
50381,7
50382,1
50383,1
50384,13
50385,18
50386,22
50387,22
50388,22
50389,14
50390,22
50391,2
50392,1
50393,21
50394,14
50395,13
50396,2
50397,18
50398,13
50399,22
50400,13
50401,22
50402,7
50403,13
50404,10
50405,13
50406,11
50407,7
50408,1
50409,9
50410,11
50411,11
50412,1
50413,1
50414,21
50415,5
50416,1
50417,7
50418,16
50419,7
50420,8
50421,13
50422,11
50423,13
50424,13
50425,19
50426,10
50427,19
50428,13
50429,2
50430,23
50431,8
50432,2
50433,13
50434,13
50435,7
50436,8
50437,10
50438,22
50439,1
50440,19
50441,7
50442,2
50443,23
50444,5
50445,19
50446,3
50447,5
50448,13
50449,22
50450,7
50451,19
50452,14
50453,22
50454,19
50455,7
50456,9
50457,11
50458,16
50459,13
50460,13
50461,13
50462,11
50463,13
50464,7
50465,21
50466,7
50467,13
50468,13
50469,22
50470,19
50471,13
50472,5
50473,19
50474,2
50475,3
50476,21
50477,1
50478,13
50479,13
50480,19
50481,3
50482,21
50483,7
50484,19
50485,4
50486,0
50487,23
50488,13
50489,1
50490,19
50491,2
50492,11
50493,22
50494,3
50495,2
50496,13
50497,11
50498,0
50499,19
50500,6
50501,13
50502,7
50503,5
50504,22
50505,5
50506,13
50507,13
50508,6
50509,18
50510,10
50511,2
50512,1
50513,21
50514,8
50515,2
50516,7
50517,19
50518,13
50519,2
50520,7
50521,11
50522,1
50523,13
50524,19
50525,13
50526,8
50527,13
50528,22
50529,16
50530,19
50531,21
50532,19
50533,18
50534,11
50535,2
50536,22
50537,13
50538,22
50539,2
50540,8
50541,13
50542,14
50543,13
50544,13
50545,19
50546,13
50547,13
50548,16
50549,13
50550,7
50551,13
50552,11
50553,21
50554,21
50555,13
50556,23
50557,4
50558,19
50559,16
50560,18
50561,18
50562,4
50563,7
50564,2
50565,13
50566,13
50567,22
50568,13
50569,19
50570,2
50571,15
50572,13
50573,23
50574,14
50575,17
50576,4
50577,19
50578,9
50579,14
50580,11
50581,13
50582,7
50583,19
50584,21
50585,21
50586,11
50587,2
50588,1
50589,11
50590,2
50591,18
50592,11
50593,1
50594,1
50595,1
50596,19
50597,19
50598,18
50599,1
50600,4
50601,19
50602,22
50603,13
50604,23
50605,1
50606,7
50607,19
50608,2
50609,22
50610,2
50611,19
50612,1
50613,19
50614,22
50615,13
50616,8
50617,13
50618,22
50619,7
50620,1
50621,3
50622,13
50623,1
50624,8
50625,7
50626,1
50627,13
50628,8
50629,19
50630,2
50631,19
50632,7
50633,2
50634,11
50635,22
50636,3
50637,1
50638,11
50639,18
50640,11
50641,11
50642,1
50643,1
50644,14
50645,7
50646,19
50647,11
50648,13
50649,2
50650,21
50651,19
50652,13
50653,18
50654,2
50655,11
50656,22
50657,7
50658,23
50659,1
50660,13
50661,13
50662,7
50663,21
50664,13
50665,18
50666,22
50667,13
50668,20
50669,4
50670,11
50671,22
50672,11
50673,21
50674,14
50675,13
50676,13
50677,13
50678,18
50679,11
50680,5
50681,1
50682,13
50683,10
50684,7
50685,1
50686,18
50687,11
50688,6
50689,10
50690,13
50691,19
50692,13
50693,13
50694,2
50695,13
50696,13
50697,13
50698,11
50699,2
50700,9
50701,11
50702,22
50703,11
50704,7
50705,13
50706,2
50707,14
50708,2
50709,22
50710,13
50711,19
50712,13
50713,22
50714,1
50715,5
50716,8
50717,18
50718,13
50719,8
50720,19
50721,13
50722,13
50723,21
50724,2
50725,14
50726,15
50727,1
50728,19
50729,15
50730,2
50731,7
50732,2
50733,6
50734,22
50735,9
50736,22
50737,18
50738,14
50739,13
50740,1
50741,13
50742,18
50743,13
50744,23
50745,3
50746,13
50747,21
50748,22
50749,13
50750,22
50751,7
50752,19
50753,21
50754,19
50755,13
50756,2
50757,19
50758,10
50759,3
50760,2
50761,19
50762,2
50763,7
50764,7
50765,19
50766,18
50767,19
50768,1
50769,18
50770,21
50771,21
50772,11
50773,7
50774,13
50775,9
50776,19
50777,13
50778,13
50779,23
50780,20
50781,19
50782,13
50783,19
50784,19
50785,4
50786,13
50787,13
50788,18
50789,1
50790,23
50791,19
50792,4
50793,11
50794,22
50795,7
50796,18
50797,7
50798,19
50799,19
50800,9
50801,13
50802,2
50803,4
50804,1
50805,5
50806,11
50807,21
50808,1
50809,22
50810,4
50811,11
50812,22
50813,11
50814,5
50815,9
50816,19
50817,18
50818,18
50819,22
50820,13
50821,21
50822,11
50823,8
50824,8
50825,6
50826,2
50827,11
50828,13
50829,13
50830,21
50831,21
50832,6
50833,3
50834,18
50835,8
50836,22
50837,13
50838,7
50839,13
50840,22
50841,11
50842,21
50843,15
50844,7
50845,14
50846,11
50847,14
50848,11
50849,4
50850,13
50851,19
50852,11
50853,13
50854,3
50855,6
50856,19
50857,12
50858,5
50859,19
50860,14
50861,1
50862,2
50863,4
50864,22
50865,4
50866,11
50867,1
50868,2
50869,19
50870,11
50871,10
50872,13
50873,5
50874,18
50875,9
50876,19
50877,11
50878,4
50879,19
50880,7
50881,7
50882,9
50883,2
50884,10
50885,1
50886,1
50887,1
50888,23
50889,22
50890,19
50891,13
50892,1
50893,8
50894,7
50895,11
50896,14
50897,1
50898,9
50899,22
50900,10
50901,22
50902,15
50903,11
50904,13
50905,13
50906,21
50907,1
50908,1
50909,11
50910,18
50911,19
50912,19
50913,14
50914,13
50915,3
50916,7
50917,23
50918,7
50919,1
50920,13
50921,7
50922,11
50923,10
50924,19
50925,18
50926,18
50927,1
50928,7
50929,1
50930,9
50931,3
50932,14
50933,19
50934,6
50935,21
50936,13
50937,19
50938,11
50939,11
50940,7
50941,18
50942,17
50943,11
50944,11
50945,11
50946,1
50947,11
50948,14
50949,19
50950,21
50951,6
50952,22
50953,1
50954,11
50955,13
50956,1
50957,22
50958,13
50959,4
50960,18
50961,1
50962,15
50963,13
50964,13
50965,2
50966,11
50967,3
50968,3
50969,11
50970,13
50971,13
50972,7
50973,18
50974,1
50975,11
50976,2
50977,14
50978,2
50979,1
50980,10
50981,23
50982,22
50983,7
50984,13
50985,3
50986,11
50987,13
50988,2
50989,2
50990,9
50991,13
50992,9
50993,19
50994,1
50995,11
50996,11
50997,7
50998,13
50999,6
51000,18
51001,2
51002,11
51003,1
51004,18
51005,13
51006,13
51007,14
51008,5
51009,22
51010,13
51011,18
51012,7
51013,2
51014,13
51015,13
51016,13
51017,5
51018,5
51019,14
51020,19
51021,23
51022,4
51023,2
51024,13
51025,1
51026,1
51027,14
51028,1
51029,2
51030,18
51031,22
51032,23
51033,18
51034,14
51035,11
51036,8
51037,1
51038,10
51039,19
51040,14
51041,22
51042,20
51043,13
51044,2
51045,19
51046,18
51047,7
51048,22
51049,1
51050,13
51051,19
51052,1
51053,13
51054,11
51055,7
51056,11
51057,11
51058,9
51059,7
51060,2
51061,13
51062,14
51063,22
51064,9
51065,18
51066,6
51067,13
51068,21
51069,19
51070,7
51071,2
51072,22
51073,23
51074,2
51075,7
51076,15
51077,19
51078,12
51079,7
51080,10
51081,3
51082,21
51083,13
51084,11
51085,13
51086,2
51087,22
51088,1
51089,14
51090,22
51091,5
51092,19
51093,22
51094,20
51095,18
51096,21
51097,3
51098,11
51099,11
51100,19
51101,19
51102,22
51103,4
51104,3
51105,11
51106,19
51107,0
51108,2
51109,2
51110,14
51111,2
51112,13
51113,13
51114,1
51115,1
51116,7
51117,13
51118,1
51119,6
51120,13
51121,19
51122,14
51123,2
51124,1
51125,19
51126,18
51127,2
51128,1
51129,21
51130,4
51131,13
51132,1
51133,22
51134,11
51135,19
51136,13
51137,13
51138,4
51139,13
51140,19
51141,11
51142,3
51143,18
51144,22
51145,18
51146,9
51147,15
51148,18
51149,18
51150,13
51151,13
51152,13
51153,18
51154,2
51155,9
51156,14
51157,4
51158,11
51159,16
51160,11
51161,3
51162,13
51163,19
51164,6
51165,11
51166,19
51167,14
51168,19
51169,13
51170,22
51171,12
51172,11
51173,7
51174,23
51175,21
51176,2
51177,22
51178,13
51179,7
51180,13
51181,14
51182,13
51183,7
51184,18
51185,6
51186,9
51187,2
51188,7
51189,14
51190,11
51191,22
51192,18
51193,19
51194,4
51195,19
51196,19
51197,9
51198,4
51199,1
51200,1
51201,14
51202,8
51203,13
51204,8
51205,22
51206,22
51207,15
51208,1
51209,1
51210,8
51211,17
51212,8
51213,7
51214,14
51215,3
51216,14
51217,18
51218,21
51219,5
51220,19
51221,19
51222,1
51223,1
51224,19
51225,11
51226,13
51227,13
51228,13
51229,22
51230,7
51231,7
51232,13
51233,13
51234,12
51235,1
51236,18
51237,13
51238,1
51239,21
51240,7
51241,6
51242,1
51243,1
51244,1
51245,16
51246,13
51247,8
51248,2
51249,13
51250,2
51251,14
51252,8
51253,22
51254,19
51255,23
51256,14
51257,6
51258,19
51259,19
51260,22
51261,14
51262,2
51263,3
51264,19
51265,18
51266,10
51267,7
51268,11
51269,18
51270,8
51271,19
51272,11
51273,18
51274,14
51275,14
51276,1
51277,14
51278,18
51279,13
51280,1
51281,11
51282,13
51283,13
51284,14
51285,18
51286,14
51287,21
51288,21
51289,18
51290,6
51291,1
51292,13
51293,1
51294,21
51295,18
51296,22
51297,2
51298,4
51299,14
51300,9
51301,8
51302,18
51303,5
51304,21
51305,6
51306,4
51307,7
51308,13
51309,11
51310,7
51311,19
51312,20
51313,13
51314,7
51315,11
51316,22
51317,18
51318,7
51319,22
51320,11
51321,13
51322,10
51323,7
51324,5
51325,22
51326,18
51327,21
51328,9
51329,13
51330,22
51331,19
51332,19
51333,13
51334,11
51335,14
51336,11
51337,23
51338,21
51339,13
51340,7
51341,11
51342,11
51343,13
51344,18
51345,7
51346,1
51347,18
51348,7
51349,13
51350,1
51351,8
51352,13
51353,11
51354,14
51355,2
51356,2
51357,4
51358,13
51359,13
51360,13
51361,18
51362,4
51363,21
51364,2
51365,19
51366,9
51367,2
51368,19
51369,13
51370,11
51371,11
51372,7
51373,8
51374,19
51375,11
51376,22
51377,2
51378,2
51379,19
51380,2
51381,2
51382,13
51383,1
51384,5
51385,2
51386,1
51387,7
51388,10
51389,2
51390,11
51391,11
51392,22
51393,21
51394,18
51395,1
51396,13
51397,8
51398,23
51399,11
51400,5
51401,21
51402,1
51403,5
51404,8
51405,1
51406,18
51407,1
51408,11
51409,7
51410,1
51411,13
51412,21
51413,3
51414,13
51415,1
51416,19
51417,11
51418,7
51419,19
51420,19
51421,14
51422,2
51423,5
51424,2
51425,1
51426,2
51427,13
51428,19
51429,22
51430,1
51431,2
51432,7
51433,9
51434,8
51435,13
51436,11
51437,18
51438,14
51439,11
51440,10
51441,1
51442,11
51443,13
51444,14
51445,1
51446,7
51447,11
51448,11
51449,6
51450,13
51451,13
51452,19
51453,18
51454,13
51455,13
51456,19
51457,13
51458,1
51459,1
51460,1
51461,5
51462,11
51463,22
51464,4
51465,9
51466,13
51467,4
51468,9
51469,7
51470,7
51471,18
51472,22
51473,1
51474,13
51475,13
51476,13
51477,21
51478,19
51479,14
51480,18
51481,8
51482,11
51483,14
51484,7
51485,7
51486,18
51487,19
51488,8
51489,21
51490,10
51491,5
51492,16
51493,13
51494,14
51495,11
51496,13
51497,22
51498,2
51499,7
51500,13
51501,5
51502,7
51503,1
51504,11
51505,13
51506,13
51507,13
51508,11
51509,13
51510,19
51511,19
51512,18
51513,19
51514,13
51515,6
51516,13
51517,13
51518,18
51519,14
51520,11
51521,22
51522,4
51523,14
51524,20
51525,7
51526,0
51527,14
51528,5
51529,22
51530,9
51531,11
51532,1
51533,15
51534,20
51535,22
51536,1
51537,19
51538,18
51539,7
51540,13
51541,14
51542,19
51543,18
51544,8
51545,9
51546,8
51547,19
51548,3
51549,13
51550,5
51551,13
51552,8
51553,7
51554,7
51555,21
51556,13
51557,13
51558,3
51559,22
51560,19
51561,5
51562,1
51563,11
51564,21
51565,5
51566,1
51567,7
51568,11
51569,5
51570,13
51571,17
51572,9
51573,1
51574,1
51575,13
51576,5
51577,13
51578,19
51579,7
51580,13
51581,13
51582,2
51583,11
51584,8
51585,11
51586,19
51587,1
51588,13
51589,11
51590,11
51591,11
51592,22
51593,11
51594,19
51595,7
51596,13
51597,13
51598,11
51599,23
51600,0
51601,21
51602,2
51603,13
51604,7
51605,5
51606,14
51607,2
51608,19
51609,11
51610,11
51611,2
51612,4
51613,5
51614,19
51615,11
51616,20
51617,13
51618,0
51619,0
51620,2
51621,21
51622,2
51623,2
51624,8
51625,1
51626,19
51627,18
51628,13
51629,1
51630,7
51631,1
51632,19
51633,9
51634,1
51635,7
51636,14
51637,7
51638,10
51639,2
51640,22
51641,18
51642,13
51643,7
51644,10
51645,7
51646,1
51647,13
51648,19
51649,18
51650,17
51651,1
51652,19
51653,19
51654,2
51655,18
51656,19
51657,18
51658,13
51659,1
51660,11
51661,13
51662,19
51663,7
51664,11
51665,7
51666,21
51667,19
51668,14
51669,18
51670,13
51671,21
51672,2
51673,13
51674,22
51675,18
51676,7
51677,1
51678,11
51679,11
51680,21
51681,7
51682,13
51683,5
51684,13
51685,7
51686,18
51687,19
51688,6
51689,13
51690,1
51691,13
51692,22
51693,11
51694,13
51695,21
51696,22
51697,13
51698,23
51699,13
51700,13
51701,7
51702,23
51703,22
51704,13
51705,8
51706,8
51707,22
51708,14
51709,0
51710,7
51711,12
51712,13
51713,11
51714,21
51715,19
51716,19
51717,23
51718,22
51719,22
51720,2
51721,11
51722,18
51723,11
51724,18
51725,11
51726,1
51727,1
51728,3
51729,1
51730,11
51731,13
51732,13
51733,15
51734,13
51735,11
51736,11
51737,19
51738,11
51739,13
51740,13
51741,2
51742,13
51743,0
51744,21
51745,11
51746,13
51747,13
51748,16
51749,11
51750,13
51751,13
51752,13
51753,4
51754,3
51755,2
51756,14
51757,1
51758,19
51759,13
51760,1
51761,11
51762,11
51763,13
51764,2
51765,13
51766,2
51767,2
51768,4
51769,15
51770,4
51771,7
51772,2
51773,21
51774,1
51775,14
51776,15
51777,21
51778,7
51779,13
51780,2
51781,5
51782,11
51783,21
51784,13
51785,11
51786,19
51787,12
51788,11
51789,14
51790,15
51791,14
51792,14
51793,0
51794,7
51795,13
51796,13
51797,13
51798,14
51799,1
51800,9
51801,7
51802,0
51803,7
51804,13
51805,9
51806,22
51807,13
51808,2
51809,18
51810,7
51811,1
51812,1
51813,7
51814,14
51815,13
51816,9
51817,16
51818,13
51819,22
51820,2
51821,19
51822,21
51823,8
51824,10
51825,13
51826,2
51827,16
51828,14
51829,11
51830,19
51831,19
51832,19
51833,18
51834,1
51835,11
51836,7
51837,23
51838,5
51839,14
51840,22
51841,13
51842,13
51843,14
51844,20
51845,11
51846,11
51847,13
51848,6
51849,2
51850,13
51851,2
51852,0
51853,1
51854,14
51855,8
51856,22
51857,1
51858,13
51859,13
51860,21
51861,4
51862,19
51863,11
51864,22
51865,3
51866,1
51867,11
51868,5
51869,0
51870,5
51871,13
51872,3
51873,9
51874,14
51875,20
51876,1
51877,23
51878,1
51879,19
51880,6
51881,13
51882,13
51883,2
51884,21
51885,13
51886,14
51887,18
51888,13
51889,4
51890,13
51891,5
51892,19
51893,13
51894,7
51895,13
51896,1
51897,6
51898,13
51899,9
51900,12
51901,7
51902,2
51903,8
51904,7
51905,21
51906,6
51907,13
51908,13
51909,13
51910,14
51911,19
51912,23
51913,13
51914,18
51915,8
51916,7
51917,11
51918,13
51919,11
51920,7
51921,8
51922,13
51923,15
51924,18
51925,7
51926,13
51927,22
51928,2
51929,15
51930,13
51931,7
51932,11
51933,18
51934,0
51935,19
51936,13
51937,7
51938,13
51939,19
51940,15
51941,7
51942,21
51943,22
51944,10
51945,7
51946,7
51947,19
51948,5
51949,7
51950,1
51951,18
51952,1
51953,1
51954,13
51955,13
51956,19
51957,13
51958,7
51959,13
51960,13
51961,4
51962,19
51963,20
51964,10
51965,19
51966,1
51967,13
51968,9
51969,19
51970,19
51971,5
51972,15
51973,1
51974,19
51975,19
51976,13
51977,22
51978,0
51979,3
51980,13
51981,2
51982,13
51983,11
51984,14
51985,7
51986,7
51987,18
51988,18
51989,13
51990,15
51991,7
51992,18
51993,13
51994,11
51995,11
51996,2
51997,0
51998,3
51999,4
52000,13
52001,2
52002,2
52003,1
52004,7
52005,19
52006,19
52007,19
52008,2
52009,7
52010,4
52011,13
52012,21
52013,19
52014,22
52015,18
52016,1
52017,2
52018,1
52019,13
52020,21
52021,11
52022,23
52023,10
52024,19
52025,13
52026,19
52027,19
52028,18
52029,2
52030,7
52031,10
52032,10
52033,21
52034,7
52035,13
52036,11
52037,19
52038,9
52039,15
52040,13
52041,6
52042,14
52043,22
52044,7
52045,18
52046,5
52047,7
52048,0
52049,1
52050,18
52051,4
52052,23
52053,22
52054,11
52055,23
52056,18
52057,20
52058,11
52059,13
52060,14
52061,22
52062,11
52063,0
52064,1
52065,22
52066,14
52067,3
52068,15
52069,2
52070,13
52071,13
52072,7
52073,11
52074,1
52075,19
52076,5
52077,17
52078,11
52079,19
52080,4
52081,13
52082,4
52083,14
52084,19
52085,18
52086,13
52087,20
52088,13
52089,19
52090,18
52091,13
52092,11
52093,22
52094,23
52095,1
52096,14
52097,14
52098,19
52099,16
52100,19
52101,4
52102,2
52103,7
52104,1
52105,2
52106,13
52107,11
52108,13
52109,13
52110,11
52111,5
52112,7
52113,2
52114,7
52115,18
52116,13
52117,13
52118,13
52119,13
52120,7
52121,11
52122,13
52123,6
52124,8
52125,11
52126,1
52127,11
52128,7
52129,22
52130,11
52131,19
52132,2
52133,13
52134,13
52135,2
52136,22
52137,5
52138,19
52139,7
52140,1
52141,20
52142,19
52143,6
52144,13
52145,2
52146,3
52147,1
52148,11
52149,21
52150,13
52151,22
52152,14
52153,6
52154,1
52155,2
52156,20
52157,13
52158,13
52159,14
52160,14
52161,1
52162,22
52163,1
52164,23
52165,22
52166,11
52167,22
52168,0
52169,22
52170,10
52171,2
52172,1
52173,7
52174,5
52175,13
52176,1
52177,10
52178,13
52179,22
52180,7
52181,19
52182,11
52183,11
52184,11
52185,13
52186,23
52187,11
52188,2
52189,8
52190,2
52191,11
52192,1
52193,8
52194,9
52195,1
52196,22
52197,23
52198,7
52199,21
52200,13
52201,22
52202,19
52203,10
52204,9
52205,7
52206,8
52207,1
52208,7
52209,3
52210,1
52211,14
52212,1
52213,7
52214,21
52215,21
52216,11
52217,19
52218,10
52219,13
52220,13
52221,23
52222,1
52223,18
52224,17
52225,2
52226,21
52227,8
52228,23
52229,11
52230,13
52231,13
52232,1
52233,1
52234,2
52235,7
52236,21
52237,13
52238,11
52239,23
52240,22
52241,14
52242,19
52243,13
52244,18
52245,1
52246,19
52247,10
52248,2
52249,11
52250,23
52251,20
52252,11
52253,2
52254,19
52255,1
52256,2
52257,11
52258,13
52259,13
52260,19
52261,22
52262,22
52263,1
52264,15
52265,7
52266,4
52267,7
52268,21
52269,1
52270,13
52271,19
52272,11
52273,1
52274,7
52275,19
52276,7
52277,18
52278,22
52279,11
52280,2
52281,9
52282,13
52283,7
52284,7
52285,11
52286,20
52287,19
52288,13
52289,7
52290,7
52291,8
52292,11
52293,1
52294,9
52295,19
52296,7
52297,11
52298,7
52299,13
52300,13
52301,13
52302,18
52303,21
52304,7
52305,13
52306,21
52307,0
52308,22
52309,13
52310,8
52311,13
52312,9
52313,13
52314,6
52315,7
52316,13
52317,13
52318,1
52319,14
52320,11
52321,13
52322,9
52323,18
52324,4
52325,11
52326,13
52327,1
52328,21
52329,14
52330,11
52331,1
52332,13
52333,21
52334,22
52335,1
52336,1
52337,4
52338,2
52339,11
52340,2
52341,5
52342,5
52343,22
52344,1
52345,14
52346,18
52347,1
52348,22
52349,13
52350,2
52351,1
52352,22
52353,8
52354,11
52355,11
52356,19
52357,13
52358,9
52359,7
52360,1
52361,13
52362,22
52363,13
52364,19
52365,22
52366,13
52367,9
52368,10
52369,7
52370,21
52371,13
52372,13
52373,19
52374,13
52375,2
52376,14
52377,19
52378,1
52379,19
52380,5
52381,18
52382,18
52383,18
52384,18
52385,7
52386,19
52387,21
52388,2
52389,11
52390,1
52391,13
52392,2
52393,19
52394,2
52395,2
52396,13
52397,22
52398,2
52399,13
52400,7
52401,2
52402,18
52403,13
52404,23
52405,7
52406,10
52407,13
52408,14
52409,12
52410,13
52411,1
52412,22
52413,19
52414,19
52415,13
52416,16
52417,19
52418,18
52419,2
52420,9
52421,18
52422,7
52423,19
52424,21
52425,13
52426,22
52427,20
52428,21
52429,2
52430,18
52431,14
52432,7
52433,19
52434,13
52435,13
52436,11
52437,0
52438,7
52439,4
52440,22
52441,23
52442,19
52443,9
52444,21
52445,2
52446,19
52447,1
52448,19
52449,21
52450,18
52451,13
52452,19
52453,20
52454,1
52455,22
52456,19
52457,14
52458,8
52459,2
52460,10
52461,7
52462,13
52463,13
52464,2
52465,11
52466,2
52467,1
52468,13
52469,12
52470,21
52471,18
52472,7
52473,11
52474,18
52475,22
52476,2
52477,21
52478,9
52479,2
52480,19
52481,8
52482,18
52483,13
52484,11
52485,21
52486,22
52487,11
52488,7
52489,19
52490,11
52491,2
52492,7
52493,13
52494,1
52495,14
52496,11
52497,13
52498,13
52499,22
52500,18
52501,23
52502,14
52503,9
52504,3
52505,1
52506,1
52507,18
52508,1
52509,9
52510,21
52511,19
52512,1
52513,19
52514,14
52515,7
52516,13
52517,19
52518,13
52519,19
52520,13
52521,14
52522,7
52523,22
52524,7
52525,8
52526,22
52527,13
52528,0
52529,11
52530,1
52531,2
52532,3
52533,13
52534,5
52535,13
52536,14
52537,13
52538,11
52539,8
52540,13
52541,19
52542,1
52543,19
52544,11
52545,7
52546,13
52547,1
52548,11
52549,19
52550,9
52551,4
52552,7
52553,7
52554,23
52555,7
52556,19
52557,1
52558,19
52559,8
52560,13
52561,18
52562,7
52563,6
52564,22
52565,13
52566,6
52567,5
52568,4
52569,19
52570,9
52571,19
52572,7
52573,13
52574,19
52575,14
52576,13
52577,1
52578,0
52579,9
52580,1
52581,19
52582,13
52583,14
52584,7
52585,4
52586,19
52587,1
52588,12
52589,1
52590,7
52591,13
52592,13
52593,11
52594,13
52595,7
52596,19
52597,19
52598,13
52599,22
52600,15
52601,11
52602,9
52603,13
52604,7
52605,7
52606,7
52607,22
52608,7
52609,13
52610,4
52611,5
52612,19
52613,19
52614,0
52615,19
52616,1
52617,1
52618,13
52619,15
52620,7
52621,13
52622,13
52623,17
52624,11
52625,9
52626,20
52627,13
52628,11
52629,11
52630,7
52631,7
52632,3
52633,1
52634,2
52635,22
52636,15
52637,8
52638,7
52639,6
52640,13
52641,18
52642,22
52643,7
52644,13
52645,6
52646,19
52647,1
52648,13
52649,1
52650,22
52651,13
52652,21
52653,13
52654,11
52655,7
52656,7
52657,13
52658,1
52659,13
52660,22
52661,2
52662,7
52663,22
52664,23
52665,15
52666,7
52667,1
52668,14
52669,14
52670,1
52671,11
52672,16
52673,13
52674,19
52675,11
52676,11
52677,11
52678,14
52679,13
52680,18
52681,13
52682,13
52683,19
52684,13
52685,12
52686,2
52687,21
52688,11
52689,5
52690,14
52691,11
52692,1
52693,13
52694,22
52695,13
52696,7
52697,18
52698,4
52699,4
52700,5
52701,1
52702,18
52703,18
52704,2
52705,7
52706,13
52707,13
52708,13
52709,21
52710,21
52711,19
52712,13
52713,13
52714,20
52715,13
52716,21
52717,13
52718,18
52719,13
52720,23
52721,11
52722,18
52723,13
52724,11
52725,18
52726,19
52727,18
52728,19
52729,13
52730,10
52731,8
52732,5
52733,18
52734,13
52735,7
52736,11
52737,4
52738,7
52739,21
52740,13
52741,2
52742,19
52743,1
52744,16
52745,5
52746,1
52747,5
52748,19
52749,13
52750,7
52751,13
52752,18
52753,13
52754,19
52755,19
52756,1
52757,11
52758,18
52759,2
52760,2
52761,11
52762,13
52763,14
52764,18
52765,8
52766,9
52767,7
52768,8
52769,18
52770,13
52771,14
52772,0
52773,11
52774,2
52775,22
52776,14
52777,18
52778,19
52779,14
52780,14
52781,7
52782,13
52783,9
52784,13
52785,13
52786,19
52787,1
52788,22
52789,1
52790,19
52791,7
52792,18
52793,5
52794,8
52795,21
52796,8
52797,13
52798,13
52799,13
52800,18
52801,13
52802,13
52803,7
52804,22
52805,22
52806,1
52807,13
52808,23
52809,0
52810,21
52811,11
52812,11
52813,1
52814,14
52815,13
52816,7
52817,14
52818,14
52819,20
52820,9
52821,1
52822,0
52823,11
52824,19
52825,7
52826,17
52827,13
52828,11
52829,11
52830,14
52831,2
52832,13
52833,14
52834,3
52835,13
52836,22
52837,2
52838,22
52839,13
52840,22
52841,13
52842,11
52843,14
52844,7
52845,10
52846,13
52847,22
52848,12
52849,13
52850,5
52851,7
52852,7
52853,21
52854,10
52855,19
52856,9
52857,3
52858,19
52859,13
52860,11
52861,18
52862,13
52863,1
52864,13
52865,15
52866,18
52867,11
52868,2
52869,18
52870,15
52871,13
52872,4
52873,2
52874,0
52875,19
52876,11
52877,2
52878,22
52879,13
52880,1
52881,21
52882,11
52883,18
52884,1
52885,13
52886,11
52887,14
52888,19
52889,22
52890,18
52891,22
52892,13
52893,22
52894,21
52895,1
52896,13
52897,7
52898,8
52899,14
52900,20
52901,10
52902,22
52903,14
52904,20
52905,13
52906,13
52907,16
52908,18
52909,19
52910,13
52911,23
52912,2
52913,18
52914,13
52915,13
52916,19
52917,18
52918,5
52919,11
52920,7
52921,21
52922,14
52923,22
52924,2
52925,5
52926,11
52927,5
52928,11
52929,21
52930,5
52931,14
52932,3
52933,19
52934,19
52935,21
52936,11
52937,21
52938,13
52939,1
52940,11
52941,11
52942,11
52943,3
52944,2
52945,13
52946,11
52947,2
52948,1
52949,5
52950,18
52951,18
52952,7
52953,2
52954,13
52955,13
52956,3
52957,15
52958,10
52959,8
52960,11
52961,11
52962,8
52963,7
52964,11
52965,7
52966,7
52967,19
52968,13
52969,23
52970,22
52971,23
52972,11
52973,18
52974,13
52975,14
52976,1
52977,2
52978,22
52979,13
52980,7
52981,21
52982,1
52983,14
52984,19
52985,1
52986,13
52987,20
52988,13
52989,9
52990,11
52991,4
52992,5
52993,19
52994,7
52995,10
52996,7
52997,19
52998,8
52999,13
53000,13
53001,7
53002,19
53003,15
53004,13
53005,8
53006,9
53007,13
53008,22
53009,14
53010,14
53011,11
53012,13
53013,14
53014,13
53015,1
53016,13
53017,1
53018,23
53019,19
53020,19
53021,18
53022,13
53023,19
53024,2
53025,7
53026,18
53027,13
53028,13
53029,18
53030,8
53031,13
53032,5
53033,13
53034,13
53035,13
53036,1
53037,9
53038,18
53039,9
53040,13
53041,19
53042,13
53043,4
53044,13
53045,2
53046,19
53047,10
53048,1
53049,7
53050,1
53051,19
53052,19
53053,1
53054,19
53055,13
53056,16
53057,13
53058,3
53059,14
53060,11
53061,13
53062,11
53063,19
53064,2
53065,7
53066,19
53067,11
53068,14
53069,23
53070,13
53071,10
53072,7
53073,18
53074,11
53075,13
53076,1
53077,13
53078,1
53079,7
53080,11
53081,14
53082,19
53083,9
53084,18
53085,7
53086,6
53087,2
53088,13
53089,8
53090,7
53091,7
53092,11
53093,11
53094,18
53095,18
53096,5
53097,13
53098,19
53099,3
53100,9
53101,16
53102,21
53103,7
53104,20
53105,13
53106,22
53107,11
53108,18
53109,22
53110,1
53111,14
53112,11
53113,19
53114,2
53115,22
53116,7
53117,20
53118,19
53119,13
53120,1
53121,19
53122,9
53123,4
53124,8
53125,19
53126,19
53127,9
53128,3
53129,5
53130,2
53131,11
53132,12
53133,2
53134,11
53135,7
53136,13
53137,11
53138,7
53139,5
53140,13
53141,2
53142,18
53143,3
53144,7
53145,7
53146,23
53147,18
53148,1
53149,13
53150,13
53151,7
53152,21
53153,13
53154,7
53155,5
53156,14
53157,7
53158,2
53159,13
53160,4
53161,14
53162,22
53163,1
53164,19
53165,19
53166,14
53167,11
53168,13
53169,13
53170,7
53171,11
53172,8
53173,7
53174,23
53175,2
53176,0
53177,1
53178,22
53179,19
53180,7
53181,2
53182,14
53183,18
53184,19
53185,22
53186,3
53187,11
53188,11
53189,7
53190,2
53191,2
53192,2
53193,13
53194,1
53195,2
53196,7
53197,13
53198,11
53199,5
53200,13
53201,11
53202,9
53203,18
53204,18
53205,18
53206,7
53207,23
53208,13
53209,8
53210,1
53211,19
53212,14
53213,13
53214,13
53215,7
53216,22
53217,1
53218,7
53219,10
53220,13
53221,13
53222,3
53223,13
53224,8
53225,18
53226,1
53227,18
53228,7
53229,13
53230,11
53231,11
53232,11
53233,2
53234,9
53235,13
53236,21
53237,1
53238,4
53239,7
53240,13
53241,19
53242,14
53243,0
53244,1
53245,2
53246,21
53247,8
53248,11
53249,13
53250,4
53251,18
53252,13
53253,13
53254,11
53255,19
53256,18
53257,19
53258,7
53259,1
53260,11
53261,1
53262,19
53263,8
53264,7
53265,11
53266,22
53267,2
53268,7
53269,9
53270,7
53271,13
53272,7
53273,22
53274,1
53275,19
53276,13
53277,14
53278,23
53279,2
53280,21
53281,4
53282,6
53283,1
53284,1
53285,2
53286,23
53287,7
53288,8
53289,11
53290,7
53291,18
53292,21
53293,1
53294,4
53295,13
53296,13
53297,11
53298,22
53299,18
53300,2
53301,7
53302,1
53303,4
53304,16
53305,15
53306,21
53307,9
53308,23
53309,15
53310,13
53311,8
53312,14
53313,20
53314,14
53315,20
53316,9
53317,4
53318,18
53319,1
53320,13
53321,13
53322,7
53323,13
53324,11
53325,2
53326,1
53327,19
53328,5
53329,19
53330,21
53331,14
53332,7
53333,2
53334,14
53335,18
53336,1
53337,22
53338,11
53339,2
53340,19
53341,2
53342,7
53343,1
53344,13
53345,2
53346,0
53347,1
53348,14
53349,18
53350,11
53351,2
53352,1
53353,7
53354,13
53355,7
53356,0
53357,1
53358,1
53359,14
53360,13
53361,9
53362,2
53363,2
53364,18
53365,21
53366,1
53367,1
53368,13
53369,13
53370,8
53371,7
53372,8
53373,1
53374,11
53375,4
53376,18
53377,19
53378,4
53379,22
53380,21
53381,11
53382,1
53383,19
53384,11
53385,19
53386,7
53387,21
53388,13
53389,12
53390,8
53391,1
53392,13
53393,1
53394,23
53395,22
53396,0
53397,19
53398,2
53399,13
53400,1
53401,7
53402,1
53403,11
53404,13
53405,2
53406,22
53407,22
53408,7
53409,13
53410,13
53411,1
53412,11
53413,6
53414,11
53415,3
53416,5
53417,16
53418,3
53419,20
53420,13
53421,22
53422,11
53423,13
53424,13
53425,2
53426,11
53427,11
53428,13
53429,13
53430,13
53431,2
53432,1
53433,7
53434,13
53435,8
53436,18
53437,21
53438,13
53439,13
53440,7
53441,19
53442,7
53443,11
53444,1
53445,23
53446,7
53447,19
53448,18
53449,11
53450,14
53451,5
53452,7
53453,13
53454,13
53455,18
53456,0
53457,13
53458,13
53459,4
53460,13
53461,19
53462,22
53463,6
53464,18
53465,2
53466,11
53467,6
53468,1
53469,22
53470,2
53471,17
53472,1
53473,13
53474,2
53475,7
53476,1
53477,7
53478,13
53479,19
53480,1
53481,1
53482,13
53483,2
53484,8
53485,18
53486,13
53487,18
53488,13
53489,1
53490,19
53491,19
53492,11
53493,3
53494,19
53495,13
53496,20
53497,3
53498,18
53499,22
53500,11
53501,13
53502,9
53503,2
53504,5
53505,13
53506,14
53507,5
53508,22
53509,1
53510,13
53511,13
53512,19
53513,18
53514,2
53515,22
53516,0
53517,1
53518,1
53519,11
53520,18
53521,1
53522,11
53523,19
53524,19
53525,7
53526,2
53527,8
53528,13
53529,10
53530,11
53531,14
53532,19
53533,13
53534,13
53535,7
53536,18
53537,2
53538,21
53539,4
53540,18
53541,22
53542,19
53543,13
53544,10
53545,8
53546,8
53547,11
53548,19
53549,22
53550,13
53551,7
53552,12
53553,1
53554,1
53555,21
53556,3
53557,4
53558,10
53559,1
53560,18
53561,7
53562,13
53563,1
53564,3
53565,13
53566,23
53567,5
53568,23
53569,11
53570,1
53571,19
53572,1
53573,0
53574,13
53575,5
53576,5
53577,13
53578,1
53579,1
53580,4
53581,2
53582,19
53583,18
53584,19
53585,14
53586,14
53587,7
53588,14
53589,13
53590,2
53591,8
53592,13
53593,5
53594,13
53595,11
53596,14
53597,13
53598,2
53599,23
53600,19
53601,1
53602,21
53603,19
53604,20
53605,1
53606,13
53607,21
53608,11
53609,22
53610,7
53611,2
53612,1
53613,22
53614,19
53615,14
53616,7
53617,7
53618,11
53619,5
53620,3
53621,2
53622,3
53623,0
53624,7
53625,13
53626,7
53627,7
53628,14
53629,23
53630,7
53631,2
53632,18
53633,13
53634,18
53635,19
53636,19
53637,2
53638,1
53639,13
53640,23
53641,15
53642,13
53643,13
53644,1
53645,2
53646,1
53647,11
53648,18
53649,11
53650,11
53651,13
53652,13
53653,12
53654,21
53655,13
53656,13
53657,2
53658,18
53659,1
53660,14
53661,22
53662,1
53663,2
53664,3
53665,5
53666,13
53667,11
53668,7
53669,5
53670,13
53671,13
53672,2
53673,14
53674,1
53675,13
53676,2
53677,7
53678,20
53679,9
53680,20
53681,7
53682,0
53683,20
53684,7
53685,19
53686,2
53687,6
53688,3
53689,11
53690,18
53691,11
53692,13
53693,13
53694,19
53695,1
53696,0
53697,13
53698,4
53699,13
53700,14
53701,7
53702,21
53703,9
53704,13
53705,2
53706,7
53707,4
53708,7
53709,1
53710,19
53711,5
53712,22
53713,4
53714,19
53715,2
53716,13
53717,11
53718,11
53719,10
53720,11
53721,23
53722,13
53723,18
53724,19
53725,5
53726,4
53727,8
53728,21
53729,19
53730,20
53731,0
53732,23
53733,7
53734,10
53735,13
53736,19
53737,23
53738,22
53739,5
53740,13
53741,23
53742,22
53743,13
53744,4
53745,2
53746,14
53747,2
53748,16
53749,5
53750,23
53751,22
53752,13
53753,11
53754,3
53755,16
53756,16
53757,23
53758,1
53759,4
53760,13
53761,2
53762,1
53763,13
53764,1
53765,9
53766,19
53767,4
53768,22
53769,19
53770,18
53771,14
53772,3
53773,13
53774,17
53775,13
53776,19
53777,18
53778,13
53779,7
53780,1
53781,1
53782,7
53783,7
53784,23
53785,1
53786,19
53787,20
53788,13
53789,13
53790,7
53791,11
53792,13
53793,6
53794,20
53795,3
53796,7
53797,19
53798,18
53799,13
53800,13
53801,1
53802,19
53803,11
53804,7
53805,13
53806,13
53807,5
53808,7
53809,7
53810,5
53811,18
53812,7
53813,11
53814,11
53815,11
53816,21
53817,1
53818,11
53819,14
53820,11
53821,1
53822,13
53823,13
53824,1
53825,23
53826,18
53827,19
53828,7
53829,21
53830,22
53831,11
53832,13
53833,14
53834,2
53835,19
53836,7
53837,4
53838,16
53839,8
53840,7
53841,11
53842,11
53843,6
53844,1
53845,18
53846,2
53847,11
53848,19
53849,19
53850,4
53851,18
53852,18
53853,13
53854,22
53855,19
53856,19
53857,13
53858,18
53859,22
53860,13
53861,13
53862,11
53863,13
53864,13
53865,11
53866,13
53867,21
53868,18
53869,13
53870,18
53871,1
53872,23
53873,13
53874,9
53875,13
53876,0
53877,1
53878,22
53879,11
53880,13
53881,10
53882,1
53883,13
53884,7
53885,2
53886,2
53887,7
53888,13
53889,4
53890,18
53891,13
53892,19
53893,13
53894,14
53895,1
53896,1
53897,13
53898,20
53899,13
53900,9
53901,13
53902,9
53903,13
53904,14
53905,2
53906,14
53907,2
53908,10
53909,12
53910,22
53911,19
53912,7
53913,13
53914,7
53915,2
53916,5
53917,13
53918,14
53919,8
53920,3
53921,23
53922,8
53923,14
53924,13
53925,19
53926,2
53927,19
53928,18
53929,11
53930,13
53931,19
53932,22
53933,7
53934,19
53935,1
53936,11
53937,19
53938,13
53939,23
53940,1
53941,18
53942,7
53943,19
53944,7
53945,19
53946,16
53947,7
53948,18
53949,1
53950,13
53951,19
53952,11
53953,19
53954,13
53955,7
53956,13
53957,11
53958,19
53959,13
53960,23
53961,11
53962,13
53963,3
53964,19
53965,2
53966,19
53967,22
53968,4
53969,14
53970,22
53971,13
53972,12
53973,13
53974,7
53975,7
53976,13
53977,13
53978,23
53979,7
53980,13
53981,7
53982,13
53983,7
53984,19
53985,4
53986,11
53987,19
53988,13
53989,18
53990,15
53991,11
53992,1
53993,17
53994,3
53995,13
53996,2
53997,0
53998,19
53999,4
54000,13
54001,7
54002,22
54003,21
54004,18
54005,13
54006,11
54007,22
54008,18
54009,7
54010,7
54011,23
54012,0
54013,21
54014,13
54015,22
54016,18
54017,1
54018,11
54019,19
54020,11
54021,13
54022,11
54023,16
54024,21
54025,13
54026,7
54027,7
54028,13
54029,21
54030,1
54031,13
54032,2
54033,22
54034,21
54035,1
54036,23
54037,5
54038,2
54039,19
54040,23
54041,12
54042,13
54043,23
54044,23
54045,18
54046,19
54047,19
54048,13
54049,22
54050,19
54051,11
54052,18
54053,11
54054,13
54055,18
54056,22
54057,2
54058,23
54059,22
54060,13
54061,13
54062,13
54063,6
54064,11
54065,16
54066,13
54067,22
54068,13
54069,5
54070,13
54071,4
54072,22
54073,7
54074,11
54075,19
54076,2
54077,11
54078,14
54079,20
54080,0
54081,4
54082,13
54083,16
54084,18
54085,11
54086,22
54087,20
54088,13
54089,22
54090,11
54091,19
54092,2
54093,13
54094,18
54095,19
54096,1
54097,13
54098,4
54099,13
54100,13
54101,19
54102,7
54103,22
54104,13
54105,21
54106,21
54107,18
54108,21
54109,7
54110,22
54111,11
54112,1
54113,18
54114,13
54115,10
54116,7
54117,13
54118,1
54119,4
54120,22
54121,13
54122,6
54123,14
54124,13
54125,8
54126,11
54127,11
54128,22
54129,11
54130,7
54131,15
54132,13
54133,4
54134,1
54135,3
54136,13
54137,11
54138,7
54139,2
54140,8
54141,4
54142,16
54143,7
54144,22
54145,1
54146,22
54147,2
54148,15
54149,1
54150,2
54151,13
54152,2
54153,20
54154,19
54155,13
54156,9
54157,21
54158,7
54159,19
54160,8
54161,19
54162,18
54163,1
54164,11
54165,18
54166,18
54167,7
54168,13
54169,2
54170,13
54171,23
54172,1
54173,2
54174,13
54175,14
54176,13
54177,21
54178,19
54179,11
54180,8
54181,13
54182,16
54183,5
54184,22
54185,11
54186,13
54187,22
54188,2
54189,13
54190,2
54191,13
54192,16
54193,21
54194,19
54195,11
54196,19
54197,3
54198,19
54199,6
54200,16
54201,5
54202,1
54203,0
54204,10
54205,7
54206,13
54207,19
54208,8
54209,13
54210,14
54211,19
54212,2
54213,23
54214,23
54215,22
54216,13
54217,5
54218,7
54219,2
54220,7
54221,19
54222,4
54223,1
54224,7
54225,19
54226,22
54227,16
54228,13
54229,8
54230,19
54231,19
54232,22
54233,11
54234,8
54235,18
54236,11
54237,15
54238,7
54239,7
54240,0
54241,13
54242,2
54243,15
54244,20
54245,2
54246,3
54247,9
54248,19
54249,1
54250,7
54251,11
54252,1
54253,4
54254,11
54255,11
54256,19
54257,3
54258,11
54259,19
54260,23
54261,14
54262,19
54263,22
54264,13
54265,18
54266,22
54267,13
54268,13
54269,11
54270,11
54271,11
54272,1
54273,6
54274,21
54275,13
54276,4
54277,7
54278,18
54279,14
54280,21
54281,1
54282,9
54283,19
54284,1
54285,11
54286,16
54287,7
54288,13
54289,13
54290,13
54291,22
54292,13
54293,4
54294,22
54295,10
54296,19
54297,13
54298,13
54299,2
54300,22
54301,19
54302,1
54303,19
54304,13
54305,13
54306,22
54307,11
54308,18
54309,3
54310,8
54311,13
54312,13
54313,22
54314,23
54315,10
54316,7
54317,18
54318,18
54319,11
54320,1
54321,7
54322,14
54323,18
54324,18
54325,10
54326,22
54327,2
54328,22
54329,13
54330,21
54331,4
54332,22
54333,5
54334,22
54335,10
54336,13
54337,19
54338,13
54339,13
54340,13
54341,7
54342,2
54343,13
54344,1
54345,5
54346,16
54347,13
54348,19
54349,7
54350,8
54351,18
54352,13
54353,19
54354,2
54355,9
54356,19
54357,3
54358,18
54359,1
54360,13
54361,11
54362,8
54363,13
54364,12
54365,3
54366,11
54367,22
54368,2
54369,13
54370,13
54371,19
54372,7
54373,2
54374,19
54375,11
54376,23
54377,14
54378,15
54379,13
54380,18
54381,11
54382,0
54383,7
54384,22
54385,2
54386,22
54387,5
54388,8
54389,13
54390,15
54391,19
54392,13
54393,14
54394,22
54395,13
54396,13
54397,1
54398,1
54399,13
54400,20
54401,1
54402,13
54403,21
54404,13
54405,5
54406,2
54407,20
54408,13
54409,13
54410,7
54411,14
54412,21
54413,11
54414,2
54415,18
54416,23
54417,23
54418,18
54419,1
54420,12
54421,22
54422,5
54423,13
54424,11
54425,7
54426,13
54427,19
54428,11
54429,14
54430,11
54431,22
54432,11
54433,19
54434,13
54435,11
54436,9
54437,4
54438,19
54439,6
54440,2
54441,3
54442,13
54443,18
54444,6
54445,22
54446,16
54447,7
54448,13
54449,19
54450,21
54451,9
54452,1
54453,21
54454,0
54455,13
54456,11
54457,2
54458,13
54459,2
54460,8
54461,16
54462,13
54463,19
54464,23
54465,16
54466,1
54467,3
54468,13
54469,5
54470,19
54471,22
54472,18
54473,18
54474,3
54475,14
54476,19
54477,19
54478,13
54479,13
54480,13
54481,13
54482,21
54483,4
54484,13
54485,23
54486,7
54487,0
54488,18
54489,19
54490,2
54491,18
54492,13
54493,18
54494,1
54495,22
54496,18
54497,11
54498,16
54499,11
54500,6
54501,19
54502,18
54503,13
54504,1
54505,7
54506,18
54507,5
54508,7
54509,19
54510,7
54511,23
54512,13
54513,21
54514,7
54515,22
54516,6
54517,7
54518,11
54519,4
54520,18
54521,13
54522,13
54523,14
54524,19
54525,11
54526,13
54527,7
54528,11
54529,13
54530,6
54531,11
54532,13
54533,7
54534,11
54535,7
54536,13
54537,11
54538,0
54539,18
54540,19
54541,11
54542,19
54543,9
54544,14
54545,19
54546,6
54547,18
54548,1
54549,13
54550,22
54551,13
54552,11
54553,22
54554,5
54555,18
54556,21
54557,19
54558,21
54559,9
54560,1
54561,20
54562,11
54563,3
54564,14
54565,11
54566,18
54567,21
54568,13
54569,6
54570,13
54571,23
54572,11
54573,7
54574,19
54575,7
54576,10
54577,14
54578,13
54579,9
54580,6
54581,14
54582,22
54583,4
54584,13
54585,6
54586,13
54587,13
54588,15
54589,19
54590,14
54591,11
54592,18
54593,14
54594,14
54595,19
54596,18
54597,1
54598,11
54599,22
54600,7
54601,2
54602,1
54603,23
54604,14
54605,14
54606,13
54607,19
54608,19
54609,5
54610,9
54611,21
54612,9
54613,14
54614,13
54615,7
54616,19
54617,19
54618,16
54619,19
54620,0
54621,21
54622,2
54623,19
54624,3
54625,13
54626,4
54627,7
54628,4
54629,19
54630,1
54631,13
54632,18
54633,11
54634,6
54635,14
54636,11
54637,13
54638,18
54639,13
54640,21
54641,13
54642,2
54643,18
54644,21
54645,18
54646,14
54647,13
54648,7
54649,13
54650,7
54651,2
54652,7
54653,0
54654,12
54655,13
54656,14
54657,19
54658,2
54659,20
54660,13
54661,13
54662,7
54663,22
54664,15
54665,21
54666,13
54667,1
54668,1
54669,13
54670,23
54671,13
54672,18
54673,22
54674,7
54675,11
54676,22
54677,13
54678,13
54679,19
54680,11
54681,1
54682,14
54683,13
54684,16
54685,13
54686,6
54687,1
54688,12
54689,13
54690,20
54691,21
54692,18
54693,19
54694,7
54695,8
54696,13
54697,21
54698,19
54699,13
54700,18
54701,5
54702,20
54703,2
54704,7
54705,13
54706,14
54707,1
54708,11
54709,8
54710,18
54711,2
54712,14
54713,18
54714,9
54715,1
54716,13
54717,8
54718,13
54719,3
54720,7
54721,23
54722,2
54723,22
54724,13
54725,11
54726,19
54727,5
54728,13
54729,10
54730,7
54731,13
54732,18
54733,11
54734,18
54735,1
54736,5
54737,11
54738,11
54739,1
54740,5
54741,13
54742,23
54743,3
54744,19
54745,3
54746,19
54747,23
54748,13
54749,16
54750,1
54751,10
54752,4
54753,1
54754,13
54755,22
54756,18
54757,19
54758,5
54759,8
54760,7
54761,6
54762,15
54763,22
54764,21
54765,11
54766,1
54767,14
54768,19
54769,19
54770,23
54771,13
54772,19
54773,22
54774,1
54775,2
54776,1
54777,22
54778,1
54779,19
54780,11
54781,8
54782,4
54783,22
54784,13
54785,7
54786,13
54787,3
54788,18
54789,14
54790,2
54791,6
54792,11
54793,18
54794,3
54795,1
54796,2
54797,7
54798,11
54799,2
54800,13
54801,14
54802,5
54803,6
54804,19
54805,21
54806,13
54807,8
54808,18
54809,7
54810,4
54811,18
54812,19
54813,13
54814,19
54815,3
54816,11
54817,5
54818,2
54819,13
54820,8
54821,14
54822,17
54823,12
54824,7
54825,2
54826,19
54827,13
54828,20
54829,9
54830,21
54831,7
54832,10
54833,11
54834,7
54835,18
54836,11
54837,19
54838,14
54839,22
54840,11
54841,11
54842,22
54843,7
54844,22
54845,15
54846,9
54847,13
54848,1
54849,19
54850,13
54851,2
54852,3
54853,13
54854,13
54855,22
54856,18
54857,13
54858,8
54859,7
54860,14
54861,3
54862,11
54863,5
54864,18
54865,13
54866,7
54867,23
54868,2
54869,13
54870,5
54871,13
54872,5
54873,2
54874,1
54875,5
54876,1
54877,13
54878,14
54879,2
54880,3
54881,13
54882,8
54883,2
54884,4
54885,11
54886,2
54887,11
54888,19
54889,13
54890,4
54891,7
54892,11
54893,13
54894,2
54895,13
54896,21
54897,13
54898,6
54899,9
54900,11
54901,13
54902,13
54903,13
54904,13
54905,13
54906,18
54907,13
54908,20
54909,8
54910,21
54911,9
54912,7
54913,18
54914,19
54915,11
54916,3
54917,2
54918,7
54919,2
54920,14
54921,13
54922,13
54923,13
54924,2
54925,19
54926,2
54927,22
54928,11
54929,13
54930,3
54931,11
54932,16
54933,13
54934,19
54935,18
54936,22
54937,18
54938,18
54939,13
54940,13
54941,22
54942,18
54943,13
54944,19
54945,13
54946,2
54947,2
54948,9
54949,1
54950,13
54951,13
54952,13
54953,6
54954,6
54955,3
54956,3
54957,13
54958,13
54959,6
54960,19
54961,11
54962,18
54963,22
54964,21
54965,19
54966,4
54967,5
54968,5
54969,11
54970,15
54971,23
54972,1
54973,2
54974,22
54975,7
54976,22
54977,2
54978,11
54979,12
54980,13
54981,19
54982,1
54983,21
54984,6
54985,1
54986,21
54987,21
54988,13
54989,1
54990,22
54991,21
54992,21
54993,13
54994,11
54995,22
54996,7
54997,19
54998,5
54999,9
55000,19
55001,11
55002,19
55003,5
55004,14
55005,13
55006,5
55007,7
55008,19
55009,5
55010,1
55011,8
55012,18
55013,1
55014,5
55015,19
55016,8
55017,11
55018,13
55019,8
55020,13
55021,13
55022,1
55023,18
55024,21
55025,21
55026,11
55027,19
55028,1
55029,18
55030,9
55031,2
55032,13
55033,1
55034,11
55035,23
55036,11
55037,13
55038,7
55039,18
55040,13
55041,11
55042,2
55043,11
55044,22
55045,2
55046,14
55047,22
55048,7
55049,13
55050,3
55051,13
55052,13
55053,13
55054,13
55055,23
55056,1
55057,22
55058,1
55059,19
55060,1
55061,13
55062,13
55063,19
55064,11
55065,11
55066,16
55067,13
55068,7
55069,21
55070,5
55071,2
55072,11
55073,22
55074,4
55075,22
55076,19
55077,5
55078,18
55079,11
55080,19
55081,0
55082,13
55083,3
55084,19
55085,6
55086,19
55087,1
55088,18
55089,11
55090,14
55091,13
55092,19
55093,1
55094,2
55095,13
55096,14
55097,1
55098,2
55099,13
55100,6
55101,7
55102,22
55103,11
55104,7
55105,13
55106,11
55107,11
55108,0
55109,20
55110,14
55111,19
55112,5
55113,13
55114,5
55115,7
55116,11
55117,18
55118,19
55119,14
55120,6
55121,16
55122,11
55123,2
55124,3
55125,22
55126,19
55127,22
55128,10
55129,19
55130,21
55131,1
55132,18
55133,11
55134,1
55135,13
55136,6
55137,7
55138,2
55139,19
55140,14
55141,15
55142,14
55143,23
55144,13
55145,18
55146,13
55147,1
55148,19
55149,4
55150,1
55151,13
55152,22
55153,19
55154,11
55155,19
55156,13
55157,1
55158,22
55159,11
55160,11
55161,7
55162,1
55163,11
55164,13
55165,11
55166,18
55167,21
55168,21
55169,20
55170,1
55171,2
55172,1
55173,19
55174,1
55175,17
55176,15
55177,11
55178,2
55179,2
55180,19
55181,6
55182,9
55183,1
55184,11
55185,2
55186,3
55187,13
55188,19
55189,13
55190,11
55191,2
55192,11
55193,9
55194,14
55195,19
55196,21
55197,13
55198,13
55199,1
55200,13
55201,19
55202,13
55203,13
55204,4
55205,10
55206,13
55207,5
55208,2
55209,6
55210,3
55211,17
55212,21
55213,19
55214,2
55215,13
55216,1
55217,5
55218,14
55219,13
55220,6
55221,23
55222,23
55223,13
55224,13
55225,8
55226,14
55227,22
55228,10
55229,11
55230,21
55231,9
55232,5
55233,1
55234,14
55235,22
55236,2
55237,7
55238,23
55239,19
55240,19
55241,13
55242,1
55243,19
55244,13
55245,2
55246,13
55247,22
55248,20
55249,23
55250,7
55251,18
55252,22
55253,13
55254,14
55255,13
55256,13
55257,11
55258,11
55259,3
55260,20
55261,18
55262,13
55263,1
55264,3
55265,13
55266,2
55267,8
55268,2
55269,19
55270,2
55271,2
55272,18
55273,23
55274,11
55275,15
55276,13
55277,22
55278,2
55279,18
55280,11
55281,11
55282,2
55283,11
55284,7
55285,7
55286,13
55287,1
55288,11
55289,19
55290,21
55291,15
55292,13
55293,1
55294,7
55295,2
55296,13
55297,13
55298,7
55299,1
55300,13
55301,14
55302,11
55303,11
55304,20
55305,11
55306,7
55307,7
55308,11
55309,1
55310,13
55311,22
55312,0
55313,2
55314,2
55315,1
55316,10
55317,19
55318,9
55319,0
55320,19
55321,19
55322,19
55323,21
55324,19
55325,19
55326,11
55327,10
55328,13
55329,11
55330,13
55331,7
55332,21
55333,5
55334,19
55335,12
55336,19
55337,22
55338,19
55339,11
55340,13
55341,11
55342,7
55343,0
55344,8
55345,2
55346,13
55347,18
55348,19
55349,11
55350,23
55351,22
55352,4
55353,8
55354,13
55355,19
55356,13
55357,1
55358,13
55359,1
55360,7
55361,14
55362,11
55363,2
55364,10
55365,1
55366,3
55367,7
55368,8
55369,11
55370,10
55371,19
55372,1
55373,11
55374,11
55375,19
55376,19
55377,1
55378,3
55379,18
55380,1
55381,7
55382,19
55383,1
55384,2
55385,11
55386,13
55387,6
55388,13
55389,13
55390,2
55391,1
55392,18
55393,22
55394,8
55395,3
55396,11
55397,13
55398,19
55399,8
55400,13
55401,1
55402,19
55403,1
55404,3
55405,7
55406,6
55407,13
55408,5
55409,13
55410,13
55411,14
55412,0
55413,16
55414,11
55415,1
55416,13
55417,19
55418,13
55419,13
55420,19
55421,2
55422,1
55423,13
55424,13
55425,7
55426,1
55427,7
55428,18
55429,7
55430,1
55431,19
55432,1
55433,22
55434,13
55435,21
55436,9
55437,14
55438,21
55439,18
55440,1
55441,11
55442,1
55443,22
55444,7
55445,2
55446,19
55447,13
55448,13
55449,14
55450,1
55451,11
55452,11
55453,1
55454,14
55455,23
55456,11
55457,22
55458,19
55459,23
55460,1
55461,7
55462,13
55463,22
55464,18
55465,7
55466,18
55467,13
55468,13
55469,14
55470,12
55471,11
55472,11
55473,23
55474,7
55475,4
55476,5
55477,13
55478,13
55479,18
55480,2
55481,19
55482,19
55483,13
55484,4
55485,19
55486,2
55487,19
55488,11
55489,1
55490,2
55491,15
55492,7
55493,11
55494,4
55495,13
55496,18
55497,11
55498,13
55499,1
55500,11
55501,9
55502,2
55503,19
55504,13
55505,11
55506,1
55507,11
55508,5
55509,2
55510,15
55511,8
55512,2
55513,13
55514,21
55515,1
55516,22
55517,13
55518,8
55519,14
55520,1
55521,13
55522,11
55523,6
55524,13
55525,11
55526,19
55527,13
55528,2
55529,2
55530,13
55531,7
55532,13
55533,18
55534,11
55535,19
55536,5
55537,11
55538,13
55539,21
55540,1
55541,2
55542,19
55543,22
55544,20
55545,22
55546,13
55547,7
55548,23
55549,13
55550,1
55551,4
55552,13
55553,11
55554,22
55555,7
55556,13
55557,21
55558,7
55559,19
55560,22
55561,9
55562,22
55563,22
55564,22
55565,7
55566,13
55567,2
55568,7
55569,7
55570,11
55571,7
55572,13
55573,18
55574,11
55575,18
55576,14
55577,11
55578,8
55579,18
55580,13
55581,16
55582,11
55583,13
55584,11
55585,11
55586,11
55587,13
55588,18
55589,14
55590,10
55591,19
55592,13
55593,19
55594,13
55595,13
55596,18
55597,5
55598,13
55599,19
55600,2
55601,23
55602,13
55603,22
55604,14
55605,21
55606,11
55607,11
55608,11
55609,13
55610,13
55611,1
55612,7
55613,11
55614,7
55615,2
55616,1
55617,22
55618,13
55619,3
55620,3
55621,11
55622,11
55623,6
55624,21
55625,23
55626,11
55627,21
55628,13
55629,7
55630,22
55631,14
55632,1
55633,7
55634,11
55635,5
55636,13
55637,13
55638,13
55639,20
55640,18
55641,5
55642,11
55643,11
55644,13
55645,1
55646,7
55647,14
55648,13
55649,7
55650,13
55651,13
55652,1
55653,2
55654,8
55655,7
55656,0
55657,11
55658,1
55659,22
55660,1
55661,8
55662,2
55663,23
55664,1
55665,1
55666,18
55667,22
55668,13
55669,19
55670,1
55671,13
55672,13
55673,19
55674,19
55675,1
55676,1
55677,4
55678,14
55679,7
55680,14
55681,2
55682,19
55683,7
55684,18
55685,1
55686,1
55687,14
55688,23
55689,0
55690,3
55691,19
55692,19
55693,18
55694,4
55695,13
55696,22
55697,14
55698,5
55699,19
55700,19
55701,11
55702,7
55703,8
55704,1
55705,1
55706,8
55707,18
55708,22
55709,13
55710,5
55711,7
55712,8
55713,18
55714,23
55715,11
55716,19
55717,9
55718,18
55719,10
55720,11
55721,7
55722,18
55723,13
55724,22
55725,13
55726,18
55727,11
55728,5
55729,13
55730,13
55731,13
55732,7
55733,11
55734,10
55735,13
55736,21
55737,19
55738,13
55739,22
55740,1
55741,0
55742,19
55743,14
55744,18
55745,7
55746,21
55747,18
55748,1
55749,13
55750,1
55751,1
55752,19
55753,10
55754,1
55755,13
55756,18
55757,13
55758,18
55759,11
55760,13
55761,5
55762,13
55763,21
55764,22
55765,6
55766,13
55767,13
55768,22
55769,13
55770,3
55771,1
55772,11
55773,13
55774,13
55775,6
55776,21
55777,22
55778,13
55779,11
55780,2
55781,5
55782,7
55783,2
55784,7
55785,3
55786,11
55787,13
55788,13
55789,11
55790,10
55791,5
55792,1
55793,3
55794,1
55795,3
55796,1
55797,11
55798,4
55799,7
55800,19
55801,22
55802,22
55803,11
55804,19
55805,21
55806,22
55807,1
55808,18
55809,13
55810,14
55811,13
55812,10
55813,11
55814,11
55815,8
55816,16
55817,22
55818,7
55819,14
55820,22
55821,19
55822,7
55823,18
55824,11
55825,19
55826,13
55827,19
55828,11
55829,11
55830,7
55831,8
55832,19
55833,22
55834,0
55835,1
55836,22
55837,16
55838,11
55839,7
55840,13
55841,7
55842,13
55843,13
55844,3
55845,13
55846,12
55847,23
55848,11
55849,19
55850,8
55851,11
55852,11
55853,19
55854,7
55855,9
55856,11
55857,11
55858,7
55859,1
55860,13
55861,7
55862,4
55863,13
55864,1
55865,13
55866,13
55867,13
55868,20
55869,7
55870,13
55871,16
55872,22
55873,7
55874,11
55875,6
55876,1
55877,2
55878,8
55879,1
55880,18
55881,17
55882,2
55883,12
55884,22
55885,1
55886,1
55887,2
55888,8
55889,13
55890,5
55891,18
55892,9
55893,13
55894,19
55895,2
55896,13
55897,13
55898,11
55899,2
55900,13
55901,2
55902,13
55903,7
55904,11
55905,7
55906,19
55907,13
55908,1
55909,1
55910,13
55911,10
55912,5
55913,19
55914,11
55915,10
55916,14
55917,10
55918,1
55919,7
55920,13
55921,1
55922,1
55923,19
55924,11
55925,14
55926,19
55927,23
55928,7
55929,13
55930,13
55931,7
55932,11
55933,21
55934,13
55935,1
55936,7
55937,1
55938,1
55939,21
55940,11
55941,13
55942,19
55943,7
55944,1
55945,13
55946,19
55947,19
55948,18
55949,3
55950,13
55951,11
55952,16
55953,23
55954,13
55955,20
55956,22
55957,2
55958,3
55959,11
55960,22
55961,22
55962,11
55963,1
55964,2
55965,13
55966,13
55967,19
55968,19
55969,1
55970,3
55971,10
55972,13
55973,19
55974,19
55975,1
55976,18
55977,7
55978,19
55979,11
55980,14
55981,19
55982,13
55983,19
55984,13
55985,18
55986,2
55987,18
55988,2
55989,19
55990,11
55991,23
55992,9
55993,21
55994,18
55995,13
55996,21
55997,13
55998,5
55999,5
56000,2
56001,22
56002,13
56003,13
56004,4
56005,20
56006,7
56007,22
56008,18
56009,7
56010,22
56011,11
56012,7
56013,13
56014,7
56015,2
56016,13
56017,23
56018,13
56019,19
56020,7
56021,12
56022,13
56023,11
56024,21
56025,18
56026,2
56027,2
56028,21
56029,3
56030,1
56031,13
56032,7
56033,2
56034,18
56035,9
56036,22
56037,1
56038,19
56039,13
56040,19
56041,7
56042,13
56043,11
56044,1
56045,15
56046,11
56047,19
56048,19
56049,0
56050,21
56051,2
56052,19
56053,2
56054,16
56055,5
56056,4
56057,8
56058,4
56059,7
56060,11
56061,2
56062,10
56063,2
56064,19
56065,13
56066,1
56067,1
56068,7
56069,22
56070,13
56071,23
56072,11
56073,13
56074,18
56075,13
56076,7
56077,14
56078,7
56079,13
56080,7
56081,11
56082,20
56083,1
56084,13
56085,13
56086,18
56087,13
56088,7
56089,7
56090,11
56091,19
56092,19
56093,1
56094,7
56095,21
56096,19
56097,3
56098,5
56099,22
56100,1
56101,19
56102,1
56103,2
56104,22
56105,23
56106,21
56107,22
56108,13
56109,15
56110,19
56111,2
56112,13
56113,13
56114,11
56115,19
56116,23
56117,7
56118,18
56119,4
56120,11
56121,13
56122,1
56123,8
56124,21
56125,11
56126,21
56127,19
56128,16
56129,19
56130,18
56131,21
56132,2
56133,19
56134,18
56135,7
56136,19
56137,3
56138,18
56139,23
56140,7
56141,11
56142,13
56143,1
56144,11
56145,21
56146,18
56147,13
56148,18
56149,19
56150,8
56151,13
56152,18
56153,5
56154,13
56155,13
56156,18
56157,2
56158,11
56159,13
56160,10
56161,18
56162,18
56163,13
56164,11
56165,22
56166,11
56167,18
56168,8
56169,21
56170,21
56171,1
56172,13
56173,11
56174,22
56175,2
56176,1
56177,14
56178,19
56179,2
56180,7
56181,11
56182,11
56183,7
56184,7
56185,13
56186,18
56187,8
56188,11
56189,2
56190,1
56191,1
56192,10
56193,11
56194,7
56195,1
56196,2
56197,1
56198,1
56199,18
56200,0
56201,7
56202,18
56203,13
56204,1
56205,2
56206,1
56207,18
56208,21
56209,3
56210,8
56211,18
56212,3
56213,11
56214,21
56215,1
56216,5
56217,13
56218,8
56219,7
56220,4
56221,22
56222,18
56223,0
56224,11
56225,3
56226,13
56227,19
56228,7
56229,7
56230,13
56231,13
56232,11
56233,13
56234,5
56235,2
56236,22
56237,9
56238,7
56239,7
56240,23
56241,22
56242,0
56243,1
56244,7
56245,14
56246,18
56247,18
56248,5
56249,11
56250,13
56251,19
56252,11
56253,13
56254,7
56255,18
56256,2
56257,11
56258,22
56259,13
56260,13
56261,18
56262,7
56263,7
56264,19
56265,19
56266,13
56267,1
56268,9
56269,1
56270,13
56271,18
56272,1
56273,19
56274,11
56275,7
56276,11
56277,7
56278,18
56279,2
56280,9
56281,19
56282,13
56283,13
56284,13
56285,11
56286,23
56287,5
56288,14
56289,1
56290,13
56291,11
56292,11
56293,23
56294,1
56295,13
56296,1
56297,19
56298,0
56299,1
56300,22
56301,13
56302,1
56303,13
56304,7
56305,14
56306,13
56307,14
56308,18
56309,1
56310,9
56311,1
56312,6
56313,19
56314,13
56315,2
56316,18
56317,19
56318,2
56319,11
56320,16
56321,14
56322,2
56323,23
56324,21
56325,2
56326,11
56327,19
56328,7
56329,13
56330,23
56331,11
56332,1
56333,22
56334,14
56335,22
56336,7
56337,13
56338,22
56339,5
56340,7
56341,18
56342,13
56343,7
56344,14
56345,11
56346,22
56347,12
56348,9
56349,6
56350,19
56351,14
56352,13
56353,23
56354,22
56355,13
56356,18
56357,16
56358,19
56359,2
56360,22
56361,1
56362,13
56363,13
56364,16
56365,11
56366,13
56367,0
56368,16
56369,13
56370,12
56371,16
56372,5
56373,7
56374,20
56375,14
56376,7
56377,13
56378,1
56379,13
56380,11
56381,13
56382,1
56383,19
56384,21
56385,19
56386,2
56387,18
56388,14
56389,19
56390,18
56391,3
56392,11
56393,22
56394,23
56395,22
56396,3
56397,11
56398,22
56399,22
56400,1
56401,18
56402,9
56403,15
56404,9
56405,14
56406,13
56407,13
56408,2
56409,18
56410,18
56411,11
56412,11
56413,23
56414,2
56415,4
56416,7
56417,7
56418,18
56419,13
56420,7
56421,5
56422,21
56423,6
56424,15
56425,19
56426,21
56427,22
56428,11
56429,14
56430,2
56431,2
56432,8
56433,11
56434,10
56435,19
56436,13
56437,4
56438,7
56439,10
56440,19
56441,6
56442,11
56443,1
56444,1
56445,2
56446,7
56447,1
56448,1
56449,1
56450,13
56451,1
56452,3
56453,12
56454,7
56455,11
56456,13
56457,7
56458,18
56459,22
56460,19
56461,8
56462,8
56463,8
56464,19
56465,11
56466,13
56467,0
56468,7
56469,22
56470,13
56471,17
56472,11
56473,1
56474,13
56475,13
56476,1
56477,19
56478,23
56479,2
56480,19
56481,6
56482,11
56483,13
56484,22
56485,13
56486,1
56487,18
56488,18
56489,1
56490,23
56491,13
56492,5
56493,11
56494,20
56495,19
56496,8
56497,21
56498,7
56499,22
56500,14
56501,13
56502,1
56503,11
56504,10
56505,11
56506,19
56507,8
56508,23
56509,3
56510,11
56511,10
56512,7
56513,21
56514,9
56515,22
56516,14
56517,2
56518,18
56519,5
56520,20
56521,7
56522,7
56523,2
56524,13
56525,22
56526,19
56527,1
56528,11
56529,13
56530,14
56531,7
56532,11
56533,2
56534,1
56535,3
56536,14
56537,21
56538,11
56539,19
56540,20
56541,19
56542,11
56543,22
56544,19
56545,7
56546,11
56547,2
56548,13
56549,5
56550,13
56551,18
56552,11
56553,11
56554,2
56555,13
56556,11
56557,1
56558,5
56559,19
56560,11
56561,3
56562,18
56563,1
56564,19
56565,1
56566,13
56567,22
56568,2
56569,11
56570,13
56571,1
56572,15
56573,11
56574,19
56575,11
56576,1
56577,1
56578,5
56579,22
56580,21
56581,0
56582,13
56583,21
56584,11
56585,18
56586,13
56587,18
56588,20
56589,22
56590,22
56591,5
56592,18
56593,1
56594,13
56595,18
56596,2
56597,2
56598,1
56599,4
56600,11
56601,13
56602,18
56603,1
56604,19
56605,13
56606,8
56607,21
56608,4
56609,13
56610,11
56611,13
56612,19
56613,7
56614,13
56615,7
56616,7
56617,22
56618,18
56619,5
56620,10
56621,22
56622,5
56623,15
56624,20
56625,1
56626,1
56627,18
56628,1
56629,20
56630,14
56631,18
56632,7
56633,22
56634,13
56635,21
56636,16
56637,1
56638,13
56639,2
56640,1
56641,19
56642,13
56643,1
56644,7
56645,10
56646,13
56647,9
56648,13
56649,22
56650,22
56651,13
56652,22
56653,11
56654,11
56655,13
56656,22
56657,13
56658,1
56659,4
56660,13
56661,7
56662,5
56663,11
56664,11
56665,7
56666,11
56667,23
56668,19
56669,13
56670,21
56671,5
56672,14
56673,7
56674,2
56675,7
56676,18
56677,1
56678,19
56679,21
56680,3
56681,7
56682,13
56683,19
56684,2
56685,6
56686,2
56687,11
56688,19
56689,13
56690,11
56691,15
56692,11
56693,14
56694,11
56695,5
56696,17
56697,19
56698,1
56699,8
56700,3
56701,1
56702,14
56703,19
56704,13
56705,11
56706,14
56707,11
56708,1
56709,19
56710,21
56711,1
56712,19
56713,19
56714,19
56715,7
56716,23
56717,5
56718,13
56719,13
56720,13
56721,13
56722,18
56723,23
56724,8
56725,10
56726,7
56727,7
56728,1
56729,9
56730,18
56731,19
56732,13
56733,23
56734,19
56735,10
56736,23
56737,7
56738,7
56739,13
56740,11
56741,21
56742,13
56743,22
56744,7
56745,18
56746,1
56747,19
56748,19
56749,13
56750,18
56751,7
56752,23
56753,7
56754,7
56755,22
56756,7
56757,13
56758,9
56759,18
56760,7
56761,13
56762,13
56763,9
56764,11
56765,1
56766,22
56767,13
56768,18
56769,13
56770,18
56771,19
56772,11
56773,13
56774,19
56775,20
56776,3
56777,13
56778,19
56779,18
56780,5
56781,19
56782,2
56783,3
56784,4
56785,13
56786,13
56787,11
56788,17
56789,22
56790,18
56791,1
56792,21
56793,19
56794,22
56795,22
56796,13
56797,4
56798,13
56799,13
56800,7
56801,11
56802,3
56803,20
56804,1
56805,14
56806,4
56807,6
56808,13
56809,11
56810,19
56811,11
56812,0
56813,5
56814,13
56815,13
56816,21
56817,2
56818,2
56819,13
56820,1
56821,3
56822,19
56823,5
56824,21
56825,1
56826,7
56827,1
56828,3
56829,13
56830,18
56831,22
56832,19
56833,22
56834,21
56835,5
56836,2
56837,19
56838,21
56839,8
56840,7
56841,2
56842,19
56843,13
56844,13
56845,13
56846,7
56847,1
56848,19
56849,9
56850,3
56851,19
56852,2
56853,20
56854,19
56855,13
56856,22
56857,7
56858,13
56859,22
56860,22
56861,2
56862,19
56863,11
56864,18
56865,13
56866,22
56867,22
56868,1
56869,19
56870,13
56871,2
56872,13
56873,22
56874,5
56875,21
56876,8
56877,5
56878,13
56879,13
56880,7
56881,15
56882,11
56883,7
56884,22
56885,22
56886,7
56887,22
56888,7
56889,2
56890,22
56891,14
56892,7
56893,0
56894,7
56895,14
56896,13
56897,2
56898,5
56899,13
56900,18
56901,13
56902,14
56903,19
56904,19
56905,19
56906,8
56907,19
56908,12
56909,19
56910,4
56911,11
56912,2
56913,2
56914,11
56915,18
56916,22
56917,5
56918,13
56919,20
56920,1
56921,5
56922,2
56923,11
56924,13
56925,13
56926,5
56927,2
56928,13
56929,22
56930,13
56931,9
56932,13
56933,22
56934,18
56935,13
56936,13
56937,5
56938,1
56939,1
56940,13
56941,19
56942,7
56943,8
56944,21
56945,8
56946,3
56947,13
56948,11
56949,14
56950,19
56951,1
56952,13
56953,3
56954,22
56955,21
56956,2
56957,5
56958,13
56959,7
56960,1
56961,18
56962,1
56963,14
56964,21
56965,22
56966,2
56967,13
56968,14
56969,20
56970,19
56971,19
56972,4
56973,19
56974,7
56975,11
56976,1
56977,21
56978,18
56979,8
56980,0
56981,13
56982,22
56983,2
56984,7
56985,4
56986,20
56987,13
56988,22
56989,19
56990,13
56991,13
56992,13
56993,2
56994,11
56995,18
56996,17
56997,9
56998,19
56999,21
57000,22
57001,19
57002,20
57003,2
57004,11
57005,13
57006,8
57007,19
57008,4
57009,13
57010,11
57011,13
57012,19
57013,18
57014,5
57015,23
57016,11
57017,22
57018,11
57019,17
57020,8
57021,14
57022,13
57023,9
57024,2
57025,23
57026,7
57027,14
57028,20
57029,11
57030,5
57031,2
57032,1
57033,4
57034,7
57035,22
57036,11
57037,13
57038,22
57039,7
57040,22
57041,5
57042,2
57043,19
57044,10
57045,7
57046,19
57047,8
57048,19
57049,13
57050,18
57051,13
57052,14
57053,11
57054,10
57055,11
57056,1
57057,5
57058,2
57059,7
57060,11
57061,4
57062,11
57063,18
57064,7
57065,14
57066,8
57067,19
57068,11
57069,5
57070,5
57071,11
57072,11
57073,19
57074,15
57075,2
57076,11
57077,14
57078,21
57079,1
57080,13
57081,19
57082,1
57083,13
57084,18
57085,11
57086,13
57087,13
57088,2
57089,17
57090,22
57091,19
57092,7
57093,18
57094,11
57095,13
57096,13
57097,3
57098,5
57099,5
57100,1
57101,7
57102,7
57103,11
57104,13
57105,13
57106,13
57107,18
57108,18
57109,7
57110,11
57111,7
57112,13
57113,18
57114,1
57115,18
57116,11
57117,18
57118,1
57119,7
57120,20
57121,13
57122,4
57123,14
57124,8
57125,13
57126,13
57127,0
57128,9
57129,22
57130,9
57131,3
57132,13
57133,2
57134,18
57135,7
57136,7
57137,7
57138,19
57139,20
57140,11
57141,19
57142,19
57143,22
57144,1
57145,18
57146,14
57147,14
57148,1
57149,13
57150,13
57151,8
57152,2
57153,22
57154,13
57155,19
57156,7
57157,2
57158,7
57159,7
57160,13
57161,13
57162,1
57163,1
57164,13
57165,11
57166,11
57167,1
57168,1
57169,7
57170,13
57171,6
57172,3
57173,11
57174,2
57175,11
57176,2
57177,13
57178,18
57179,19
57180,18
57181,2
57182,13
57183,19
57184,5
57185,1
57186,23
57187,14
57188,13
57189,15
57190,10
57191,6
57192,0
57193,18
57194,19
57195,13
57196,11
57197,18
57198,1
57199,19
57200,19
57201,14
57202,3
57203,2
57204,14
57205,13
57206,18
57207,1
57208,7
57209,22
57210,13
57211,18
57212,2
57213,13
57214,18
57215,1
57216,4
57217,13
57218,17
57219,22
57220,13
57221,13
57222,19
57223,13
57224,1
57225,22
57226,7
57227,2
57228,18
57229,7
57230,13
57231,8
57232,4
57233,19
57234,13
57235,13
57236,18
57237,7
57238,13
57239,4
57240,7
57241,8
57242,1
57243,10
57244,13
57245,19
57246,13
57247,13
57248,11
57249,13
57250,19
57251,14
57252,11
57253,11
57254,22
57255,16
57256,13
57257,19
57258,12
57259,18
57260,11
57261,11
57262,5
57263,13
57264,21
57265,5
57266,18
57267,18
57268,14
57269,3
57270,23
57271,14
57272,19
57273,21
57274,11
57275,8
57276,2
57277,19
57278,13
57279,19
57280,6
57281,13
57282,18
57283,13
57284,14
57285,11
57286,1
57287,13
57288,22
57289,11
57290,21
57291,1
57292,17
57293,20
57294,7
57295,3
57296,13
57297,10
57298,13
57299,2
57300,13
57301,18
57302,1
57303,13
57304,2
57305,13
57306,1
57307,1
57308,9
57309,19
57310,4
57311,1
57312,0
57313,1
57314,22
57315,4
57316,19
57317,2
57318,11
57319,1
57320,1
57321,11
57322,23
57323,18
57324,19
57325,13
57326,2
57327,12
57328,7
57329,11
57330,7
57331,21
57332,22
57333,7
57334,21
57335,2
57336,16
57337,21
57338,7
57339,19
57340,12
57341,9
57342,2
57343,13
57344,7
57345,21
57346,1
57347,2
57348,2
57349,2
57350,13
57351,13
57352,1
57353,15
57354,23
57355,1
57356,12
57357,19
57358,2
57359,2
57360,18
57361,22
57362,4
57363,18
57364,13
57365,11
57366,1
57367,13
57368,19
57369,11
57370,11
57371,13
57372,13
57373,11
57374,3
57375,19
57376,1
57377,18
57378,14
57379,7
57380,13
57381,15
57382,22
57383,18
57384,19
57385,11
57386,8
57387,1
57388,12
57389,13
57390,13
57391,6
57392,11
57393,2
57394,18
57395,1
57396,20
57397,6
57398,11
57399,14
57400,1
57401,15
57402,13
57403,13
57404,13
57405,18
57406,7
57407,13
57408,1
57409,1
57410,21
57411,11
57412,12
57413,2
57414,21
57415,19
57416,22
57417,13
57418,1
57419,11
57420,1
57421,13
57422,7
57423,13
57424,11
57425,3
57426,22
57427,7
57428,9
57429,3
57430,13
57431,14
57432,13
57433,18
57434,18
57435,23
57436,13
57437,18
57438,2
57439,13
57440,2
57441,5
57442,14
57443,11
57444,1
57445,22
57446,13
57447,7
57448,8
57449,11
57450,13
57451,13
57452,19
57453,7
57454,6
57455,7
57456,18
57457,6
57458,13
57459,6
57460,11
57461,11
57462,4
57463,22
57464,7
57465,10
57466,7
57467,8
57468,13
57469,13
57470,8
57471,6
57472,13
57473,2
57474,1
57475,18
57476,13
57477,13
57478,3
57479,2
57480,13
57481,18
57482,14
57483,14
57484,13
57485,14
57486,15
57487,1
57488,22
57489,13
57490,22
57491,0
57492,7
57493,22
57494,7
57495,23
57496,22
57497,11
57498,14
57499,7
57500,11
57501,19
57502,19
57503,11
57504,22
57505,7
57506,18
57507,13
57508,1
57509,1
57510,7
57511,13
57512,9
57513,11
57514,13
57515,8
57516,7
57517,19
57518,2
57519,4
57520,19
57521,23
57522,13
57523,13
57524,1
57525,13
57526,22
57527,19
57528,21
57529,22
57530,2
57531,1
57532,2
57533,7
57534,7
57535,9
57536,3
57537,20
57538,22
57539,23
57540,22
57541,8
57542,2
57543,11
57544,22
57545,13
57546,2
57547,0
57548,9
57549,7
57550,22
57551,18
57552,0
57553,3
57554,13
57555,19
57556,13
57557,7
57558,11
57559,19
57560,1
57561,11
57562,14
57563,14
57564,11
57565,19
57566,1
57567,13
57568,7
57569,11
57570,18
57571,2
57572,11
57573,5
57574,7
57575,21
57576,0
57577,11
57578,20
57579,13
57580,18
57581,14
57582,4
57583,1
57584,7
57585,1
57586,1
57587,22
57588,11
57589,13
57590,14
57591,14
57592,19
57593,22
57594,11
57595,14
57596,7
57597,19
57598,18
57599,14
57600,22
57601,7
57602,19
57603,11
57604,11
57605,13
57606,1
57607,14
57608,19
57609,14
57610,0
57611,23
57612,7
57613,19
57614,19
57615,19
57616,13
57617,10
57618,13
57619,13
57620,12
57621,7
57622,19
57623,2
57624,13
57625,2
57626,7
57627,13
57628,13
57629,7
57630,2
57631,12
57632,1
57633,14
57634,9
57635,18
57636,11
57637,13
57638,1
57639,1
57640,8
57641,13
57642,2
57643,11
57644,19
57645,20
57646,13
57647,21
57648,13
57649,2
57650,22
57651,14
57652,21
57653,2
57654,8
57655,13
57656,15
57657,7
57658,13
57659,19
57660,4
57661,14
57662,13
57663,2
57664,13
57665,19
57666,7
57667,1
57668,10
57669,19
57670,11
57671,14
57672,11
57673,2
57674,8
57675,18
57676,5
57677,15
57678,5
57679,19
57680,4
57681,23
57682,22
57683,21
57684,5
57685,7
57686,23
57687,13
57688,19
57689,1
57690,14
57691,5
57692,11
57693,23
57694,2
57695,13
57696,11
57697,7
57698,1
57699,22
57700,11
57701,22
57702,18
57703,10
57704,1
57705,13
57706,13
57707,2
57708,2
57709,13
57710,9
57711,1
57712,13
57713,13
57714,13
57715,13
57716,13
57717,2
57718,7
57719,10
57720,5
57721,22
57722,6
57723,14
57724,13
57725,13
57726,6
57727,2
57728,8
57729,22
57730,23
57731,19
57732,6
57733,13
57734,18
57735,13
57736,7
57737,2
57738,13
57739,2
57740,4
57741,1
57742,10
57743,11
57744,14
57745,22
57746,1
57747,23
57748,2
57749,13
57750,7
57751,13
57752,4
57753,18
57754,2
57755,21
57756,11
57757,13
57758,21
57759,22
57760,8
57761,18
57762,11
57763,7
57764,11
57765,8
57766,23
57767,11
57768,21
57769,7
57770,1
57771,13
57772,13
57773,7
57774,6
57775,3
57776,9
57777,14
57778,2
57779,5
57780,19
57781,2
57782,18
57783,17
57784,13
57785,16
57786,7
57787,9
57788,16
57789,7
57790,7
57791,14
57792,19
57793,1
57794,7
57795,13
57796,14
57797,13
57798,19
57799,13
57800,11
57801,13
57802,13
57803,13
57804,23
57805,13
57806,19
57807,11
57808,18
57809,22
57810,19
57811,19
57812,14
57813,13
57814,18
57815,1
57816,18
57817,18
57818,1
57819,13
57820,13
57821,13
57822,18
57823,23
57824,15
57825,13
57826,6
57827,11
57828,7
57829,13
57830,1
57831,19
57832,11
57833,7
57834,8
57835,7
57836,11
57837,13
57838,19
57839,22
57840,13
57841,7
57842,19
57843,4
57844,0
57845,7
57846,11
57847,9
57848,0
57849,13
57850,19
57851,7
57852,22
57853,9
57854,2
57855,22
57856,18
57857,19
57858,6
57859,19
57860,18
57861,1
57862,18
57863,21
57864,19
57865,1
57866,19
57867,5
57868,14
57869,14
57870,13
57871,14
57872,2
57873,15
57874,0
57875,5
57876,18
57877,1
57878,7
57879,21
57880,1
57881,4
57882,19
57883,8
57884,6
57885,14
57886,19
57887,14
57888,18
57889,13
57890,13
57891,22
57892,11
57893,7
57894,18
57895,13
57896,7
57897,7
57898,14
57899,23
57900,12
57901,22
57902,13
57903,22
57904,13
57905,21
57906,9
57907,1
57908,21
57909,13
57910,2
57911,22
57912,11
57913,3
57914,1
57915,19
57916,18
57917,13
57918,7
57919,8
57920,7
57921,16
57922,11
57923,22
57924,18
57925,7
57926,19
57927,2
57928,8
57929,8
57930,14
57931,18
57932,1
57933,1
57934,2
57935,8
57936,13
57937,13
57938,14
57939,5
57940,2
57941,1
57942,2
57943,20
57944,21
57945,20
57946,2
57947,22
57948,11
57949,19
57950,19
57951,1
57952,13
57953,1
57954,13
57955,19
57956,18
57957,2
57958,11
57959,14
57960,7
57961,18
57962,19
57963,13
57964,19
57965,23
57966,13
57967,13
57968,5
57969,1
57970,11
57971,11
57972,7
57973,11
57974,14
57975,1
57976,22
57977,1
57978,7
57979,1
57980,13
57981,2
57982,18
57983,7
57984,13
57985,15
57986,2
57987,20
57988,13
57989,13
57990,1
57991,1
57992,3
57993,13
57994,6
57995,13
57996,21
57997,13
57998,7
57999,18
58000,14
58001,13
58002,12
58003,18
58004,14
58005,1
58006,11
58007,13
58008,18
58009,8
58010,18
58011,13
58012,18
58013,13
58014,18
58015,13
58016,17
58017,11
58018,7
58019,13
58020,13
58021,19
58022,22
58023,7
58024,4
58025,13
58026,22
58027,0
58028,17
58029,4
58030,13
58031,18
58032,18
58033,18
58034,13
58035,11
58036,11
58037,1
58038,1
58039,2
58040,22
58041,1
58042,13
58043,22
58044,18
58045,9
58046,8
58047,7
58048,1
58049,22
58050,20
58051,21
58052,19
58053,19
58054,11
58055,11
58056,11
58057,7
58058,7
58059,0
58060,2
58061,7
58062,13
58063,19
58064,19
58065,20
58066,7
58067,14
58068,11
58069,1
58070,5
58071,13
58072,7
58073,23
58074,11
58075,14
58076,4
58077,11
58078,15
58079,2
58080,7
58081,11
58082,6
58083,19
58084,19
58085,7
58086,7
58087,23
58088,3
58089,13
58090,13
58091,7
58092,2
58093,22
58094,18
58095,1
58096,19
58097,13
58098,22
58099,1
58100,22
58101,13
58102,13
58103,13
58104,1
58105,19
58106,13
58107,19
58108,4
58109,1
58110,11
58111,2
58112,13
58113,18
58114,19
58115,14
58116,7
58117,13
58118,19
58119,0
58120,12
58121,13
58122,14
58123,14
58124,7
58125,22
58126,10
58127,19
58128,21
58129,5
58130,13
58131,13
58132,14
58133,11
58134,4
58135,15
58136,23
58137,13
58138,18
58139,11
58140,18
58141,11
58142,1
58143,23
58144,11
58145,13
58146,1
58147,8
58148,1
58149,2
58150,11
58151,4
58152,22
58153,13
58154,13
58155,21
58156,11
58157,11
58158,15
58159,2
58160,11
58161,13
58162,21
58163,22
58164,3
58165,4
58166,7
58167,11
58168,7
58169,11
58170,11
58171,11
58172,5
58173,11
58174,21
58175,5
58176,1
58177,17
58178,13
58179,1
58180,13
58181,13
58182,7
58183,13
58184,5
58185,4
58186,8
58187,2
58188,10
58189,13
58190,22
58191,7
58192,2
58193,19
58194,21
58195,13
58196,18
58197,13
58198,5
58199,13
58200,23
58201,13
58202,11
58203,2
58204,8
58205,2
58206,1
58207,2
58208,13
58209,16
58210,23
58211,19
58212,13
58213,13
58214,18
58215,14
58216,1
58217,2
58218,13
58219,19
58220,7
58221,13
58222,13
58223,5
58224,13
58225,22
58226,23
58227,8
58228,13
58229,13
58230,13
58231,13
58232,1
58233,21
58234,8
58235,23
58236,8
58237,7
58238,3
58239,23
58240,1
58241,11
58242,14
58243,11
58244,7
58245,4
58246,7
58247,1
58248,2
58249,1
58250,19
58251,22
58252,14
58253,1
58254,11
58255,1
58256,13
58257,13
58258,13
58259,23
58260,11
58261,11
58262,2
58263,11
58264,2
58265,18
58266,13
58267,1
58268,11
58269,18
58270,7
58271,2
58272,5
58273,22
58274,2
58275,8
58276,14
58277,11
58278,8
58279,18
58280,13
58281,14
58282,14
58283,1
58284,18
58285,16
58286,23
58287,2
58288,11
58289,13
58290,9
58291,13
58292,13
58293,1
58294,13
58295,0
58296,19
58297,18
58298,18
58299,22
58300,4
58301,11
58302,13
58303,11
58304,18
58305,23
58306,3
58307,13
58308,18
58309,13
58310,22
58311,19
58312,13
58313,13
58314,7
58315,19
58316,2
58317,1
58318,9
58319,14
58320,16
58321,14
58322,7
58323,11
58324,14
58325,13
58326,19
58327,9
58328,1
58329,22
58330,13
58331,13
58332,17
58333,2
58334,13
58335,21
58336,19
58337,18
58338,11
58339,11
58340,10
58341,7
58342,18
58343,2
58344,21
58345,1
58346,8
58347,22
58348,13
58349,18
58350,14
58351,13
58352,11
58353,11
58354,13
58355,15
58356,23
58357,13
58358,13
58359,7
58360,11
58361,1
58362,19
58363,7
58364,8
58365,13
58366,19
58367,14
58368,1
58369,7
58370,12
58371,1
58372,13
58373,3
58374,15
58375,11
58376,7
58377,11
58378,11
58379,11
58380,1
58381,16
58382,1
58383,18
58384,1
58385,11
58386,18
58387,1
58388,0
58389,21
58390,13
58391,2
58392,7
58393,11
58394,10
58395,2
58396,7
58397,2
58398,7
58399,11
58400,19
58401,2
58402,19
58403,2
58404,7
58405,1
58406,1
58407,19
58408,22
58409,18
58410,13
58411,2
58412,19
58413,13
58414,7
58415,7
58416,13
58417,13
58418,21
58419,13
58420,22
58421,13
58422,7
58423,23
58424,11
58425,23
58426,7
58427,15
58428,7
58429,13
58430,21
58431,13
58432,19
58433,14
58434,7
58435,7
58436,14
58437,14
58438,13
58439,11
58440,13
58441,7
58442,13
58443,18
58444,2
58445,16
58446,12
58447,6
58448,1
58449,1
58450,14
58451,4
58452,11
58453,7
58454,18
58455,6
58456,13
58457,22
58458,7
58459,11
58460,13
58461,1
58462,7
58463,6
58464,4
58465,18
58466,22
58467,13
58468,6
58469,11
58470,7
58471,18
58472,14
58473,13
58474,7
58475,10
58476,6
58477,14
58478,19
58479,13
58480,11
58481,13
58482,2
58483,7
58484,18
58485,1
58486,6
58487,11
58488,18
58489,14
58490,13
58491,12
58492,2
58493,5
58494,7
58495,7
58496,23
58497,13
58498,13
58499,1
58500,13
58501,1
58502,1
58503,13
58504,14
58505,2
58506,13
58507,7
58508,6
58509,7
58510,11
58511,15
58512,14
58513,13
58514,7
58515,4
58516,21
58517,1
58518,18
58519,18
58520,13
58521,11
58522,2
58523,13
58524,23
58525,7
58526,5
58527,20
58528,10
58529,3
58530,13
58531,22
58532,1
58533,14
58534,19
58535,10
58536,9
58537,19
58538,3
58539,2
58540,22
58541,4
58542,11
58543,21
58544,1
58545,23
58546,20
58547,7
58548,11
58549,19
58550,13
58551,18
58552,18
58553,18
58554,13
58555,11
58556,13
58557,19
58558,19
58559,13
58560,5
58561,14
58562,19
58563,22
58564,13
58565,2
58566,1
58567,11
58568,13
58569,13
58570,11
58571,7
58572,21
58573,11
58574,22
58575,22
58576,18
58577,13
58578,18
58579,7
58580,1
58581,19
58582,19
58583,1
58584,11
58585,18
58586,8
58587,19
58588,2
58589,21
58590,21
58591,13
58592,11
58593,14
58594,0
58595,6
58596,23
58597,2
58598,7
58599,13
58600,11
58601,11
58602,21
58603,19
58604,13
58605,13
58606,13
58607,9
58608,19
58609,11
58610,5
58611,1
58612,1
58613,14
58614,22
58615,2
58616,13
58617,18
58618,3
58619,1
58620,1
58621,13
58622,7
58623,19
58624,2
58625,23
58626,5
58627,22
58628,20
58629,23
58630,18
58631,10
58632,13
58633,23
58634,18
58635,15
58636,19
58637,6
58638,2
58639,19
58640,13
58641,18
58642,2
58643,19
58644,13
58645,22
58646,13
58647,11
58648,20
58649,2
58650,13
58651,8
58652,14
58653,13
58654,19
58655,11
58656,13
58657,14
58658,13
58659,2
58660,23
58661,19
58662,7
58663,18
58664,14
58665,13
58666,2
58667,19
58668,5
58669,13
58670,14
58671,10
58672,11
58673,1
58674,18
58675,7
58676,4
58677,7
58678,16
58679,8
58680,19
58681,6
58682,18
58683,11
58684,4
58685,21
58686,11
58687,13
58688,13
58689,2
58690,4
58691,21
58692,13
58693,7
58694,15
58695,21
58696,11
58697,18
58698,2
58699,5
58700,11
58701,1
58702,5
58703,19
58704,23
58705,7
58706,7
58707,19
58708,18
58709,2
58710,22
58711,13
58712,14
58713,11
58714,11
58715,8
58716,13
58717,13
58718,18
58719,19
58720,22
58721,22
58722,2
58723,21
58724,19
58725,22
58726,11
58727,22
58728,13
58729,8
58730,19
58731,13
58732,21
58733,18
58734,13
58735,13
58736,20
58737,2
58738,19
58739,2
58740,3
58741,7
58742,1
58743,22
58744,19
58745,19
58746,9
58747,11
58748,18
58749,19
58750,13
58751,14
58752,3
58753,2
58754,13
58755,19
58756,19
58757,18
58758,2
58759,9
58760,21
58761,19
58762,18
58763,13
58764,19
58765,2
58766,7
58767,2
58768,19
58769,7
58770,19
58771,2
58772,4
58773,3
58774,1
58775,22
58776,13
58777,18
58778,19
58779,4
58780,13
58781,13
58782,11
58783,13
58784,1
58785,19
58786,18
58787,21
58788,1
58789,14
58790,13
58791,2
58792,2
58793,1
58794,14
58795,19
58796,23
58797,7
58798,13
58799,18
58800,11
58801,14
58802,5
58803,6
58804,19
58805,13
58806,1
58807,11
58808,19
58809,19
58810,2
58811,13
58812,13
58813,1
58814,1
58815,13
58816,13
58817,18
58818,13
58819,13
58820,15
58821,14
58822,22
58823,14
58824,4
58825,17
58826,6
58827,8
58828,6
58829,3
58830,23
58831,22
58832,8
58833,13
58834,2
58835,7
58836,13
58837,11
58838,1
58839,11
58840,14
58841,13
58842,13
58843,7
58844,11
58845,3
58846,1
58847,1
58848,13
58849,14
58850,19
58851,2
58852,18
58853,6
58854,13
58855,19
58856,13
58857,1
58858,15
58859,22
58860,22
58861,1
58862,7
58863,13
58864,5
58865,8
58866,22
58867,13
58868,14
58869,19
58870,19
58871,10
58872,5
58873,13
58874,17
58875,13
58876,19
58877,19
58878,13
58879,10
58880,11
58881,7
58882,4
58883,13
58884,1
58885,1
58886,11
58887,8
58888,22
58889,14
58890,18
58891,1
58892,2
58893,2
58894,1
58895,2
58896,22
58897,5
58898,7
58899,1
58900,11
58901,11
58902,22
58903,2
58904,17
58905,11
58906,13
58907,7
58908,13
58909,5
58910,16
58911,8
58912,4
58913,13
58914,19
58915,13
58916,3
58917,4
58918,3
58919,11
58920,11
58921,18
58922,5
58923,19
58924,7
58925,14
58926,1
58927,18
58928,13
58929,11
58930,5
58931,0
58932,21
58933,22
58934,13
58935,8
58936,1
58937,4
58938,22
58939,7
58940,13
58941,2
58942,18
58943,5
58944,13
58945,7
58946,13
58947,13
58948,7
58949,19
58950,19
58951,1
58952,1
58953,17
58954,7
58955,2
58956,7
58957,2
58958,13
58959,17
58960,14
58961,1
58962,7
58963,13
58964,2
58965,21
58966,22
58967,19
58968,13
58969,11
58970,11
58971,13
58972,22
58973,12
58974,2
58975,22
58976,22
58977,18
58978,1
58979,7
58980,23
58981,10
58982,2
58983,11
58984,18
58985,18
58986,0
58987,11
58988,19
58989,1
58990,17
58991,4
58992,14
58993,18
58994,23
58995,19
58996,19
58997,5
58998,7
58999,19
59000,11
59001,21
59002,7
59003,6
59004,4
59005,22
59006,13
59007,2
59008,2
59009,18
59010,1
59011,13
59012,11
59013,13
59014,13
59015,0
59016,8
59017,1
59018,19
59019,8
59020,2
59021,14
59022,19
59023,13
59024,2
59025,11
59026,14
59027,11
59028,1
59029,19
59030,11
59031,9
59032,7
59033,11
59034,18
59035,1
59036,2
59037,11
59038,10
59039,2
59040,13
59041,18
59042,13
59043,2
59044,13
59045,18
59046,1
59047,18
59048,6
59049,2
59050,1
59051,1
59052,13
59053,13
59054,22
59055,13
59056,11
59057,4
59058,15
59059,11
59060,7
59061,1
59062,4
59063,13
59064,8
59065,16
59066,11
59067,0
59068,5
59069,4
59070,7
59071,2
59072,9
59073,22
59074,6
59075,13
59076,13
59077,0
59078,13
59079,21
59080,7
59081,21
59082,13
59083,11
59084,1
59085,11
59086,11
59087,13
59088,18
59089,11
59090,3
59091,13
59092,7
59093,4
59094,7
59095,21
59096,1
59097,13
59098,7
59099,22
59100,20
59101,22
59102,2
59103,14
59104,19
59105,13
59106,10
59107,18
59108,2
59109,3
59110,7
59111,21
59112,2
59113,3
59114,11
59115,2
59116,3
59117,19
59118,19
59119,2
59120,12
59121,14
59122,7
59123,23
59124,19
59125,6
59126,22
59127,22
59128,19
59129,19
59130,7
59131,1
59132,11
59133,18
59134,20
59135,22
59136,13
59137,1
59138,1
59139,1
59140,13
59141,1
59142,4
59143,7
59144,13
59145,14
59146,13
59147,2
59148,16
59149,1
59150,13
59151,19
59152,4
59153,0
59154,18
59155,13
59156,10
59157,13
59158,13
59159,6
59160,13
59161,4
59162,11
59163,9
59164,22
59165,8
59166,4
59167,2
59168,8
59169,9
59170,22
59171,22
59172,11
59173,23
59174,11
59175,7
59176,21
59177,5
59178,8
59179,14
59180,11
59181,13
59182,13
59183,19
59184,2
59185,5
59186,4
59187,21
59188,13
59189,1
59190,7
59191,14
59192,1
59193,6
59194,13
59195,18
59196,22
59197,18
59198,7
59199,16
59200,1
59201,19
59202,1
59203,19
59204,7
59205,2
59206,18
59207,23
59208,19
59209,14
59210,18
59211,19
59212,4
59213,11
59214,11
59215,12
59216,23
59217,13
59218,7
59219,9
59220,1
59221,23
59222,23
59223,3
59224,18
59225,11
59226,14
59227,18
59228,1
59229,21
59230,13
59231,1
59232,11
59233,22
59234,22
59235,23
59236,19
59237,6
59238,11
59239,5
59240,2
59241,14
59242,18
59243,14
59244,5
59245,6
59246,0
59247,21
59248,1
59249,13
59250,14
59251,7
59252,13
59253,18
59254,13
59255,2
59256,14
59257,7
59258,7
59259,19
59260,19
59261,11
59262,11
59263,1
59264,2
59265,7
59266,19
59267,11
59268,1
59269,8
59270,8
59271,7
59272,8
59273,13
59274,22
59275,1
59276,1
59277,7
59278,2
59279,9
59280,8
59281,1
59282,21
59283,19
59284,7
59285,19
59286,13
59287,4
59288,19
59289,3
59290,20
59291,21
59292,19
59293,1
59294,18
59295,7
59296,14
59297,7
59298,1
59299,7
59300,11
59301,0
59302,19
59303,7
59304,2
59305,2
59306,13
59307,16
59308,19
59309,22
59310,3
59311,19
59312,11
59313,7
59314,12
59315,2
59316,1
59317,19
59318,14
59319,21
59320,19
59321,18
59322,22
59323,19
59324,22
59325,11
59326,11
59327,18
59328,23
59329,1
59330,19
59331,2
59332,19
59333,7
59334,10
59335,13
59336,7
59337,2
59338,11
59339,7
59340,7
59341,11
59342,23
59343,13
59344,11
59345,14
59346,13
59347,1
59348,15
59349,1
59350,19
59351,11
59352,19
59353,5
59354,23
59355,1
59356,19
59357,1
59358,13
59359,18
59360,1
59361,18
59362,1
59363,9
59364,13
59365,23
59366,9
59367,7
59368,11
59369,13
59370,7
59371,2
59372,13
59373,14
59374,13
59375,3
59376,2
59377,22
59378,8
59379,11
59380,16
59381,18
59382,13
59383,16
59384,5
59385,13
59386,7
59387,9
59388,19
59389,21
59390,19
59391,21
59392,14
59393,5
59394,22
59395,7
59396,23
59397,11
59398,11
59399,1
59400,13
59401,2
59402,1
59403,11
59404,19
59405,13
59406,18
59407,18
59408,11
59409,15
59410,18
59411,13
59412,8
59413,11
59414,10
59415,7
59416,1
59417,10
59418,13
59419,14
59420,23
59421,11
59422,2
59423,1
59424,18
59425,7
59426,1
59427,7
59428,13
59429,2
59430,7
59431,6
59432,11
59433,19
59434,5
59435,7
59436,18
59437,23
59438,1
59439,18
59440,21
59441,19
59442,13
59443,11
59444,19
59445,2
59446,19
59447,7
59448,1
59449,18
59450,3
59451,18
59452,13
59453,2
59454,5
59455,11
59456,23
59457,8
59458,10
59459,19
59460,23
59461,13
59462,13
59463,14
59464,13
59465,19
59466,1
59467,14
59468,7
59469,18
59470,4
59471,7
59472,20
59473,1
59474,22
59475,4
59476,2
59477,11
59478,7
59479,11
59480,7
59481,12
59482,13
59483,1
59484,18
59485,14
59486,11
59487,7
59488,22
59489,20
59490,18
59491,4
59492,2
59493,4
59494,13
59495,16
59496,7
59497,22
59498,2
59499,2
59500,13
59501,1
59502,13
59503,18
59504,0
59505,13
59506,1
59507,14
59508,1
59509,2
59510,18
59511,13
59512,11
59513,19
59514,8
59515,13
59516,11
59517,1
59518,1
59519,18
59520,5
59521,13
59522,18
59523,13
59524,18
59525,18
59526,1
59527,18
59528,10
59529,19
59530,13
59531,13
59532,13
59533,3
59534,10
59535,13
59536,22
59537,11
59538,13
59539,19
59540,22
59541,5
59542,19
59543,1
59544,13
59545,2
59546,11
59547,19
59548,18
59549,13
59550,1
59551,7
59552,23
59553,11
59554,13
59555,22
59556,22
59557,7
59558,19
59559,14
59560,13
59561,14
59562,7
59563,7
59564,13
59565,11
59566,2
59567,1
59568,11
59569,13
59570,14
59571,6
59572,2
59573,19
59574,19
59575,14
59576,7
59577,13
59578,5
59579,2
59580,18
59581,13
59582,5
59583,13
59584,1
59585,1
59586,7
59587,1
59588,9
59589,19
59590,13
59591,21
59592,18
59593,13
59594,7
59595,19
59596,14
59597,2
59598,1
59599,18
59600,17
59601,7
59602,2
59603,11
59604,1
59605,7
59606,13
59607,5
59608,19
59609,9
59610,13
59611,13
59612,14
59613,1
59614,7
59615,11
59616,11
59617,3
59618,13
59619,14
59620,18
59621,14
59622,13
59623,5
59624,7
59625,9
59626,1
59627,19
59628,11
59629,13
59630,19
59631,19
59632,1
59633,8
59634,9
59635,13
59636,18
59637,13
59638,11
59639,21
59640,2
59641,13
59642,1
59643,16
59644,11
59645,13
59646,11
59647,2
59648,1
59649,4
59650,11
59651,15
59652,13
59653,7
59654,16
59655,13
59656,13
59657,11
59658,13
59659,1
59660,2
59661,7
59662,21
59663,22
59664,14
59665,11
59666,19
59667,7
59668,0
59669,0
59670,13
59671,13
59672,13
59673,7
59674,1
59675,22
59676,13
59677,0
59678,8
59679,7
59680,5
59681,19
59682,13
59683,9
59684,3
59685,7
59686,7
59687,7
59688,4
59689,7
59690,7
59691,11
59692,15
59693,1
59694,11
59695,1
59696,1
59697,11
59698,2
59699,19
59700,17
59701,19
59702,1
59703,13
59704,7
59705,13
59706,14
59707,6
59708,1
59709,9
59710,18
59711,7
59712,18
59713,5
59714,21
59715,18
59716,13
59717,11
59718,13
59719,1
59720,19
59721,16
59722,13
59723,11
59724,19
59725,7
59726,11
59727,13
59728,11
59729,13
59730,13
59731,14
59732,22
59733,13
59734,15
59735,2
59736,4
59737,8
59738,13
59739,13
59740,13
59741,11
59742,22
59743,19
59744,11
59745,15
59746,14
59747,14
59748,13
59749,13
59750,19
59751,14
59752,1
59753,21
59754,18
59755,22
59756,4
59757,19
59758,1
59759,11
59760,1
59761,10
59762,1
59763,22
59764,10
59765,22
59766,21
59767,11
59768,13
59769,15
59770,11
59771,2
59772,2
59773,7
59774,7
59775,14
59776,21
59777,2
59778,17
59779,5
59780,18
59781,19
59782,22
59783,7
59784,13
59785,10
59786,19
59787,7
59788,4
59789,1
59790,0
59791,11
59792,13
59793,1
59794,18
59795,14
59796,13
59797,1
59798,9
59799,11
59800,8
59801,14
59802,13
59803,5
59804,19
59805,13
59806,21
59807,13
59808,13
59809,22
59810,11
59811,2
59812,21
59813,3
59814,20
59815,22
59816,7
59817,15
59818,21
59819,22
59820,1
59821,13
59822,1
59823,22
59824,13
59825,22
59826,11
59827,3
59828,19
59829,11
59830,11
59831,1
59832,19
59833,13
59834,19
59835,9
59836,3
59837,13
59838,6
59839,22
59840,19
59841,19
59842,7
59843,11
59844,9
59845,13
59846,8
59847,2
59848,13
59849,3
59850,18
59851,13
59852,5
59853,11
59854,22
59855,13
59856,13
59857,2
59858,2
59859,13
59860,14
59861,13
59862,23
59863,13
59864,21
59865,22
59866,7
59867,21
59868,6
59869,21
59870,19
59871,11
59872,19
59873,4
59874,12
59875,21
59876,11
59877,11
59878,13
59879,13
59880,18
59881,5
59882,7
59883,4
59884,7
59885,19
59886,13
59887,19
59888,21
59889,7
59890,13
59891,11
59892,3
59893,13
59894,2
59895,11
59896,22
59897,13
59898,19
59899,13
59900,11
59901,14
59902,13
59903,23
59904,7
59905,7
59906,7
59907,13
59908,13
59909,19
59910,7
59911,21
59912,7
59913,18
59914,13
59915,13
59916,13
59917,7
59918,13
59919,13
59920,13
59921,12
59922,19
59923,22
59924,13
59925,13
59926,7
59927,7
59928,11
59929,18
59930,23
59931,21
59932,15
59933,1
59934,13
59935,19
59936,13
59937,7
59938,4
59939,22
59940,7
59941,13
59942,18
59943,3
59944,21
59945,5
59946,7
59947,7
59948,22
59949,19
59950,11
59951,13
59952,11
59953,1
59954,18
59955,3
59956,2
59957,14
59958,19
59959,21
59960,13
59961,2
59962,13
59963,10
59964,7
59965,11
59966,22
59967,2
59968,19
59969,14
59970,2
59971,22
59972,5
59973,19
59974,7
59975,0
59976,1
59977,21
59978,11
59979,19
59980,4
59981,13
59982,7
59983,19
59984,13
59985,4
59986,1
59987,9
59988,9
59989,16
59990,19
59991,6
59992,19
59993,7
59994,18
59995,9
59996,13
59997,17
59998,19
59999,11
60000,11
60001,1
60002,0
60003,0
60004,7
60005,15
60006,13
60007,21
60008,13
60009,15
60010,18
60011,20
60012,12
60013,19
60014,1
60015,13
60016,5
60017,16
60018,6
60019,13
60020,2
60021,5
60022,13
60023,19
60024,19
60025,13
60026,2
60027,11
60028,18
60029,19
60030,2
60031,11
60032,7
60033,11
60034,11
60035,19
60036,14
60037,7
60038,7
60039,7
60040,13
60041,3
60042,7
60043,11
60044,7
60045,11
60046,2
60047,18
60048,19
60049,1
60050,19
60051,1
60052,1
60053,11
60054,11
60055,13
60056,16
60057,2
60058,13
60059,19
60060,19
60061,0
60062,21
60063,19
60064,8
60065,14
60066,13
60067,7
60068,13
60069,7
60070,13
60071,5
60072,4
60073,11
60074,23
60075,16
60076,15
60077,1
60078,13
60079,13
60080,22
60081,19
60082,14
60083,5
60084,13
60085,20
60086,16
60087,22
60088,11
60089,9
60090,13
60091,13
60092,13
60093,19
60094,23
60095,19
60096,13
60097,2
60098,22
60099,19
60100,7
60101,13
60102,1
60103,2
60104,22
60105,22
60106,13
60107,1
60108,0
60109,18
60110,13
60111,13
60112,1
60113,18
60114,13
60115,1
60116,10
60117,18
60118,9
60119,22
60120,13
60121,11
60122,14
60123,13
60124,7
60125,2
60126,11
60127,11
60128,22
60129,1
60130,13
60131,13
60132,11
60133,18
60134,13
60135,19
60136,13
60137,2
60138,13
60139,18
60140,22
60141,10
60142,19
60143,13
60144,1
60145,10
60146,19
60147,4
60148,19
60149,13
60150,7
60151,13
60152,11
60153,13
60154,7
60155,1
60156,10
60157,2
60158,2
60159,1
60160,18
60161,13
60162,7
60163,2
60164,2
60165,7
60166,23
60167,13
60168,20
60169,22
60170,11
60171,21
60172,21
60173,11
60174,13
60175,19
60176,4
60177,11
60178,20
60179,19
60180,13
60181,5
60182,8
60183,11
60184,19
60185,19
60186,22
60187,3
60188,2
60189,19
60190,14
60191,13
60192,11
60193,9
60194,11
60195,1
60196,2
60197,1
60198,3
60199,9
60200,11
60201,1
60202,10
60203,1
60204,11
60205,1
60206,18
60207,1
60208,1
60209,7
60210,11
60211,19
60212,1
60213,22
60214,11
60215,18
60216,19
60217,13
60218,22
60219,13
60220,19
60221,1
60222,2
60223,22
60224,13
60225,19
60226,18
60227,2
60228,2
60229,13
60230,22
60231,11
60232,18
60233,2
60234,13
60235,13
60236,3
60237,11
60238,13
60239,13
60240,2
60241,10
60242,13
60243,19
60244,9
60245,11
60246,19
60247,22
60248,13
60249,5
60250,2
60251,5
60252,1
60253,9
60254,23
60255,8
60256,13
60257,14
60258,13
60259,18
60260,2
60261,22
60262,1
60263,11
60264,11
60265,14
60266,2
60267,1
60268,13
60269,2
60270,11
60271,13
60272,18
60273,3
60274,7
60275,13
60276,12
60277,18
60278,19
60279,20
60280,0
60281,4
60282,18
60283,2
60284,10
60285,1
60286,11
60287,12
60288,23
60289,5
60290,16
60291,20
60292,21
60293,23
60294,1
60295,13
60296,21
60297,7
60298,7
60299,2
60300,18
60301,19
60302,1
60303,11
60304,1
60305,1
60306,13
60307,9
60308,2
60309,2
60310,3
60311,13
60312,2
60313,14
60314,7
60315,1
60316,13
60317,14
60318,7
60319,21
60320,21
60321,13
60322,1
60323,5
60324,14
60325,18
60326,1
60327,23
60328,6
60329,19
60330,11
60331,11
60332,21
60333,7
60334,11
60335,7
60336,19
60337,20
60338,18
60339,5
60340,23
60341,13
60342,11
60343,11
60344,19
60345,8
60346,18
60347,22
60348,3
60349,1
60350,13
60351,2
60352,13
60353,11
60354,1
60355,13
60356,1
60357,2
60358,1
60359,7
60360,7
60361,11
60362,1
60363,22
60364,1
60365,19
60366,22
60367,10
60368,14
60369,19
60370,2
60371,18
60372,22
60373,10
60374,12
60375,1
60376,19
60377,13
60378,17
60379,18
60380,16
60381,11
60382,11
60383,5
60384,1
60385,18
60386,4
60387,2
60388,19
60389,18
60390,16
60391,13
60392,21
60393,19
60394,11
60395,11
60396,1
60397,6
60398,18
60399,13
60400,9
60401,13
60402,6
60403,7
60404,13
60405,22
60406,21
60407,19
60408,13
60409,3
60410,21
60411,5
60412,18
60413,19
60414,18
60415,1
60416,11
60417,14
60418,8
60419,5
60420,3
60421,8
60422,4
60423,23
60424,18
60425,14
60426,19
60427,19
60428,1
60429,13
60430,22
60431,18
60432,18
60433,6
60434,3
60435,2
60436,13
60437,18
60438,16
60439,2
60440,4
60441,21
60442,19
60443,22
60444,15
60445,13
60446,19
60447,19
60448,19
60449,7
60450,11
60451,6
60452,2
60453,13
60454,13
60455,16
60456,18
60457,13
60458,2
60459,18
60460,11
60461,1
60462,13
60463,19
60464,1
60465,7
60466,4
60467,1
60468,13
60469,5
60470,2
60471,4
60472,19
60473,2
60474,1
60475,2
60476,13
60477,11
60478,7
60479,1
60480,13
60481,1
60482,13
60483,7
60484,1
60485,19
60486,11
60487,7
60488,19
60489,13
60490,19
60491,1
60492,13
60493,7
60494,21
60495,4
60496,2
60497,0
60498,4
60499,13
60500,19
60501,13
60502,1
60503,8
60504,13
60505,11
60506,5
60507,11
60508,18
60509,11
60510,11
60511,5
60512,2
60513,1
60514,13
60515,2
60516,7
60517,2
60518,21
60519,11
60520,13
60521,19
60522,1
60523,14
60524,6
60525,13
60526,7
60527,6
60528,13
60529,23
60530,23
60531,16
60532,11
60533,14
60534,13
60535,14
60536,7
60537,9
60538,13
60539,2
60540,22
60541,1
60542,1
60543,19
60544,22
60545,7
60546,23
60547,7
60548,13
60549,1
60550,13
60551,14
60552,2
60553,18
60554,8
60555,7
60556,11
60557,10
60558,9
60559,14
60560,7
60561,1
60562,14
60563,13
60564,18
60565,7
60566,18
60567,19
60568,19
60569,3
60570,19
60571,7
60572,11
60573,19
60574,23
60575,22
60576,7
60577,11
60578,11
60579,14
60580,17
60581,15
60582,11
60583,2
60584,19
60585,6
60586,22
60587,4
60588,0
60589,18
60590,8
60591,22
60592,18
60593,13
60594,4
60595,14
60596,7
60597,1
60598,19
60599,5
60600,1
60601,18
60602,7
60603,19
60604,14
60605,13
60606,19
60607,6
60608,3
60609,11
60610,18
60611,13
60612,18
60613,21
60614,13
60615,1
60616,10
60617,13
60618,7
60619,8
60620,4
60621,1
60622,11
60623,23
60624,11
60625,11
60626,1
60627,11
60628,21
60629,5
60630,18
60631,19
60632,9
60633,13
60634,18
60635,11
60636,1
60637,7
60638,22
60639,22
60640,13
60641,11
60642,21
60643,14
60644,8
60645,13
60646,21
60647,14
60648,21
60649,13
60650,14
60651,19
60652,7
60653,7
60654,13
60655,7
60656,1
60657,22
60658,13
60659,19
60660,7
60661,11
60662,18
60663,22
60664,21
60665,18
60666,20
60667,23
60668,13
60669,7
60670,7
60671,2
60672,7
60673,13
60674,2
60675,11
60676,10
60677,13
60678,3
60679,11
60680,14
60681,7
60682,13
60683,13
60684,5
60685,6
60686,13
60687,11
60688,20
60689,2
60690,19
60691,1
60692,13
60693,11
60694,10
60695,2
60696,13
60697,22
60698,11
60699,1
60700,19
60701,22
60702,19
60703,22
60704,14
60705,13
60706,13
60707,23
60708,19
60709,2
60710,1
60711,19
60712,22
60713,12
60714,14
60715,13
60716,3
60717,22
60718,13
60719,1
60720,13
60721,7
60722,11
60723,19
60724,9
60725,7
60726,18
60727,19
60728,7
60729,19
60730,9
60731,8
60732,9
60733,19
60734,19
60735,19
60736,14
60737,6
60738,18
60739,13
60740,2
60741,1
60742,23
60743,19
60744,23
60745,13
60746,19
60747,13
60748,18
60749,22
60750,18
60751,11
60752,8
60753,1
60754,1
60755,2
60756,2
60757,18
60758,11
60759,3
60760,13
60761,22
60762,18
60763,13
60764,11
60765,14
60766,9
60767,8
60768,1
60769,13
60770,19
60771,13
60772,2
60773,13
60774,2
60775,2
60776,13
60777,9
60778,21
60779,6
60780,13
60781,16
60782,18
60783,19
60784,18
60785,13
60786,11
60787,2
60788,5
60789,19
60790,22
60791,11
60792,2
60793,19
60794,2
60795,7
60796,0
60797,2
60798,21
60799,1
60800,19
60801,13
60802,19
60803,7
60804,7
60805,18
60806,12
60807,18
60808,8
60809,13
60810,13
60811,13
60812,8
60813,13
60814,7
60815,1
60816,1
60817,11
60818,7
60819,11
60820,13
60821,22
60822,11
60823,3
60824,13
60825,13
60826,1
60827,11
60828,13
60829,9
60830,2
60831,21
60832,2
60833,18
60834,2
60835,2
60836,7
60837,22
60838,21
60839,11
60840,5
60841,9
60842,13
60843,18
60844,1
60845,13
60846,3
60847,13
60848,19
60849,22
60850,13
60851,2
60852,1
60853,2
60854,13
60855,7
60856,13
60857,11
60858,14
60859,13
60860,5
60861,7
60862,2
60863,4
60864,13
60865,11
60866,1
60867,11
60868,13
60869,1
60870,1
60871,9
60872,1
60873,21
60874,11
60875,2
60876,12
60877,5
60878,7
60879,6
60880,2
60881,18
60882,19
60883,9
60884,11
60885,18
60886,13
60887,9
60888,8
60889,13
60890,18
60891,13
60892,13
60893,13
60894,13
60895,10
60896,4
60897,15
60898,2
60899,2
60900,1
60901,18
60902,13
60903,6
60904,19
60905,2
60906,8
60907,11
60908,18
60909,13
60910,5
60911,4
60912,19
60913,1
60914,2
60915,1
60916,7
60917,22
60918,22
60919,2
60920,11
60921,7
60922,11
60923,16
60924,11
60925,23
60926,11
60927,1
60928,13
60929,1
60930,12
60931,20
60932,23
60933,13
60934,5
60935,1
60936,13
60937,14
60938,5
60939,12
60940,13
60941,6
60942,11
60943,1
60944,11
60945,9
60946,11
60947,7
60948,11
60949,2
60950,6
60951,11
60952,2
60953,14
60954,13
60955,21
60956,19
60957,19
60958,4
60959,2
60960,13
60961,13
60962,21
60963,7
60964,2
60965,11
60966,1
60967,4
60968,7
60969,7
60970,15
60971,13
60972,6
60973,13
60974,0
60975,1
60976,4
60977,19
60978,13
60979,13
60980,23
60981,1
60982,19
60983,13
60984,13
60985,1
60986,13
60987,14
60988,13
60989,2
60990,18
60991,21
60992,4
60993,2
60994,21
60995,14
60996,7
60997,7
60998,10
60999,11
61000,13
61001,13
61002,22
61003,3
61004,11
61005,18
61006,11
61007,1
61008,21
61009,13
61010,19
61011,11
61012,22
61013,1
61014,1
61015,14
61016,13
61017,13
61018,8
61019,0
61020,19
61021,1
61022,19
61023,22
61024,11
61025,19
61026,14
61027,13
61028,11
61029,9
61030,1
61031,8
61032,8
61033,13
61034,3
61035,14
61036,6
61037,11
61038,18
61039,1
61040,18
61041,2
61042,2
61043,11
61044,13
61045,11
61046,13
61047,7
61048,13
61049,19
61050,2
61051,11
61052,3
61053,14
61054,22
61055,14
61056,1
61057,18
61058,13
61059,19
61060,4
61061,3
61062,8
61063,10
61064,19
61065,0
61066,13
61067,1
61068,1
61069,22
61070,13
61071,18
61072,9
61073,16
61074,13
61075,14
61076,21
61077,13
61078,19
61079,13
61080,20
61081,19
61082,1
61083,18
61084,13
61085,22
61086,6
61087,1
61088,19
61089,2
61090,1
61091,19
61092,4
61093,18
61094,13
61095,13
61096,7
61097,7
61098,2
61099,18
61100,7
61101,7
61102,1
61103,2
61104,19
61105,4
61106,7
61107,14
61108,18
61109,13
61110,2
61111,1
61112,21
61113,7
61114,13
61115,22
61116,12
61117,1
61118,18
61119,23
61120,11
61121,1
61122,23
61123,13
61124,18
61125,1
61126,18
61127,16
61128,7
61129,11
61130,7
61131,19
61132,22
61133,1
61134,10
61135,13
61136,4
61137,11
61138,19
61139,13
61140,14
61141,2
61142,14
61143,11
61144,22
61145,19
61146,11
61147,13
61148,6
61149,13
61150,14
61151,14
61152,15
61153,7
61154,2
61155,1
61156,13
61157,2
61158,3
61159,7
61160,7
61161,13
61162,22
61163,1
61164,13
61165,19
61166,7
61167,0
61168,23
61169,18
61170,21
61171,2
61172,1
61173,11
61174,2
61175,0
61176,7
61177,22
61178,1
61179,13
61180,19
61181,13
61182,13
61183,10
61184,14
61185,14
61186,14
61187,13
61188,11
61189,11
61190,18
61191,13
61192,11
61193,1
61194,19
61195,13
61196,0
61197,19
61198,7
61199,4
61200,2
61201,22
61202,19
61203,8
61204,14
61205,13
61206,18
61207,7
61208,11
61209,13
61210,13
61211,21
61212,2
61213,20
61214,13
61215,19
61216,19
61217,9
61218,3
61219,7
61220,3
61221,18
61222,7
61223,1
61224,10
61225,19
61226,13
61227,18
61228,19
61229,21
61230,11
61231,21
61232,19
61233,20
61234,15
61235,14
61236,13
61237,22
61238,2
61239,8
61240,19
61241,18
61242,20
61243,18
61244,13
61245,13
61246,13
61247,2
61248,13
61249,13
61250,13
61251,4
61252,14
61253,1
61254,13
61255,8
61256,18
61257,13
61258,22
61259,19
61260,19
61261,14
61262,13
61263,1
61264,3
61265,13
61266,6
61267,22
61268,13
61269,18
61270,2
61271,2
61272,13
61273,19
61274,7
61275,8
61276,19
61277,13
61278,2
61279,13
61280,0
61281,13
61282,13
61283,1
61284,19
61285,13
61286,7
61287,5
61288,8
61289,3
61290,13
61291,13
61292,18
61293,22
61294,10
61295,2
61296,13
61297,19
61298,21
61299,18
61300,2
61301,21
61302,6
61303,13
61304,7
61305,14
61306,18
61307,18
61308,22
61309,18
61310,3
61311,5
61312,13
61313,21
61314,7
61315,9
61316,7
61317,2
61318,1
61319,2
61320,19
61321,2
61322,9
61323,7
61324,0
61325,21
61326,2
61327,14
61328,14
61329,21
61330,2
61331,19
61332,5
61333,11
61334,2
61335,2
61336,11
61337,5
61338,13
61339,7
61340,13
61341,7
61342,18
61343,6
61344,4
61345,1
61346,11
61347,22
61348,13
61349,7
61350,22
61351,5
61352,22
61353,18
61354,13
61355,2
61356,5
61357,6
61358,14
61359,13
61360,21
61361,11
61362,21
61363,7
61364,7
61365,3
61366,2
61367,5
61368,8
61369,4
61370,1
61371,11
61372,3
61373,13
61374,18
61375,13
61376,4
61377,1
61378,11
61379,2
61380,2
61381,22
61382,1
61383,2
61384,7
61385,19
61386,3
61387,22
61388,13
61389,14
61390,16
61391,13
61392,19
61393,8
61394,19
61395,11
61396,7
61397,7
61398,13
61399,23
61400,13
61401,19
61402,10
61403,7
61404,1
61405,13
61406,11
61407,22
61408,13
61409,13
61410,19
61411,2
61412,13
61413,23
61414,9
61415,18
61416,7
61417,21
61418,7
61419,11
61420,9
61421,18
61422,18
61423,1
61424,7
61425,18
61426,9
61427,3
61428,7
61429,11
61430,1
61431,1
61432,19
61433,13
61434,3
61435,14
61436,11
61437,19
61438,9
61439,11
61440,21
61441,19
61442,11
61443,19
61444,13
61445,11
61446,23
61447,5
61448,15
61449,16
61450,11
61451,0
61452,10
61453,1
61454,19
61455,7
61456,13
61457,7
61458,2
61459,1
61460,7
61461,18
61462,11
61463,13
61464,8
61465,6
61466,15
61467,4
61468,22
61469,1
61470,11
61471,11
61472,22
61473,14
61474,7
61475,19
61476,8
61477,20
61478,21
61479,22
61480,7
61481,11
61482,21
61483,10
61484,1
61485,13
61486,19
61487,18
61488,14
61489,19
61490,13
61491,1
61492,7
61493,13
61494,7
61495,5
61496,14
61497,2
61498,18
61499,19
61500,14
61501,1
61502,11
61503,22
61504,11
61505,13
61506,3
61507,13
61508,15
61509,11
61510,19
61511,9
61512,2
61513,7
61514,11
61515,14
61516,10
61517,4
61518,14
61519,19
61520,3
61521,19
61522,23
61523,14
61524,14
61525,7
61526,18
61527,6
61528,22
61529,19
61530,19
61531,1
61532,13
61533,19
61534,7
61535,7
61536,18
61537,6
61538,7
61539,7
61540,5
61541,13
61542,22
61543,13
61544,19
61545,14
61546,2
61547,13
61548,18
61549,6
61550,7
61551,11
61552,18
61553,21
61554,19
61555,9
61556,5
61557,18
61558,2
61559,0
61560,19
61561,13
61562,13
61563,7
61564,7
61565,13
61566,10
61567,13
61568,2
61569,13
61570,14
61571,7
61572,14
61573,18
61574,7
61575,1
61576,13
61577,7
61578,13
61579,19
61580,3
61581,13
61582,1
61583,7
61584,19
61585,1
61586,18
61587,14
61588,23
61589,14
61590,13
61591,20
61592,19
61593,1
61594,1
61595,1
61596,19
61597,19
61598,19
61599,19
61600,19
61601,14
61602,7
61603,13
61604,14
61605,13
61606,18
61607,19
61608,23
61609,8
61610,11
61611,19
61612,5
61613,17
61614,11
61615,22
61616,21
61617,4
61618,21
61619,18
61620,9
61621,8
61622,22
61623,11
61624,23
61625,14
61626,18
61627,19
61628,11
61629,19
61630,2
61631,5
61632,14
61633,1
61634,13
61635,13
61636,21
61637,6
61638,2
61639,13
61640,22
61641,13
61642,1
61643,16
61644,1
61645,11
61646,11
61647,5
61648,8
61649,6
61650,21
61651,2
61652,11
61653,11
61654,11
61655,21
61656,13
61657,7
61658,11
61659,20
61660,11
61661,13
61662,18
61663,10
61664,11
61665,14
61666,11
61667,2
61668,11
61669,10
61670,9
61671,11
61672,7
61673,7
61674,20
61675,18
61676,5
61677,12
61678,13
61679,15
61680,19
61681,18
61682,11
61683,1
61684,1
61685,1
61686,1
61687,19
61688,23
61689,19
61690,14
61691,0
61692,2
61693,1
61694,7
61695,14
61696,23
61697,19
61698,1
61699,13
61700,1
61701,19
61702,2
61703,13
61704,4
61705,22
61706,7
61707,11
61708,20
61709,18
61710,19
61711,20
61712,7
61713,14
61714,11
61715,2
61716,13
61717,13
61718,6
61719,7
61720,5
61721,18
61722,13
61723,18
61724,2
61725,19
61726,21
61727,11
61728,13
61729,4
61730,2
61731,1
61732,0
61733,2
61734,13
61735,7
61736,13
61737,3
61738,9
61739,11
61740,13
61741,3
61742,10
61743,0
61744,8
61745,22
61746,4
61747,4
61748,9
61749,21
61750,13
61751,19
61752,16
61753,22
61754,13
61755,19
61756,2
61757,7
61758,11
61759,22
61760,19
61761,0
61762,11
61763,18
61764,7
61765,1
61766,13
61767,6
61768,13
61769,14
61770,4
61771,2
61772,19
61773,22
61774,19
61775,7
61776,11
61777,0
61778,11
61779,19
61780,13
61781,18
61782,0
61783,22
61784,14
61785,13
61786,4
61787,13
61788,6
61789,15
61790,6
61791,1
61792,13
61793,13
61794,19
61795,13
61796,13
61797,10
61798,1
61799,10
61800,2
61801,14
61802,11
61803,3
61804,11
61805,2
61806,7
61807,5
61808,4
61809,18
61810,10
61811,18
61812,13
61813,13
61814,4
61815,11
61816,14
61817,13
61818,14
61819,9
61820,11
61821,13
61822,13
61823,2
61824,23
61825,4
61826,7
61827,4
61828,18
61829,2
61830,11
61831,1
61832,13
61833,0
61834,13
61835,18
61836,23
61837,13
61838,19
61839,21
61840,1
61841,5
61842,1
61843,11
61844,1
61845,19
61846,13
61847,0
61848,11
61849,22
61850,19
61851,11
61852,18
61853,1
61854,13
61855,13
61856,13
61857,21
61858,11
61859,23
61860,7
61861,2
61862,7
61863,6
61864,13
61865,13
61866,2
61867,9
61868,2
61869,2
61870,18
61871,4
61872,22
61873,4
61874,13
61875,19
61876,13
61877,11
61878,21
61879,14
61880,13
61881,10
61882,3
61883,2
61884,21
61885,1
61886,11
61887,2
61888,16
61889,1
61890,2
61891,19
61892,1
61893,19
61894,13
61895,1
61896,13
61897,3
61898,7
61899,11
61900,14
61901,18
61902,7
61903,2
61904,18
61905,19
61906,13
61907,21
61908,2
61909,19
61910,7
61911,13
61912,18
61913,7
61914,21
61915,14
61916,14
61917,18
61918,2
61919,19
61920,13
61921,13
61922,18
61923,6
61924,13
61925,7
61926,8
61927,15
61928,21
61929,18
61930,7
61931,1
61932,16
61933,22
61934,13
61935,14
61936,18
61937,0
61938,22
61939,11
61940,13
61941,19
61942,7
61943,13
61944,19
61945,9
61946,19
61947,2
61948,14
61949,22
61950,0
61951,19
61952,18
61953,11
61954,9
61955,9
61956,4
61957,8
61958,1
61959,13
61960,7
61961,21
61962,7
61963,7
61964,13
61965,13
61966,10
61967,13
61968,13
61969,7
61970,6
61971,13
61972,14
61973,1
61974,11
61975,2
61976,13
61977,11
61978,13
61979,4
61980,22
61981,14
61982,7
61983,9
61984,19
61985,22
61986,14
61987,19
61988,11
61989,22
61990,14
61991,1
61992,22
61993,6
61994,23
61995,20
61996,8
61997,7
61998,14
61999,18
62000,1
62001,22
62002,11
62003,22
62004,0
62005,2
62006,19
62007,19
62008,18
62009,0
62010,18
62011,19
62012,2
62013,21
62014,19
62015,11
62016,1
62017,11
62018,7
62019,7
62020,13
62021,19
62022,19
62023,13
62024,10
62025,23
62026,2
62027,4
62028,2
62029,9
62030,5
62031,19
62032,11
62033,23
62034,13
62035,22
62036,6
62037,22
62038,13
62039,13
62040,2
62041,11
62042,7
62043,22
62044,8
62045,14
62046,21
62047,1
62048,6
62049,13
62050,1
62051,8
62052,1
62053,13
62054,18
62055,8
62056,4
62057,12
62058,2
62059,11
62060,13
62061,1
62062,11
62063,13
62064,13
62065,7
62066,13
62067,13
62068,13
62069,1
62070,9
62071,13
62072,13
62073,19
62074,1
62075,19
62076,19
62077,13
62078,3
62079,13
62080,23
62081,14
62082,11
62083,1
62084,11
62085,19
62086,13
62087,2
62088,14
62089,18
62090,13
62091,23
62092,4
62093,1
62094,19
62095,22
62096,11
62097,13
62098,13
62099,13
62100,9
62101,1
62102,18
62103,21
62104,18
62105,13
62106,22
62107,7
62108,20
62109,18
62110,7
62111,11
62112,13
62113,21
62114,2
62115,14
62116,2
62117,19
62118,1
62119,21
62120,18
62121,3
62122,13
62123,19
62124,13
62125,19
62126,7
62127,5
62128,21
62129,13
62130,18
62131,13
62132,8
62133,19
62134,13
62135,21
62136,22
62137,13
62138,2
62139,1
62140,4
62141,22
62142,1
62143,19
62144,13
62145,22
62146,7
62147,7
62148,21
62149,19
62150,18
62151,19
62152,11
62153,13
62154,1
62155,2
62156,21
62157,13
62158,2
62159,22
62160,19
62161,11
62162,11
62163,19
62164,11
62165,11
62166,11
62167,6
62168,18
62169,13
62170,1
62171,22
62172,7
62173,1
62174,13
62175,13
62176,13
62177,1
62178,13
62179,13
62180,13
62181,14
62182,19
62183,4
62184,13
62185,7
62186,19
62187,8
62188,14
62189,8
62190,2
62191,19
62192,11
62193,2
62194,11
62195,18
62196,7
62197,13
62198,7
62199,19
62200,6
62201,14
62202,7
62203,1
62204,2
62205,9
62206,14
62207,8
62208,4
62209,1
62210,1
62211,16
62212,2
62213,1
62214,19
62215,6
62216,14
62217,5
62218,13
62219,22
62220,7
62221,14
62222,18
62223,13
62224,2
62225,7
62226,13
62227,3
62228,11
62229,11
62230,5
62231,18
62232,11
62233,13
62234,19
62235,18
62236,13
62237,18
62238,11
62239,1
62240,16
62241,11
62242,13
62243,19
62244,11
62245,2
62246,19
62247,18
62248,19
62249,22
62250,18
62251,13
62252,20
62253,13
62254,13
62255,21
62256,11
62257,18
62258,22
62259,13
62260,7
62261,13
62262,11
62263,23
62264,7
62265,9
62266,13
62267,21
62268,11
62269,1
62270,23
62271,13
62272,1
62273,14
62274,7
62275,11
62276,22
62277,13
62278,1
62279,6
62280,19
62281,2
62282,2
62283,22
62284,14
62285,14
62286,23
62287,0
62288,11
62289,4
62290,14
62291,13
62292,2
62293,1
62294,18
62295,7
62296,7
62297,1
62298,11
62299,17
62300,8
62301,15
62302,18
62303,2
62304,0
62305,21
62306,7
62307,19
62308,1
62309,21
62310,4
62311,11
62312,22
62313,12
62314,1
62315,13
62316,18
62317,2
62318,1
62319,11
62320,21
62321,18
62322,18
62323,7
62324,19
62325,13
62326,19
62327,18
62328,1
62329,16
62330,1
62331,18
62332,1
62333,18
62334,13
62335,1
62336,1
62337,1
62338,18
62339,13
62340,22
62341,2
62342,6
62343,13
62344,13
62345,1
62346,13
62347,13
62348,7
62349,8
62350,11
62351,13
62352,11
62353,23
62354,2
62355,14
62356,13
62357,2
62358,1
62359,18
62360,21
62361,1
62362,13
62363,13
62364,21
62365,21
62366,11
62367,11
62368,22
62369,13
62370,22
62371,11
62372,13
62373,18
62374,6
62375,19
62376,13
62377,1
62378,13
62379,1
62380,1
62381,10
62382,11
62383,18
62384,13
62385,11
62386,4
62387,11
62388,18
62389,7
62390,11
62391,1
62392,23
62393,18
62394,22
62395,2
62396,3
62397,14
62398,19
62399,1
62400,7
62401,22
62402,9
62403,11
62404,11
62405,18
62406,11
62407,2
62408,18
62409,13
62410,18
62411,14
62412,2
62413,19
62414,18
62415,2
62416,22
62417,4
62418,10
62419,18
62420,16
62421,16
62422,5
62423,13
62424,1
62425,11
62426,13
62427,1
62428,7
62429,22
62430,19
62431,16
62432,3
62433,7
62434,13
62435,13
62436,2
62437,1
62438,11
62439,13
62440,3
62441,13
62442,5
62443,2
62444,15
62445,18
62446,6
62447,14
62448,23
62449,18
62450,13
62451,9
62452,21
62453,1
62454,23
62455,1
62456,7
62457,19
62458,13
62459,19
62460,22
62461,13
62462,19
62463,19
62464,11
62465,9
62466,18
62467,7
62468,11
62469,19
62470,14
62471,11
62472,14
62473,12
62474,7
62475,1
62476,13
62477,22
62478,13
62479,13
62480,7
62481,13
62482,11
62483,7
62484,4
62485,21
62486,4
62487,22
62488,21
62489,14
62490,22
62491,13
62492,21
62493,7
62494,7
62495,7
62496,9
62497,14
62498,7
62499,10
62500,11
62501,22
62502,9
62503,5
62504,19
62505,0
62506,7
62507,18
62508,5
62509,7
62510,11
62511,2
62512,1
62513,1
62514,22
62515,1
62516,23
62517,16
62518,13
62519,13
62520,1
62521,2
62522,20
62523,22
62524,19
62525,7
62526,7
62527,11
62528,7
62529,20
62530,13
62531,1
62532,22
62533,22
62534,13
62535,9
62536,19
62537,10
62538,2
62539,7
62540,1
62541,11
62542,7
62543,7
62544,2
62545,2
62546,19
62547,11
62548,19
62549,21
62550,11
62551,2
62552,19
62553,13
62554,11
62555,22
62556,8
62557,6
62558,8
62559,1
62560,13
62561,19
62562,21
62563,7
62564,19
62565,18
62566,17
62567,13
62568,20
62569,1
62570,13
62571,11
62572,13
62573,13
62574,0
62575,11
62576,13
62577,22
62578,15
62579,7
62580,22
62581,13
62582,23
62583,13
62584,7
62585,7
62586,7
62587,5
62588,19
62589,18
62590,19
62591,1
62592,11
62593,22
62594,11
62595,13
62596,13
62597,7
62598,11
62599,13
62600,13
62601,1
62602,7
62603,19
62604,16
62605,13
62606,5
62607,13
62608,7
62609,18
62610,22
62611,19
62612,13
62613,1
62614,19
62615,13
62616,18
62617,11
62618,2
62619,2
62620,11
62621,18
62622,18
62623,1
62624,18
62625,11
62626,6
62627,13
62628,22
62629,11
62630,1
62631,9
62632,21
62633,8
62634,13
62635,18
62636,11
62637,13
62638,11
62639,4
62640,7
62641,18
62642,19
62643,13
62644,23
62645,19
62646,13
62647,13
62648,21
62649,8
62650,11
62651,23
62652,21
62653,13
62654,19
62655,11
62656,21
62657,19
62658,7
62659,13
62660,13
62661,21
62662,19
62663,13
62664,15
62665,13
62666,19
62667,14
62668,7
62669,21
62670,4
62671,22
62672,19
62673,5
62674,18
62675,21
62676,20
62677,16
62678,14
62679,1
62680,18
62681,1
62682,13
62683,2
62684,2
62685,7
62686,11
62687,11
62688,19
62689,19
62690,8
62691,13
62692,7
62693,6
62694,4
62695,21
62696,1
62697,10
62698,1
62699,7
62700,2
62701,5
62702,13
62703,7
62704,14
62705,22
62706,21
62707,19
62708,16
62709,18
62710,20
62711,11
62712,13
62713,16
62714,7
62715,7
62716,2
62717,9
62718,3
62719,13
62720,1
62721,9
62722,7
62723,19
62724,23
62725,11
62726,2
62727,11
62728,7
62729,21
62730,18
62731,19
62732,18
62733,6
62734,3
62735,9
62736,13
62737,7
62738,8
62739,1
62740,19
62741,21
62742,11
62743,18
62744,14
62745,22
62746,4
62747,21
62748,2
62749,11
62750,11
62751,13
62752,8
62753,21
62754,11
62755,11
62756,13
62757,23
62758,13
62759,16
62760,7
62761,13
62762,19
62763,1
62764,21
62765,19
62766,13
62767,2
62768,1
62769,13
62770,4
62771,18
62772,7
62773,11
62774,9
62775,19
62776,13
62777,13
62778,13
62779,11
62780,5
62781,11
62782,13
62783,11
62784,1
62785,1
62786,4
62787,14
62788,22
62789,2
62790,11
62791,18
62792,19
62793,13
62794,22
62795,22
62796,6
62797,13
62798,7
62799,12
62800,13
62801,22
62802,1
62803,7
62804,2
62805,19
62806,19
62807,14
62808,11
62809,7
62810,9
62811,18
62812,2
62813,14
62814,22
62815,22
62816,14
62817,13
62818,7
62819,2
62820,13
62821,13
62822,11
62823,4
62824,13
62825,4
62826,5
62827,2
62828,1
62829,18
62830,7
62831,11
62832,11
62833,13
62834,22
62835,20
62836,19
62837,3
62838,13
62839,21
62840,1
62841,13
62842,18
62843,14
62844,0
62845,4
62846,13
62847,13
62848,21
62849,4
62850,2
62851,11
62852,13
62853,1
62854,18
62855,8
62856,2
62857,13
62858,8
62859,5
62860,21
62861,22
62862,2
62863,23
62864,7
62865,13
62866,1
62867,13
62868,3
62869,13
62870,1
62871,2
62872,12
62873,13
62874,13
62875,18
62876,1
62877,18
62878,3
62879,1
62880,2
62881,1
62882,13
62883,2
62884,11
62885,3
62886,2
62887,21
62888,19
62889,22
62890,22
62891,21
62892,11
62893,21
62894,1
62895,13
62896,21
62897,8
62898,7
62899,23
62900,1
62901,5
62902,22
62903,8
62904,19
62905,13
62906,18
62907,1
62908,18
62909,7
62910,19
62911,11
62912,0
62913,13
62914,14
62915,13
62916,1
62917,5
62918,21
62919,9
62920,13
62921,19
62922,11
62923,21
62924,5
62925,13
62926,6
62927,13
62928,19
62929,19
62930,7
62931,10
62932,7
62933,16
62934,14
62935,14
62936,11
62937,21
62938,3
62939,13
62940,18
62941,13
62942,13
62943,14
62944,13
62945,22
62946,18
62947,13
62948,5
62949,13
62950,13
62951,10
62952,11
62953,13
62954,13
62955,1
62956,14
62957,22
62958,19
62959,13
62960,13
62961,11
62962,5
62963,13
62964,7
62965,19
62966,1
62967,1
62968,1
62969,13
62970,19
62971,11
62972,2
62973,22
62974,19
62975,11
62976,13
62977,3
62978,18
62979,18
62980,13
62981,1
62982,7
62983,6
62984,1
62985,14
62986,2
62987,2
62988,15
62989,1
62990,22
62991,13
62992,13
62993,16
62994,18
62995,15
62996,19
62997,1
62998,7
62999,13
63000,13
63001,3
63002,19
63003,18
63004,13
63005,22
63006,8
63007,0
63008,14
63009,11
63010,0
63011,7
63012,9
63013,8
63014,15
63015,2
63016,19
63017,19
63018,19
63019,0
63020,11
63021,8
63022,1
63023,14
63024,1
63025,5
63026,11
63027,11
63028,1
63029,1
63030,13
63031,7
63032,13
63033,2
63034,4
63035,19
63036,17
63037,1
63038,13
63039,11
63040,18
63041,14
63042,5
63043,1
63044,7
63045,13
63046,22
63047,19
63048,7
63049,4
63050,7
63051,23
63052,14
63053,2
63054,8
63055,11
63056,1
63057,1
63058,13
63059,19
63060,13
63061,11
63062,7
63063,13
63064,13
63065,11
63066,0
63067,1
63068,22
63069,19
63070,14
63071,1
63072,14
63073,2
63074,11
63075,13
63076,16
63077,21
63078,1
63079,19
63080,2
63081,7
63082,13
63083,4
63084,2
63085,7
63086,14
63087,20
63088,19
63089,13
63090,13
63091,7
63092,19
63093,13
63094,1
63095,11
63096,3
63097,19
63098,0
63099,13
63100,13
63101,11
63102,5
63103,2
63104,1
63105,11
63106,22
63107,13
63108,21
63109,23
63110,11
63111,5
63112,5
63113,1
63114,13
63115,13
63116,19
63117,13
63118,11
63119,13
63120,1
63121,19
63122,21
63123,2
63124,22
63125,19
63126,4
63127,11
63128,1
63129,22
63130,11
63131,23
63132,13
63133,7
63134,13
63135,7
63136,1
63137,18
63138,14
63139,22
63140,13
63141,22
63142,22
63143,19
63144,1
63145,11
63146,13
63147,19
63148,2
63149,19
63150,18
63151,18
63152,13
63153,11
63154,11
63155,11
63156,13
63157,11
63158,2
63159,8
63160,23
63161,1
63162,13
63163,13
63164,19
63165,11
63166,13
63167,1
63168,13
63169,7
63170,13
63171,5
63172,16
63173,22
63174,2
63175,13
63176,11
63177,9
63178,1
63179,13
63180,13
63181,19
63182,19
63183,18
63184,13
63185,13
63186,13
63187,7
63188,11
63189,14
63190,19
63191,18
63192,1
63193,11
63194,11
63195,18
63196,11
63197,18
63198,22
63199,23
63200,4
63201,13
63202,1
63203,11
63204,13
63205,14
63206,4
63207,13
63208,18
63209,11
63210,11
63211,13
63212,11
63213,23
63214,7
63215,13
63216,8
63217,21
63218,13
63219,1
63220,19
63221,13
63222,19
63223,13
63224,13
63225,2
63226,1
63227,21
63228,2
63229,7
63230,13
63231,18
63232,11
63233,11
63234,12
63235,13
63236,10
63237,20
63238,20
63239,11
63240,4
63241,6
63242,1
63243,14
63244,1
63245,1
63246,18
63247,9
63248,4
63249,21
63250,20
63251,1
63252,13
63253,11
63254,7
63255,11
63256,16
63257,11
63258,21
63259,10
63260,2
63261,13
63262,4
63263,2
63264,9
63265,19
63266,13
63267,0
63268,11
63269,18
63270,1
63271,1
63272,21
63273,2
63274,21
63275,21
63276,13
63277,18
63278,2
63279,13
63280,15
63281,13
63282,2
63283,13
63284,13
63285,14
63286,14
63287,13
63288,2
63289,9
63290,19
63291,7
63292,19
63293,11
63294,22
63295,19
63296,3
63297,7
63298,5
63299,13
63300,19
63301,3
63302,18
63303,11
63304,4
63305,14
63306,22
63307,2
63308,7
63309,20
63310,19
63311,4
63312,1
63313,4
63314,19
63315,13
63316,13
63317,19
63318,7
63319,13
63320,19
63321,5
63322,2
63323,18
63324,0
63325,13
63326,1
63327,13
63328,20
63329,11
63330,11
63331,18
63332,19
63333,22
63334,1
63335,13
63336,19
63337,1
63338,19
63339,11
63340,18
63341,22
63342,22
63343,18
63344,20
63345,19
63346,3
63347,1
63348,13
63349,14
63350,21
63351,2
63352,2
63353,13
63354,1
63355,7
63356,1
63357,11
63358,13
63359,13
63360,11
63361,11
63362,13
63363,2
63364,11
63365,1
63366,13
63367,23
63368,2
63369,13
63370,19
63371,2
63372,19
63373,13
63374,18
63375,10
63376,11
63377,13
63378,13
63379,19
63380,6
63381,19
63382,1
63383,13
63384,11
63385,7
63386,1
63387,13
63388,5
63389,9
63390,21
63391,2
63392,13
63393,5
63394,4
63395,19
63396,18
63397,2
63398,19
63399,13
63400,9
63401,1
63402,13
63403,13
63404,14
63405,19
63406,2
63407,1
63408,21
63409,11
63410,19
63411,21
63412,13
63413,22
63414,2
63415,11
63416,22
63417,23
63418,7
63419,1
63420,7
63421,13
63422,1
63423,4
63424,18
63425,1
63426,11
63427,18
63428,13
63429,1
63430,11
63431,22
63432,1
63433,3
63434,14
63435,19
63436,18
63437,21
63438,11
63439,13
63440,11
63441,1
63442,21
63443,18
63444,10
63445,18
63446,19
63447,11
63448,4
63449,7
63450,7
63451,4
63452,9
63453,1
63454,18
63455,13
63456,6
63457,3
63458,18
63459,13
63460,19
63461,19
63462,7
63463,13
63464,22
63465,13
63466,13
63467,2
63468,19
63469,13
63470,16
63471,7
63472,3
63473,11
63474,3
63475,11
63476,2
63477,14
63478,16
63479,2
63480,19
63481,11
63482,7
63483,13
63484,4
63485,10
63486,22
63487,19
63488,1
63489,7
63490,11
63491,2
63492,11
63493,19
63494,13
63495,19
63496,18
63497,14
63498,1
63499,7
63500,7
63501,19
63502,14
63503,2
63504,13
63505,3
63506,19
63507,1
63508,13
63509,7
63510,6
63511,5
63512,2
63513,22
63514,11
63515,22
63516,13
63517,1
63518,11
63519,14
63520,1
63521,16
63522,1
63523,18
63524,6
63525,16
63526,4
63527,18
63528,23
63529,3
63530,19
63531,19
63532,11
63533,18
63534,22
63535,7
63536,1
63537,7
63538,22
63539,2
63540,11
63541,2
63542,22
63543,2
63544,18
63545,7
63546,13
63547,1
63548,4
63549,7
63550,12
63551,22
63552,19
63553,15
63554,1
63555,14
63556,4
63557,19
63558,18
63559,13
63560,21
63561,1
63562,7
63563,8
63564,22
63565,6
63566,4
63567,19
63568,18
63569,1
63570,0
63571,21
63572,7
63573,13
63574,22
63575,13
63576,18
63577,7
63578,21
63579,11
63580,13
63581,13
63582,10
63583,13
63584,1
63585,11
63586,5
63587,19
63588,2
63589,19
63590,14
63591,1
63592,23
63593,2
63594,19
63595,8
63596,13
63597,0
63598,13
63599,2
63600,11
63601,13
63602,13
63603,19
63604,21
63605,19
63606,9
63607,18
63608,1
63609,19
63610,11
63611,7
63612,18
63613,11
63614,13
63615,21
63616,22
63617,10
63618,14
63619,2
63620,11
63621,6
63622,22
63623,13
63624,22
63625,22
63626,2
63627,22
63628,18
63629,2
63630,13
63631,2
63632,19
63633,8
63634,18
63635,13
63636,6
63637,0
63638,23
63639,13
63640,13
63641,23
63642,23
63643,18
63644,19
63645,3
63646,4
63647,5
63648,19
63649,13
63650,2
63651,2
63652,14
63653,13
63654,11
63655,7
63656,18
63657,18
63658,14
63659,13
63660,5
63661,0
63662,23
63663,2
63664,7
63665,23
63666,2
63667,14
63668,2
63669,11
63670,13
63671,9
63672,13
63673,2
63674,13
63675,11
63676,18
63677,7
63678,18
63679,1
63680,13
63681,19
63682,18
63683,5
63684,22
63685,11
63686,1
63687,7
63688,5
63689,19
63690,8
63691,11
63692,14
63693,11
63694,23
63695,1
63696,6
63697,20
63698,19
63699,4
63700,22
63701,7
63702,13
63703,2
63704,13
63705,13
63706,19
63707,11
63708,14
63709,7
63710,13
63711,14
63712,7
63713,13
63714,13
63715,7
63716,2
63717,1
63718,1
63719,14
63720,13
63721,2
63722,7
63723,19
63724,22
63725,13
63726,20
63727,13
63728,18
63729,2
63730,13
63731,1
63732,7
63733,10
63734,19
63735,13
63736,7
63737,21
63738,13
63739,9
63740,14
63741,13
63742,1
63743,11
63744,11
63745,22
63746,7
63747,15
63748,1
63749,7
63750,2
63751,4
63752,18
63753,8
63754,7
63755,13
63756,11
63757,1
63758,18
63759,19
63760,11
63761,11
63762,19
63763,11
63764,19
63765,8
63766,18
63767,21
63768,21
63769,19
63770,5
63771,11
63772,13
63773,7
63774,11
63775,7
63776,9
63777,8
63778,2
63779,13
63780,13
63781,2
63782,1
63783,2
63784,5
63785,7
63786,19
63787,19
63788,8
63789,18
63790,14
63791,19
63792,10
63793,22
63794,6
63795,18
63796,18
63797,11
63798,13
63799,14
63800,13
63801,1
63802,22
63803,18
63804,19
63805,18
63806,2
63807,14
63808,1
63809,21
63810,13
63811,19
63812,8
63813,1
63814,1
63815,13
63816,21
63817,19
63818,13
63819,13
63820,4
63821,19
63822,22
63823,13
63824,21
63825,22
63826,11
63827,2
63828,19
63829,7
63830,1
63831,18
63832,8
63833,0
63834,2
63835,23
63836,19
63837,13
63838,23
63839,15
63840,14
63841,18
63842,19
63843,1
63844,19
63845,14
63846,1
63847,22
63848,1
63849,16
63850,13
63851,5
63852,14
63853,18
63854,8
63855,13
63856,2
63857,14
63858,14
63859,13
63860,7
63861,7
63862,2
63863,19
63864,0
63865,13
63866,11
63867,21
63868,7
63869,11
63870,5
63871,13
63872,18
63873,13
63874,23
63875,8
63876,13
63877,7
63878,22
63879,1
63880,8
63881,22
63882,13
63883,19
63884,8
63885,1
63886,21
63887,1
63888,23
63889,21
63890,7
63891,1
63892,11
63893,1
63894,4
63895,23
63896,7
63897,9
63898,14
63899,13
63900,9
63901,19
63902,1
63903,13
63904,0
63905,11
63906,19
63907,23
63908,19
63909,18
63910,19
63911,18
63912,7
63913,19
63914,13
63915,11
63916,13
63917,1
63918,7
63919,4
63920,7
63921,11
63922,11
63923,2
63924,13
63925,14
63926,21
63927,13
63928,12
63929,21
63930,18
63931,3
63932,13
63933,9
63934,13
63935,16
63936,7
63937,3
63938,9
63939,2
63940,7
63941,5
63942,1
63943,2
63944,13
63945,4
63946,7
63947,1
63948,8
63949,2
63950,7
63951,13
63952,7
63953,21
63954,14
63955,11
63956,1
63957,18
63958,13
63959,7
63960,13
63961,9
63962,19
63963,7
63964,19
63965,1
63966,4
63967,11
63968,14
63969,13
63970,4
63971,19
63972,11
63973,18
63974,11
63975,8
63976,23
63977,13
63978,11
63979,19
63980,21
63981,13
63982,18
63983,13
63984,2
63985,1
63986,22
63987,14
63988,1
63989,1
63990,2
63991,7
63992,5
63993,12
63994,14
63995,11
63996,13
63997,22
63998,9
63999,21
64000,19
64001,10
64002,20
64003,13
64004,22
64005,1
64006,7
64007,13
64008,12
64009,18
64010,12
64011,11
64012,1
64013,7
64014,22
64015,21
64016,11
64017,7
64018,19
64019,7
64020,19
64021,11
64022,4
64023,12
64024,13
64025,13
64026,13
64027,18
64028,8
64029,18
64030,21
64031,11
64032,2
64033,19
64034,2
64035,1
64036,18
64037,14
64038,7
64039,13
64040,5
64041,2
64042,19
64043,3
64044,21
64045,9
64046,11
64047,4
64048,21
64049,1
64050,14
64051,7
64052,14
64053,19
64054,11
64055,11
64056,18
64057,13
64058,7
64059,13
64060,1
64061,11
64062,2
64063,11
64064,19
64065,0
64066,7
64067,1
64068,19
64069,18
64070,14
64071,2
64072,1
64073,11
64074,11
64075,13
64076,8
64077,11
64078,11
64079,21
64080,2
64081,22
64082,2
64083,21
64084,7
64085,11
64086,8
64087,1
64088,19
64089,13
64090,7
64091,11
64092,7
64093,2
64094,19
64095,2
64096,22
64097,2
64098,1
64099,11
64100,22
64101,11
64102,13
64103,13
64104,14
64105,3
64106,1
64107,18
64108,23
64109,7
64110,11
64111,13
64112,1
64113,1
64114,1
64115,1
64116,13
64117,2
64118,1
64119,13
64120,11
64121,4
64122,11
64123,11
64124,2
64125,19
64126,1
64127,1
64128,11
64129,18
64130,23
64131,7
64132,22
64133,12
64134,2
64135,19
64136,22
64137,14
64138,13
64139,13
64140,13
64141,19
64142,1
64143,14
64144,11
64145,22
64146,13
64147,13
64148,1
64149,13
64150,13
64151,2
64152,13
64153,13
64154,18
64155,1
64156,7
64157,13
64158,4
64159,19
64160,11
64161,21
64162,13
64163,11
64164,4
64165,13
64166,19
64167,19
64168,13
64169,7
64170,15
64171,13
64172,13
64173,23
64174,1
64175,1
64176,19
64177,13
64178,13
64179,8
64180,23
64181,6
64182,3
64183,11
64184,19
64185,14
64186,22
64187,13
64188,18
64189,7
64190,18
64191,3
64192,11
64193,2
64194,8
64195,1
64196,7
64197,1
64198,13
64199,8
64200,9
64201,7
64202,1
64203,13
64204,7
64205,19
64206,13
64207,14
64208,13
64209,6
64210,13
64211,19
64212,13
64213,13
64214,14
64215,1
64216,13
64217,14
64218,0
64219,12
64220,14
64221,11
64222,2
64223,13
64224,20
64225,5
64226,3
64227,15
64228,13
64229,9
64230,18
64231,0
64232,19
64233,1
64234,8
64235,3
64236,13
64237,13
64238,10
64239,11
64240,1
64241,11
64242,19
64243,19
64244,2
64245,13
64246,11
64247,19
64248,18
64249,4
64250,13
64251,8
64252,22
64253,13
64254,1
64255,13
64256,2
64257,22
64258,19
64259,13
64260,7
64261,1
64262,1
64263,22
64264,20
64265,1
64266,18
64267,7
64268,13
64269,18
64270,21
64271,21
64272,9
64273,0
64274,11
64275,1
64276,6
64277,5
64278,2
64279,1
64280,2
64281,5
64282,22
64283,1
64284,21
64285,13
64286,11
64287,1
64288,7
64289,13
64290,13
64291,2
64292,14
64293,22
64294,13
64295,14
64296,1
64297,19
64298,21
64299,14
64300,10
64301,5
64302,0
64303,1
64304,2
64305,11
64306,1
64307,20
64308,21
64309,13
64310,5
64311,13
64312,10
64313,1
64314,19
64315,11
64316,6
64317,13
64318,12
64319,0
64320,18
64321,13
64322,2
64323,16
64324,13
64325,9
64326,7
64327,9
64328,13
64329,19
64330,18
64331,8
64332,21
64333,1
64334,11
64335,14
64336,11
64337,13
64338,2
64339,9
64340,11
64341,18
64342,19
64343,14
64344,7
64345,13
64346,14
64347,13
64348,9
64349,11
64350,19
64351,11
64352,18
64353,7
64354,1
64355,2
64356,7
64357,6
64358,1
64359,2
64360,22
64361,11
64362,19
64363,3
64364,20
64365,18
64366,11
64367,1
64368,17
64369,2
64370,21
64371,5
64372,13
64373,22
64374,11
64375,19
64376,16
64377,13
64378,23
64379,11
64380,3
64381,8
64382,1
64383,11
64384,11
64385,15
64386,14
64387,14
64388,0
64389,14
64390,11
64391,2
64392,18
64393,13
64394,5
64395,19
64396,4
64397,14
64398,2
64399,7
64400,9
64401,11
64402,9
64403,20
64404,13
64405,15
64406,15
64407,21
64408,1
64409,11
64410,10
64411,19
64412,6
64413,11
64414,23
64415,4
64416,19
64417,14
64418,19
64419,2
64420,22
64421,13
64422,21
64423,18
64424,7
64425,19
64426,11
64427,5
64428,2
64429,21
64430,19
64431,13
64432,19
64433,11
64434,22
64435,19
64436,11
64437,13
64438,1
64439,13
64440,18
64441,7
64442,7
64443,13
64444,13
64445,7
64446,2
64447,15
64448,21
64449,21
64450,2
64451,5
64452,14
64453,7
64454,19
64455,2
64456,18
64457,13
64458,13
64459,22
64460,7
64461,19
64462,11
64463,13
64464,8
64465,1
64466,13
64467,7
64468,11
64469,19
64470,9
64471,15
64472,11
64473,1
64474,14
64475,13
64476,20
64477,19
64478,7
64479,14
64480,5
64481,11
64482,19
64483,13
64484,4
64485,21
64486,13
64487,11
64488,13
64489,11
64490,7
64491,18
64492,2
64493,1
64494,1
64495,21
64496,2
64497,7
64498,7
64499,7
64500,5
64501,11
64502,11
64503,19
64504,7
64505,11
64506,13
64507,19
64508,7
64509,13
64510,13
64511,10
64512,18
64513,7
64514,13
64515,22
64516,1
64517,19
64518,19
64519,13
64520,13
64521,8
64522,18
64523,3
64524,11
64525,5
64526,2
64527,19
64528,18
64529,13
64530,1
64531,6
64532,22
64533,15
64534,4
64535,22
64536,2
64537,22
64538,13
64539,18
64540,1
64541,1
64542,11
64543,13
64544,19
64545,22
64546,4
64547,13
64548,1
64549,9
64550,1
64551,13
64552,19
64553,13
64554,10
64555,11
64556,22
64557,11
64558,23
64559,18
64560,19
64561,23
64562,1
64563,9
64564,14
64565,7
64566,13
64567,1
64568,5
64569,1
64570,22
64571,20
64572,13
64573,22
64574,8
64575,1
64576,8
64577,14
64578,9
64579,13
64580,18
64581,11
64582,11
64583,13
64584,21
64585,13
64586,14
64587,16
64588,11
64589,22
64590,18
64591,2
64592,13
64593,8
64594,14
64595,5
64596,19
64597,7
64598,1
64599,15
64600,14
64601,3
64602,13
64603,13
64604,6
64605,13
64606,2
64607,19
64608,19
64609,19
64610,16
64611,13
64612,13
64613,1
64614,21
64615,14
64616,1
64617,2
64618,5
64619,8
64620,11
64621,1
64622,1
64623,4
64624,9
64625,13
64626,13
64627,13
64628,2
64629,3
64630,3
64631,22
64632,13
64633,16
64634,20
64635,13
64636,11
64637,13
64638,13
64639,1
64640,2
64641,11
64642,19
64643,20
64644,3
64645,20
64646,15
64647,19
64648,4
64649,1
64650,11
64651,19
64652,19
64653,16
64654,19
64655,13
64656,8
64657,18
64658,4
64659,13
64660,11
64661,4
64662,14
64663,1
64664,21
64665,7
64666,2
64667,13
64668,13
64669,1
64670,11
64671,11
64672,7
64673,1
64674,5
64675,13
64676,8
64677,3
64678,11
64679,7
64680,13
64681,22
64682,18
64683,6
64684,13
64685,18
64686,11
64687,20
64688,18
64689,22
64690,14
64691,10
64692,21
64693,12
64694,3
64695,11
64696,13
64697,13
64698,14
64699,1
64700,3
64701,9
64702,1
64703,19
64704,7
64705,15
64706,2
64707,7
64708,13
64709,19
64710,0
64711,1
64712,18
64713,19
64714,7
64715,19
64716,6
64717,11
64718,16
64719,21
64720,7
64721,7
64722,1
64723,11
64724,19
64725,14
64726,2
64727,18
64728,7
64729,22
64730,5
64731,7
64732,14
64733,18
64734,13
64735,1
64736,11
64737,18
64738,2
64739,21
64740,19
64741,11
64742,13
64743,1
64744,11
64745,13
64746,2
64747,11
64748,13
64749,5
64750,7
64751,22
64752,22
64753,2
64754,7
64755,13
64756,2
64757,14
64758,21
64759,18
64760,8
64761,18
64762,13
64763,13
64764,0
64765,13
64766,19
64767,23
64768,14
64769,11
64770,13
64771,13
64772,1
64773,13
64774,21
64775,0
64776,7
64777,14
64778,6
64779,13
64780,10
64781,22
64782,7
64783,7
64784,11
64785,18
64786,13
64787,13
64788,14
64789,2
64790,8
64791,4
64792,13
64793,23
64794,11
64795,4
64796,2
64797,13
64798,9
64799,6
64800,7
64801,1
64802,4
64803,23
64804,2
64805,13
64806,9
64807,13
64808,2
64809,11
64810,13
64811,10
64812,22
64813,13
64814,7
64815,13
64816,14
64817,13
64818,21
64819,13
64820,13
64821,22
64822,4
64823,14
64824,20
64825,19
64826,19
64827,19
64828,5
64829,16
64830,13
64831,23
64832,11
64833,11
64834,23
64835,5
64836,22
64837,10
64838,19
64839,13
64840,14
64841,13
64842,7
64843,18
64844,21
64845,2
64846,1
64847,11
64848,21
64849,8
64850,2
64851,12
64852,19
64853,13
64854,2
64855,19
64856,13
64857,13
64858,11
64859,19
64860,22
64861,23
64862,7
64863,1
64864,18
64865,18
64866,1
64867,14
64868,14
64869,14
64870,13
64871,13
64872,18
64873,23
64874,2
64875,19
64876,14
64877,1
64878,2
64879,1
64880,6
64881,7
64882,22
64883,8
64884,9
64885,11
64886,22
64887,11
64888,19
64889,22
64890,16
64891,5
64892,2
64893,2
64894,13
64895,5
64896,19
64897,7
64898,13
64899,7
64900,1
64901,0
64902,11
64903,22
64904,22
64905,7
64906,14
64907,9
64908,8
64909,2
64910,14
64911,13
64912,3
64913,7
64914,21
64915,11
64916,18
64917,9
64918,19
64919,13
64920,1
64921,15
64922,5
64923,14
64924,13
64925,22
64926,7
64927,23
64928,13
64929,0
64930,1
64931,18
64932,9
64933,23
64934,1
64935,7
64936,21
64937,9
64938,22
64939,19
64940,13
64941,11
64942,13
64943,14
64944,13
64945,1
64946,11
64947,14
64948,1
64949,6
64950,7
64951,4
64952,13
64953,18
64954,13
64955,11
64956,13
64957,6
64958,21
64959,19
64960,1
64961,8
64962,7
64963,7
64964,18
64965,7
64966,6
64967,18
64968,19
64969,1
64970,5
64971,2
64972,5
64973,1
64974,2
64975,13
64976,13
64977,11
64978,4
64979,7
64980,9
64981,19
64982,22
64983,13
64984,7
64985,13
64986,14
64987,11
64988,1
64989,4
64990,21
64991,13
64992,18
64993,18
64994,13
64995,7
64996,7
64997,6
64998,13
64999,6
65000,2
65001,18
65002,13
65003,13
65004,11
65005,4
65006,18
65007,19
65008,18
65009,9
65010,5
65011,13
65012,21
65013,13
65014,2
65015,23
65016,8
65017,19
65018,4
65019,9
65020,19
65021,2
65022,19
65023,21
65024,18
65025,11
65026,13
65027,13
65028,13
65029,18
65030,14
65031,18
65032,11
65033,7
65034,13
65035,19
65036,13
65037,13
65038,22
65039,19
65040,13
65041,16
65042,11
65043,11
65044,13
65045,22
65046,22
65047,5
65048,19
65049,1
65050,23
65051,13
65052,19
65053,1
65054,11
65055,3
65056,8
65057,13
65058,14
65059,11
65060,0
65061,7
65062,13
65063,20
65064,13
65065,13
65066,2
65067,13
65068,5
65069,1
65070,1
65071,15
65072,1
65073,8
65074,15
65075,13
65076,1
65077,13
65078,2
65079,13
65080,19
65081,11
65082,22
65083,1
65084,7
65085,22
65086,19
65087,16
65088,22
65089,7
65090,11
65091,2
65092,9
65093,7
65094,22
65095,1
65096,18
65097,13
65098,13
65099,13
65100,13
65101,18
65102,18
65103,13
65104,13
65105,13
65106,11
65107,0
65108,4
65109,13
65110,19
65111,21
65112,5
65113,7
65114,7
65115,13
65116,14
65117,19
65118,13
65119,11
65120,19
65121,13
65122,21
65123,7
65124,19
65125,18
65126,4
65127,7
65128,9
65129,1
65130,21
65131,22
65132,4
65133,19
65134,14
65135,19
65136,1
65137,23
65138,2
65139,18
65140,2
65141,19
65142,13
65143,1
65144,13
65145,18
65146,7
65147,13
65148,18
65149,21
65150,18
65151,3
65152,8
65153,13
65154,5
65155,2
65156,5
65157,22
65158,13
65159,19
65160,13
65161,13
65162,9
65163,1
65164,13
65165,19
65166,13
65167,7
65168,2
65169,13
65170,18
65171,5
65172,19
65173,2
65174,7
65175,19
65176,5
65177,9
65178,4
65179,4
65180,13
65181,23
65182,19
65183,18
65184,13
65185,11
65186,23
65187,18
65188,10
65189,8
65190,13
65191,4
65192,9
65193,21
65194,13
65195,13
65196,7
65197,1
65198,19
65199,3
65200,20
65201,7
65202,11
65203,7
65204,1
65205,2
65206,1
65207,22
65208,2
65209,7
65210,1
65211,19
65212,11
65213,18
65214,1
65215,13
65216,8
65217,7
65218,11
65219,1
65220,13
65221,16
65222,19
65223,13
65224,19
65225,23
65226,10
65227,13
65228,3
65229,1
65230,7
65231,11
65232,19
65233,18
65234,13
65235,7
65236,18
65237,7
65238,11
65239,1
65240,13
65241,19
65242,18
65243,19
65244,3
65245,11
65246,3
65247,8
65248,18
65249,19
65250,1
65251,20
65252,1
65253,2
65254,4
65255,1
65256,19
65257,21
65258,2
65259,0
65260,18
65261,1
65262,10
65263,7
65264,8
65265,18
65266,19
65267,3
65268,18
65269,19
65270,23
65271,13
65272,4
65273,12
65274,22
65275,13
65276,9
65277,22
65278,21
65279,11
65280,11
65281,2
65282,2
65283,1
65284,5
65285,13
65286,14
65287,2
65288,1
65289,13
65290,19
65291,13
65292,19
65293,21
65294,8
65295,21
65296,21
65297,13
65298,2
65299,23
65300,18
65301,7
65302,1
65303,18
65304,14
65305,1
65306,13
65307,14
65308,14
65309,11
65310,2
65311,7
65312,7
65313,21
65314,1
65315,19
65316,13
65317,0
65318,19
65319,22
65320,10
65321,21
65322,11
65323,8
65324,1
65325,14
65326,5
65327,13
65328,7
65329,1
65330,11
65331,2
65332,1
65333,8
65334,11
65335,7
65336,1
65337,13
65338,23
65339,11
65340,1
65341,7
65342,18
65343,19
65344,13
65345,19
65346,1
65347,21
65348,21
65349,2
65350,13
65351,22
65352,14
65353,18
65354,13
65355,13
65356,7
65357,22
65358,2
65359,3
65360,7
65361,19
65362,1
65363,2
65364,10
65365,14
65366,13
65367,13
65368,13
65369,4
65370,7
65371,1
65372,11
65373,22
65374,19
65375,5
65376,13
65377,5
65378,21
65379,7
65380,0
65381,1
65382,13
65383,18
65384,19
65385,13
65386,19
65387,2
65388,19
65389,23
65390,7
65391,13
65392,13
65393,21
65394,21
65395,18
65396,4
65397,1
65398,13
65399,1
65400,8
65401,19
65402,17
65403,19
65404,7
65405,18
65406,11
65407,13
65408,13
65409,18
65410,6
65411,10
65412,11
65413,1
65414,1
65415,8
65416,2
65417,6
65418,21
65419,13
65420,21
65421,20
65422,7
65423,18
65424,19
65425,19
65426,13
65427,13
65428,11
65429,7
65430,11
65431,19
65432,5
65433,1
65434,7
65435,19
65436,7
65437,5
65438,13
65439,14
65440,19
65441,23
65442,2
65443,18
65444,13
65445,13
65446,5
65447,13
65448,21
65449,9
65450,13
65451,1
65452,21
65453,22
65454,13
65455,8
65456,13
65457,1
65458,13
65459,13
65460,18
65461,10
65462,13
65463,11
65464,19
65465,13
65466,14
65467,19
65468,18
65469,13
65470,2
65471,11
65472,13
65473,13
65474,11
65475,2
65476,1
65477,20
65478,1
65479,14
65480,22
65481,13
65482,18
65483,8
65484,1
65485,21
65486,8
65487,6
65488,22
65489,4
65490,4
65491,13
65492,13
65493,11
65494,23
65495,18
65496,5
65497,14
65498,22
65499,5
65500,19
65501,13
65502,13
65503,3
65504,20
65505,2
65506,12
65507,11
65508,0
65509,8
65510,7
65511,19
65512,13
65513,22
65514,21
65515,16
65516,13
65517,10
65518,2
65519,14
65520,7
65521,7
65522,18
65523,14
65524,19
65525,21
65526,5
65527,11
65528,2
65529,19
65530,2
65531,4
65532,13
65533,13
65534,19
65535,13
65536,18
65537,1
65538,9
65539,7
65540,11
65541,3
65542,18
65543,14
65544,1
65545,13
65546,13
65547,7
65548,8
65549,13
65550,13
65551,7
65552,18
65553,13
65554,1
65555,13
65556,11
65557,18
65558,11
65559,8
65560,22
65561,19
65562,22
65563,21
65564,13
65565,19
65566,20
65567,11
65568,13
65569,22
65570,19
65571,14
65572,2
65573,23
65574,13
65575,7
65576,7
65577,20
65578,2
65579,14
65580,19
65581,16
65582,11
65583,19
65584,5
65585,21
65586,17
65587,11
65588,5
65589,13
65590,18
65591,7
65592,13
65593,18
65594,13
65595,9
65596,5
65597,1
65598,8
65599,14
65600,20
65601,22
65602,13
65603,19
65604,2
65605,1
65606,13
65607,21
65608,13
65609,2
65610,22
65611,13
65612,19
65613,1
65614,21
65615,7
65616,13
65617,2
65618,18
65619,14
65620,1
65621,1
65622,9
65623,13
65624,21
65625,13
65626,20
65627,2
65628,7
65629,13
65630,13
65631,5
65632,10
65633,10
65634,15
65635,19
65636,11
65637,14
65638,7
65639,23
65640,18
65641,11
65642,2
65643,8
65644,1
65645,11
65646,22
65647,11
65648,13
65649,13
65650,2
65651,18
65652,2
65653,6
65654,1
65655,13
65656,19
65657,11
65658,19
65659,1
65660,2
65661,13
65662,13
65663,11
65664,13
65665,13
65666,1
65667,11
65668,11
65669,7
65670,17
65671,3
65672,2
65673,2
65674,2
65675,13
65676,22
65677,13
65678,14
65679,14
65680,19
65681,21
65682,4
65683,13
65684,7
65685,3
65686,10
65687,5
65688,23
65689,4
65690,3
65691,11
65692,19
65693,10
65694,22
65695,2
65696,7
65697,23
65698,11
65699,13
65700,11
65701,1
65702,18
65703,19
65704,18
65705,18
65706,1
65707,18
65708,13
65709,5
65710,9
65711,2
65712,14
65713,3
65714,5
65715,5
65716,19
65717,7
65718,11
65719,7
65720,19
65721,13
65722,13
65723,9
65724,11
65725,7
65726,6
65727,7
65728,13
65729,13
65730,22
65731,19
65732,13
65733,23
65734,1
65735,1
65736,13
65737,1
65738,11
65739,11
65740,18
65741,13
65742,2
65743,18
65744,19
65745,13
65746,13
65747,19
65748,8
65749,7
65750,11
65751,5
65752,19
65753,12
65754,18
65755,13
65756,16
65757,14
65758,2
65759,13
65760,21
65761,1
65762,1
65763,1
65764,18
65765,16
65766,1
65767,23
65768,22
65769,12
65770,1
65771,2
65772,11
65773,1
65774,23
65775,13
65776,18
65777,1
65778,9
65779,13
65780,2
65781,4
65782,19
65783,12
65784,18
65785,11
65786,0
65787,22
65788,3
65789,23
65790,7
65791,2
65792,7
65793,18
65794,21
65795,20
65796,13
65797,13
65798,21
65799,13
65800,21
65801,19
65802,21
65803,1
65804,18
65805,4
65806,1
65807,6
65808,21
65809,11
65810,21
65811,2
65812,1
65813,19
65814,11
65815,13
65816,13
65817,22
65818,23
65819,22
65820,18
65821,2
65822,11
65823,11
65824,13
65825,21
65826,22
65827,21
65828,19
65829,19
65830,14
65831,2
65832,22
65833,2
65834,18
65835,7
65836,13
65837,22
65838,13
65839,13
65840,11
65841,19
65842,13
65843,3
65844,14
65845,23
65846,9
65847,21
65848,1
65849,1
65850,7
65851,3
65852,1
65853,5
65854,19
65855,19
65856,13
65857,13
65858,23
65859,11
65860,21
65861,1
65862,21
65863,8
65864,1
65865,13
65866,13
65867,19
65868,18
65869,11
65870,11
65871,23
65872,19
65873,1
65874,7
65875,13
65876,7
65877,2
65878,2
65879,14
65880,6
65881,11
65882,22
65883,19
65884,13
65885,14
65886,22
65887,11
65888,3
65889,23
65890,7
65891,18
65892,13
65893,20
65894,19
65895,11
65896,22
65897,2
65898,11
65899,7
65900,19
65901,7
65902,5
65903,5
65904,13
65905,7
65906,7
65907,11
65908,18
65909,5
65910,5
65911,13
65912,1
65913,11
65914,5
65915,11
65916,18
65917,18
65918,22
65919,1
65920,14
65921,19
65922,7
65923,7
65924,14
65925,2
65926,13
65927,9
65928,13
65929,18
65930,13
65931,13
65932,0
65933,13
65934,2
65935,1
65936,16
65937,11
65938,21
65939,3
65940,20
65941,19
65942,0
65943,19
65944,11
65945,4
65946,13
65947,5
65948,11
65949,14
65950,19
65951,1
65952,13
65953,6
65954,18
65955,13
65956,11
65957,22
65958,11
65959,19
65960,1
65961,13
65962,19
65963,14
65964,13
65965,19
65966,16
65967,19
65968,13
65969,7
65970,14
65971,1
65972,8
65973,18
65974,19
65975,21
65976,21
65977,13
65978,2
65979,14
65980,13
65981,13
65982,13
65983,7
65984,13
65985,13
65986,1
65987,13
65988,2
65989,13
65990,13
65991,8
65992,14
65993,8
65994,1
65995,13
65996,7
65997,13
65998,9
65999,23
66000,3
66001,18
66002,23
66003,7
66004,1
66005,11
66006,7
66007,19
66008,2
66009,13
66010,13
66011,7
66012,2
66013,1
66014,13
66015,9
66016,9
66017,7
66018,14
66019,5
66020,22
66021,18
66022,1
66023,23
66024,4
66025,11
66026,19
66027,10
66028,13
66029,22
66030,14
66031,5
66032,7
66033,12
66034,14
66035,23
66036,11
66037,19
66038,1
66039,11
66040,22
66041,18
66042,4
66043,18
66044,18
66045,1
66046,19
66047,13
66048,1
66049,13
66050,1
66051,13
66052,11
66053,1
66054,21
66055,13
66056,13
66057,11
66058,4
66059,18
66060,7
66061,22
66062,11
66063,1
66064,8
66065,2
66066,23
66067,22
66068,18
66069,13
66070,6
66071,13
66072,1
66073,9
66074,14
66075,1
66076,19
66077,11
66078,8
66079,18
66080,13
66081,0
66082,1
66083,11
66084,9
66085,13
66086,14
66087,19
66088,11
66089,14
66090,19
66091,19
66092,11
66093,1
66094,11
66095,8
66096,10
66097,1
66098,13
66099,2
66100,21
66101,7
66102,1
66103,5
66104,22
66105,14
66106,13
66107,21
66108,22
66109,22
66110,13
66111,7
66112,13
66113,23
66114,19
66115,11
66116,22
66117,1
66118,7
66119,4
66120,5
66121,19
66122,14
66123,19
66124,15
66125,22
66126,13
66127,13
66128,7
66129,9
66130,22
66131,19
66132,21
66133,8
66134,14
66135,13
66136,2
66137,7
66138,20
66139,2
66140,13
66141,7
66142,13
66143,18
66144,1
66145,7
66146,5
66147,16
66148,13
66149,7
66150,22
66151,22
66152,11
66153,13
66154,3
66155,16
66156,22
66157,11
66158,19
66159,7
66160,13
66161,14
66162,18
66163,13
66164,13
66165,5
66166,1
66167,11
66168,19
66169,13
66170,7
66171,19
66172,13
66173,7
66174,21
66175,19
66176,1
66177,4
66178,5
66179,14
66180,22
66181,21
66182,13
66183,7
66184,13
66185,21
66186,20
66187,21
66188,12
66189,2
66190,14
66191,19
66192,4
66193,18
66194,5
66195,1
66196,11
66197,8
66198,21
66199,19
66200,13
66201,11
66202,21
66203,5
66204,13
66205,7
66206,1
66207,10
66208,19
66209,11
66210,21
66211,19
66212,1
66213,7
66214,1
66215,19
66216,7
66217,18
66218,13
66219,4
66220,13
66221,13
66222,13
66223,10
66224,8
66225,21
66226,17
66227,13
66228,19
66229,22
66230,1
66231,23
66232,1
66233,13
66234,2
66235,13
66236,6
66237,7
66238,19
66239,22
66240,12
66241,11
66242,19
66243,13
66244,23
66245,11
66246,11
66247,3
66248,11
66249,2
66250,13
66251,6
66252,4
66253,11
66254,13
66255,6
66256,16
66257,1
66258,10
66259,19
66260,13
66261,7
66262,13
66263,2
66264,13
66265,7
66266,22
66267,19
66268,22
66269,13
66270,21
66271,11
66272,13
66273,5
66274,2
66275,13
66276,13
66277,11
66278,1
66279,14
66280,13
66281,14
66282,11
66283,13
66284,19
66285,2
66286,7
66287,13
66288,7
66289,22
66290,19
66291,21
66292,13
66293,13
66294,5
66295,1
66296,13
66297,1
66298,1
66299,13
66300,2
66301,11
66302,13
66303,20
66304,7
66305,11
66306,1
66307,19
66308,18
66309,2
66310,2
66311,1
66312,19
66313,1
66314,13
66315,13
66316,19
66317,13
66318,13
66319,11
66320,18
66321,1
66322,2
66323,2
66324,18
66325,13
66326,18
66327,13
66328,10
66329,8
66330,18
66331,2
66332,13
66333,13
66334,23
66335,13
66336,18
66337,2
66338,16
66339,6
66340,12
66341,19
66342,13
66343,13
66344,2
66345,7
66346,5
66347,1
66348,22
66349,21
66350,13
66351,14
66352,13
66353,18
66354,13
66355,5
66356,18
66357,8
66358,1
66359,22
66360,7
66361,2
66362,3
66363,8
66364,13
66365,0
66366,2
66367,8
66368,13
66369,2
66370,13
66371,11
66372,1
66373,13
66374,2
66375,4
66376,13
66377,19
66378,5
66379,19
66380,18
66381,11
66382,7
66383,5
66384,22
66385,19
66386,11
66387,1
66388,11
66389,5
66390,2
66391,13
66392,22
66393,12
66394,13
66395,1
66396,1
66397,2
66398,22
66399,1
66400,7
66401,13
66402,19
66403,11
66404,21
66405,13
66406,8
66407,1
66408,7
66409,1
66410,22
66411,8
66412,12
66413,21
66414,23
66415,7
66416,18
66417,11
66418,8
66419,2
66420,13
66421,13
66422,2
66423,11
66424,9
66425,7
66426,11
66427,14
66428,15
66429,0
66430,1
66431,2
66432,10
66433,22
66434,21
66435,18
66436,7
66437,5
66438,11
66439,2
66440,2
66441,21
66442,11
66443,20
66444,11
66445,18
66446,18
66447,13
66448,11
66449,13
66450,10
66451,13
66452,2
66453,11
66454,2
66455,1
66456,11
66457,2
66458,3
66459,4
66460,11
66461,18
66462,11
66463,11
66464,11
66465,18
66466,2
66467,11
66468,21
66469,14
66470,13
66471,16
66472,22
66473,13
66474,20
66475,13
66476,14
66477,8
66478,20
66479,4
66480,3
66481,1
66482,18
66483,5
66484,22
66485,11
66486,2
66487,2
66488,11
66489,13
66490,22
66491,5
66492,7
66493,9
66494,13
66495,21
66496,13
66497,15
66498,14
66499,13
66500,14
66501,21
66502,9
66503,1
66504,18
66505,7
66506,8
66507,1
66508,5
66509,7
66510,5
66511,16
66512,2
66513,13
66514,19
66515,20
66516,2
66517,13
66518,22
66519,22
66520,4
66521,20
66522,11
66523,13
66524,22
66525,13
66526,22
66527,1
66528,19
66529,23
66530,16
66531,13
66532,14
66533,1
66534,2
66535,20
66536,13
66537,3
66538,19
66539,2
66540,3
66541,13
66542,2
66543,10
66544,19
66545,19
66546,1
66547,19
66548,18
66549,10
66550,0
66551,20
66552,7
66553,8
66554,18
66555,14
66556,11
66557,10
66558,2
66559,7
66560,14
66561,21
66562,7
66563,7
66564,11
66565,2
66566,13
66567,7
66568,11
66569,1
66570,13
66571,13
66572,1
66573,1
66574,23
66575,1
66576,3
66577,7
66578,7
66579,19
66580,8
66581,13
66582,13
66583,2
66584,10
66585,7
66586,18
66587,18
66588,14
66589,13
66590,13
66591,8
66592,4
66593,17
66594,3
66595,11
66596,5
66597,4
66598,21
66599,3
66600,11
66601,13
66602,19
66603,1
66604,15
66605,22
66606,19
66607,7
66608,7
66609,7
66610,3
66611,13
66612,20
66613,14
66614,22
66615,12
66616,7
66617,14
66618,3
66619,13
66620,11
66621,1
66622,4
66623,13
66624,7
66625,2
66626,11
66627,13
66628,5
66629,22
66630,7
66631,16
66632,11
66633,14
66634,23
66635,1
66636,18
66637,18
66638,22
66639,19
66640,18
66641,13
66642,12
66643,14
66644,11
66645,13
66646,1
66647,14
66648,15
66649,7
66650,13
66651,11
66652,13
66653,5
66654,19
66655,2
66656,14
66657,1
66658,13
66659,13
66660,4
66661,9
66662,4
66663,7
66664,13
66665,1
66666,11
66667,7
66668,2
66669,7
66670,22
66671,1
66672,19
66673,5
66674,9
66675,11
66676,1
66677,13
66678,2
66679,0
66680,14
66681,18
66682,18
66683,1
66684,9
66685,8
66686,13
66687,0
66688,17
66689,8
66690,19
66691,19
66692,13
66693,11
66694,2
66695,22
66696,19
66697,7
66698,1
66699,7
66700,3
66701,13
66702,11
66703,13
66704,5
66705,19
66706,15
66707,17
66708,13
66709,9
66710,8
66711,22
66712,13
66713,17
66714,13
66715,2
66716,19
66717,13
66718,21
66719,7
66720,21
66721,10
66722,15
66723,1
66724,14
66725,19
66726,13
66727,7
66728,18
66729,14
66730,4
66731,4
66732,6
66733,13
66734,11
66735,1
66736,2
66737,7
66738,19
66739,13
66740,15
66741,23
66742,1
66743,22
66744,1
66745,19
66746,2
66747,7
66748,13
66749,13
66750,11
66751,0
66752,2
66753,13
66754,11
66755,14
66756,21
66757,3
66758,11
66759,3
66760,7
66761,11
66762,14
66763,14
66764,4
66765,6
66766,23
66767,13
66768,13
66769,1
66770,15
66771,13
66772,18
66773,18
66774,18
66775,11
66776,1
66777,13
66778,21
66779,22
66780,2
66781,11
66782,19
66783,22
66784,14
66785,19
66786,11
66787,13
66788,13
66789,15
66790,18
66791,1
66792,19
66793,18
66794,13
66795,13
66796,22
66797,2
66798,16
66799,2
66800,13
66801,9
66802,19
66803,9
66804,0
66805,7
66806,9
66807,21
66808,11
66809,9
66810,19
66811,21
66812,23
66813,6
66814,1
66815,18
66816,2
66817,11
66818,22
66819,11
66820,21
66821,13
66822,13
66823,19
66824,11
66825,18
66826,1
66827,2
66828,22
66829,9
66830,21
66831,12
66832,23
66833,18
66834,13
66835,6
66836,18
66837,13
66838,23
66839,18
66840,21
66841,22
66842,13
66843,22
66844,1
66845,2
66846,13
66847,13
66848,1
66849,18
66850,19
66851,23
66852,7
66853,18
66854,11
66855,19
66856,13
66857,9
66858,13
66859,19
66860,2
66861,9
66862,21
66863,19
66864,13
66865,14
66866,13
66867,7
66868,4
66869,19
66870,14
66871,20
66872,11
66873,22
66874,22
66875,22
66876,11
66877,7
66878,19
66879,13
66880,13
66881,20
66882,10
66883,0
66884,14
66885,18
66886,3
66887,2
66888,11
66889,0
66890,2
66891,7
66892,13
66893,0
66894,5
66895,7
66896,11
66897,7
66898,3
66899,13
66900,13
66901,7
66902,1
66903,2
66904,20
66905,19
66906,11
66907,15
66908,4
66909,13
66910,2
66911,7
66912,8
66913,1
66914,11
66915,7
66916,2
66917,1
66918,2
66919,13
66920,19
66921,18
66922,16
66923,7
66924,21
66925,13
66926,21
66927,2
66928,4
66929,13
66930,21
66931,16
66932,21
66933,15
66934,18
66935,10
66936,18
66937,22
66938,11
66939,20
66940,1
66941,19
66942,16
66943,13
66944,5
66945,13
66946,4
66947,15
66948,21
66949,18
66950,13
66951,7
66952,21
66953,11
66954,11
66955,8
66956,1
66957,18
66958,20
66959,1
66960,19
66961,8
66962,19
66963,14
66964,11
66965,4
66966,19
66967,11
66968,2
66969,19
66970,22
66971,22
66972,13
66973,21
66974,14
66975,8
66976,2
66977,5
66978,11
66979,7
66980,13
66981,14
66982,22
66983,6
66984,13
66985,13
66986,3
66987,13
66988,6
66989,13
66990,11
66991,17
66992,16
66993,19
66994,1
66995,11
66996,13
66997,23
66998,7
66999,7
67000,19
67001,13
67002,6
67003,5
67004,14
67005,2
67006,13
67007,19
67008,18
67009,7
67010,14
67011,2
67012,20
67013,19
67014,2
67015,7
67016,13
67017,11
67018,7
67019,21
67020,7
67021,7
67022,7
67023,13
67024,2
67025,18
67026,6
67027,1
67028,21
67029,16
67030,1
67031,13
67032,6
67033,2
67034,6
67035,7
67036,13
67037,5
67038,19
67039,20
67040,19
67041,6
67042,21
67043,13
67044,11
67045,3
67046,13
67047,18
67048,13
67049,11
67050,11
67051,19
67052,2
67053,7
67054,1
67055,16
67056,1
67057,13
67058,13
67059,7
67060,7
67061,7
67062,11
67063,14
67064,4
67065,11
67066,9
67067,11
67068,7
67069,22
67070,19
67071,2
67072,7
67073,13
67074,6
67075,18
67076,22
67077,20
67078,21
67079,3
67080,13
67081,13
67082,9
67083,22
67084,4
67085,7
67086,9
67087,14
67088,7
67089,13
67090,19
67091,13
67092,19
67093,7
67094,13
67095,23
67096,18
67097,21
67098,19
67099,10
67100,7
67101,14
67102,20
67103,18
67104,13
67105,22
67106,7
67107,7
67108,3
67109,19
67110,19
67111,2
67112,22
67113,1
67114,13
67115,7
67116,18
67117,11
67118,11
67119,6
67120,14
67121,14
67122,19
67123,6
67124,19
67125,19
67126,2
67127,21
67128,19
67129,1
67130,23
67131,13
67132,18
67133,7
67134,14
67135,11
67136,13
67137,13
67138,14
67139,13
67140,22
67141,7
67142,1
67143,13
67144,22
67145,1
67146,21
67147,22
67148,2
67149,21
67150,20
67151,22
67152,8
67153,2
67154,8
67155,11
67156,18
67157,7
67158,22
67159,20
67160,3
67161,18
67162,16
67163,4
67164,23
67165,18
67166,18
67167,18
67168,1
67169,18
67170,2
67171,13
67172,19
67173,13
67174,22
67175,18
67176,1
67177,11
67178,7
67179,11
67180,8
67181,15
67182,22
67183,18
67184,8
67185,11
67186,11
67187,14
67188,13
67189,2
67190,7
67191,7
67192,19
67193,2
67194,13
67195,18
67196,13
67197,2
67198,13
67199,13
67200,16
67201,11
67202,19
67203,13
67204,9
67205,20
67206,13
67207,11
67208,5
67209,1
67210,22
67211,8
67212,11
67213,10
67214,10
67215,15
67216,19
67217,11
67218,7
67219,1
67220,7
67221,7
67222,11
67223,13
67224,11
67225,2
67226,14
67227,1
67228,14
67229,3
67230,19
67231,13
67232,14
67233,20
67234,16
67235,11
67236,13
67237,1
67238,13
67239,11
67240,19
67241,15
67242,13
67243,13
67244,22
67245,2
67246,21
67247,1
67248,2
67249,19
67250,12
67251,11
67252,1
67253,13
67254,18
67255,10
67256,13
67257,19
67258,23
67259,19
67260,21
67261,14
67262,13
67263,1
67264,11
67265,1
67266,11
67267,5
67268,3
67269,10
67270,19
67271,8
67272,11
67273,18
67274,14
67275,14
67276,22
67277,13
67278,14
67279,13
67280,22
67281,7
67282,2
67283,7
67284,13
67285,18
67286,13
67287,18
67288,21
67289,6
67290,5
67291,13
67292,13
67293,7
67294,4
67295,3
67296,22
67297,19
67298,7
67299,18
67300,13
67301,20
67302,9
67303,22
67304,13
67305,2
67306,11
67307,11
67308,3
67309,13
67310,18
67311,13
67312,7
67313,2
67314,11
67315,2
67316,13
67317,19
67318,2
67319,11
67320,13
67321,13
67322,13
67323,1
67324,7
67325,13
67326,5
67327,11
67328,7
67329,11
67330,8
67331,13
67332,13
67333,18
67334,13
67335,18
67336,9
67337,22
67338,13
67339,21
67340,2
67341,2
67342,19
67343,7
67344,7
67345,17
67346,11
67347,13
67348,18
67349,11
67350,13
67351,0
67352,7
67353,18
67354,14
67355,19
67356,13
67357,12
67358,19
67359,10
67360,2
67361,7
67362,21
67363,11
67364,6
67365,21
67366,13
67367,11
67368,17
67369,19
67370,13
67371,19
67372,19
67373,18
67374,7
67375,13
67376,13
67377,18
67378,13
67379,21
67380,13
67381,9
67382,7
67383,1
67384,23
67385,0
67386,11
67387,3
67388,1
67389,22
67390,8
67391,19
67392,7
67393,7
67394,11
67395,5
67396,13
67397,11
67398,23
67399,22
67400,2
67401,2
67402,22
67403,7
67404,22
67405,11
67406,23
67407,0
67408,18
67409,18
67410,11
67411,9
67412,5
67413,7
67414,7
67415,13
67416,11
67417,14
67418,9
67419,13
67420,19
67421,13
67422,3
67423,9
67424,7
67425,7
67426,18
67427,11
67428,14
67429,11
67430,13
67431,13
67432,2
67433,13
67434,1
67435,5
67436,1
67437,0
67438,8
67439,0
67440,10
67441,22
67442,9
67443,22
67444,1
67445,19
67446,13
67447,13
67448,23
67449,18
67450,7
67451,13
67452,13
67453,16
67454,19
67455,22
67456,11
67457,7
67458,8
67459,13
67460,2
67461,14
67462,6
67463,13
67464,13
67465,19
67466,11
67467,19
67468,22
67469,3
67470,19
67471,13
67472,19
67473,13
67474,11
67475,19
67476,7
67477,21
67478,2
67479,13
67480,3
67481,4
67482,22
67483,18
67484,18
67485,19
67486,13
67487,21
67488,1
67489,11
67490,2
67491,19
67492,13
67493,9
67494,1
67495,22
67496,7
67497,13
67498,13
67499,8
67500,1
67501,1
67502,10
67503,18
67504,13
67505,22
67506,7
67507,13
67508,2
67509,19
67510,13
67511,13
67512,19
67513,2
67514,1
67515,1
67516,0
67517,19
67518,14
67519,8
67520,19
67521,18
67522,22
67523,13
67524,3
67525,6
67526,14
67527,22
67528,19
67529,2
67530,5
67531,4
67532,22
67533,13
67534,13
67535,14
67536,1
67537,19
67538,16
67539,2
67540,4
67541,14
67542,22
67543,11
67544,9
67545,2
67546,22
67547,13
67548,21
67549,23
67550,1
67551,22
67552,11
67553,3
67554,1
67555,1
67556,1
67557,7
67558,8
67559,23
67560,13
67561,16
67562,22
67563,1
67564,13
67565,1
67566,19
67567,11
67568,21
67569,20
67570,8
67571,13
67572,13
67573,13
67574,13
67575,1
67576,16
67577,2
67578,1
67579,13
67580,13
67581,11
67582,13
67583,11
67584,13
67585,13
67586,9
67587,13
67588,11
67589,1
67590,11
67591,1
67592,3
67593,4
67594,21
67595,22
67596,19
67597,1
67598,7
67599,21
67600,23
67601,9
67602,4
67603,13
67604,13
67605,15
67606,8
67607,7
67608,7
67609,16
67610,13
67611,18
67612,13
67613,3
67614,7
67615,23
67616,13
67617,22
67618,2
67619,19
67620,1
67621,13
67622,22
67623,10
67624,13
67625,19
67626,7
67627,6
67628,11
67629,13
67630,8
67631,19
67632,19
67633,2
67634,4
67635,18
67636,11
67637,18
67638,1
67639,18
67640,19
67641,19
67642,19
67643,4
67644,23
67645,14
67646,13
67647,1
67648,13
67649,14
67650,13
67651,22
67652,7
67653,13
67654,14
67655,13
67656,1
67657,7
67658,19
67659,11
67660,13
67661,14
67662,13
67663,13
67664,13
67665,7
67666,14
67667,23
67668,19
67669,10
67670,11
67671,18
67672,19
67673,14
67674,1
67675,13
67676,8
67677,13
67678,7
67679,22
67680,21
67681,5
67682,7
67683,22
67684,22
67685,11
67686,13
67687,13
67688,8
67689,11
67690,17
67691,2
67692,11
67693,11
67694,13
67695,4
67696,18
67697,13
67698,11
67699,18
67700,22
67701,1
67702,18
67703,11
67704,7
67705,1
67706,22
67707,7
67708,18
67709,21
67710,15
67711,21
67712,1
67713,22
67714,13
67715,19
67716,20
67717,13
67718,11
67719,15
67720,13
67721,18
67722,22
67723,15
67724,13
67725,21
67726,0
67727,13
67728,19
67729,1
67730,11
67731,21
67732,23
67733,13
67734,8
67735,7
67736,3
67737,18
67738,18
67739,9
67740,18
67741,18
67742,22
67743,1
67744,7
67745,11
67746,11
67747,13
67748,14
67749,23
67750,4
67751,2
67752,2
67753,14
67754,3
67755,19
67756,2
67757,11
67758,19
67759,11
67760,5
67761,19
67762,2
67763,13
67764,11
67765,19
67766,18
67767,19
67768,13
67769,7
67770,6
67771,11
67772,23
67773,2
67774,18
67775,7
67776,13
67777,5
67778,19
67779,21
67780,11
67781,14
67782,13
67783,7
67784,19
67785,13
67786,19
67787,1
67788,13
67789,2
67790,0
67791,19
67792,1
67793,13
67794,21
67795,13
67796,7
67797,18
67798,16
67799,2
67800,13
67801,23
67802,1
67803,11
67804,6
67805,19
67806,9
67807,22
67808,9
67809,7
67810,18
67811,13
67812,10
67813,19
67814,21
67815,3
67816,13
67817,1
67818,3
67819,18
67820,22
67821,11
67822,18
67823,19
67824,18
67825,18
67826,4
67827,11
67828,20
67829,22
67830,19
67831,21
67832,20
67833,1
67834,13
67835,7
67836,13
67837,22
67838,8
67839,13
67840,1
67841,1
67842,22
67843,13
67844,13
67845,19
67846,13
67847,10
67848,11
67849,10
67850,2
67851,2
67852,20
67853,11
67854,3
67855,6
67856,19
67857,11
67858,1
67859,19
67860,1
67861,7
67862,1
67863,5
67864,2
67865,19
67866,19
67867,13
67868,15
67869,18
67870,11
67871,13
67872,8
67873,18
67874,22
67875,2
67876,2
67877,14
67878,7
67879,8
67880,8
67881,22
67882,19
67883,13
67884,13
67885,4
67886,1
67887,21
67888,11
67889,18
67890,13
67891,7
67892,7
67893,19
67894,2
67895,18
67896,18
67897,9
67898,7
67899,13
67900,19
67901,1
67902,13
67903,13
67904,7
67905,18
67906,1
67907,7
67908,5
67909,17
67910,13
67911,21
67912,13
67913,13
67914,19
67915,11
67916,11
67917,19
67918,13
67919,7
67920,9
67921,4
67922,11
67923,4
67924,3
67925,7
67926,8
67927,11
67928,9
67929,13
67930,18
67931,18
67932,1
67933,11
67934,13
67935,14
67936,13
67937,1
67938,13
67939,20
67940,13
67941,11
67942,9
67943,13
67944,18
67945,7
67946,2
67947,21
67948,14
67949,14
67950,1
67951,14
67952,11
67953,7
67954,14
67955,22
67956,1
67957,11
67958,2
67959,17
67960,7
67961,19
67962,7
67963,19
67964,15
67965,3
67966,2
67967,1
67968,11
67969,7
67970,4
67971,19
67972,1
67973,19
67974,19
67975,1
67976,13
67977,2
67978,13
67979,18
67980,7
67981,18
67982,1
67983,8
67984,18
67985,6
67986,13
67987,13
67988,15
67989,22
67990,1
67991,14
67992,7
67993,3
67994,5
67995,7
67996,1
67997,7
67998,11
67999,1
68000,1
68001,18
68002,1
68003,22
68004,5
68005,15
68006,13
68007,7
68008,7
68009,2
68010,11
68011,1
68012,13
68013,13
68014,11
68015,7
68016,13
68017,22
68018,11
68019,3
68020,14
68021,21
68022,13
68023,6
68024,23
68025,18
68026,2
68027,2
68028,18
68029,1
68030,9
68031,2
68032,20
68033,1
68034,2
68035,19
68036,22
68037,8
68038,13
68039,11
68040,13
68041,21
68042,13
68043,6
68044,13
68045,13
68046,8
68047,13
68048,2
68049,19
68050,19
68051,21
68052,21
68053,5
68054,21
68055,8
68056,2
68057,13
68058,13
68059,3
68060,17
68061,18
68062,8
68063,9
68064,13
68065,19
68066,2
68067,13
68068,11
68069,19
68070,13
68071,13
68072,0
68073,18
68074,13
68075,2
68076,1
68077,22
68078,2
68079,18
68080,4
68081,22
68082,22
68083,11
68084,19
68085,5
68086,13
68087,13
68088,11
68089,1
68090,13
68091,1
68092,5
68093,10
68094,1
68095,11
68096,13
68097,1
68098,21
68099,11
68100,13
68101,19
68102,21
68103,14
68104,19
68105,19
68106,22
68107,11
68108,13
68109,7
68110,8
68111,11
68112,19
68113,9
68114,2
68115,21
68116,7
68117,13
68118,1
68119,13
68120,4
68121,19
68122,18
68123,19
68124,19
68125,7
68126,19
68127,15
68128,19
68129,10
68130,23
68131,11
68132,9
68133,2
68134,18
68135,13
68136,21
68137,7
68138,4
68139,0
68140,2
68141,19
68142,22
68143,1
68144,8
68145,11
68146,23
68147,10
68148,18
68149,23
68150,12
68151,19
68152,19
68153,11
68154,13
68155,19
68156,22
68157,14
68158,16
68159,18
68160,1
68161,11
68162,13
68163,23
68164,3
68165,13
68166,9
68167,7
68168,14
68169,13
68170,2
68171,21
68172,23
68173,21
68174,2
68175,13
68176,22
68177,1
68178,22
68179,1
68180,7
68181,6
68182,13
68183,2
68184,14
68185,22
68186,1
68187,22
68188,13
68189,21
68190,7
68191,9
68192,13
68193,7
68194,14
68195,20
68196,7
68197,19
68198,3
68199,9
68200,1
68201,8
68202,1
68203,14
68204,11
68205,5
68206,15
68207,19
68208,11
68209,7
68210,19
68211,13
68212,13
68213,14
68214,11
68215,13
68216,18
68217,22
68218,2
68219,1
68220,11
68221,1
68222,17
68223,13
68224,13
68225,19
68226,1
68227,16
68228,1
68229,13
68230,19
68231,5
68232,19
68233,1
68234,1
68235,11
68236,18
68237,7
68238,18
68239,14
68240,12
68241,4
68242,13
68243,13
68244,14
68245,14
68246,19
68247,1
68248,8
68249,18
68250,2
68251,4
68252,14
68253,13
68254,11
68255,22
68256,13
68257,13
68258,4
68259,14
68260,7
68261,18
68262,19
68263,7
68264,13
68265,1
68266,5
68267,1
68268,5
68269,9
68270,13
68271,13
68272,11
68273,1
68274,13
68275,13
68276,23
68277,7
68278,19
68279,5
68280,4
68281,13
68282,13
68283,12
68284,23
68285,13
68286,11
68287,13
68288,19
68289,5
68290,5
68291,18
68292,13
68293,19
68294,5
68295,13
68296,18
68297,13
68298,4
68299,18
68300,1
68301,11
68302,11
68303,9
68304,21
68305,22
68306,13
68307,5
68308,13
68309,19
68310,7
68311,13
68312,13
68313,1
68314,1
68315,7
68316,19
68317,19
68318,2
68319,3
68320,7
68321,13
68322,23
68323,1
68324,18
68325,11
68326,13
68327,11
68328,14
68329,8
68330,11
68331,18
68332,20
68333,22
68334,21
68335,1
68336,0
68337,2
68338,11
68339,7
68340,13
68341,19
68342,5
68343,22
68344,14
68345,21
68346,1
68347,2
68348,2
68349,1
68350,3
68351,2
68352,19
68353,18
68354,1
68355,22
68356,11
68357,13
68358,9
68359,13
68360,7
68361,14
68362,11
68363,2
68364,5
68365,2
68366,3
68367,2
68368,18
68369,5
68370,22
68371,4
68372,1
68373,1
68374,14
68375,18
68376,13
68377,13
68378,11
68379,13
68380,2
68381,1
68382,1
68383,13
68384,11
68385,7
68386,5
68387,18
68388,1
68389,13
68390,13
68391,2
68392,19
68393,7
68394,21
68395,13
68396,11
68397,13
68398,13
68399,13
68400,22
68401,18
68402,14
68403,22
68404,13
68405,19
68406,2
68407,1
68408,7
68409,13
68410,13
68411,10
68412,21
68413,2
68414,13
68415,8
68416,13
68417,13
68418,7
68419,13
68420,4
68421,1
68422,22
68423,5
68424,7
68425,2
68426,13
68427,9
68428,13
68429,18
68430,13
68431,13
68432,2
68433,11
68434,18
68435,20
68436,6
68437,19
68438,2
68439,2
68440,8
68441,4
68442,19
68443,13
68444,18
68445,12
68446,5
68447,13
68448,8
68449,21
68450,18
68451,1
68452,13
68453,10
68454,22
68455,19
68456,2
68457,14
68458,18
68459,13
68460,18
68461,13
68462,13
68463,23
68464,5
68465,11
68466,18
68467,4
68468,13
68469,18
68470,22
68471,1
68472,7
68473,22
68474,7
68475,1
68476,5
68477,22
68478,14
68479,1
68480,19
68481,19
68482,7
68483,2
68484,11
68485,7
68486,1
68487,13
68488,13
68489,13
68490,22
68491,14
68492,7
68493,21
68494,0
68495,7
68496,6
68497,11
68498,1
68499,19
68500,18
68501,1
68502,22
68503,11
68504,11
68505,19
68506,7
68507,1
68508,13
68509,18
68510,1
68511,13
68512,13
68513,0
68514,19
68515,11
68516,19
68517,11
68518,18
68519,1
68520,13
68521,23
68522,13
68523,18
68524,7
68525,13
68526,11
68527,13
68528,13
68529,18
68530,1
68531,11
68532,11
68533,21
68534,19
68535,13
68536,23
68537,13
68538,10
68539,7
68540,13
68541,0
68542,11
68543,11
68544,5
68545,13
68546,13
68547,14
68548,1
68549,1
68550,18
68551,8
68552,22
68553,3
68554,19
68555,1
68556,7
68557,11
68558,7
68559,11
68560,11
68561,22
68562,18
68563,7
68564,19
68565,8
68566,1
68567,14
68568,8
68569,11
68570,1
68571,19
68572,11
68573,19
68574,2
68575,11
68576,1
68577,21
68578,2
68579,11
68580,13
68581,1
68582,21
68583,4
68584,18
68585,2
68586,1
68587,2
68588,13
68589,13
68590,18
68591,13
68592,13
68593,17
68594,13
68595,16
68596,18
68597,11
68598,19
68599,13
68600,13
68601,13
68602,6
68603,7
68604,15
68605,13
68606,7
68607,21
68608,13
68609,11
68610,1
68611,2
68612,1
68613,19
68614,2
68615,19
68616,22
68617,2
68618,8
68619,19
68620,5
68621,2
68622,8
68623,19
68624,2
68625,23
68626,23
68627,13
68628,11
68629,23
68630,14
68631,9
68632,7
68633,11
68634,14
68635,3
68636,2
68637,1
68638,21
68639,19
68640,11
68641,7
68642,7
68643,11
68644,2
68645,11
68646,2
68647,19
68648,11
68649,1
68650,2
68651,11
68652,9
68653,6
68654,12
68655,14
68656,8
68657,5
68658,22
68659,18
68660,13
68661,13
68662,23
68663,13
68664,2
68665,5
68666,10
68667,2
68668,7
68669,22
68670,13
68671,13
68672,11
68673,23
68674,1
68675,1
68676,9
68677,11
68678,19
68679,13
68680,11
68681,18
68682,11
68683,11
68684,1
68685,13
68686,13
68687,21
68688,11
68689,14
68690,2
68691,13
68692,23
68693,13
68694,8
68695,19
68696,1
68697,7
68698,15
68699,7
68700,2
68701,13
68702,7
68703,21
68704,13
68705,11
68706,2
68707,18
68708,1
68709,13
68710,8
68711,22
68712,22
68713,19
68714,7
68715,12
68716,13
68717,1
68718,13
68719,7
68720,13
68721,18
68722,7
68723,4
68724,6
68725,13
68726,10
68727,19
68728,7
68729,1
68730,20
68731,23
68732,1
68733,13
68734,13
68735,19
68736,13
68737,7
68738,21
68739,1
68740,11
68741,11
68742,8
68743,13
68744,7
68745,14
68746,7
68747,21
68748,20
68749,13
68750,16
68751,1
68752,18
68753,7
68754,12
68755,2
68756,7
68757,13
68758,22
68759,4
68760,13
68761,13
68762,7
68763,7
68764,19
68765,7
68766,14
68767,7
68768,19
68769,13
68770,19
68771,2
68772,23
68773,22
68774,9
68775,2
68776,4
68777,19
68778,1
68779,21
68780,22
68781,13
68782,14
68783,1
68784,9
68785,18
68786,15
68787,23
68788,1
68789,18
68790,14
68791,8
68792,7
68793,1
68794,1
68795,22
68796,22
68797,11
68798,1
68799,1
68800,13
68801,7
68802,11
68803,1
68804,19
68805,14
68806,11
68807,2
68808,19
68809,8
68810,19
68811,2
68812,13
68813,9
68814,4
68815,19
68816,4
68817,5
68818,13
68819,18
68820,13
68821,7
68822,3
68823,13
68824,21
68825,18
68826,11
68827,21
68828,14
68829,13
68830,22
68831,13
68832,11
68833,21
68834,14
68835,11
68836,13
68837,2
68838,11
68839,2
68840,7
68841,7
68842,11
68843,18
68844,16
68845,19
68846,13
68847,2
68848,19
68849,22
68850,15
68851,1
68852,18
68853,22
68854,1
68855,23
68856,2
68857,10
68858,5
68859,11
68860,22
68861,1
68862,11
68863,13
68864,18
68865,13
68866,22
68867,1
68868,5
68869,7
68870,19
68871,8
68872,3
68873,18
68874,14
68875,14
68876,19
68877,11
68878,22
68879,13
68880,8
68881,1
68882,5
68883,1
68884,22
68885,23
68886,19
68887,5
68888,3
68889,8
68890,13
68891,14
68892,19
68893,13
68894,21
68895,13
68896,13
68897,14
68898,1
68899,2
68900,6
68901,18
68902,19
68903,6
68904,23
68905,13
68906,7
68907,14
68908,11
68909,16
68910,11
68911,13
68912,14
68913,19
68914,13
68915,1
68916,1
68917,1
68918,11
68919,9
68920,21
68921,2
68922,2
68923,11
68924,19
68925,13
68926,21
68927,13
68928,2
68929,1
68930,19
68931,19
68932,5
68933,13
68934,22
68935,19
68936,14
68937,10
68938,21
68939,13
68940,19
68941,7
68942,18
68943,2
68944,13
68945,13
68946,9
68947,20
68948,19
68949,18
68950,18
68951,13
68952,13
68953,20
68954,3
68955,13
68956,7
68957,4
68958,2
68959,11
68960,3
68961,11
68962,22
68963,13
68964,11
68965,7
68966,0
68967,1
68968,12
68969,13
68970,22
68971,18
68972,2
68973,19
68974,18
68975,2
68976,18
68977,3
68978,13
68979,11
68980,13
68981,14
68982,19
68983,15
68984,0
68985,11
68986,1
68987,13
68988,14
68989,1
68990,7
68991,13
68992,13
68993,21
68994,19
68995,4
68996,1
68997,9
68998,13
68999,13
69000,10
69001,13
69002,7
69003,22
69004,19
69005,2
69006,13
69007,9
69008,17
69009,21
69010,1
69011,11
69012,18
69013,11
69014,3
69015,13
69016,13
69017,13
69018,23
69019,7
69020,7
69021,1
69022,1
69023,23
69024,21
69025,11
69026,13
69027,2
69028,4
69029,7
69030,13
69031,7
69032,13
69033,11
69034,19
69035,22
69036,11
69037,3
69038,9
69039,18
69040,10
69041,0
69042,1
69043,20
69044,2
69045,11
69046,13
69047,2
69048,16
69049,18
69050,1
69051,10
69052,13
69053,1
69054,7
69055,13
69056,19
69057,1
69058,13
69059,7
69060,3
69061,22
69062,21
69063,21
69064,2
69065,13
69066,20
69067,13
69068,19
69069,10
69070,13
69071,13
69072,22
69073,2
69074,19
69075,19
69076,6
69077,13
69078,2
69079,13
69080,2
69081,7
69082,21
69083,3
69084,2
69085,13
69086,18
69087,13
69088,22
69089,1
69090,11
69091,19
69092,11
69093,7
69094,2
69095,19
69096,2
69097,2
69098,8
69099,8
69100,21
69101,13
69102,1
69103,11
69104,3
69105,13
69106,11
69107,21
69108,21
69109,13
69110,13
69111,14
69112,2
69113,18
69114,18
69115,6
69116,22
69117,8
69118,19
69119,21
69120,2
69121,14
69122,15
69123,13
69124,19
69125,11
69126,11
69127,16
69128,2
69129,2
69130,13
69131,19
69132,18
69133,13
69134,22
69135,13
69136,13
69137,19
69138,5
69139,1
69140,13
69141,3
69142,1
69143,13
69144,13
69145,11
69146,18
69147,13
69148,7
69149,14
69150,22
69151,7
69152,18
69153,14
69154,19
69155,15
69156,13
69157,7
69158,13
69159,22
69160,3
69161,14
69162,19
69163,13
69164,6
69165,2
69166,8
69167,11
69168,13
69169,21
69170,13
69171,2
69172,19
69173,13
69174,4
69175,4
69176,13
69177,4
69178,15
69179,6
69180,6
69181,7
69182,5
69183,13
69184,14
69185,11
69186,1
69187,1
69188,2
69189,18
69190,11
69191,9
69192,4
69193,13
69194,13
69195,2
69196,18
69197,18
69198,14
69199,13
69200,11
69201,13
69202,11
69203,23
69204,2
69205,23
69206,18
69207,11
69208,9
69209,13
69210,19
69211,7
69212,11
69213,23
69214,20
69215,19
69216,13
69217,19
69218,1
69219,5
69220,11
69221,18
69222,13
69223,6
69224,6
69225,2
69226,22
69227,7
69228,1
69229,1
69230,11
69231,11
69232,13
69233,19
69234,11
69235,19
69236,1
69237,13
69238,8
69239,14
69240,13
69241,11
69242,20
69243,13
69244,13
69245,15
69246,7
69247,21
69248,18
69249,11
69250,18
69251,7
69252,14
69253,2
69254,21
69255,19
69256,18
69257,16
69258,7
69259,11
69260,14
69261,21
69262,11
69263,1
69264,10
69265,9
69266,2
69267,11
69268,22
69269,7
69270,13
69271,0
69272,16
69273,19
69274,22
69275,3
69276,11
69277,18
69278,14
69279,19
69280,3
69281,22
69282,14
69283,13
69284,1
69285,22
69286,1
69287,18
69288,4
69289,20
69290,8
69291,13
69292,11
69293,7
69294,10
69295,1
69296,8
69297,2
69298,13
69299,1
69300,22
69301,22
69302,11
69303,11
69304,1
69305,7
69306,4
69307,11
69308,2
69309,1
69310,7
69311,11
69312,7
69313,1
69314,21
69315,21
69316,5
69317,7
69318,18
69319,18
69320,13
69321,7
69322,19
69323,19
69324,10
69325,11
69326,7
69327,7
69328,11
69329,9
69330,15
69331,2
69332,19
69333,23
69334,7
69335,13
69336,3
69337,1
69338,11
69339,19
69340,1
69341,18
69342,22
69343,11
69344,13
69345,19
69346,4
69347,2
69348,11
69349,22
69350,19
69351,23
69352,13
69353,13
69354,22
69355,6
69356,19
69357,18
69358,23
69359,2
69360,13
69361,7
69362,19
69363,11
69364,13
69365,1
69366,13
69367,13
69368,21
69369,11
69370,11
69371,8
69372,1
69373,14
69374,11
69375,11
69376,1
69377,22
69378,9
69379,2
69380,13
69381,6
69382,7
69383,9
69384,13
69385,7
69386,19
69387,19
69388,13
69389,12
69390,19
69391,7
69392,1
69393,13
69394,7
69395,1
69396,2
69397,8
69398,22
69399,11
69400,2
69401,19
69402,3
69403,22
69404,13
69405,13
69406,13
69407,11
69408,21
69409,14
69410,1
69411,19
69412,1
69413,1
69414,13
69415,6
69416,18
69417,19
69418,2
69419,13
69420,1
69421,19
69422,18
69423,11
69424,9
69425,13
69426,11
69427,13
69428,13
69429,11
69430,6
69431,11
69432,13
69433,14
69434,18
69435,9
69436,11
69437,19
69438,7
69439,1
69440,2
69441,2
69442,22
69443,13
69444,22
69445,1
69446,14
69447,17
69448,18
69449,14
69450,9
69451,7
69452,7
69453,15
69454,18
69455,19
69456,13
69457,22
69458,13
69459,2
69460,4
69461,2
69462,1
69463,13
69464,4
69465,23
69466,11
69467,2
69468,21
69469,22
69470,11
69471,13
69472,11
69473,19
69474,2
69475,18
69476,7
69477,11
69478,14
69479,1
69480,1
69481,7
69482,19
69483,14
69484,13
69485,13
69486,18
69487,18
69488,2
69489,7
69490,8
69491,13
69492,7
69493,2
69494,22
69495,5
69496,11
69497,13
69498,10
69499,18
69500,21
69501,2
69502,13
69503,13
69504,1
69505,13
69506,10
69507,14
69508,7
69509,11
69510,18
69511,7
69512,11
69513,7
69514,8
69515,7
69516,2
69517,19
69518,14
69519,19
69520,1
69521,7
69522,13
69523,11
69524,1
69525,21
69526,22
69527,11
69528,13
69529,22
69530,13
69531,5
69532,18
69533,19
69534,13
69535,13
69536,7
69537,15
69538,22
69539,20
69540,3
69541,18
69542,18
69543,3
69544,20
69545,0
69546,22
69547,19
69548,14
69549,22
69550,18
69551,3
69552,5
69553,18
69554,18
69555,19
69556,19
69557,2
69558,2
69559,7
69560,5
69561,7
69562,14
69563,1
69564,8
69565,18
69566,11
69567,2
69568,4
69569,13
69570,19
69571,8
69572,7
69573,7
69574,7
69575,2
69576,7
69577,4
69578,22
69579,16
69580,13
69581,5
69582,18
69583,2
69584,13
69585,20
69586,3
69587,18
69588,13
69589,9
69590,7
69591,17
69592,11
69593,2
69594,1
69595,13
69596,10
69597,13
69598,21
69599,11
69600,5
69601,7
69602,11
69603,13
69604,18
69605,19
69606,7
69607,15
69608,11
69609,19
69610,19
69611,13
69612,13
69613,7
69614,13
69615,13
69616,5
69617,22
69618,11
69619,13
69620,11
69621,7
69622,11
69623,13
69624,19
69625,13
69626,1
69627,22
69628,11
69629,2
69630,5
69631,11
69632,11
69633,2
69634,8
69635,11
69636,8
69637,14
69638,22
69639,7
69640,18
69641,19
69642,2
69643,19
69644,11
69645,7
69646,5
69647,6
69648,19
69649,18
69650,13
69651,13
69652,19
69653,7
69654,1
69655,2
69656,21
69657,23
69658,11
69659,7
69660,13
69661,19
69662,13
69663,3
69664,22
69665,6
69666,11
69667,19
69668,20
69669,14
69670,21
69671,1
69672,13
69673,19
69674,2
69675,13
69676,23
69677,1
69678,5
69679,13
69680,13
69681,13
69682,13
69683,11
69684,13
69685,14
69686,20
69687,14
69688,0
69689,16
69690,5
69691,20
69692,13
69693,2
69694,15
69695,11
69696,7
69697,2
69698,13
69699,7
69700,1
69701,18
69702,1
69703,23
69704,16
69705,7
69706,22
69707,4
69708,2
69709,6
69710,7
69711,13
69712,12
69713,18
69714,13
69715,18
69716,1
69717,11
69718,19
69719,18
69720,11
69721,13
69722,2
69723,8
69724,11
69725,21
69726,23
69727,19
69728,3
69729,5
69730,7
69731,11
69732,11
69733,13
69734,19
69735,1
69736,1
69737,7
69738,11
69739,1
69740,16
69741,13
69742,7
69743,22
69744,14
69745,13
69746,3
69747,1
69748,11
69749,2
69750,9
69751,11
69752,4
69753,13
69754,18
69755,13
69756,1
69757,7
69758,2
69759,13
69760,13
69761,13
69762,13
69763,22
69764,13
69765,5
69766,22
69767,18
69768,1
69769,11
69770,2
69771,9
69772,13
69773,13
69774,0
69775,18
69776,11
69777,22
69778,19
69779,8
69780,11
69781,4
69782,13
69783,18
69784,4
69785,1
69786,1
69787,8
69788,19
69789,2
69790,7
69791,4
69792,13
69793,2
69794,1
69795,23
69796,12
69797,13
69798,19
69799,1
69800,1
69801,22
69802,11
69803,21
69804,17
69805,18
69806,11
69807,1
69808,19
69809,18
69810,13
69811,19
69812,2
69813,1
69814,13
69815,22
69816,14
69817,13
69818,22
69819,10
69820,11
69821,13
69822,10
69823,13
69824,1
69825,1
69826,7
69827,11
69828,1
69829,14
69830,21
69831,1
69832,8
69833,4
69834,2
69835,3
69836,1
69837,18
69838,8
69839,13
69840,2
69841,21
69842,14
69843,11
69844,13
69845,19
69846,11
69847,4
69848,23
69849,11
69850,11
69851,13
69852,0
69853,2
69854,14
69855,1
69856,19
69857,13
69858,7
69859,18
69860,13
69861,14
69862,22
69863,14
69864,18
69865,7
69866,22
69867,21
69868,13
69869,13
69870,14
69871,3
69872,22
69873,13
69874,10
69875,23
69876,23
69877,21
69878,16
69879,11
69880,13
69881,7
69882,1
69883,19
69884,13
69885,11
69886,19
69887,18
69888,7
69889,14
69890,1
69891,11
69892,11
69893,14
69894,14
69895,13
69896,11
69897,22
69898,7
69899,1
69900,12
69901,13
69902,23
69903,0
69904,2
69905,13
69906,18
69907,7
69908,2
69909,11
69910,19
69911,11
69912,13
69913,2
69914,0
69915,1
69916,11
69917,22
69918,23
69919,7
69920,18
69921,13
69922,7
69923,1
69924,14
69925,18
69926,13
69927,18
69928,7
69929,10
69930,2
69931,18
69932,13
69933,3
69934,19
69935,13
69936,1
69937,13
69938,7
69939,3
69940,23
69941,11
69942,14
69943,7
69944,22
69945,11
69946,2
69947,19
69948,13
69949,9
69950,4
69951,13
69952,13
69953,18
69954,8
69955,11
69956,7
69957,2
69958,13
69959,18
69960,5
69961,1
69962,21
69963,19
69964,1
69965,1
69966,6
69967,22
69968,2
69969,4
69970,3
69971,7
69972,1
69973,18
69974,14
69975,22
69976,20
69977,13
69978,11
69979,21
69980,1
69981,17
69982,10
69983,18
69984,18
69985,11
69986,22
69987,3
69988,1
69989,7
69990,16
69991,7
69992,10
69993,18
69994,1
69995,11
69996,22
69997,9
69998,4
69999,21
70000,19
70001,11
70002,7
70003,13
70004,19
70005,22
70006,13
70007,13
70008,17
70009,2
70010,13
70011,18
70012,9
70013,13
70014,7
70015,13
70016,2
70017,13
70018,1
70019,10
70020,14
70021,16
70022,13
70023,7
70024,8
70025,21
70026,2
70027,13
70028,0
70029,1
70030,2
70031,11
70032,5
70033,18
70034,7
70035,19
70036,2
70037,3
70038,11
70039,19
70040,19
70041,5
70042,18
70043,19
70044,19
70045,2
70046,10
70047,18
70048,1
70049,19
70050,19
70051,7
70052,18
70053,19
70054,21
70055,18
70056,18
70057,13
70058,21
70059,21
70060,13
70061,13
70062,11
70063,18
70064,11
70065,22
70066,2
70067,16
70068,19
70069,1
70070,2
70071,18
70072,4
70073,19
70074,5
70075,22
70076,18
70077,21
70078,8
70079,19
70080,1
70081,13
70082,22
70083,13
70084,21
70085,23
70086,2
70087,2
70088,7
70089,19
70090,13
70091,13
70092,7
70093,1
70094,1
70095,14
70096,13
70097,1
70098,5
70099,11
70100,1
70101,13
70102,11
70103,11
70104,17
70105,1
70106,19
70107,8
70108,19
70109,8
70110,3
70111,13
70112,11
70113,22
70114,4
70115,11
70116,4
70117,1
70118,7
70119,1
70120,23
70121,18
70122,1
70123,13
70124,4
70125,18
70126,18
70127,8
70128,2
70129,13
70130,8
70131,13
70132,7
70133,5
70134,1
70135,7
70136,21
70137,13
70138,4
70139,19
70140,22
70141,1
70142,18
70143,18
70144,1
70145,11
70146,6
70147,13
70148,13
70149,13
70150,18
70151,19
70152,11
70153,23
70154,10
70155,7
70156,4
70157,2
70158,13
70159,1
70160,7
70161,14
70162,14
70163,18
70164,14
70165,5
70166,1
70167,14
70168,11
70169,5
70170,2
70171,12
70172,4
70173,1
70174,9
70175,11
70176,22
70177,5
70178,1
70179,2
70180,3
70181,5
70182,3
70183,11
70184,22
70185,10
70186,5
70187,19
70188,13
70189,13
70190,10
70191,11
70192,14
70193,8
70194,7
70195,2
70196,6
70197,14
70198,8
70199,1
70200,10
70201,1
70202,14
70203,7
70204,13
70205,16
70206,7
70207,16
70208,23
70209,8
70210,19
70211,2
70212,4
70213,1
70214,19
70215,13
70216,22
70217,21
70218,10
70219,22
70220,21
70221,23
70222,13
70223,19
70224,7
70225,19
70226,11
70227,11
70228,19
70229,1
70230,18
70231,22
70232,21
70233,9
70234,2
70235,11
70236,1
70237,7
70238,19
70239,23
70240,4
70241,13
70242,23
70243,11
70244,11
70245,7
70246,22
70247,2
70248,0
70249,0
70250,4
70251,7
70252,19
70253,18
70254,19
70255,22
70256,1
70257,13
70258,13
70259,22
70260,13
70261,18
70262,11
70263,15
70264,1
70265,11
70266,13
70267,13
70268,14
70269,18
70270,19
70271,2
70272,0
70273,7
70274,13
70275,13
70276,13
70277,1
70278,22
70279,19
70280,22
70281,11
70282,11
70283,18
70284,0
70285,19
70286,19
70287,2
70288,11
70289,15
70290,13
70291,19
70292,13
70293,13
70294,22
70295,18
70296,5
70297,18
70298,13
70299,14
70300,13
70301,19
70302,11
70303,4
70304,13
70305,8
70306,13
70307,13
70308,13
70309,14
70310,1
70311,7
70312,2
70313,7
70314,13
70315,18
70316,2
70317,22
70318,15
70319,18
70320,22
70321,11
70322,1
70323,16
70324,22
70325,19
70326,14
70327,18
70328,10
70329,22
70330,0
70331,13
70332,13
70333,6
70334,22
70335,18
70336,10
70337,19
70338,2
70339,13
70340,13
70341,1
70342,7
70343,20
70344,20
70345,13
70346,4
70347,7
70348,1
70349,13
70350,13
70351,13
70352,19
70353,3
70354,19
70355,1
70356,22
70357,4
70358,16
70359,7
70360,15
70361,22
70362,13
70363,13
70364,11
70365,19
70366,7
70367,2
70368,18
70369,11
70370,5
70371,13
70372,2
70373,3
70374,2
70375,11
70376,18
70377,13
70378,22
70379,11
70380,19
70381,18
70382,19
70383,9
70384,11
70385,18
70386,15
70387,22
70388,2
70389,18
70390,13
70391,13
70392,19
70393,13
70394,8
70395,18
70396,13
70397,10
70398,11
70399,18
70400,2
70401,19
70402,4
70403,14
70404,1
70405,7
70406,2
70407,18
70408,21
70409,13
70410,11
70411,2
70412,13
70413,13
70414,19
70415,11
70416,1
70417,7
70418,3
70419,13
70420,12
70421,1
70422,14
70423,13
70424,19
70425,7
70426,14
70427,0
70428,9
70429,11
70430,19
70431,18
70432,13
70433,13
70434,22
70435,13
70436,18
70437,19
70438,13
70439,8
70440,10
70441,4
70442,13
70443,11
70444,22
70445,21
70446,21
70447,21
70448,8
70449,13
70450,18
70451,13
70452,1
70453,21
70454,18
70455,13
70456,1
70457,19
70458,13
70459,2
70460,10
70461,11
70462,22
70463,16
70464,3
70465,18
70466,13
70467,11
70468,13
70469,14
70470,7
70471,11
70472,18
70473,1
70474,1
70475,2
70476,23
70477,6
70478,18
70479,9
70480,7
70481,4
70482,11
70483,12
70484,14
70485,13
70486,18
70487,18
70488,1
70489,11
70490,19
70491,14
70492,13
70493,1
70494,22
70495,1
70496,19
70497,7
70498,11
70499,13
70500,7
70501,10
70502,11
70503,13
70504,1
70505,2
70506,13
70507,19
70508,1
70509,2
70510,5
70511,2
70512,22
70513,7
70514,19
70515,7
70516,0
70517,13
70518,13
70519,11
70520,13
70521,5
70522,1
70523,19
70524,10
70525,2
70526,10
70527,14
70528,11
70529,19
70530,13
70531,19
70532,18
70533,23
70534,2
70535,18
70536,13
70537,6
70538,13
70539,1
70540,5
70541,1
70542,11
70543,11
70544,0
70545,22
70546,11
70547,18
70548,13
70549,13
70550,18
70551,15
70552,19
70553,19
70554,19
70555,2
70556,23
70557,19
70558,8
70559,11
70560,13
70561,2
70562,11
70563,13
70564,2
70565,23
70566,20
70567,6
70568,8
70569,23
70570,4
70571,13
70572,19
70573,21
70574,2
70575,13
70576,1
70577,16
70578,4
70579,7
70580,21
70581,13
70582,19
70583,21
70584,7
70585,19
70586,11
70587,22
70588,18
70589,23
70590,3
70591,11
70592,1
70593,11
70594,1
70595,13
70596,19
70597,14
70598,13
70599,1
70600,14
70601,13
70602,11
70603,13
70604,15
70605,21
70606,8
70607,1
70608,18
70609,13
70610,1
70611,5
70612,13
70613,11
70614,7
70615,13
70616,11
70617,13
70618,0
70619,14
70620,22
70621,5
70622,3
70623,1
70624,7
70625,1
70626,1
70627,21
70628,11
70629,9
70630,13
70631,8
70632,14
70633,15
70634,22
70635,11
70636,2
70637,11
70638,13
70639,5
70640,23
70641,11
70642,13
70643,7
70644,7
70645,2
70646,13
70647,22
70648,9
70649,14
70650,13
70651,18
70652,14
70653,2
70654,0
70655,13
70656,11
70657,13
70658,13
70659,2
70660,9
70661,11
70662,19
70663,18
70664,22
70665,6
70666,1
70667,11
70668,23
70669,13
70670,9
70671,21
70672,13
70673,7
70674,11
70675,22
70676,19
70677,13
70678,13
70679,1
70680,1
70681,19
70682,16
70683,20
70684,1
70685,19
70686,3
70687,1
70688,0
70689,1
70690,18
70691,1
70692,9
70693,15
70694,13
70695,21
70696,8
70697,22
70698,1
70699,7
70700,11
70701,14
70702,13
70703,13
70704,18
70705,15
70706,11
70707,13
70708,21
70709,14
70710,7
70711,13
70712,13
70713,1
70714,11
70715,21
70716,6
70717,13
70718,9
70719,1
70720,21
70721,1
70722,4
70723,0
70724,8
70725,23
70726,1
70727,4
70728,13
70729,14
70730,0
70731,11
70732,1
70733,6
70734,21
70735,13
70736,23
70737,1
70738,19
70739,13
70740,14
70741,11
70742,8
70743,14
70744,9
70745,3
70746,21
70747,5
70748,1
70749,2
70750,16
70751,0
70752,3
70753,21
70754,19
70755,13
70756,8
70757,1
70758,13
70759,13
70760,20
70761,1
70762,22
70763,21
70764,2
70765,2
70766,13
70767,10
70768,19
70769,13
70770,3
70771,14
70772,13
70773,9
70774,4
70775,22
70776,22
70777,11
70778,19
70779,10
70780,1
70781,7
70782,19
70783,19
70784,2
70785,23
70786,13
70787,8
70788,18
70789,2
70790,20
70791,2
70792,8
70793,2
70794,14
70795,14
70796,16
70797,2
70798,19
70799,7
70800,6
70801,8
70802,2
70803,7
70804,11
70805,7
70806,11
70807,2
70808,19
70809,2
70810,7
70811,13
70812,23
70813,5
70814,21
70815,13
70816,23
70817,14
70818,13
70819,1
70820,4
70821,14
70822,9
70823,23
70824,13
70825,19
70826,19
70827,11
70828,7
70829,7
70830,7
70831,8
70832,23
70833,11
70834,19
70835,13
70836,18
70837,1
70838,1
70839,13
70840,7
70841,23
70842,3
70843,11
70844,11
70845,22
70846,1
70847,13
70848,11
70849,18
70850,13
70851,13
70852,14
70853,19
70854,13
70855,21
70856,19
70857,19
70858,5
70859,15
70860,2
70861,12
70862,13
70863,11
70864,13
70865,7
70866,22
70867,13
70868,22
70869,3
70870,11
70871,23
70872,1
70873,13
70874,22
70875,23
70876,19
70877,1
70878,2
70879,11
70880,11
70881,9
70882,11
70883,18
70884,7
70885,11
70886,18
70887,13
70888,1
70889,16
70890,19
70891,18
70892,10
70893,2
70894,11
70895,21
70896,18
70897,1
70898,22
70899,13
70900,23
70901,18
70902,1
70903,2
70904,19
70905,11
70906,13
70907,19
70908,19
70909,3
70910,3
70911,19
70912,19
70913,6
70914,20
70915,11
70916,13
70917,22
70918,18
70919,18
70920,1
70921,2
70922,11
70923,21
70924,13
70925,19
70926,11
70927,8
70928,13
70929,11
70930,18
70931,12
70932,11
70933,11
70934,13
70935,7
70936,15
70937,8
70938,0
70939,7
70940,5
70941,13
70942,20
70943,13
70944,1
70945,19
70946,14
70947,14
70948,4
70949,13
70950,18
70951,13
70952,9
70953,7
70954,7
70955,3
70956,18
70957,13
70958,2
70959,22
70960,4
70961,1
70962,19
70963,19
70964,7
70965,2
70966,14
70967,2
70968,1
70969,23
70970,11
70971,2
70972,3
70973,13
70974,11
70975,14
70976,13
70977,21
70978,21
70979,13
70980,14
70981,8
70982,13
70983,22
70984,19
70985,8
70986,18
70987,2
70988,3
70989,13
70990,11
70991,19
70992,11
70993,13
70994,5
70995,13
70996,11
70997,3
70998,11
70999,7
71000,9
71001,13
71002,3
71003,13
71004,13
71005,19
71006,1
71007,7
71008,11
71009,13
71010,0
71011,11
71012,13
71013,16
71014,17
71015,21
71016,19
71017,2
71018,3
71019,11
71020,23
71021,6
71022,7
71023,4
71024,6
71025,2
71026,19
71027,16
71028,1
71029,22
71030,13
71031,5
71032,18
71033,19
71034,13
71035,19
71036,13
71037,14
71038,10
71039,4
71040,4
71041,19
71042,18
71043,21
71044,2
71045,5
71046,3
71047,13
71048,21
71049,13
71050,19
71051,13
71052,1
71053,2
71054,22
71055,21
71056,5
71057,0
71058,20
71059,22
71060,3
71061,13
71062,9
71063,2
71064,16
71065,22
71066,3
71067,13
71068,23
71069,18
71070,7
71071,14
71072,21
71073,2
71074,14
71075,6
71076,13
71077,7
71078,18
71079,13
71080,2
71081,11
71082,19
71083,13
71084,11
71085,13
71086,13
71087,13
71088,11
71089,13
71090,19
71091,4
71092,21
71093,16
71094,1
71095,21
71096,5
71097,5
71098,9
71099,18
71100,2
71101,13
71102,19
71103,13
71104,13
71105,18
71106,13
71107,1
71108,17
71109,20
71110,1
71111,2
71112,11
71113,11
71114,1
71115,11
71116,3
71117,2
71118,7
71119,22
71120,11
71121,6
71122,13
71123,6
71124,2
71125,13
71126,21
71127,5
71128,2
71129,18
71130,11
71131,18
71132,13
71133,13
71134,1
71135,1
71136,2
71137,2
71138,6
71139,6
71140,5
71141,11
71142,19
71143,19
71144,7
71145,13
71146,11
71147,19
71148,21
71149,19
71150,11
71151,19
71152,13
71153,21
71154,14
71155,18
71156,11
71157,11
71158,2
71159,7
71160,22
71161,2
71162,1
71163,9
71164,18
71165,1
71166,5
71167,13
71168,13
71169,21
71170,22
71171,21
71172,13
71173,13
71174,22
71175,14
71176,14
71177,18
71178,21
71179,11
71180,22
71181,4
71182,22
71183,1
71184,11
71185,5
71186,20
71187,8
71188,11
71189,3
71190,13
71191,7
71192,14
71193,19
71194,18
71195,21
71196,3
71197,2
71198,13
71199,2
71200,7
71201,19
71202,7
71203,10
71204,13
71205,1
71206,13
71207,18
71208,1
71209,3
71210,13
71211,18
71212,7
71213,13
71214,18
71215,4
71216,13
71217,1
71218,23
71219,19
71220,1
71221,10
71222,3
71223,7
71224,18
71225,22
71226,1
71227,7
71228,13
71229,21
71230,2
71231,1
71232,1
71233,11
71234,18
71235,3
71236,14
71237,2
71238,2
71239,13
71240,1
71241,2
71242,22
71243,6
71244,8
71245,19
71246,18
71247,9
71248,19
71249,11
71250,23
71251,13
71252,13
71253,16
71254,7
71255,1
71256,19
71257,14
71258,13
71259,11
71260,2
71261,1
71262,1
71263,13
71264,19
71265,14
71266,1
71267,21
71268,13
71269,22
71270,13
71271,18
71272,11
71273,7
71274,18
71275,11
71276,13
71277,1
71278,23
71279,23
71280,7
71281,11
71282,13
71283,19
71284,1
71285,22
71286,18
71287,7
71288,2
71289,19
71290,7
71291,18
71292,18
71293,19
71294,19
71295,13
71296,2
71297,14
71298,11
71299,13
71300,1
71301,19
71302,22
71303,2
71304,1
71305,13
71306,19
71307,5
71308,15
71309,22
71310,19
71311,1
71312,7
71313,2
71314,8
71315,2
71316,11
71317,11
71318,20
71319,3
71320,5
71321,19
71322,13
71323,0
71324,20
71325,2
71326,7
71327,23
71328,2
71329,13
71330,13
71331,19
71332,20
71333,0
71334,2
71335,16
71336,20
71337,13
71338,13
71339,2
71340,12
71341,13
71342,19
71343,11
71344,22
71345,4
71346,18
71347,5
71348,13
71349,1
71350,11
71351,19
71352,7
71353,13
71354,13
71355,13
71356,19
71357,1
71358,19
71359,2
71360,18
71361,13
71362,13
71363,2
71364,22
71365,5
71366,1
71367,2
71368,19
71369,19
71370,1
71371,20
71372,13
71373,18
71374,14
71375,11
71376,11
71377,13
71378,13
71379,13
71380,13
71381,13
71382,7
71383,16
71384,22
71385,11
71386,18
71387,10
71388,13
71389,16
71390,16
71391,19
71392,2
71393,22
71394,1
71395,19
71396,11
71397,9
71398,19
71399,18
71400,7
71401,19
71402,7
71403,9
71404,11
71405,21
71406,2
71407,7
71408,2
71409,6
71410,15
71411,1
71412,13
71413,11
71414,14
71415,13
71416,7
71417,7
71418,11
71419,13
71420,9
71421,11
71422,2
71423,19
71424,14
71425,13
71426,2
71427,2
71428,19
71429,23
71430,2
71431,22
71432,13
71433,5
71434,11
71435,7
71436,22
71437,19
71438,1
71439,1
71440,1
71441,13
71442,13
71443,11
71444,19
71445,13
71446,13
71447,22
71448,14
71449,11
71450,20
71451,21
71452,11
71453,11
71454,14
71455,1
71456,19
71457,13
71458,23
71459,13
71460,19
71461,13
71462,19
71463,13
71464,1
71465,22
71466,19
71467,18
71468,11
71469,7
71470,18
71471,1
71472,23
71473,20
71474,12
71475,18
71476,11
71477,9
71478,17
71479,13
71480,1
71481,13
71482,13
71483,11
71484,22
71485,10
71486,18
71487,19
71488,13
71489,18
71490,11
71491,1
71492,14
71493,13
71494,5
71495,22
71496,13
71497,2
71498,13
71499,13
71500,7
71501,19
71502,13
71503,19
71504,18
71505,18
71506,2
71507,11
71508,13
71509,11
71510,4
71511,13
71512,7
71513,7
71514,18
71515,13
71516,19
71517,13
71518,1
71519,10
71520,22
71521,7
71522,5
71523,18
71524,21
71525,21
71526,11
71527,8
71528,14
71529,11
71530,13
71531,7
71532,2
71533,21
71534,21
71535,2
71536,21
71537,7
71538,22
71539,21
71540,19
71541,7
71542,13
71543,2
71544,23
71545,2
71546,0
71547,14
71548,1
71549,4
71550,1
71551,14
71552,9
71553,18
71554,1
71555,18
71556,2
71557,21
71558,7
71559,23
71560,13
71561,21
71562,11
71563,1
71564,2
71565,13
71566,7
71567,11
71568,22
71569,1
71570,18
71571,5
71572,17
71573,22
71574,1
71575,13
71576,7
71577,21
71578,22
71579,13
71580,1
71581,13
71582,8
71583,5
71584,2
71585,11
71586,7
71587,2
71588,18
71589,8
71590,11
71591,5
71592,7
71593,6
71594,11
71595,19
71596,23
71597,10
71598,6
71599,11
71600,22
71601,13
71602,12
71603,15
71604,10
71605,2
71606,18
71607,3
71608,18
71609,3
71610,13
71611,13
71612,13
71613,13
71614,11
71615,19
71616,21
71617,22
71618,13
71619,18
71620,20
71621,14
71622,8
71623,13
71624,22
71625,22
71626,22
71627,18
71628,5
71629,18
71630,9
71631,13
71632,13
71633,2
71634,19
71635,11
71636,10
71637,0
71638,11
71639,6
71640,8
71641,19
71642,13
71643,23
71644,4
71645,19
71646,1
71647,22
71648,1
71649,13
71650,22
71651,14
71652,15
71653,11
71654,22
71655,13
71656,22
71657,18
71658,13
71659,23
71660,13
71661,21
71662,1
71663,7
71664,12
71665,19
71666,21
71667,18
71668,11
71669,1
71670,11
71671,7
71672,8
71673,11
71674,19
71675,1
71676,11
71677,18
71678,19
71679,4
71680,22
71681,11
71682,23
71683,11
71684,13
71685,2
71686,7
71687,21
71688,7
71689,7
71690,10
71691,13
71692,17
71693,2
71694,14
71695,13
71696,7
71697,13
71698,19
71699,7
71700,13
71701,13
71702,2
71703,8
71704,19
71705,13
71706,23
71707,13
71708,1
71709,7
71710,12
71711,13
71712,1
71713,7
71714,5
71715,15
71716,1
71717,2
71718,2
71719,8
71720,21
71721,1
71722,13
71723,9
71724,9
71725,19
71726,18
71727,19
71728,7
71729,7
71730,2
71731,14
71732,13
71733,4
71734,13
71735,14
71736,0
71737,19
71738,13
71739,18
71740,18
71741,20
71742,11
71743,13
71744,1
71745,18
71746,1
71747,11
71748,21
71749,13
71750,18
71751,22
71752,2
71753,22
71754,11
71755,13
71756,0
71757,21
71758,1
71759,13
71760,11
71761,2
71762,20
71763,5
71764,2
71765,10
71766,13
71767,7
71768,18
71769,11
71770,18
71771,1
71772,13
71773,11
71774,2
71775,1
71776,0
71777,10
71778,1
71779,16
71780,2
71781,11
71782,13
71783,1
71784,18
71785,22
71786,14
71787,2
71788,18
71789,13
71790,22
71791,19
71792,14
71793,2
71794,13
71795,13
71796,18
71797,14
71798,3
71799,14
71800,22
71801,1
71802,7
71803,1
71804,11
71805,18
71806,7
71807,19
71808,22
71809,19
71810,14
71811,7
71812,13
71813,1
71814,7
71815,10
71816,13
71817,22
71818,2
71819,7
71820,19
71821,11
71822,5
71823,13
71824,18
71825,7
71826,22
71827,13
71828,11
71829,23
71830,11
71831,1
71832,19
71833,1
71834,11
71835,11
71836,12
71837,2
71838,13
71839,3
71840,2
71841,19
71842,1
71843,22
71844,8
71845,2
71846,13
71847,12
71848,7
71849,3
71850,6
71851,15
71852,11
71853,1
71854,1
71855,5
71856,8
71857,20
71858,3
71859,11
71860,8
71861,20
71862,11
71863,17
71864,2
71865,1
71866,18
71867,7
71868,4
71869,18
71870,14
71871,22
71872,13
71873,11
71874,13
71875,2
71876,18
71877,11
71878,19
71879,8
71880,14
71881,18
71882,9
71883,13
71884,23
71885,22
71886,22
71887,11
71888,13
71889,13
71890,13
71891,21
71892,14
71893,2
71894,4
71895,11
71896,13
71897,19
71898,13
71899,14
71900,13
71901,13
71902,13
71903,11
71904,2
71905,19
71906,22
71907,18
71908,5
71909,2
71910,13
71911,7
71912,22
71913,1
71914,13
71915,19
71916,11
71917,12
71918,21
71919,18
71920,9
71921,13
71922,7
71923,2
71924,13
71925,11
71926,21
71927,7
71928,22
71929,13
71930,23
71931,1
71932,13
71933,13
71934,11
71935,7
71936,13
71937,13
71938,11
71939,7
71940,13
71941,13
71942,1
71943,19
71944,3
71945,10
71946,2
71947,1
71948,5
71949,13
71950,3
71951,19
71952,1
71953,11
71954,8
71955,23
71956,13
71957,7
71958,7
71959,3
71960,9
71961,19
71962,18
71963,4
71964,11
71965,19
71966,13
71967,15
71968,11
71969,18
71970,19
71971,11
71972,13
71973,19
71974,10
71975,7
71976,19
71977,8
71978,13
71979,18
71980,13
71981,7
71982,13
71983,13
71984,21
71985,21
71986,7
71987,0
71988,19
71989,11
71990,16
71991,13
71992,23
71993,11
71994,13
71995,3
71996,13
71997,13
71998,18
71999,6
72000,11
72001,13
72002,19
72003,9
72004,18
72005,1
72006,14
72007,21
72008,6
72009,18
72010,11
72011,2
72012,13
72013,13
72014,5
72015,9
72016,13
72017,2
72018,2
72019,1
72020,14
72021,22
72022,11
72023,13
72024,14
72025,13
72026,18
72027,11
72028,2
72029,19
72030,1
72031,18
72032,5
72033,2
72034,13
72035,1
72036,2
72037,18
72038,11
72039,8
72040,11
72041,13
72042,19
72043,13
72044,2
72045,13
72046,1
72047,8
72048,13
72049,13
72050,19
72051,13
72052,21
72053,18
72054,1
72055,15
72056,13
72057,13
72058,13
72059,18
72060,13
72061,22
72062,22
72063,19
72064,19
72065,19
72066,7
72067,22
72068,11
72069,11
72070,8
72071,18
72072,18
72073,1
72074,2
72075,13
72076,11
72077,19
72078,22
72079,22
72080,21
72081,11
72082,11
72083,11
72084,5
72085,13
72086,1
72087,6
72088,22
72089,19
72090,2
72091,5
72092,13
72093,13
72094,22
72095,1
72096,20
72097,18
72098,19
72099,21
72100,18
72101,1
72102,19
72103,13
72104,14
72105,19
72106,13
72107,18
72108,2
72109,13
72110,13
72111,15
72112,13
72113,2
72114,10
72115,10
72116,22
72117,5
72118,10
72119,11
72120,13
72121,18
72122,11
72123,1
72124,8
72125,13
72126,22
72127,13
72128,18
72129,11
72130,13
72131,8
72132,14
72133,7
72134,22
72135,13
72136,14
72137,9
72138,22
72139,22
72140,18
72141,18
72142,3
72143,10
72144,5
72145,8
72146,19
72147,7
72148,1
72149,19
72150,11
72151,22
72152,11
72153,8
72154,21
72155,4
72156,8
72157,22
72158,11
72159,19
72160,22
72161,19
72162,13
72163,8
72164,7
72165,1
72166,13
72167,23
72168,1
72169,11
72170,11
72171,1
72172,1
72173,1
72174,18
72175,22
72176,14
72177,19
72178,5
72179,13
72180,22
72181,2
72182,2
72183,8
72184,22
72185,13
72186,7
72187,13
72188,18
72189,7
72190,1
72191,4
72192,22
72193,2
72194,7
72195,7
72196,11
72197,10
72198,11
72199,16
72200,4
72201,13
72202,19
72203,22
72204,13
72205,19
72206,9
72207,18
72208,8
72209,13
72210,13
72211,7
72212,11
72213,22
72214,9
72215,19
72216,20
72217,16
72218,13
72219,18
72220,13
72221,2
72222,7
72223,7
72224,19
72225,19
72226,14
72227,11
72228,7
72229,18
72230,13
72231,6
72232,13
72233,11
72234,1
72235,13
72236,18
72237,13
72238,13
72239,5
72240,4
72241,11
72242,0
72243,0
72244,22
72245,13
72246,13
72247,7
72248,19
72249,13
72250,18
72251,9
72252,9
72253,13
72254,11
72255,7
72256,13
72257,4
72258,13
72259,13
72260,13
72261,2
72262,2
72263,13
72264,22
72265,2
72266,11
72267,19
72268,4
72269,1
72270,2
72271,12
72272,1
72273,14
72274,18
72275,1
72276,9
72277,11
72278,13
72279,13
72280,3
72281,22
72282,13
72283,7
72284,9
72285,7
72286,11
72287,22
72288,19
72289,11
72290,5
72291,6
72292,13
72293,14
72294,13
72295,2
72296,19
72297,23
72298,13
72299,13
72300,0
72301,14
72302,19
72303,22
72304,22
72305,1
72306,15
72307,19
72308,6
72309,4
72310,4
72311,7
72312,13
72313,13
72314,13
72315,13
72316,1
72317,14
72318,14
72319,11
72320,13
72321,4
72322,7
72323,7
72324,13
72325,7
72326,4
72327,11
72328,1
72329,22
72330,13
72331,3
72332,13
72333,7
72334,16
72335,13
72336,1
72337,18
72338,1
72339,8
72340,1
72341,19
72342,18
72343,13
72344,4
72345,7
72346,13
72347,13
72348,14
72349,13
72350,0
72351,18
72352,10
72353,13
72354,22
72355,11
72356,18
72357,8
72358,3
72359,7
72360,7
72361,21
72362,3
72363,4
72364,13
72365,11
72366,23
72367,18
72368,8
72369,13
72370,1
72371,19
72372,2
72373,18
72374,14
72375,13
72376,19
72377,23
72378,13
72379,11
72380,14
72381,13
72382,11
72383,13
72384,22
72385,6
72386,7
72387,22
72388,3
72389,5
72390,1
72391,5
72392,22
72393,11
72394,13
72395,18
72396,19
72397,22
72398,16
72399,13
72400,21
72401,11
72402,2
72403,15
72404,1
72405,1
72406,18
72407,12
72408,11
72409,1
72410,13
72411,11
72412,18
72413,3
72414,11
72415,11
72416,6
72417,1
72418,13
72419,2
72420,8
72421,11
72422,8
72423,13
72424,13
72425,21
72426,2
72427,7
72428,19
72429,22
72430,0
72431,18
72432,23
72433,19
72434,19
72435,18
72436,13
72437,13
72438,9
72439,20
72440,13
72441,19
72442,19
72443,11
72444,9
72445,1
72446,1
72447,22
72448,19
72449,7
72450,14
72451,23
72452,21
72453,19
72454,13
72455,19
72456,11
72457,7
72458,7
72459,1
72460,2
72461,9
72462,13
72463,14
72464,19
72465,13
72466,21
72467,22
72468,11
72469,11
72470,19
72471,14
72472,1
72473,23
72474,22
72475,18
72476,13
72477,23
72478,1
72479,1
72480,11
72481,14
72482,23
72483,17
72484,19
72485,23
72486,11
72487,19
72488,2
72489,6
72490,13
72491,23
72492,18
72493,7
72494,6
72495,11
72496,18
72497,21
72498,19
72499,7
72500,19
72501,11
72502,2
72503,10
72504,13
72505,1
72506,19
72507,19
72508,1
72509,13
72510,22
72511,14
72512,21
72513,4
72514,1
72515,18
72516,1
72517,19
72518,11
72519,13
72520,18
72521,11
72522,7
72523,18
72524,18
72525,12
72526,8
72527,1
72528,13
72529,0
72530,13
72531,2
72532,14
72533,13
72534,13
72535,1
72536,11
72537,10
72538,1
72539,15
72540,19
72541,7
72542,4
72543,19
72544,8
72545,7
72546,7
72547,2
72548,18
72549,18
72550,22
72551,5
72552,21
72553,23
72554,18
72555,13
72556,19
72557,18
72558,18
72559,4
72560,21
72561,14
72562,13
72563,11
72564,22
72565,5
72566,21
72567,7
72568,13
72569,19
72570,22
72571,3
72572,7
72573,11
72574,18
72575,21
72576,20
72577,7
72578,19
72579,16
72580,2
72581,23
72582,10
72583,18
72584,7
72585,18
72586,7
72587,7
72588,13
72589,5
72590,7
72591,7
72592,1
72593,11
72594,13
72595,16
72596,1
72597,19
72598,11
72599,7
72600,19
72601,18
72602,18
72603,5
72604,13
72605,19
72606,1
72607,19
72608,0
72609,2
72610,13
72611,13
72612,11
72613,13
72614,19
72615,8
72616,13
72617,22
72618,10
72619,22
72620,11
72621,4
72622,2
72623,8
72624,14
72625,6
72626,8
72627,22
72628,13
72629,11
72630,13
72631,10
72632,23
72633,13
72634,19
72635,13
72636,21
72637,1
72638,18
72639,1
72640,1
72641,13
72642,13
72643,2
72644,19
72645,20
72646,7
72647,6
72648,19
72649,13
72650,7
72651,4
72652,11
72653,1
72654,19
72655,13
72656,7
72657,22
72658,19
72659,11
72660,2
72661,14
72662,2
72663,13
72664,21
72665,22
72666,14
72667,2
72668,1
72669,19
72670,11
72671,5
72672,2
72673,1
72674,13
72675,14
72676,13
72677,13
72678,13
72679,8
72680,20
72681,1
72682,18
72683,19
72684,11
72685,7
72686,13
72687,11
72688,11
72689,22
72690,14
72691,9
72692,7
72693,20
72694,11
72695,22
72696,18
72697,13
72698,5
72699,4
72700,14
72701,18
72702,1
72703,13
72704,19
72705,11
72706,11
72707,13
72708,11
72709,5
72710,11
72711,7
72712,13
72713,5
72714,11
72715,1
72716,13
72717,8
72718,20
72719,13
72720,1
72721,2
72722,18
72723,22
72724,2
72725,1
72726,13
72727,13
72728,11
72729,13
72730,18
72731,19
72732,11
72733,7
72734,13
72735,13
72736,18
72737,7
72738,21
72739,1
72740,11
72741,1
72742,11
72743,13
72744,14
72745,7
72746,19
72747,14
72748,11
72749,19
72750,1
72751,21
72752,21
72753,22
72754,11
72755,7
72756,11
72757,13
72758,5
72759,5
72760,19
72761,19
72762,19
72763,23
72764,7
72765,1
72766,1
72767,13
72768,13
72769,2
72770,21
72771,7
72772,3
72773,1
72774,22
72775,4
72776,10
72777,21
72778,8
72779,19
72780,13
72781,13
72782,6
72783,5
72784,13
72785,19
72786,9
72787,1
72788,1
72789,14
72790,13
72791,22
72792,21
72793,18
72794,10
72795,13
72796,7
72797,18
72798,3
72799,19
72800,11
72801,14
72802,13
72803,13
72804,15
72805,18
72806,11
72807,11
72808,14
72809,23
72810,1
72811,19
72812,2
72813,11
72814,22
72815,7
72816,18
72817,21
72818,21
72819,2
72820,13
72821,6
72822,6
72823,13
72824,4
72825,1
72826,18
72827,22
72828,4
72829,4
72830,14
72831,7
72832,1
72833,19
72834,23
72835,6
72836,21
72837,7
72838,15
72839,13
72840,19
72841,23
72842,13
72843,13
72844,11
72845,13
72846,13
72847,5
72848,1
72849,1
72850,3
72851,23
72852,11
72853,13
72854,23
72855,23
72856,22
72857,4
72858,18
72859,18
72860,13
72861,18
72862,11
72863,2
72864,9
72865,5
72866,5
72867,19
72868,4
72869,4
72870,5
72871,23
72872,9
72873,2
72874,19
72875,18
72876,14
72877,16
72878,2
72879,19
72880,14
72881,2
72882,9
72883,2
72884,18
72885,17
72886,2
72887,11
72888,7
72889,1
72890,7
72891,11
72892,2
72893,18
72894,4
72895,19
72896,16
72897,19
72898,3
72899,1
72900,18
72901,22
72902,18
72903,18
72904,11
72905,1
72906,18
72907,11
72908,5
72909,4
72910,20
72911,13
72912,22
72913,7
72914,2
72915,7
72916,7
72917,1
72918,7
72919,13
72920,13
72921,7
72922,19
72923,13
72924,5
72925,7
72926,1
72927,19
72928,11
72929,13
72930,22
72931,19
72932,15
72933,18
72934,7
72935,13
72936,18
72937,8
72938,22
72939,11
72940,13
72941,5
72942,4
72943,22
72944,20
72945,2
72946,13
72947,19
72948,22
72949,4
72950,1
72951,1
72952,4
72953,8
72954,19
72955,13
72956,11
72957,13
72958,13
72959,19
72960,19
72961,13
72962,2
72963,2
72964,13
72965,1
72966,7
72967,16
72968,8
72969,19
72970,1
72971,13
72972,3
72973,21
72974,19
72975,9
72976,1
72977,19
72978,7
72979,22
72980,1
72981,21
72982,2
72983,22
72984,1
72985,4
72986,13
72987,2
72988,19
72989,19
72990,2
72991,13
72992,2
72993,7
72994,21
72995,19
72996,1
72997,1
72998,2
72999,18
73000,13
73001,13
73002,1
73003,2
73004,19
73005,1
73006,5
73007,11
73008,18
73009,7
73010,13
73011,22
73012,22
73013,18
73014,7
73015,1
73016,3
73017,21
73018,14
73019,13
73020,9
73021,18
73022,1
73023,16
73024,19
73025,2
73026,2
73027,21
73028,8
73029,4
73030,14
73031,13
73032,19
73033,13
73034,13
73035,7
73036,13
73037,1
73038,18
73039,13
73040,13
73041,9
73042,22
73043,7
73044,1
73045,19
73046,13
73047,13
73048,18
73049,2
73050,6
73051,14
73052,21
73053,22
73054,22
73055,1
73056,13
73057,13
73058,13
73059,2
73060,21
73061,19
73062,7
73063,11
73064,11
73065,1
73066,18
73067,18
73068,20
73069,4
73070,13
73071,8
73072,19
73073,19
73074,3
73075,2
73076,5
73077,23
73078,1
73079,9
73080,13
73081,11
73082,2
73083,18
73084,11
73085,20
73086,23
73087,1
73088,2
73089,8
73090,11
73091,13
73092,7
73093,4
73094,5
73095,1
73096,18
73097,13
73098,13
73099,13
73100,3
73101,10
73102,19
73103,13
73104,13
73105,22
73106,2
73107,14
73108,13
73109,13
73110,18
73111,10
73112,13
73113,11
73114,3
73115,11
73116,7
73117,11
73118,3
73119,1
73120,1
73121,1
73122,13
73123,11
73124,23
73125,13
73126,1
73127,19
73128,13
73129,18
73130,13
73131,7
73132,19
73133,5
73134,13
73135,21
73136,7
73137,14
73138,7
73139,1
73140,3
73141,7
73142,5
73143,13
73144,3
73145,23
73146,2
73147,13
73148,5
73149,13
73150,6
73151,19
73152,22
73153,22
73154,3
73155,13
73156,1
73157,11
73158,9
73159,13
73160,11
73161,2
73162,3
73163,23
73164,11
73165,19
73166,19
73167,7
73168,21
73169,1
73170,13
73171,11
73172,7
73173,6
73174,22
73175,13
73176,3
73177,14
73178,2
73179,11
73180,9
73181,14
73182,1
73183,1
73184,14
73185,13
73186,14
73187,4
73188,5
73189,7
73190,13
73191,19
73192,1
73193,7
73194,22
73195,13
73196,13
73197,7
73198,8
73199,13
73200,11
73201,19
73202,1
73203,13
73204,7
73205,11
73206,13
73207,4
73208,11
73209,13
73210,4
73211,7
73212,11
73213,18
73214,11
73215,11
73216,7
73217,1
73218,19
73219,11
73220,9
73221,13
73222,11
73223,19
73224,23
73225,5
73226,11
73227,2
73228,22
73229,2
73230,13
73231,2
73232,2
73233,11
73234,7
73235,13
73236,12
73237,18
73238,4
73239,7
73240,13
73241,2
73242,21
73243,1
73244,2
73245,13
73246,5
73247,19
73248,13
73249,2
73250,13
73251,13
73252,2
73253,19
73254,13
73255,13
73256,19
73257,2
73258,21
73259,1
73260,19
73261,1
73262,13
73263,6
73264,11
73265,16
73266,5
73267,10
73268,18
73269,8
73270,13
73271,3
73272,7
73273,11
73274,2
73275,14
73276,22
73277,13
73278,11
73279,11
73280,1
73281,19
73282,5
73283,11
73284,2
73285,11
73286,13
73287,11
73288,18
73289,13
73290,13
73291,19
73292,19
73293,6
73294,13
73295,1
73296,11
73297,13
73298,19
73299,11
73300,3
73301,19
73302,23
73303,18
73304,4
73305,21
73306,1
73307,2
73308,4
73309,20
73310,11
73311,1
73312,19
73313,11
73314,13
73315,15
73316,15
73317,3
73318,13
73319,19
73320,18
73321,18
73322,5
73323,22
73324,0
73325,7
73326,13
73327,19
73328,13
73329,22
73330,2
73331,7
73332,18
73333,11
73334,1
73335,18
73336,22
73337,19
73338,13
73339,19
73340,22
73341,18
73342,13
73343,13
73344,1
73345,13
73346,7
73347,3
73348,1
73349,19
73350,19
73351,18
73352,1
73353,1
73354,10
73355,22
73356,2
73357,19
73358,9
73359,11
73360,13
73361,9
73362,2
73363,18
73364,17
73365,11
73366,23
73367,13
73368,13
73369,5
73370,2
73371,13
73372,18
73373,21
73374,8
73375,15
73376,13
73377,23
73378,18
73379,11
73380,2
73381,5
73382,4
73383,7
73384,1
73385,22
73386,18
73387,10
73388,2
73389,7
73390,1
73391,1
73392,1
73393,18
73394,13
73395,11
73396,5
73397,19
73398,19
73399,19
73400,11
73401,11
73402,9
73403,13
73404,11
73405,15
73406,23
73407,11
73408,14
73409,2
73410,11
73411,2
73412,13
73413,6
73414,23
73415,9
73416,1
73417,18
73418,13
73419,11
73420,3
73421,18
73422,22
73423,18
73424,19
73425,23
73426,19
73427,14
73428,19
73429,18
73430,13
73431,1
73432,14
73433,7
73434,1
73435,2
73436,22
73437,13
73438,11
73439,22
73440,2
73441,11
73442,2
73443,1
73444,13
73445,5
73446,13
73447,3
73448,14
73449,22
73450,10
73451,2
73452,19
73453,22
73454,21
73455,21
73456,11
73457,21
73458,1
73459,5
73460,20
73461,11
73462,7
73463,13
73464,21
73465,18
73466,6
73467,2
73468,19
73469,19
73470,10
73471,1
73472,23
73473,23
73474,23
73475,13
73476,11
73477,9
73478,14
73479,2
73480,18
73481,4
73482,13
73483,3
73484,13
73485,22
73486,14
73487,18
73488,21
73489,0
73490,2
73491,7
73492,14
73493,13
73494,19
73495,11
73496,0
73497,11
73498,18
73499,1
73500,2
73501,13
73502,1
73503,14
73504,19
73505,13
73506,14
73507,22
73508,11
73509,16
73510,1
73511,13
73512,11
73513,22
73514,1
73515,18
73516,13
73517,19
73518,1
73519,13
73520,1
73521,2
73522,18
73523,4
73524,1
73525,22
73526,1
73527,13
73528,7
73529,1
73530,2
73531,15
73532,19
73533,23
73534,1
73535,14
73536,13
73537,18
73538,22
73539,7
73540,14
73541,2
73542,1
73543,5
73544,18
73545,13
73546,11
73547,19
73548,20
73549,18
73550,7
73551,1
73552,14
73553,19
73554,22
73555,19
73556,18
73557,13
73558,13
73559,2
73560,11
73561,11
73562,1
73563,20
73564,22
73565,1
73566,19
73567,1
73568,14
73569,7
73570,13
73571,14
73572,10
73573,19
73574,19
73575,18
73576,8
73577,1
73578,7
73579,13
73580,3
73581,8
73582,14
73583,13
73584,16
73585,23
73586,23
73587,10
73588,1
73589,13
73590,22
73591,18
73592,1
73593,11
73594,13
73595,19
73596,22
73597,18
73598,13
73599,18
73600,7
73601,18
73602,23
73603,1
73604,11
73605,1
73606,22
73607,7
73608,18
73609,22
73610,7
73611,13
73612,23
73613,13
73614,14
73615,19
73616,20
73617,23
73618,11
73619,11
73620,1
73621,13
73622,5
73623,1
73624,18
73625,6
73626,10
73627,11
73628,13
73629,13
73630,13
73631,9
73632,7
73633,11
73634,11
73635,2
73636,13
73637,7
73638,18
73639,22
73640,18
73641,13
73642,3
73643,13
73644,21
73645,19
73646,7
73647,4
73648,19
73649,8
73650,9
73651,4
73652,19
73653,22
73654,4
73655,10
73656,2
73657,13
73658,2
73659,13
73660,14
73661,18
73662,13
73663,1
73664,19
73665,1
73666,7
73667,2
73668,2
73669,11
73670,11
73671,1
73672,1
73673,1
73674,7
73675,13
73676,11
73677,18
73678,13
73679,2
73680,22
73681,1
73682,13
73683,22
73684,20
73685,7
73686,23
73687,5
73688,13
73689,15
73690,22
73691,13
73692,13
73693,12
73694,13
73695,21
73696,11
73697,21
73698,7
73699,14
73700,15
73701,6
73702,13
73703,18
73704,18
73705,2
73706,13
73707,10
73708,19
73709,19
73710,21
73711,13
73712,22
73713,1
73714,11
73715,11
73716,22
73717,4
73718,7
73719,1
73720,18
73721,13
73722,11
73723,19
73724,13
73725,14
73726,7
73727,14
73728,5
73729,18
73730,14
73731,11
73732,19
73733,18
73734,13
73735,2
73736,8
73737,7
73738,4
73739,18
73740,13
73741,3
73742,1
73743,13
73744,13
73745,11
73746,5
73747,7
73748,1
73749,19
73750,22
73751,21
73752,7
73753,22
73754,14
73755,11
73756,22
73757,11
73758,19
73759,0
73760,0
73761,17
73762,1
73763,22
73764,19
73765,13
73766,13
73767,2
73768,13
73769,13
73770,22
73771,13
73772,11
73773,19
73774,13
73775,22
73776,11
73777,3
73778,11
73779,7
73780,12
73781,18
73782,19
73783,11
73784,19
73785,21
73786,14
73787,19
73788,13
73789,7
73790,13
73791,1
73792,7
73793,22
73794,2
73795,5
73796,19
73797,2
73798,7
73799,19
73800,14
73801,19
73802,19
73803,21
73804,13
73805,1
73806,14
73807,13
73808,11
73809,1
73810,6
73811,11
73812,19
73813,18
73814,18
73815,13
73816,19
73817,1
73818,13
73819,20
73820,22
73821,13
73822,14
73823,18
73824,13
73825,13
73826,10
73827,6
73828,22
73829,4
73830,2
73831,3
73832,11
73833,5
73834,18
73835,18
73836,11
73837,7
73838,21
73839,1
73840,18
73841,1
73842,13
73843,13
73844,14
73845,1
73846,21
73847,8
73848,21
73849,23
73850,7
73851,11
73852,13
73853,4
73854,20
73855,8
73856,1
73857,22
73858,2
73859,22
73860,5
73861,16
73862,14
73863,7
73864,21
73865,2
73866,11
73867,19
73868,13
73869,13
73870,21
73871,22
73872,13
73873,2
73874,21
73875,5
73876,1
73877,1
73878,10
73879,8
73880,18
73881,2
73882,1
73883,20
73884,13
73885,22
73886,18
73887,17
73888,13
73889,1
73890,7
73891,11
73892,8
73893,22
73894,18
73895,1
73896,13
73897,23
73898,22
73899,11
73900,4
73901,13
73902,9
73903,10
73904,11
73905,18
73906,14
73907,6
73908,19
73909,22
73910,1
73911,13
73912,5
73913,18
73914,2
73915,22
73916,18
73917,11
73918,6
73919,4
73920,5
73921,13
73922,21
73923,9
73924,8
73925,19
73926,7
73927,18
73928,11
73929,2
73930,8
73931,11
73932,2
73933,11
73934,22
73935,9
73936,18
73937,11
73938,13
73939,7
73940,2
73941,5
73942,18
73943,22
73944,1
73945,1
73946,13
73947,7
73948,2
73949,7
73950,1
73951,18
73952,1
73953,7
73954,3
73955,13
73956,19
73957,18
73958,13
73959,16
73960,5
73961,1
73962,1
73963,11
73964,7
73965,22
73966,7
73967,14
73968,19
73969,6
73970,17
73971,11
73972,21
73973,7
73974,19
73975,14
73976,1
73977,13
73978,21
73979,4
73980,13
73981,11
73982,22
73983,2
73984,20
73985,3
73986,6
73987,1
73988,15
73989,3
73990,2
73991,3
73992,11
73993,19
73994,3
73995,22
73996,13
73997,9
73998,4
73999,22
74000,18
74001,4
74002,11
74003,7
74004,2
74005,11
74006,19
74007,19
74008,19
74009,5
74010,2
74011,11
74012,21
74013,1
74014,18
74015,13
74016,9
74017,20
74018,19
74019,13
74020,13
74021,8
74022,9
74023,13
74024,7
74025,13
74026,13
74027,22
74028,2
74029,20
74030,1
74031,1
74032,14
74033,14
74034,13
74035,11
74036,1
74037,11
74038,1
74039,1
74040,4
74041,19
74042,13
74043,1
74044,3
74045,15
74046,11
74047,10
74048,19
74049,11
74050,11
74051,7
74052,1
74053,14
74054,1
74055,7
74056,7
74057,2
74058,11
74059,13
74060,13
74061,13
74062,21
74063,2
74064,5
74065,8
74066,2
74067,7
74068,22
74069,2
74070,18
74071,19
74072,22
74073,22
74074,2
74075,9
74076,7
74077,8
74078,2
74079,13
74080,19
74081,10
74082,19
74083,11
74084,13
74085,7
74086,11
74087,2
74088,14
74089,1
74090,1
74091,7
74092,13
74093,2
74094,22
74095,18
74096,7
74097,14
74098,19
74099,2
74100,22
74101,19
74102,18
74103,13
74104,21
74105,13
74106,11
74107,11
74108,23
74109,13
74110,5
74111,18
74112,2
74113,2
74114,18
74115,13
74116,1
74117,7
74118,11
74119,3
74120,14
74121,13
74122,13
74123,15
74124,21
74125,2
74126,22
74127,13
74128,4
74129,7
74130,10
74131,11
74132,2
74133,4
74134,4
74135,7
74136,7
74137,9
74138,7
74139,23
74140,11
74141,19
74142,18
74143,14
74144,1
74145,13
74146,13
74147,13
74148,13
74149,13
74150,19
74151,8
74152,1
74153,22
74154,6
74155,9
74156,15
74157,13
74158,22
74159,12
74160,19
74161,8
74162,13
74163,1
74164,1
74165,19
74166,13
74167,11
74168,2
74169,14
74170,15
74171,22
74172,22
74173,2
74174,1
74175,15
74176,21
74177,22
74178,18
74179,11
74180,2
74181,18
74182,22
74183,11
74184,10
74185,13
74186,15
74187,19
74188,22
74189,13
74190,5
74191,2
74192,2
74193,11
74194,15
74195,13
74196,13
74197,1
74198,14
74199,11
74200,1
74201,22
74202,13
74203,7
74204,10
74205,2
74206,13
74207,13
74208,22
74209,13
74210,22
74211,22
74212,2
74213,19
74214,7
74215,3
74216,10
74217,8
74218,23
74219,8
74220,21
74221,1
74222,19
74223,8
74224,7
74225,13
74226,13
74227,10
74228,7
74229,2
74230,15
74231,19
74232,7
74233,5
74234,2
74235,11
74236,18
74237,4
74238,13
74239,13
74240,15
74241,7
74242,13
74243,19
74244,18
74245,23
74246,19
74247,11
74248,0
74249,13
74250,13
74251,19
74252,8
74253,22
74254,21
74255,14
74256,22
74257,13
74258,0
74259,16
74260,2
74261,7
74262,13
74263,6
74264,2
74265,2
74266,13
74267,2
74268,13
74269,11
74270,1
74271,16
74272,2
74273,19
74274,22
74275,7
74276,14
74277,13
74278,7
74279,10
74280,1
74281,7
74282,11
74283,6
74284,2
74285,3
74286,2
74287,13
74288,14
74289,3
74290,7
74291,18
74292,19
74293,19
74294,13
74295,2
74296,13
74297,8
74298,1
74299,13
74300,7
74301,2
74302,23
74303,1
74304,9
74305,13
74306,1
74307,8
74308,13
74309,18
74310,13
74311,11
74312,11
74313,8
74314,13
74315,13
74316,9
74317,9
74318,22
74319,14
74320,1
74321,5
74322,1
74323,7
74324,19
74325,18
74326,21
74327,13
74328,18
74329,22
74330,13
74331,7
74332,14
74333,7
74334,13
74335,9
74336,7
74337,7
74338,7
74339,9
74340,1
74341,8
74342,20
74343,1
74344,19
74345,7
74346,22
74347,23
74348,22
74349,1
74350,1
74351,23
74352,1
74353,19
74354,7
74355,13
74356,13
74357,1
74358,7
74359,21
74360,13
74361,1
74362,13
74363,23
74364,19
74365,13
74366,11
74367,7
74368,7
74369,1
74370,11
74371,11
74372,13
74373,13
74374,11
74375,11
74376,7
74377,7
74378,7
74379,8
74380,11
74381,22
74382,3
74383,13
74384,0
74385,18
74386,19
74387,8
74388,2
74389,13
74390,15
74391,14
74392,13
74393,11
74394,14
74395,1
74396,18
74397,2
74398,13
74399,13
74400,7
74401,6
74402,1
74403,11
74404,4
74405,11
74406,1
74407,18
74408,5
74409,1
74410,13
74411,4
74412,19
74413,13
74414,1
74415,19
74416,19
74417,13
74418,13
74419,1
74420,21
74421,13
74422,19
74423,8
74424,22
74425,13
74426,19
74427,19
74428,5
74429,13
74430,11
74431,7
74432,19
74433,18
74434,21
74435,13
74436,1
74437,19
74438,18
74439,19
74440,18
74441,18
74442,19
74443,1
74444,9
74445,22
74446,13
74447,14
74448,2
74449,22
74450,7
74451,9
74452,21
74453,7
74454,19
74455,13
74456,22
74457,13
74458,15
74459,14
74460,13
74461,9
74462,9
74463,7
74464,11
74465,1
74466,14
74467,13
74468,0
74469,7
74470,15
74471,1
74472,22
74473,11
74474,1
74475,17
74476,19
74477,2
74478,2
74479,13
74480,1
74481,3
74482,8
74483,19
74484,3
74485,14
74486,13
74487,13
74488,13
74489,5
74490,2
74491,9
74492,13
74493,19
74494,5
74495,11
74496,8
74497,11
74498,13
74499,7
74500,13
74501,9
74502,18
74503,7
74504,9
74505,19
74506,22
74507,5
74508,7
74509,2
74510,1
74511,13
74512,1
74513,11
74514,13
74515,18
74516,23
74517,14
74518,22
74519,22
74520,13
74521,22
74522,11
74523,2
74524,13
74525,13
74526,21
74527,7
74528,21
74529,7
74530,13
74531,9
74532,19
74533,19
74534,2
74535,7
74536,0
74537,1
74538,2
74539,2
74540,22
74541,22
74542,10
74543,13
74544,18
74545,7
74546,11
74547,19
74548,22
74549,21
74550,10
74551,23
74552,11
74553,21
74554,7
74555,5
74556,16
74557,1
74558,1
74559,18
74560,19
74561,14
74562,14
74563,13
74564,23
74565,13
74566,22
74567,9
74568,10
74569,9
74570,11
74571,18
74572,16
74573,6
74574,7
74575,13
74576,3
74577,13
74578,19
74579,13
74580,2
74581,1
74582,13
74583,7
74584,9
74585,13
74586,13
74587,11
74588,18
74589,18
74590,1
74591,11
74592,9
74593,13
74594,7
74595,4
74596,13
74597,19
74598,17
74599,2
74600,19
74601,7
74602,21
74603,13
74604,20
74605,18
74606,19
74607,13
74608,19
74609,8
74610,9
74611,7
74612,18
74613,15
74614,2
74615,14
74616,14
74617,8
74618,18
74619,19
74620,22
74621,7
74622,18
74623,18
74624,13
74625,8
74626,3
74627,13
74628,21
74629,18
74630,1
74631,22
74632,14
74633,18
74634,10
74635,13
74636,13
74637,21
74638,1
74639,14
74640,19
74641,2
74642,1
74643,21
74644,1
74645,1
74646,11
74647,0
74648,13
74649,13
74650,13
74651,2
74652,0
74653,19
74654,18
74655,13
74656,18
74657,20
74658,19
74659,18
74660,2
74661,14
74662,3
74663,7
74664,2
74665,13
74666,9
74667,1
74668,19
74669,16
74670,14
74671,17
74672,14
74673,1
74674,7
74675,9
74676,7
74677,18
74678,19
74679,13
74680,13
74681,13
74682,13
74683,1
74684,22
74685,11
74686,7
74687,11
74688,19
74689,0
74690,2
74691,22
74692,19
74693,9
74694,19
74695,1
74696,21
74697,2
74698,12
74699,8
74700,7
74701,11
74702,13
74703,8
74704,3
74705,1
74706,2
74707,13
74708,2
74709,23
74710,14
74711,6
74712,2
74713,2
74714,19
74715,11
74716,5
74717,7
74718,13
74719,13
74720,11
74721,11
74722,13
74723,13
74724,19
74725,3
74726,8
74727,11
74728,1
74729,19
74730,11
74731,14
74732,13
74733,13
74734,7
74735,13
74736,7
74737,22
74738,1
74739,19
74740,13
74741,2
74742,14
74743,11
74744,19
74745,14
74746,19
74747,20
74748,18
74749,13
74750,2
74751,1
74752,8
74753,18
74754,13
74755,11
74756,2
74757,14
74758,18
74759,22
74760,1
74761,6
74762,15
74763,6
74764,13
74765,1
74766,22
74767,11
74768,1
74769,11
74770,23
74771,13
74772,4
74773,13
74774,13
74775,13
74776,1
74777,13
74778,19
74779,19
74780,14
74781,13
74782,3
74783,23
74784,21
74785,1
74786,22
74787,13
74788,5
74789,18
74790,13
74791,11
74792,11
74793,19
74794,2
74795,1
74796,21
74797,18
74798,19
74799,13
74800,4
74801,18
74802,22
74803,3
74804,9
74805,1
74806,13
74807,7
74808,22
74809,7
74810,7
74811,18
74812,21
74813,7
74814,23
74815,1
74816,4
74817,1
74818,11
74819,18
74820,13
74821,21
74822,7
74823,22
74824,8
74825,0
74826,21
74827,8
74828,5
74829,14
74830,21
74831,19
74832,2
74833,4
74834,18
74835,11
74836,2
74837,2
74838,14
74839,14
74840,19
74841,15
74842,13
74843,9
74844,13
74845,20
74846,11
74847,4
74848,1
74849,13
74850,13
74851,11
74852,18
74853,19
74854,21
74855,19
74856,13
74857,14
74858,11
74859,6
74860,11
74861,14
74862,7
74863,18
74864,22
74865,2
74866,19
74867,1
74868,19
74869,10
74870,7
74871,14
74872,7
74873,9
74874,13
74875,18
74876,7
74877,13
74878,1
74879,7
74880,1
74881,21
74882,16
74883,7
74884,22
74885,7
74886,6
74887,7
74888,5
74889,19
74890,13
74891,1
74892,21
74893,23
74894,14
74895,13
74896,11
74897,14
74898,22
74899,0
74900,22
74901,13
74902,5
74903,19
74904,13
74905,18
74906,22
74907,6
74908,1
74909,13
74910,5
74911,7
74912,2
74913,19
74914,11
74915,19
74916,11
74917,16
74918,13
74919,19
74920,21
74921,5
74922,7
74923,18
74924,8
74925,0
74926,11
74927,1
74928,22
74929,13
74930,19
74931,13
74932,11
74933,13
74934,7
74935,3
74936,1
74937,23
74938,11
74939,1
74940,1
74941,19
74942,0
74943,11
74944,13
74945,11
74946,13
74947,4
74948,9
74949,14
74950,14
74951,19
74952,13
74953,7
74954,5
74955,13
74956,18
74957,11
74958,5
74959,20
74960,1
74961,2
74962,1
74963,1
74964,13
74965,13
74966,7
74967,13
74968,14
74969,2
74970,3
74971,11
74972,1
74973,0
74974,7
74975,14
74976,13
74977,13
74978,10
74979,11
74980,16
74981,19
74982,18
74983,0
74984,12
74985,19
74986,3
74987,12
74988,19
74989,22
74990,11
74991,13
74992,2
74993,22
74994,23
74995,13
74996,13
74997,1
74998,14
74999,7
75000,2
75001,1
75002,13
75003,13
75004,7
75005,22
75006,1
75007,13
75008,11
75009,19
75010,11
75011,19
75012,8
75013,18
75014,2
75015,22
75016,1
75017,6
75018,23
75019,7
75020,14
75021,15
75022,7
75023,4
75024,4
75025,13
75026,18
75027,2
75028,21
75029,14
75030,19
75031,1
75032,7
75033,0
75034,21
75035,16
75036,8
75037,22
75038,18
75039,20
75040,23
75041,7
75042,20
75043,11
75044,20
75045,14
75046,13
75047,13
75048,13
75049,14
75050,10
75051,18
75052,16
75053,14
75054,5
75055,13
75056,13
75057,20
75058,13
75059,8
75060,7
75061,18
75062,2
75063,19
75064,13
75065,8
75066,7
75067,19
75068,23
75069,7
75070,11
75071,7
75072,19
75073,11
75074,7
75075,13
75076,7
75077,15
75078,23
75079,21
75080,13
75081,14
75082,22
75083,18
75084,13
75085,7
75086,13
75087,15
75088,1
75089,9
75090,11
75091,13
75092,13
75093,11
75094,13
75095,14
75096,11
75097,13
75098,13
75099,11
75100,7
75101,2
75102,1
75103,11
75104,1
75105,11
75106,1
75107,2
75108,2
75109,13
75110,11
75111,14
75112,14
75113,23
75114,18
75115,23
75116,14
75117,1
75118,22
75119,7
75120,11
75121,19
75122,10
75123,7
75124,22
75125,13
75126,13
75127,11
75128,13
75129,22
75130,7
75131,11
75132,21
75133,19
75134,14
75135,13
75136,11
75137,20
75138,11
75139,5
75140,19
75141,0
75142,13
75143,20
75144,3
75145,7
75146,20
75147,3
75148,19
75149,1
75150,7
75151,18
75152,19
75153,13
75154,11
75155,21
75156,19
75157,16
75158,13
75159,14
75160,7
75161,13
75162,13
75163,4
75164,18
75165,13
75166,19
75167,11
75168,13
75169,7
75170,1
75171,13
75172,22
75173,13
75174,11
75175,9
75176,4
75177,9
75178,1
75179,13
75180,7
75181,1
75182,22
75183,19
75184,19
75185,13
75186,21
75187,21
75188,16
75189,1
75190,19
75191,19
75192,1
75193,1
75194,20
75195,11
75196,3
75197,13
75198,18
75199,7
75200,1
75201,22
75202,13
75203,6
75204,4
75205,15
75206,23
75207,13
75208,19
75209,4
75210,7
75211,4
75212,2
75213,13
75214,2
75215,18
75216,20
75217,1
75218,8
75219,21
75220,7
75221,3
75222,1
75223,8
75224,21
75225,7
75226,13
75227,0
75228,4
75229,11
75230,11
75231,13
75232,18
75233,19
75234,23
75235,0
75236,13
75237,3
75238,21
75239,2
75240,8
75241,18
75242,21
75243,4
75244,3
75245,21
75246,1
75247,18
75248,11
75249,2
75250,14
75251,2
75252,7
75253,18
75254,10
75255,18
75256,14
75257,10
75258,9
75259,7
75260,4
75261,13
75262,5
75263,16
75264,14
75265,23
75266,13
75267,10
75268,18
75269,2
75270,22
75271,20
75272,7
75273,15
75274,13
75275,14
75276,13
75277,11
75278,19
75279,1
75280,8
75281,15
75282,21
75283,1
75284,11
75285,23
75286,21
75287,6
75288,11
75289,11
75290,11
75291,22
75292,5
75293,22
75294,13
75295,18
75296,11
75297,7
75298,9
75299,21
75300,9
75301,22
75302,20
75303,7
75304,1
75305,13
75306,13
75307,18
75308,13
75309,5
75310,13
75311,13
75312,14
75313,2
75314,18
75315,2
75316,19
75317,14
75318,21
75319,2
75320,13
75321,22
75322,13
75323,13
75324,13
75325,1
75326,14
75327,6
75328,0
75329,1
75330,1
75331,11
75332,2
75333,11
75334,19
75335,2
75336,9
75337,7
75338,19
75339,21
75340,5
75341,18
75342,18
75343,9
75344,13
75345,15
75346,23
75347,21
75348,1
75349,10
75350,18
75351,11
75352,14
75353,19
75354,19
75355,7
75356,20
75357,7
75358,11
75359,2
75360,9
75361,18
75362,7
75363,22
75364,13
75365,7
75366,19
75367,2
75368,11
75369,14
75370,8
75371,13
75372,18
75373,11
75374,1
75375,11
75376,1
75377,5
75378,0
75379,2
75380,11
75381,1
75382,11
75383,19
75384,2
75385,13
75386,11
75387,7
75388,13
75389,1
75390,13
75391,22
75392,6
75393,22
75394,11
75395,11
75396,13
75397,2
75398,19
75399,13
75400,13
75401,23
75402,7
75403,19
75404,1
75405,13
75406,23
75407,2
75408,7
75409,1
75410,11
75411,21
75412,8
75413,19
75414,22
75415,4
75416,22
75417,19
75418,1
75419,13
75420,13
75421,22
75422,2
75423,1
75424,11
75425,1
75426,1
75427,13
75428,2
75429,11
75430,9
75431,2
75432,9
75433,22
75434,7
75435,7
75436,2
75437,21
75438,13
75439,1
75440,14
75441,1
75442,4
75443,13
75444,18
75445,2
75446,7
75447,1
75448,12
75449,3
75450,22
75451,10
75452,18
75453,19
75454,2
75455,6
75456,7
75457,2
75458,13
75459,7
75460,13
75461,9
75462,7
75463,11
75464,7
75465,1
75466,1
75467,7
75468,13
75469,13
75470,5
75471,19
75472,18
75473,5
75474,13
75475,5
75476,19
75477,22
75478,13
75479,19
75480,13
75481,11
75482,22
75483,13
75484,21
75485,18
75486,1
75487,13
75488,11
75489,11
75490,11
75491,13
75492,10
75493,11
75494,18
75495,1
75496,11
75497,19
75498,14
75499,2
75500,3
75501,11
75502,2
75503,2
75504,13
75505,2
75506,13
75507,2
75508,2
75509,7
75510,8
75511,20
75512,11
75513,14
75514,19
75515,5
75516,22
75517,0
75518,7
75519,16
75520,20
75521,11
75522,4
75523,12
75524,2
75525,21
75526,18
75527,14
75528,15
75529,9
75530,11
75531,13
75532,7
75533,13
75534,15
75535,13
75536,2
75537,0
75538,1
75539,14
75540,18
75541,22
75542,7
75543,13
75544,22
75545,19
75546,13
75547,18
75548,9
75549,2
75550,2
75551,5
75552,18
75553,11
75554,12
75555,21
75556,19
75557,8
75558,18
75559,14
75560,11
75561,6
75562,14
75563,20
75564,19
75565,6
75566,19
75567,4
75568,6
75569,11
75570,22
75571,23
75572,11
75573,11
75574,13
75575,14
75576,23
75577,19
75578,7
75579,11
75580,18
75581,13
75582,19
75583,7
75584,5
75585,6
75586,13
75587,11
75588,19
75589,13
75590,9
75591,2
75592,23
75593,1
75594,19
75595,1
75596,22
75597,11
75598,22
75599,1
75600,22
75601,6
75602,2
75603,3
75604,3
75605,14
75606,10
75607,5
75608,23
75609,8
75610,14
75611,18
75612,5
75613,5
75614,10
75615,22
75616,18
75617,19
75618,18
75619,1
75620,1
75621,9
75622,21
75623,1
75624,7
75625,18
75626,13
75627,1
75628,22
75629,13
75630,22
75631,21
75632,3
75633,1
75634,7
75635,7
75636,18
75637,8
75638,2
75639,13
75640,1
75641,22
75642,13
75643,1
75644,12
75645,3
75646,5
75647,13
75648,11
75649,21
75650,19
75651,18
75652,18
75653,19
75654,8
75655,11
75656,12
75657,13
75658,21
75659,13
75660,6
75661,19
75662,1
75663,13
75664,13
75665,1
75666,11
75667,18
75668,14
75669,8
75670,9
75671,2
75672,5
75673,5
75674,7
75675,21
75676,13
75677,18
75678,1
75679,22
75680,14
75681,14
75682,10
75683,22
75684,11
75685,4
75686,16
75687,11
75688,13
75689,2
75690,19
75691,5
75692,2
75693,14
75694,2
75695,13
75696,13
75697,7
75698,14
75699,14
75700,9
75701,1
75702,14
75703,13
75704,13
75705,18
75706,2
75707,13
75708,1
75709,10
75710,7
75711,13
75712,1
75713,13
75714,22
75715,2
75716,5
75717,21
75718,2
75719,19
75720,22
75721,6
75722,6
75723,22
75724,1
75725,22
75726,2
75727,22
75728,19
75729,11
75730,11
75731,5
75732,3
75733,11
75734,18
75735,8
75736,4
75737,21
75738,3
75739,7
75740,15
75741,7
75742,13
75743,21
75744,2
75745,7
75746,20
75747,1
75748,18
75749,2
75750,13
75751,22
75752,14
75753,8
75754,2
75755,13
75756,18
75757,7
75758,22
75759,13
75760,19
75761,7
75762,4
75763,13
75764,8
75765,23
75766,7
75767,4
75768,11
75769,23
75770,21
75771,11
75772,9
75773,11
75774,4
75775,9
75776,9
75777,11
75778,23
75779,13
75780,11
75781,7
75782,2
75783,18
75784,19
75785,13
75786,11
75787,16
75788,14
75789,19
75790,13
75791,2
75792,22
75793,23
75794,13
75795,11
75796,7
75797,11
75798,11
75799,13
75800,13
75801,19
75802,12
75803,1
75804,9
75805,18
75806,14
75807,18
75808,13
75809,23
75810,7
75811,19
75812,6
75813,13
75814,7
75815,1
75816,16
75817,13
75818,13
75819,9
75820,2
75821,11
75822,19
75823,13
75824,1
75825,11
75826,7
75827,13
75828,1
75829,11
75830,22
75831,16
75832,1
75833,11
75834,8
75835,19
75836,21
75837,0
75838,2
75839,22
75840,13
75841,2
75842,19
75843,19
75844,19
75845,4
75846,22
75847,1
75848,11
75849,5
75850,2
75851,13
75852,1
75853,11
75854,23
75855,10
75856,13
75857,13
75858,1
75859,1
75860,13
75861,22
75862,18
75863,14
75864,18
75865,23
75866,13
75867,3
75868,19
75869,14
75870,13
75871,2
75872,19
75873,9
75874,19
75875,2
75876,11
75877,13
75878,11
75879,8
75880,3
75881,13
75882,14
75883,3
75884,13
75885,11
75886,2
75887,19
75888,18
75889,13
75890,22
75891,8
75892,22
75893,19
75894,13
75895,14
75896,18
75897,7
75898,0
75899,18
75900,9
75901,22
75902,6
75903,11
75904,19
75905,3
75906,22
75907,11
75908,1
75909,3
75910,18
75911,14
75912,13
75913,1
75914,13
75915,11
75916,1
75917,13
75918,7
75919,4
75920,5
75921,18
75922,7
75923,20
75924,3
75925,7
75926,5
75927,11
75928,13
75929,2
75930,22
75931,13
75932,13
75933,2
75934,1
75935,1
75936,8
75937,7
75938,7
75939,20
75940,21
75941,4
75942,22
75943,19
75944,13
75945,14
75946,21
75947,18
75948,2
75949,13
75950,7
75951,11
75952,13
75953,11
75954,5
75955,13
75956,0
75957,11
75958,5
75959,1
75960,13
75961,13
75962,13
75963,20
75964,4
75965,8
75966,2
75967,1
75968,9
75969,2
75970,18
75971,15
75972,1
75973,19
75974,2
75975,5
75976,19
75977,7
75978,11
75979,11
75980,22
75981,18
75982,19
75983,18
75984,11
75985,7
75986,19
75987,6
75988,14
75989,22
75990,13
75991,22
75992,13
75993,9
75994,16
75995,19
75996,1
75997,11
75998,19
75999,10
76000,1
76001,18
76002,7
76003,13
76004,19
76005,13
76006,11
76007,22
76008,8
76009,13
76010,19
76011,8
76012,22
76013,14
76014,1
76015,1
76016,3
76017,19
76018,20
76019,2
76020,11
76021,13
76022,2
76023,2
76024,7
76025,11
76026,21
76027,2
76028,2
76029,7
76030,13
76031,4
76032,20
76033,11
76034,8
76035,19
76036,14
76037,13
76038,2
76039,4
76040,18
76041,2
76042,13
76043,7
76044,11
76045,13
76046,13
76047,13
76048,2
76049,1
76050,19
76051,11
76052,16
76053,10
76054,4
76055,7
76056,11
76057,21
76058,11
76059,8
76060,19
76061,1
76062,2
76063,13
76064,7
76065,11
76066,13
76067,1
76068,2
76069,7
76070,7
76071,14
76072,19
76073,19
76074,22
76075,13
76076,1
76077,2
76078,7
76079,1
76080,1
76081,9
76082,13
76083,7
76084,19
76085,2
76086,2
76087,13
76088,1
76089,11
76090,11
76091,3
76092,2
76093,13
76094,1
76095,1
76096,13
76097,11
76098,11
76099,13
76100,8
76101,4
76102,10
76103,8
76104,1
76105,9
76106,13
76107,21
76108,11
76109,13
76110,15
76111,19
76112,18
76113,7
76114,11
76115,1
76116,0
76117,19
76118,13
76119,1
76120,1
76121,19
76122,4
76123,18
76124,5
76125,11
76126,8
76127,7
76128,19
76129,1
76130,19
76131,8
76132,2
76133,21
76134,19
76135,7
76136,7
76137,13
76138,1
76139,13
76140,7
76141,11
76142,18
76143,7
76144,7
76145,1
76146,13
76147,18
76148,7
76149,13
76150,11
76151,11
76152,1
76153,19
76154,13
76155,8
76156,18
76157,1
76158,5
76159,4
76160,11
76161,13
76162,13
76163,9
76164,1
76165,1
76166,13
76167,11
76168,22
76169,13
76170,13
76171,1
76172,13
76173,10
76174,13
76175,22
76176,13
76177,11
76178,4
76179,3
76180,13
76181,2
76182,10
76183,2
76184,7
76185,19
76186,21
76187,7
76188,11
76189,1
76190,0
76191,13
76192,7
76193,13
76194,11
76195,2
76196,1
76197,20
76198,21
76199,2
76200,14
76201,19
76202,19
76203,7
76204,13
76205,1
76206,2
76207,12
76208,22
76209,20
76210,23
76211,21
76212,21
76213,0
76214,2
76215,1
76216,10
76217,7
76218,11
76219,21
76220,11
76221,15
76222,19
76223,2
76224,18
76225,19
76226,18
76227,18
76228,11
76229,13
76230,2
76231,2
76232,21
76233,2
76234,13
76235,5
76236,13
76237,18
76238,11
76239,15
76240,8
76241,4
76242,13
76243,9
76244,19
76245,11
76246,23
76247,19
76248,1
76249,2
76250,2
76251,5
76252,7
76253,14
76254,23
76255,18
76256,6
76257,19
76258,2
76259,2
76260,9
76261,19
76262,11
76263,18
76264,11
76265,13
76266,21
76267,13
76268,8
76269,12
76270,19
76271,1
76272,13
76273,7
76274,2
76275,13
76276,8
76277,19
76278,16
76279,18
76280,7
76281,19
76282,8
76283,22
76284,11
76285,3
76286,11
76287,22
76288,11
76289,19
76290,13
76291,14
76292,2
76293,19
76294,13
76295,4
76296,16
76297,14
76298,14
76299,14
76300,13
76301,1
76302,14
76303,18
76304,21
76305,13
76306,13
76307,20
76308,3
76309,9
76310,19
76311,10
76312,19
76313,12
76314,19
76315,11
76316,1
76317,11
76318,9
76319,9
76320,7
76321,18
76322,19
76323,14
76324,13
76325,19
76326,13
76327,14
76328,0
76329,4
76330,13
76331,2
76332,13
76333,11
76334,19
76335,2
76336,22
76337,18
76338,13
76339,7
76340,2
76341,19
76342,13
76343,2
76344,18
76345,21
76346,2
76347,7
76348,19
76349,13
76350,1
76351,13
76352,22
76353,18
76354,6
76355,11
76356,3
76357,19
76358,9
76359,13
76360,22
76361,13
76362,14
76363,7
76364,19
76365,14
76366,1
76367,13
76368,19
76369,21
76370,9
76371,14
76372,5
76373,20
76374,19
76375,7
76376,11
76377,14
76378,13
76379,1
76380,13
76381,2
76382,11
76383,22
76384,13
76385,15
76386,23
76387,22
76388,21
76389,21
76390,11
76391,1
76392,11
76393,18
76394,1
76395,13
76396,8
76397,13
76398,13
76399,1
76400,7
76401,1
76402,18
76403,23
76404,11
76405,2
76406,14
76407,13
76408,19
76409,22
76410,13
76411,18
76412,21
76413,16
76414,11
76415,5
76416,13
76417,13
76418,2
76419,7
76420,18
76421,13
76422,13
76423,22
76424,19
76425,19
76426,1
76427,1
76428,7
76429,23
76430,13
76431,7
76432,7
76433,21
76434,6
76435,13
76436,4
76437,13
76438,1
76439,9
76440,21
76441,13
76442,7
76443,18
76444,18
76445,2
76446,5
76447,1
76448,13
76449,11
76450,22
76451,13
76452,2
76453,9
76454,19
76455,13
76456,1
76457,14
76458,1
76459,13
76460,19
76461,13
76462,19
76463,2
76464,0
76465,7
76466,11
76467,1
76468,11
76469,10
76470,3
76471,1
76472,11
76473,21
76474,18
76475,21
76476,7
76477,1
76478,18
76479,13
76480,19
76481,19
76482,11
76483,10
76484,13
76485,19
76486,13
76487,19
76488,11
76489,2
76490,2
76491,16
76492,6
76493,18
76494,13
76495,7
76496,21
76497,2
76498,1
76499,23
76500,11
76501,16
76502,5
76503,19
76504,19
76505,9
76506,13
76507,14
76508,2
76509,21
76510,13
76511,7
76512,21
76513,20
76514,2
76515,13
76516,19
76517,13
76518,7
76519,11
76520,11
76521,13
76522,13
76523,0
76524,9
76525,1
76526,14
76527,14
76528,2
76529,6
76530,13
76531,19
76532,13
76533,15
76534,13
76535,19
76536,9
76537,9
76538,19
76539,23
76540,1
76541,11
76542,18
76543,18
76544,15
76545,8
76546,2
76547,1
76548,22
76549,16
76550,21
76551,7
76552,21
76553,7
76554,4
76555,11
76556,8
76557,21
76558,7
76559,2
76560,1
76561,23
76562,13
76563,18
76564,11
76565,1
76566,7
76567,2
76568,13
76569,23
76570,13
76571,8
76572,13
76573,7
76574,2
76575,19
76576,13
76577,19
76578,13
76579,7
76580,13
76581,1
76582,19
76583,13
76584,21
76585,11
76586,8
76587,8
76588,6
76589,8
76590,5
76591,2
76592,22
76593,12
76594,9
76595,13
76596,18
76597,2
76598,13
76599,23
76600,22
76601,11
76602,4
76603,19
76604,11
76605,11
76606,22
76607,13
76608,13
76609,9
76610,13
76611,13
76612,19
76613,17
76614,11
76615,0
76616,2
76617,23
76618,2
76619,14
76620,4
76621,22
76622,7
76623,18
76624,18
76625,7
76626,8
76627,13
76628,2
76629,1
76630,22
76631,13
76632,9
76633,13
76634,21
76635,22
76636,13
76637,21
76638,13
76639,2
76640,5
76641,13
76642,10
76643,13
76644,2
76645,19
76646,21
76647,1
76648,14
76649,22
76650,18
76651,13
76652,13
76653,7
76654,10
76655,23
76656,4
76657,14
76658,19
76659,13
76660,17
76661,22
76662,22
76663,7
76664,7
76665,13
76666,1
76667,23
76668,11
76669,22
76670,11
76671,1
76672,21
76673,11
76674,3
76675,3
76676,23
76677,13
76678,14
76679,19
76680,13
76681,9
76682,5
76683,2
76684,19
76685,7
76686,2
76687,7
76688,21
76689,21
76690,0
76691,11
76692,18
76693,13
76694,13
76695,13
76696,13
76697,18
76698,11
76699,1
76700,3
76701,13
76702,2
76703,7
76704,22
76705,1
76706,13
76707,4
76708,2
76709,13
76710,13
76711,11
76712,21
76713,23
76714,22
76715,1
76716,19
76717,1
76718,13
76719,13
76720,13
76721,7
76722,18
76723,7
76724,11
76725,21
76726,8
76727,1
76728,4
76729,11
76730,1
76731,2
76732,13
76733,1
76734,11
76735,2
76736,11
76737,2
76738,1
76739,1
76740,14
76741,13
76742,3
76743,3
76744,13
76745,10
76746,18
76747,1
76748,21
76749,21
76750,13
76751,5
76752,13
76753,1
76754,19
76755,11
76756,7
76757,21
76758,13
76759,18
76760,3
76761,13
76762,11
76763,13
76764,11
76765,11
76766,2
76767,1
76768,3
76769,13
76770,13
76771,1
76772,18
76773,7
76774,1
76775,7
76776,2
76777,11
76778,22
76779,23
76780,13
76781,19
76782,18
76783,2
76784,11
76785,3
76786,19
76787,15
76788,7
76789,13
76790,21
76791,19
76792,22
76793,16
76794,13
76795,8
76796,2
76797,8
76798,6
76799,11
76800,19
76801,19
76802,9
76803,16
76804,19
76805,0
76806,7
76807,9
76808,13
76809,14
76810,22
76811,7
76812,1
76813,2
76814,21
76815,21
76816,4
76817,7
76818,2
76819,18
76820,1
76821,13
76822,13
76823,8
76824,7
76825,11
76826,7
76827,11
76828,1
76829,12
76830,18
76831,14
76832,18
76833,19
76834,13
76835,8
76836,5
76837,20
76838,1
76839,6
76840,1
76841,13
76842,1
76843,1
76844,2
76845,13
76846,1
76847,11
76848,13
76849,21
76850,14
76851,1
76852,22
76853,5
76854,3
76855,2
76856,19
76857,7
76858,1
76859,23
76860,7
76861,2
76862,6
76863,18
76864,5
76865,11
76866,23
76867,5
76868,13
76869,11
76870,8
76871,2
76872,7
76873,3
76874,11
76875,23
76876,11
76877,11
76878,7
76879,20
76880,13
76881,13
76882,22
76883,11
76884,11
76885,1
76886,21
76887,13
76888,11
76889,1
76890,13
76891,18
76892,19
76893,9
76894,19
76895,13
76896,13
76897,13
76898,5
76899,13
76900,14
76901,14
76902,1
76903,19
76904,1
76905,1
76906,16
76907,19
76908,10
76909,13
76910,0
76911,13
76912,19
76913,21
76914,19
76915,10
76916,13
76917,7
76918,14
76919,19
76920,7
76921,11
76922,10
76923,14
76924,19
76925,7
76926,11
76927,5
76928,15
76929,21
76930,23
76931,4
76932,10
76933,14
76934,1
76935,18
76936,2
76937,4
76938,13
76939,1
76940,7
76941,22
76942,19
76943,11
76944,18
76945,22
76946,14
76947,22
76948,17
76949,7
76950,7
76951,18
76952,14
76953,1
76954,19
76955,13
76956,11
76957,8
76958,4
76959,16
76960,7
76961,2
76962,5
76963,14
76964,11
76965,19
76966,11
76967,1
76968,2
76969,14
76970,13
76971,2
76972,21
76973,11
76974,11
76975,11
76976,18
76977,13
76978,18
76979,19
76980,22
76981,22
76982,2
76983,7
76984,13
76985,7
76986,8
76987,18
76988,4
76989,2
76990,2
76991,2
76992,13
76993,6
76994,23
76995,7
76996,19
76997,22
76998,21
76999,19
77000,1
77001,1
77002,11
77003,11
77004,13
77005,7
77006,4
77007,13
77008,18
77009,7
77010,18
77011,18
77012,18
77013,19
77014,10
77015,2
77016,7
77017,22
77018,1
77019,13
77020,18
77021,11
77022,0
77023,21
77024,13
77025,3
77026,2
77027,23
77028,13
77029,7
77030,19
77031,3
77032,14
77033,4
77034,11
77035,13
77036,13
77037,7
77038,8
77039,8
77040,1
77041,2
77042,12
77043,8
77044,2
77045,18
77046,13
77047,18
77048,18
77049,13
77050,11
77051,13
77052,11
77053,11
77054,18
77055,19
77056,22
77057,8
77058,11
77059,22
77060,11
77061,21
77062,23
77063,9
77064,22
77065,1
77066,18
77067,19
77068,17
77069,1
77070,9
77071,1
77072,13
77073,13
77074,7
77075,18
77076,1
77077,18
77078,13
77079,13
77080,2
77081,11
77082,1
77083,1
77084,7
77085,2
77086,2
77087,19
77088,0
77089,14
77090,23
77091,22
77092,1
77093,13
77094,2
77095,7
77096,13
77097,14
77098,1
77099,13
77100,2
77101,21
77102,8
77103,11
77104,13
77105,22
77106,13
77107,18
77108,7
77109,7
77110,1
77111,19
77112,7
77113,13
77114,4
77115,7
77116,13
77117,1
77118,4
77119,11
77120,2
77121,11
77122,8
77123,1
77124,22
77125,14
77126,23
77127,20
77128,18
77129,1
77130,7
77131,13
77132,13
77133,14
77134,11
77135,7
77136,13
77137,3
77138,7
77139,18
77140,13
77141,19
77142,3
77143,20
77144,5
77145,0
77146,13
77147,14
77148,1
77149,5
77150,13
77151,23
77152,9
77153,22
77154,21
77155,19
77156,19
77157,20
77158,7
77159,22
77160,6
77161,6
77162,19
77163,3
77164,22
77165,13
77166,20
77167,21
77168,11
77169,13
77170,8
77171,13
77172,13
77173,22
77174,0
77175,8
77176,11
77177,11
77178,13
77179,1
77180,11
77181,22
77182,3
77183,13
77184,19
77185,7
77186,4
77187,12
77188,13
77189,4
77190,13
77191,13
77192,7
77193,13
77194,11
77195,18
77196,8
77197,11
77198,5
77199,11
77200,3
77201,13
77202,11
77203,1
77204,13
77205,19
77206,16
77207,2
77208,19
77209,11
77210,1
77211,6
77212,7
77213,22
77214,1
77215,7
77216,2
77217,16
77218,7
77219,13
77220,20
77221,7
77222,11
77223,13
77224,13
77225,11
77226,2
77227,11
77228,2
77229,18
77230,10
77231,19
77232,2
77233,5
77234,18
77235,19
77236,21
77237,13
77238,9
77239,3
77240,13
77241,14
77242,20
77243,10
77244,18
77245,21
77246,13
77247,2
77248,21
77249,13
77250,4
77251,13
77252,9
77253,19
77254,11
77255,7
77256,19
77257,13
77258,7
77259,12
77260,1
77261,1
77262,10
77263,19
77264,11
77265,21
77266,13
77267,2
77268,13
77269,19
77270,4
77271,10
77272,13
77273,13
77274,14
77275,5
77276,19
77277,21
77278,10
77279,13
77280,19
77281,1
77282,2
77283,3
77284,18
77285,21
77286,13
77287,7
77288,13
77289,13
77290,22
77291,9
77292,13
77293,9
77294,19
77295,7
77296,3
77297,13
77298,1
77299,19
77300,8
77301,19
77302,13
77303,22
77304,4
77305,9
77306,13
77307,23
77308,3
77309,21
77310,19
77311,13
77312,0
77313,23
77314,11
77315,13
77316,1
77317,11
77318,1
77319,11
77320,2
77321,13
77322,7
77323,11
77324,13
77325,1
77326,19
77327,1
77328,13
77329,2
77330,21
77331,7
77332,22
77333,14
77334,13
77335,22
77336,1
77337,7
77338,13
77339,8
77340,18
77341,22
77342,11
77343,4
77344,13
77345,14
77346,8
77347,7
77348,13
77349,4
77350,2
77351,11
77352,22
77353,11
77354,2
77355,4
77356,2
77357,13
77358,13
77359,11
77360,1
77361,1
77362,1
77363,21
77364,13
77365,22
77366,18
77367,22
77368,13
77369,15
77370,22
77371,2
77372,14
77373,11
77374,22
77375,1
77376,19
77377,10
77378,1
77379,12
77380,18
77381,1
77382,11
77383,4
77384,21
77385,22
77386,1
77387,14
77388,2
77389,23
77390,7
77391,11
77392,8
77393,11
77394,7
77395,20
77396,22
77397,13
77398,8
77399,18
77400,7
77401,23
77402,13
77403,19
77404,1
77405,2
77406,4
77407,8
77408,11
77409,19
77410,13
77411,13
77412,7
77413,2
77414,13
77415,19
77416,21
77417,1
77418,1
77419,1
77420,13
77421,19
77422,13
77423,13
77424,0
77425,22
77426,19
77427,22
77428,11
77429,13
77430,23
77431,2
77432,19
77433,7
77434,19
77435,6
77436,22
77437,13
77438,13
77439,11
77440,11
77441,16
77442,2
77443,8
77444,13
77445,13
77446,19
77447,9
77448,1
77449,21
77450,5
77451,8
77452,13
77453,11
77454,19
77455,10
77456,11
77457,8
77458,22
77459,7
77460,7
77461,4
77462,2
77463,7
77464,21
77465,7
77466,7
77467,11
77468,18
77469,9
77470,2
77471,19
77472,13
77473,19
77474,7
77475,6
77476,8
77477,13
77478,9
77479,22
77480,13
77481,19
77482,18
77483,8
77484,11
77485,1
77486,13
77487,13
77488,7
77489,22
77490,13
77491,13
77492,2
77493,13
77494,18
77495,14
77496,19
77497,13
77498,4
77499,1
77500,13
77501,9
77502,13
77503,1
77504,22
77505,13
77506,11
77507,11
77508,0
77509,18
77510,21
77511,7
77512,14
77513,5
77514,6
77515,10
77516,2
77517,23
77518,21
77519,18
77520,14
77521,1
77522,14
77523,11
77524,8
77525,19
77526,1
77527,8
77528,8
77529,4
77530,13
77531,13
77532,1
77533,13
77534,7
77535,1
77536,2
77537,22
77538,0
77539,22
77540,19
77541,22
77542,11
77543,5
77544,19
77545,11
77546,1
77547,1
77548,13
77549,6
77550,1
77551,13
77552,2
77553,1
77554,7
77555,19
77556,7
77557,11
77558,1
77559,4
77560,11
77561,14
77562,22
77563,7
77564,22
77565,7
77566,2
77567,2
77568,11
77569,10
77570,20
77571,13
77572,22
77573,19
77574,2
77575,7
77576,21
77577,22
77578,13
77579,13
77580,13
77581,18
77582,2
77583,19
77584,11
77585,13
77586,3
77587,11
77588,13
77589,19
77590,13
77591,9
77592,22
77593,13
77594,19
77595,1
77596,11
77597,13
77598,13
77599,19
77600,13
77601,3
77602,14
77603,19
77604,19
77605,2
77606,19
77607,19
77608,8
77609,14
77610,11
77611,21
77612,19
77613,21
77614,19
77615,7
77616,18
77617,9
77618,14
77619,10
77620,11
77621,19
77622,3
77623,13
77624,13
77625,7
77626,7
77627,5
77628,13
77629,14
77630,15
77631,7
77632,1
77633,2
77634,13
77635,22
77636,21
77637,11
77638,8
77639,7
77640,7
77641,11
77642,11
77643,14
77644,14
77645,13
77646,7
77647,2
77648,13
77649,7
77650,18
77651,2
77652,10
77653,13
77654,1
77655,2
77656,13
77657,13
77658,13
77659,13
77660,22
77661,4
77662,11
77663,21
77664,19
77665,4
77666,13
77667,1
77668,13
77669,15
77670,2
77671,7
77672,13
77673,13
77674,1
77675,4
77676,18
77677,1
77678,21
77679,1
77680,19
77681,11
77682,23
77683,7
77684,13
77685,1
77686,20
77687,13
77688,18
77689,18
77690,15
77691,13
77692,11
77693,3
77694,7
77695,14
77696,1
77697,11
77698,22
77699,2
77700,11
77701,13
77702,5
77703,18
77704,11
77705,23
77706,2
77707,2
77708,8
77709,13
77710,1
77711,7
77712,13
77713,13
77714,23
77715,19
77716,22
77717,13
77718,23
77719,10
77720,7
77721,21
77722,10
77723,11
77724,19
77725,1
77726,18
77727,23
77728,5
77729,13
77730,13
77731,14
77732,1
77733,0
77734,9
77735,13
77736,14
77737,13
77738,19
77739,1
77740,7
77741,22
77742,13
77743,2
77744,13
77745,0
77746,8
77747,2
77748,13
77749,15
77750,2
77751,19
77752,0
77753,13
77754,7
77755,19
77756,11
77757,7
77758,0
77759,0
77760,7
77761,4
77762,16
77763,23
77764,8
77765,4
77766,11
77767,2
77768,9
77769,1
77770,19
77771,1
77772,22
77773,9
77774,3
77775,19
77776,19
77777,5
77778,2
77779,18
77780,9
77781,22
77782,9
77783,13
77784,2
77785,8
77786,1
77787,13
77788,14
77789,18
77790,11
77791,7
77792,11
77793,9
77794,19
77795,6
77796,22
77797,11
77798,22
77799,13
77800,2
77801,22
77802,14
77803,13
77804,10
77805,6
77806,13
77807,5
77808,21
77809,19
77810,11
77811,2
77812,7
77813,15
77814,20
77815,21
77816,13
77817,22
77818,13
77819,13
77820,2
77821,19
77822,11
77823,4
77824,1
77825,11
77826,2
77827,13
77828,13
77829,18
77830,13
77831,11
77832,13
77833,19
77834,13
77835,19
77836,11
77837,11
77838,1
77839,4
77840,8
77841,7
77842,13
77843,14
77844,6
77845,1
77846,13
77847,19
77848,7
77849,1
77850,11
77851,22
77852,18
77853,14
77854,19
77855,15
77856,10
77857,11
77858,18
77859,2
77860,18
77861,5
77862,5
77863,13
77864,11
77865,16
77866,8
77867,7
77868,7
77869,19
77870,19
77871,19
77872,21
77873,19
77874,18
77875,5
77876,11
77877,13
77878,18
77879,13
77880,18
77881,3
77882,2
77883,2
77884,13
77885,18
77886,2
77887,7
77888,1
77889,18
77890,2
77891,19
77892,13
77893,13
77894,11
77895,1
77896,14
77897,1
77898,13
77899,14
77900,13
77901,13
77902,1
77903,22
77904,21
77905,9
77906,14
77907,22
77908,11
77909,2
77910,1
77911,2
77912,11
77913,11
77914,13
77915,7
77916,15
77917,2
77918,7
77919,13
77920,22
77921,14
77922,14
77923,18
77924,11
77925,19
77926,23
77927,10
77928,7
77929,5
77930,21
77931,13
77932,1
77933,1
77934,13
77935,19
77936,2
77937,11
77938,7
77939,13
77940,11
77941,0
77942,2
77943,1
77944,19
77945,0
77946,23
77947,13
77948,11
77949,13
77950,4
77951,22
77952,11
77953,13
77954,2
77955,13
77956,2
77957,7
77958,11
77959,2
77960,4
77961,13
77962,13
77963,4
77964,3
77965,7
77966,14
77967,5
77968,13
77969,7
77970,2
77971,22
77972,2
77973,23
77974,13
77975,11
77976,21
77977,4
77978,11
77979,18
77980,7
77981,11
77982,13
77983,2
77984,2
77985,13
77986,13
77987,11
77988,9
77989,10
77990,0
77991,4
77992,6
77993,19
77994,10
77995,11
77996,11
77997,2
77998,11
77999,19
78000,1
78001,11
78002,21
78003,1
78004,13
78005,13
78006,11
78007,7
78008,4
78009,10
78010,11
78011,19
78012,8
78013,12
78014,2
78015,22
78016,13
78017,19
78018,6
78019,11
78020,4
78021,8
78022,13
78023,1
78024,5
78025,13
78026,5
78027,19
78028,13
78029,6
78030,14
78031,21
78032,5
78033,23
78034,7
78035,8
78036,19
78037,10
78038,9
78039,17
78040,11
78041,11
78042,22
78043,13
78044,13
78045,11
78046,17
78047,1
78048,15
78049,20
78050,21
78051,19
78052,1
78053,20
78054,7
78055,9
78056,12
78057,2
78058,2
78059,23
78060,19
78061,18
78062,20
78063,13
78064,13
78065,13
78066,12
78067,23
78068,0
78069,7
78070,11
78071,22
78072,19
78073,7
78074,13
78075,1
78076,3
78077,11
78078,18
78079,12
78080,22
78081,15
78082,2
78083,15
78084,11
78085,19
78086,13
78087,14
78088,13
78089,1
78090,11
78091,23
78092,22
78093,19
78094,11
78095,4
78096,5
78097,13
78098,7
78099,6
78100,13
78101,22
78102,18
78103,20
78104,1
78105,1
78106,21
78107,21
78108,22
78109,1
78110,14
78111,6
78112,4
78113,15
78114,2
78115,7
78116,13
78117,13
78118,13
78119,13
78120,2
78121,11
78122,7
78123,22
78124,19
78125,21
78126,2
78127,18
78128,4
78129,2
78130,5
78131,14
78132,19
78133,7
78134,19
78135,19
78136,13
78137,13
78138,13
78139,21
78140,0
78141,18
78142,11
78143,13
78144,18
78145,19
78146,21
78147,14
78148,3
78149,13
78150,8
78151,18
78152,13
78153,13
78154,1
78155,1
78156,22
78157,22
78158,13
78159,19
78160,14
78161,11
78162,15
78163,9
78164,14
78165,22
78166,19
78167,9
78168,21
78169,18
78170,22
78171,5
78172,3
78173,11
78174,7
78175,14
78176,13
78177,11
78178,2
78179,22
78180,0
78181,14
78182,13
78183,1
78184,13
78185,19
78186,13
78187,18
78188,7
78189,3
78190,21
78191,19
78192,19
78193,19
78194,11
78195,13
78196,7
78197,3
78198,21
78199,11
78200,21
78201,1
78202,21
78203,2
78204,14
78205,1
78206,7
78207,19
78208,1
78209,1
78210,3
78211,13
78212,10
78213,13
78214,7
78215,18
78216,14
78217,19
78218,1
78219,1
78220,13
78221,22
78222,2
78223,1
78224,23
78225,11
78226,13
78227,10
78228,18
78229,13
78230,21
78231,11
78232,4
78233,1
78234,13
78235,13
78236,1
78237,2
78238,4
78239,21
78240,22
78241,11
78242,13
78243,14
78244,2
78245,3
78246,4
78247,19
78248,5
78249,2
78250,11
78251,8
78252,13
78253,21
78254,13
78255,1
78256,22
78257,19
78258,2
78259,7
78260,14
78261,14
78262,2
78263,13
78264,13
78265,7
78266,13
78267,13
78268,10
78269,19
78270,1
78271,19
78272,3
78273,18
78274,13
78275,10
78276,1
78277,19
78278,7
78279,1
78280,19
78281,21
78282,21
78283,2
78284,21
78285,13
78286,18
78287,1
78288,0
78289,20
78290,11
78291,13
78292,13
78293,11
78294,3
78295,3
78296,13
78297,9
78298,13
78299,2
78300,9
78301,15
78302,6
78303,19
78304,7
78305,11
78306,11
78307,13
78308,11
78309,7
78310,8
78311,7
78312,11
78313,1
78314,5
78315,11
78316,18
78317,21
78318,19
78319,1
78320,13
78321,13
78322,13
78323,13
78324,13
78325,7
78326,21
78327,13
78328,13
78329,19
78330,13
78331,11
78332,11
78333,10
78334,10
78335,2
78336,13
78337,22
78338,13
78339,5
78340,1
78341,11
78342,21
78343,3
78344,21
78345,0
78346,22
78347,16
78348,13
78349,19
78350,5
78351,2
78352,13
78353,13
78354,7
78355,1
78356,21
78357,13
78358,9
78359,1
78360,11
78361,13
78362,23
78363,19
78364,10
78365,19
78366,13
78367,18
78368,1
78369,7
78370,13
78371,18
78372,13
78373,4
78374,13
78375,13
78376,18
78377,14
78378,8
78379,15
78380,9
78381,13
78382,8
78383,3
78384,13
78385,11
78386,8
78387,20
78388,7
78389,5
78390,2
78391,2
78392,1
78393,4
78394,1
78395,4
78396,1
78397,19
78398,18
78399,13
78400,13
78401,9
78402,22
78403,14
78404,5
78405,18
78406,2
78407,4
78408,2
78409,7
78410,7
78411,13
78412,5
78413,13
78414,13
78415,1
78416,14
78417,18
78418,21
78419,11
78420,0
78421,14
78422,11
78423,20
78424,11
78425,2
78426,19
78427,1
78428,0
78429,7
78430,22
78431,9
78432,0
78433,11
78434,19
78435,16
78436,13
78437,1
78438,22
78439,16
78440,11
78441,13
78442,0
78443,7
78444,11
78445,13
78446,13
78447,2
78448,13
78449,1
78450,19
78451,18
78452,22
78453,13
78454,1
78455,13
78456,7
78457,13
78458,14
78459,13
78460,19
78461,13
78462,11
78463,13
78464,11
78465,2
78466,18
78467,14
78468,13
78469,11
78470,2
78471,13
78472,19
78473,8
78474,13
78475,19
78476,13
78477,2
78478,22
78479,11
78480,22
78481,19
78482,13
78483,1
78484,7
78485,17
78486,13
78487,1
78488,4
78489,23
78490,11
78491,1
78492,1
78493,13
78494,1
78495,19
78496,23
78497,7
78498,19
78499,5
78500,2
78501,7
78502,11
78503,11
78504,15
78505,11
78506,19
78507,4
78508,5
78509,1
78510,1
78511,13
78512,19
78513,7
78514,2
78515,5
78516,21
78517,10
78518,13
78519,13
78520,3
78521,2
78522,10
78523,19
78524,19
78525,7
78526,7
78527,11
78528,11
78529,5
78530,2
78531,21
78532,14
78533,2
78534,19
78535,7
78536,13
78537,0
78538,18
78539,22
78540,13
78541,10
78542,1
78543,0
78544,18
78545,13
78546,22
78547,13
78548,2
78549,11
78550,11
78551,13
78552,13
78553,21
78554,13
78555,19
78556,9
78557,7
78558,1
78559,11
78560,7
78561,19
78562,3
78563,22
78564,23
78565,4
78566,19
78567,13
78568,7
78569,13
78570,7
78571,7
78572,1
78573,3
78574,13
78575,7
78576,19
78577,22
78578,7
78579,12
78580,1
78581,13
78582,14
78583,14
78584,18
78585,18
78586,1
78587,5
78588,21
78589,19
78590,14
78591,14
78592,8
78593,2
78594,13
78595,14
78596,19
78597,10
78598,14
78599,11
78600,1
78601,0
78602,7
78603,22
78604,13
78605,13
78606,11
78607,13
78608,2
78609,13
78610,13
78611,13
78612,21
78613,7
78614,13
78615,13
78616,13
78617,21
78618,23
78619,11
78620,22
78621,14
78622,19
78623,11
78624,1
78625,2
78626,11
78627,7
78628,13
78629,19
78630,2
78631,13
78632,22
78633,7
78634,19
78635,7
78636,22
78637,16
78638,13
78639,13
78640,4
78641,7
78642,1
78643,14
78644,18
78645,13
78646,7
78647,21
78648,11
78649,13
78650,5
78651,11
78652,5
78653,13
78654,13
78655,19
78656,13
78657,7
78658,14
78659,13
78660,11
78661,7
78662,13
78663,9
78664,7
78665,21
78666,11
78667,1
78668,13
78669,9
78670,18
78671,7
78672,13
78673,23
78674,13
78675,7
78676,1
78677,2
78678,18
78679,11
78680,12
78681,22
78682,13
78683,14
78684,13
78685,22
78686,14
78687,21
78688,23
78689,9
78690,5
78691,8
78692,22
78693,13
78694,2
78695,22
78696,7
78697,13
78698,8
78699,7
78700,0
78701,10
78702,22
78703,0
78704,11
78705,7
78706,4
78707,11
78708,18
78709,13
78710,2
78711,3
78712,18
78713,22
78714,19
78715,14
78716,1
78717,3
78718,19
78719,7
78720,21
78721,2
78722,13
78723,7
78724,1
78725,13
78726,19
78727,14
78728,13
78729,7
78730,7
78731,19
78732,7
78733,11
78734,13
78735,13
78736,17
78737,13
78738,13
78739,13
78740,2
78741,19
78742,11
78743,19
78744,13
78745,13
78746,10
78747,1
78748,11
78749,19
78750,21
78751,13
78752,16
78753,16
78754,13
78755,7
78756,21
78757,1
78758,15
78759,16
78760,7
78761,13
78762,13
78763,1
78764,18
78765,3
78766,11
78767,23
78768,13
78769,7
78770,13
78771,13
78772,18
78773,21
78774,2
78775,23
78776,2
78777,1
78778,22
78779,23
78780,11
78781,22
78782,2
78783,13
78784,22
78785,13
78786,10
78787,7
78788,18
78789,11
78790,13
78791,1
78792,21
78793,21
78794,1
78795,2
78796,7
78797,13
78798,22
78799,21
78800,11
78801,13
78802,4
78803,19
78804,18
78805,11
78806,14
78807,12
78808,10
78809,19
78810,13
78811,7
78812,13
78813,11
78814,19
78815,8
78816,13
78817,4
78818,13
78819,14
78820,14
78821,3
78822,11
78823,19
78824,23
78825,11
78826,11
78827,19
78828,11
78829,19
78830,13
78831,22
78832,11
78833,18
78834,2
78835,22
78836,19
78837,22
78838,7
78839,13
78840,19
78841,19
78842,13
78843,13
78844,13
78845,18
78846,20
78847,1
78848,13
78849,19
78850,13
78851,19
78852,4
78853,10
78854,2
78855,13
78856,1
78857,7
78858,16
78859,7
78860,13
78861,7
78862,11
78863,21
78864,13
78865,22
78866,13
78867,3
78868,13
78869,18
78870,19
78871,2
78872,22
78873,11
78874,5
78875,8
78876,1
78877,22
78878,1
78879,11
78880,11
78881,21
78882,7
78883,19
78884,14
78885,1
78886,7
78887,5
78888,13
78889,1
78890,4
78891,14
78892,21
78893,4
78894,9
78895,11
78896,3
78897,8
78898,13
78899,13
78900,14
78901,10
78902,5
78903,5
78904,1
78905,1
78906,1
78907,13
78908,23
78909,1
78910,13
78911,19
78912,14
78913,3
78914,8
78915,19
78916,7
78917,21
78918,23
78919,11
78920,18
78921,19
78922,13
78923,19
78924,19
78925,19
78926,13
78927,13
78928,2
78929,22
78930,4
78931,22
78932,18
78933,11
78934,23
78935,1
78936,19
78937,13
78938,21
78939,7
78940,1
78941,1
78942,3
78943,14
78944,22
78945,17
78946,13
78947,19
78948,21
78949,1
78950,19
78951,13
78952,22
78953,2
78954,11
78955,7
78956,13
78957,7
78958,21
78959,14
78960,18
78961,13
78962,19
78963,1
78964,1
78965,18
78966,5
78967,13
78968,16
78969,6
78970,11
78971,1
78972,11
78973,22
78974,2
78975,19
78976,13
78977,16
78978,3
78979,18
78980,5
78981,13
78982,1
78983,5
78984,2
78985,11
78986,2
78987,7
78988,22
78989,1
78990,1
78991,18
78992,14
78993,13
78994,11
78995,4
78996,13
78997,2
78998,2
78999,22
79000,19
79001,14
79002,9
79003,7
79004,1
79005,9
79006,18
79007,13
79008,7
79009,19
79010,2
79011,19
79012,11
79013,23
79014,11
79015,13
79016,7
79017,7
79018,13
79019,1
79020,13
79021,22
79022,13
79023,13
79024,0
79025,1
79026,19
79027,20
79028,11
79029,21
79030,2
79031,13
79032,2
79033,13
79034,19
79035,19
79036,5
79037,11
79038,7
79039,18
79040,19
79041,0
79042,11
79043,7
79044,13
79045,11
79046,6
79047,13
79048,18
79049,22
79050,2
79051,6
79052,22
79053,6
79054,5
79055,11
79056,2
79057,11
79058,7
79059,13
79060,11
79061,11
79062,10
79063,21
79064,8
79065,2
79066,14
79067,1
79068,22
79069,22
79070,7
79071,12
79072,1
79073,1
79074,21
79075,22
79076,19
79077,11
79078,1
79079,1
79080,19
79081,1
79082,7
79083,15
79084,13
79085,11
79086,13
79087,1
79088,11
79089,22
79090,15
79091,21
79092,3
79093,13
79094,1
79095,7
79096,13
79097,13
79098,11
79099,13
79100,7
79101,16
79102,13
79103,3
79104,13
79105,13
79106,4
79107,14
79108,1
79109,13
79110,11
79111,21
79112,1
79113,6
79114,11
79115,3
79116,1
79117,1
79118,2
79119,2
79120,5
79121,2
79122,11
79123,14
79124,9
79125,7
79126,7
79127,11
79128,11
79129,2
79130,11
79131,11
79132,18
79133,19
79134,19
79135,21
79136,22
79137,18
79138,22
79139,0
79140,21
79141,19
79142,7
79143,5
79144,7
79145,3
79146,23
79147,10
79148,13
79149,19
79150,19
79151,7
79152,13
79153,23
79154,2
79155,2
79156,19
79157,5
79158,14
79159,1
79160,11
79161,1
79162,13
79163,18
79164,16
79165,18
79166,11
79167,22
79168,13
79169,21
79170,13
79171,13
79172,2
79173,2
79174,8
79175,19
79176,19
79177,11
79178,19
79179,2
79180,9
79181,7
79182,17
79183,17
79184,5
79185,1
79186,22
79187,18
79188,11
79189,11
79190,19
79191,23
79192,13
79193,2
79194,11
79195,13
79196,11
79197,13
79198,7
79199,8
79200,9
79201,13
79202,13
79203,18
79204,8
79205,11
79206,8
79207,19
79208,7
79209,13
79210,8
79211,1
79212,19
79213,11
79214,0
79215,21
79216,21
79217,13
79218,21
79219,19
79220,4
79221,13
79222,13
79223,13
79224,18
79225,13
79226,2
79227,20
79228,7
79229,13
79230,13
79231,22
79232,7
79233,23
79234,19
79235,19
79236,1
79237,2
79238,11
79239,10
79240,3
79241,6
79242,14
79243,22
79244,22
79245,13
79246,18
79247,18
79248,13
79249,22
79250,19
79251,2
79252,11
79253,11
79254,13
79255,13
79256,19
79257,18
79258,19
79259,18
79260,13
79261,13
79262,19
79263,22
79264,13
79265,2
79266,2
79267,13
79268,7
79269,7
79270,5
79271,14
79272,7
79273,15
79274,11
79275,11
79276,0
79277,13
79278,21
79279,13
79280,18
79281,4
79282,14
79283,16
79284,13
79285,14
79286,11
79287,1
79288,19
79289,1
79290,19
79291,13
79292,13
79293,3
79294,13
79295,4
79296,11
79297,13
79298,19
79299,18
79300,11
79301,21
79302,3
79303,14
79304,7
79305,13
79306,1
79307,2
79308,18
79309,13
79310,22
79311,1
79312,7
79313,19
79314,7
79315,7
79316,12
79317,19
79318,11
79319,19
79320,1
79321,21
79322,8
79323,13
79324,19
79325,20
79326,13
79327,14
79328,19
79329,5
79330,16
79331,21
79332,19
79333,2
79334,21
79335,13
79336,6
79337,22
79338,4
79339,22
79340,11
79341,1
79342,20
79343,2
79344,19
79345,11
79346,22
79347,13
79348,4
79349,21
79350,18
79351,13
79352,11
79353,13
79354,19
79355,18
79356,13
79357,13
79358,9
79359,0
79360,21
79361,4
79362,22
79363,19
79364,7
79365,7
79366,13
79367,2
79368,1
79369,11
79370,7
79371,13
79372,11
79373,13
79374,11
79375,1
79376,18
79377,19
79378,6
79379,23
79380,13
79381,1
79382,7
79383,19
79384,10
79385,3
79386,7
79387,7
79388,7
79389,19
79390,10
79391,21
79392,13
79393,7
79394,1
79395,11
79396,6
79397,12
79398,7
79399,18
79400,18
79401,18
79402,2
79403,22
79404,18
79405,1
79406,13
79407,13
79408,2
79409,14
79410,7
79411,4
79412,13
79413,2
79414,2
79415,21
79416,1
79417,23
79418,1
79419,11
79420,3
79421,19
79422,11
79423,19
79424,19
79425,5
79426,0
79427,18
79428,5
79429,13
79430,10
79431,7
79432,13
79433,15
79434,13
79435,22
79436,22
79437,19
79438,18
79439,16
79440,13
79441,1
79442,7
79443,1
79444,11
79445,13
79446,19
79447,12
79448,13
79449,18
79450,13
79451,10
79452,11
79453,7
79454,13
79455,14
79456,22
79457,7
79458,13
79459,7
79460,18
79461,23
79462,9
79463,19
79464,13
79465,13
79466,23
79467,14
79468,22
79469,19
79470,22
79471,16
79472,7
79473,16
79474,18
79475,13
79476,18
79477,18
79478,2
79479,18
79480,19
79481,7
79482,19
79483,19
79484,11
79485,7
79486,5
79487,19
79488,2
79489,11
79490,2
79491,1
79492,19
79493,1
79494,13
79495,2
79496,13
79497,7
79498,13
79499,4
79500,5
79501,19
79502,1
79503,13
79504,7
79505,18
79506,21
79507,3
79508,9
79509,23
79510,14
79511,14
79512,1
79513,13
79514,13
79515,1
79516,19
79517,2
79518,1
79519,13
79520,1
79521,6
79522,13
79523,7
79524,2
79525,13
79526,2
79527,7
79528,1
79529,22
79530,22
79531,19
79532,7
79533,1
79534,1
79535,11
79536,13
79537,10
79538,8
79539,6
79540,19
79541,13
79542,14
79543,21
79544,20
79545,7
79546,14
79547,19
79548,7
79549,13
79550,7
79551,8
79552,13
79553,7
79554,8
79555,4
79556,11
79557,13
79558,1
79559,1
79560,19
79561,21
79562,1
79563,5
79564,9
79565,22
79566,13
79567,9
79568,22
79569,7
79570,13
79571,19
79572,7
79573,11
79574,8
79575,21
79576,13
79577,7
79578,23
79579,19
79580,13
79581,1
79582,2
79583,13
79584,2
79585,13
79586,19
79587,11
79588,11
79589,11
79590,4
79591,18
79592,22
79593,20
79594,23
79595,13
79596,1
79597,18
79598,11
79599,13
79600,19
79601,1
79602,11
79603,18
79604,1
79605,13
79606,14
79607,19
79608,7
79609,23
79610,19
79611,3
79612,13
79613,1
79614,13
79615,2
79616,10
79617,13
79618,1
79619,0
79620,19
79621,14
79622,13
79623,11
79624,1
79625,19
79626,18
79627,13
79628,11
79629,13
79630,0
79631,13
79632,19
79633,14
79634,13
79635,2
79636,11
79637,5
79638,21
79639,8
79640,7
79641,19
79642,11
79643,11
79644,13
79645,11
79646,13
79647,15
79648,13
79649,22
79650,7
79651,1
79652,18
79653,14
79654,1
79655,5
79656,11
79657,12
79658,23
79659,13
79660,7
79661,8
79662,1
79663,1
79664,1
79665,19
79666,2
79667,7
79668,7
79669,1
79670,13
79671,11
79672,13
79673,7
79674,22
79675,22
79676,8
79677,13
79678,11
79679,8
79680,21
79681,23
79682,0
79683,11
79684,14
79685,18
79686,14
79687,13
79688,1
79689,13
79690,3
79691,2
79692,23
79693,8
79694,2
79695,7
79696,23
79697,3
79698,14
79699,11
79700,10
79701,7
79702,20
79703,1
79704,13
79705,11
79706,23
79707,13
79708,2
79709,13
79710,21
79711,1
79712,1
79713,2
79714,5
79715,13
79716,4
79717,4
79718,8
79719,11
79720,13
79721,17
79722,13
79723,17
79724,10
79725,13
79726,1
79727,1
79728,18
79729,11
79730,13
79731,13
79732,19
79733,5
79734,5
79735,18
79736,11
79737,19
79738,1
79739,5
79740,1
79741,18
79742,9
79743,19
79744,13
79745,8
79746,1
79747,15
79748,18
79749,1
79750,22
79751,9
79752,14
79753,9
79754,4
79755,22
79756,19
79757,8
79758,1
79759,7
79760,0
79761,8
79762,16
79763,23
79764,13
79765,9
79766,7
79767,11
79768,19
79769,18
79770,22
79771,14
79772,21
79773,11
79774,4
79775,13
79776,1
79777,21
79778,11
79779,13
79780,13
79781,11
79782,4
79783,15
79784,19
79785,4
79786,13
79787,22
79788,9
79789,11
79790,13
79791,8
79792,2
79793,23
79794,7
79795,1
79796,11
79797,2
79798,18
79799,13
79800,13
79801,19
79802,7
79803,18
79804,15
79805,13
79806,18
79807,21
79808,13
79809,0
79810,8
79811,13
79812,2
79813,23
79814,4
79815,11
79816,15
79817,18
79818,4
79819,4
79820,7
79821,13
79822,6
79823,2
79824,22
79825,13
79826,8
79827,13
79828,14
79829,11
79830,0
79831,2
79832,7
79833,13
79834,22
79835,11
79836,8
79837,13
79838,11
79839,8
79840,0
79841,5
79842,13
79843,2
79844,13
79845,12
79846,19
79847,7
79848,13
79849,19
79850,22
79851,19
79852,19
79853,2
79854,11
79855,13
79856,13
79857,13
79858,1
79859,5
79860,1
79861,9
79862,7
79863,13
79864,19
79865,7
79866,11
79867,18
79868,17
79869,1
79870,23
79871,13
79872,3
79873,1
79874,11
79875,13
79876,10
79877,13
79878,11
79879,2
79880,18
79881,11
79882,14
79883,11
79884,13
79885,13
79886,7
79887,7
79888,2
79889,18
79890,19
79891,9
79892,2
79893,23
79894,13
79895,16
79896,10
79897,23
79898,2
79899,22
79900,13
79901,21
79902,22
79903,18
79904,19
79905,11
79906,18
79907,3
79908,14
79909,14
79910,13
79911,1
79912,13
79913,7
79914,19
79915,22
79916,13
79917,1
79918,0
79919,1
79920,7
79921,1
79922,14
79923,6
79924,14
79925,14
79926,13
79927,13
79928,1
79929,5
79930,13
79931,7
79932,8
79933,8
79934,1
79935,19
79936,1
79937,13
79938,13
79939,11
79940,13
79941,13
79942,19
79943,4
79944,0
79945,10
79946,2
79947,2
79948,22
79949,20
79950,15
79951,8
79952,21
79953,7
79954,19
79955,13
79956,19
79957,19
79958,22
79959,13
79960,14
79961,15
79962,18
79963,9
79964,1
79965,8
79966,19
79967,23
79968,13
79969,12
79970,7
79971,13
79972,13
79973,7
79974,13
79975,7
79976,13
79977,22
79978,18
79979,22
79980,18
79981,21
79982,11
79983,11
79984,13
79985,2
79986,13
79987,19
79988,19
79989,11
79990,11
79991,23
79992,1
79993,18
79994,13
79995,18
79996,13
79997,2
79998,6
79999,1
80000,13
80001,8
80002,7
80003,21
80004,19
80005,2
80006,23
80007,6
80008,11
80009,12
80010,19
80011,8
80012,11
80013,3
80014,2
80015,6
80016,19
80017,3
80018,19
80019,13
80020,19
80021,6
80022,22
80023,13
80024,13
80025,7
80026,15
80027,13
80028,13
80029,20
80030,19
80031,13
80032,4
80033,3
80034,1
80035,9
80036,8
80037,1
80038,14
80039,2
80040,2
80041,13
80042,22
80043,2
80044,13
80045,6
80046,22
80047,14
80048,11
80049,5
80050,7
80051,19
80052,16
80053,19
80054,22
80055,19
80056,7
80057,4
80058,2
80059,18
80060,3
80061,11
80062,13
80063,1
80064,13
80065,19
80066,1
80067,8
80068,10
80069,2
80070,1
80071,22
80072,15
80073,2
80074,11
80075,1
80076,18
80077,18
80078,13
80079,20
80080,18
80081,13
80082,13
80083,18
80084,13
80085,5
80086,8
80087,13
80088,18
80089,11
80090,2
80091,1
80092,13
80093,13
80094,1
80095,6
80096,7
80097,19
80098,7
80099,7
80100,14
80101,18
80102,2
80103,8
80104,1
80105,19
80106,13
80107,18
80108,21
80109,16
80110,20
80111,18
80112,11
80113,18
80114,22
80115,2
80116,19
80117,7
80118,1
80119,4
80120,7
80121,22
80122,11
80123,2
80124,9
80125,2
80126,18
80127,1
80128,13
80129,2
80130,1
80131,23
80132,13
80133,13
80134,18
80135,22
80136,21
80137,14
80138,23
80139,1
80140,14
80141,7
80142,11
80143,13
80144,14
80145,7
80146,7
80147,11
80148,1
80149,18
80150,20
80151,8
80152,7
80153,11
80154,7
80155,19
80156,22
80157,1
80158,2
80159,18
80160,13
80161,19
80162,1
80163,13
80164,7
80165,1
80166,13
80167,4
80168,14
80169,13
80170,5
80171,18
80172,0
80173,11
80174,16
80175,7
80176,3
80177,13
80178,2
80179,11
80180,13
80181,22
80182,16
80183,13
80184,2
80185,6
80186,18
80187,15
80188,19
80189,19
80190,14
80191,13
80192,22
80193,7
80194,11
80195,18
80196,11
80197,13
80198,14
80199,14
80200,1
80201,7
80202,14
80203,14
80204,2
80205,14
80206,19
80207,16
80208,1
80209,13
80210,14
80211,11
80212,13
80213,21
80214,22
80215,22
80216,1
80217,2
80218,23
80219,22
80220,22
80221,13
80222,13
80223,3
80224,13
80225,14
80226,7
80227,5
80228,4
80229,14
80230,21
80231,22
80232,13
80233,1
80234,19
80235,9
80236,7
80237,19
80238,13
80239,3
80240,13
80241,13
80242,22
80243,11
80244,20
80245,13
80246,18
80247,5
80248,22
80249,11
80250,2
80251,4
80252,11
80253,2
80254,21
80255,21
80256,1
80257,5
80258,19
80259,11
80260,2
80261,21
80262,21
80263,21
80264,13
80265,14
80266,21
80267,13
80268,19
80269,13
80270,10
80271,11
80272,23
80273,18
80274,18
80275,18
80276,10
80277,13
80278,4
80279,2
80280,13
80281,19
80282,5
80283,2
80284,8
80285,7
80286,1
80287,7
80288,13
80289,13
80290,7
80291,9
80292,19
80293,3
80294,1
80295,1
80296,8
80297,1
80298,17
80299,4
80300,9
80301,3
80302,11
80303,18
80304,9
80305,7
80306,1
80307,13
80308,11
80309,14
80310,13
80311,18
80312,12
80313,22
80314,13
80315,13
80316,11
80317,13
80318,8
80319,7
80320,19
80321,1
80322,2
80323,13
80324,9
80325,5
80326,2
80327,13
80328,1
80329,20
80330,14
80331,14
80332,7
80333,5
80334,19
80335,1
80336,7
80337,4
80338,4
80339,19
80340,1
80341,16
80342,18
80343,13
80344,11
80345,7
80346,18
80347,8
80348,17
80349,22
80350,18
80351,11
80352,18
80353,10
80354,13
80355,1
80356,11
80357,23
80358,7
80359,13
80360,18
80361,2
80362,12
80363,21
80364,1
80365,23
80366,6
80367,2
80368,7
80369,18
80370,19
80371,19
80372,22
80373,11
80374,22
80375,21
80376,19
80377,20
80378,10
80379,1
80380,13
80381,20
80382,14
80383,3
80384,2
80385,19
80386,14
80387,14
80388,8
80389,8
80390,23
80391,13
80392,11
80393,13
80394,13
80395,14
80396,13
80397,14
80398,2
80399,13
80400,13
80401,1
80402,1
80403,13
80404,19
80405,11
80406,19
80407,22
80408,7
80409,22
80410,8
80411,13
80412,7
80413,13
80414,7
80415,3
80416,19
80417,11
80418,19
80419,1
80420,18
80421,19
80422,7
80423,5
80424,20
80425,6
80426,1
80427,5
80428,19
80429,18
80430,2
80431,13
80432,22
80433,10
80434,2
80435,13
80436,22
80437,3
80438,7
80439,2
80440,17
80441,3
80442,1
80443,2
80444,1
80445,1
80446,11
80447,1
80448,1
80449,2
80450,2
80451,22
80452,14
80453,8
80454,7
80455,11
80456,7
80457,11
80458,1
80459,14
80460,7
80461,18
80462,19
80463,11
80464,13
80465,21
80466,14
80467,1
80468,10
80469,2
80470,11
80471,20
80472,19
80473,2
80474,13
80475,2
80476,1
80477,7
80478,13
80479,7
80480,1
80481,11
80482,13
80483,5
80484,9
80485,21
80486,3
80487,3
80488,14
80489,19
80490,14
80491,13
80492,11
80493,13
80494,13
80495,1
80496,22
80497,22
80498,18
80499,0
80500,23
80501,14
80502,2
80503,13
80504,1
80505,21
80506,13
80507,13
80508,22
80509,11
80510,9
80511,11
80512,11
80513,19
80514,2
80515,3
80516,5
80517,23
80518,5
80519,19
80520,22
80521,18
80522,13
80523,9
80524,16
80525,7
80526,14
80527,5
80528,10
80529,22
80530,13
80531,7
80532,13
80533,10
80534,14
80535,8
80536,11
80537,1
80538,22
80539,11
80540,11
80541,7
80542,9
80543,18
80544,18
80545,0
80546,19
80547,13
80548,6
80549,9
80550,18
80551,22
80552,11
80553,18
80554,7
80555,7
80556,1
80557,11
80558,13
80559,7
80560,11
80561,11
80562,19
80563,1
80564,12
80565,13
80566,5
80567,4
80568,11
80569,13
80570,1
80571,2
80572,13
80573,5
80574,9
80575,2
80576,0
80577,1
80578,2
80579,13
80580,19
80581,3
80582,19
80583,5
80584,19
80585,13
80586,22
80587,13
80588,21
80589,19
80590,22
80591,7
80592,3
80593,22
80594,4
80595,19
80596,5
80597,14
80598,22
80599,9
80600,22
80601,5
80602,23
80603,21
80604,0
80605,12
80606,14
80607,22
80608,14
80609,13
80610,14
80611,18
80612,13
80613,19
80614,7
80615,11
80616,11
80617,13
80618,14
80619,2
80620,19
80621,22
80622,0
80623,7
80624,13
80625,1
80626,13
80627,1
80628,19
80629,10
80630,21
80631,8
80632,16
80633,1
80634,5
80635,13
80636,19
80637,1
80638,2
80639,13
80640,22
80641,0
80642,4
80643,13
80644,1
80645,13
80646,20
80647,13
80648,3
80649,7
80650,18
80651,8
80652,21
80653,18
80654,7
80655,19
80656,7
80657,14
80658,14
80659,21
80660,14
80661,3
80662,18
80663,7
80664,13
80665,13
80666,23
80667,5
80668,11
80669,19
80670,13
80671,1
80672,14
80673,13
80674,1
80675,10
80676,2
80677,13
80678,10
80679,14
80680,13
80681,9
80682,11
80683,10
80684,2
80685,1
80686,0
80687,13
80688,12
80689,10
80690,18
80691,22
80692,23
80693,22
80694,2
80695,19
80696,11
80697,13
80698,11
80699,13
80700,19
80701,19
80702,1
80703,8
80704,7
80705,13
80706,7
80707,1
80708,1
80709,19
80710,21
80711,13
80712,11
80713,13
80714,19
80715,1
80716,1
80717,9
80718,13
80719,3
80720,1
80721,1
80722,13
80723,9
80724,1
80725,13
80726,13
80727,2
80728,1
80729,18
80730,23
80731,3
80732,10
80733,11
80734,4
80735,11
80736,2
80737,7
80738,9
80739,11
80740,1
80741,1
80742,10
80743,5
80744,1
80745,2
80746,2
80747,22
80748,3
80749,14
80750,11
80751,21
80752,13
80753,22
80754,11
80755,11
80756,18
80757,13
80758,15
80759,7
80760,22
80761,13
80762,1
80763,16
80764,1
80765,13
80766,3
80767,2
80768,19
80769,21
80770,5
80771,11
80772,7
80773,2
80774,22
80775,2
80776,8
80777,13
80778,13
80779,1
80780,18
80781,15
80782,13
80783,9
80784,19
80785,7
80786,7
80787,19
80788,14
80789,22
80790,1
80791,19
80792,9
80793,2
80794,13
80795,21
80796,21
80797,11
80798,14
80799,1
80800,14
80801,1
80802,13
80803,7
80804,4
80805,14
80806,18
80807,16
80808,13
80809,23
80810,22
80811,7
80812,1
80813,23
80814,9
80815,21
80816,11
80817,19
80818,13
80819,7
80820,13
80821,9
80822,8
80823,21
80824,1
80825,2
80826,13
80827,1
80828,19
80829,4
80830,13
80831,7
80832,2
80833,7
80834,19
80835,6
80836,1
80837,2
80838,2
80839,1
80840,11
80841,2
80842,1
80843,13
80844,13
80845,15
80846,18
80847,9
80848,18
80849,22
80850,9
80851,7
80852,1
80853,7
80854,19
80855,7
80856,13
80857,1
80858,22
80859,11
80860,2
80861,13
80862,5
80863,5
80864,18
80865,18
80866,13
80867,11
80868,7
80869,13
80870,11
80871,11
80872,11
80873,13
80874,23
80875,2
80876,3
80877,22
80878,19
80879,7
80880,11
80881,1
80882,19
80883,22
80884,1
80885,0
80886,1
80887,1
80888,11
80889,6
80890,22
80891,22
80892,21
80893,11
80894,22
80895,23
80896,1
80897,14
80898,1
80899,13
80900,13
80901,18
80902,22
80903,1
80904,18
80905,8
80906,13
80907,7
80908,13
80909,13
80910,5
80911,22
80912,19
80913,9
80914,21
80915,4
80916,13
80917,2
80918,19
80919,1
80920,11
80921,1
80922,13
80923,13
80924,6
80925,2
80926,1
80927,6
80928,13
80929,7
80930,22
80931,15
80932,13
80933,1
80934,4
80935,1
80936,13
80937,19
80938,13
80939,18
80940,22
80941,22
80942,11
80943,11
80944,11
80945,21
80946,19
80947,11
80948,22
80949,19
80950,1
80951,7
80952,2
80953,20
80954,23
80955,18
80956,1
80957,19
80958,10
80959,11
80960,0
80961,2
80962,8
80963,10
80964,11
80965,21
80966,13
80967,1
80968,19
80969,11
80970,11
80971,11
80972,6
80973,20
80974,13
80975,1
80976,18
80977,13
80978,19
80979,13
80980,2
80981,19
80982,3
80983,1
80984,9
80985,18
80986,7
80987,1
80988,1
80989,9
80990,1
80991,1
80992,5
80993,19
80994,14
80995,12
80996,6
80997,1
80998,7
80999,19
81000,4
81001,11
81002,16
81003,7
81004,13
81005,11
81006,19
81007,13
81008,8
81009,2
81010,13
81011,11
81012,8
81013,7
81014,22
81015,22
81016,7
81017,11
81018,7
81019,13
81020,19
81021,12
81022,18
81023,2
81024,7
81025,22
81026,19
81027,23
81028,22
81029,13
81030,8
81031,13
81032,13
81033,13
81034,7
81035,13
81036,1
81037,11
81038,11
81039,21
81040,7
81041,2
81042,14
81043,11
81044,22
81045,2
81046,2
81047,1
81048,23
81049,14
81050,19
81051,13
81052,6
81053,5
81054,13
81055,13
81056,13
81057,22
81058,19
81059,11
81060,19
81061,21
81062,9
81063,19
81064,11
81065,1
81066,11
81067,19
81068,23
81069,15
81070,13
81071,11
81072,16
81073,13
81074,10
81075,19
81076,19
81077,13
81078,19
81079,23
81080,19
81081,11
81082,16
81083,5
81084,19
81085,22
81086,19
81087,19
81088,18
81089,13
81090,19
81091,13
81092,18
81093,18
81094,19
81095,1
81096,7
81097,19
81098,23
81099,20
81100,13
81101,11
81102,18
81103,7
81104,13
81105,18
81106,13
81107,13
81108,18
81109,19
81110,0
81111,14
81112,8
81113,1
81114,2
81115,7
81116,13
81117,13
81118,4
81119,7
81120,2
81121,14
81122,13
81123,5
81124,9
81125,1
81126,22
81127,6
81128,7
81129,10
81130,13
81131,22
81132,15
81133,7
81134,23
81135,13
81136,1
81137,23
81138,18
81139,1
81140,22
81141,5
81142,1
81143,6
81144,18
81145,7
81146,8
81147,22
81148,13
81149,21
81150,19
81151,2
81152,13
81153,19
81154,19
81155,13
81156,2
81157,4
81158,19
81159,18
81160,18
81161,19
81162,11
81163,1
81164,4
81165,8
81166,19
81167,3
81168,6
81169,13
81170,23
81171,19
81172,13
81173,19
81174,10
81175,18
81176,13
81177,6
81178,13
81179,1
81180,13
81181,13
81182,19
81183,4
81184,22
81185,7
81186,3
81187,8
81188,13
81189,2
81190,18
81191,13
81192,1
81193,19
81194,21
81195,13
81196,13
81197,19
81198,13
81199,1
81200,14
81201,19
81202,13
81203,13
81204,14
81205,10
81206,2
81207,22
81208,19
81209,15
81210,0
81211,14
81212,11
81213,12
81214,13
81215,18
81216,13
81217,21
81218,5
81219,13
81220,5
81221,19
81222,8
81223,23
81224,18
81225,1
81226,7
81227,5
81228,14
81229,2
81230,0
81231,13
81232,11
81233,1
81234,21
81235,14
81236,11
81237,21
81238,13
81239,18
81240,20
81241,21
81242,13
81243,7
81244,23
81245,11
81246,0
81247,1
81248,11
81249,19
81250,7
81251,13
81252,8
81253,2
81254,9
81255,22
81256,11
81257,1
81258,7
81259,18
81260,1
81261,13
81262,13
81263,18
81264,17
81265,19
81266,19
81267,16
81268,1
81269,7
81270,3
81271,23
81272,8
81273,8
81274,13
81275,3
81276,11
81277,5
81278,11
81279,12
81280,11
81281,1
81282,11
81283,11
81284,18
81285,1
81286,13
81287,1
81288,2
81289,13
81290,13
81291,13
81292,13
81293,19
81294,14
81295,2
81296,1
81297,0
81298,13
81299,11
81300,13
81301,13
81302,13
81303,2
81304,11
81305,14
81306,13
81307,21
81308,18
81309,22
81310,2
81311,2
81312,11
81313,19
81314,13
81315,13
81316,19
81317,15
81318,1
81319,11
81320,13
81321,18
81322,5
81323,11
81324,13
81325,7
81326,22
81327,7
81328,13
81329,10
81330,1
81331,7
81332,19
81333,2
81334,21
81335,15
81336,5
81337,1
81338,13
81339,13
81340,2
81341,22
81342,23
81343,4
81344,19
81345,14
81346,11
81347,13
81348,23
81349,1
81350,1
81351,21
81352,2
81353,22
81354,1
81355,4
81356,21
81357,7
81358,18
81359,13
81360,22
81361,2
81362,6
81363,13
81364,22
81365,13
81366,3
81367,13
81368,4
81369,20
81370,13
81371,19
81372,13
81373,11
81374,14
81375,10
81376,1
81377,13
81378,22
81379,13
81380,23
81381,13
81382,1
81383,7
81384,0
81385,19
81386,17
81387,13
81388,7
81389,1
81390,13
81391,13
81392,2
81393,1
81394,18
81395,13
81396,11
81397,3
81398,20
81399,18
81400,22
81401,13
81402,13
81403,1
81404,23
81405,19
81406,13
81407,13
81408,8
81409,6
81410,17
81411,13
81412,1
81413,11
81414,11
81415,13
81416,14
81417,22
81418,2
81419,13
81420,11
81421,11
81422,11
81423,19
81424,7
81425,22
81426,1
81427,7
81428,11
81429,10
81430,13
81431,17
81432,19
81433,23
81434,2
81435,13
81436,13
81437,11
81438,12
81439,21
81440,5
81441,13
81442,15
81443,13
81444,19
81445,22
81446,22
81447,22
81448,18
81449,13
81450,7
81451,7
81452,13
81453,8
81454,8
81455,0
81456,13
81457,18
81458,2
81459,1
81460,18
81461,8
81462,13
81463,4
81464,1
81465,8
81466,11
81467,13
81468,13
81469,13
81470,19
81471,19
81472,1
81473,14
81474,11
81475,11
81476,23
81477,1
81478,11
81479,13
81480,11
81481,23
81482,1
81483,7
81484,7
81485,13
81486,14
81487,2
81488,2
81489,14
81490,14
81491,19
81492,1
81493,22
81494,18
81495,14
81496,14
81497,12
81498,6
81499,13
81500,1
81501,8
81502,14
81503,11
81504,1
81505,13
81506,12
81507,7
81508,13
81509,19
81510,19
81511,11
81512,21
81513,13
81514,19
81515,19
81516,13
81517,13
81518,22
81519,13
81520,4
81521,15
81522,13
81523,11
81524,2
81525,13
81526,21
81527,19
81528,13
81529,22
81530,1
81531,19
81532,13
81533,5
81534,21
81535,20
81536,3
81537,13
81538,1
81539,8
81540,13
81541,6
81542,19
81543,13
81544,7
81545,1
81546,19
81547,3
81548,14
81549,7
81550,7
81551,8
81552,2
81553,23
81554,7
81555,7
81556,13
81557,7
81558,10
81559,21
81560,22
81561,7
81562,2
81563,3
81564,7
81565,21
81566,1
81567,1
81568,6
81569,18
81570,13
81571,13
81572,2
81573,22
81574,11
81575,7
81576,7
81577,13
81578,11
81579,7
81580,18
81581,1
81582,11
81583,22
81584,9
81585,22
81586,8
81587,14
81588,5
81589,11
81590,10
81591,2
81592,18
81593,11
81594,2
81595,14
81596,18
81597,13
81598,14
81599,7
