obs_id,prediction
0,8
1,19
2,4
3,11
4,19
5,13
6,13
7,19
8,18
9,15
10,13
11,15
12,4
13,13
14,15
15,15
16,11
17,15
18,23
19,19
20,23
21,10
22,9
23,19
24,13
25,13
26,15
27,13
28,23
29,4
30,19
31,19
32,19
33,19
34,15
35,19
36,19
37,4
38,15
39,4
40,18
41,10
42,4
43,13
44,15
45,13
46,15
47,23
48,18
49,22
50,15
51,19
52,0
53,1
54,18
55,15
56,10
57,19
58,13
59,15
60,15
61,15
62,4
63,18
64,4
65,15
66,15
67,19
68,15
69,15
70,19
71,4
72,15
73,15
74,22
75,4
76,15
77,13
78,15
79,19
80,19
81,4
82,23
83,15
84,15
85,16
86,19
87,15
88,15
89,5
90,22
91,5
92,13
93,9
94,15
95,15
96,15
97,4
98,13
99,4
100,23
101,23
102,6
103,15
104,19
105,15
106,19
107,4
108,15
109,15
110,15
111,15
112,15
113,19
114,1
115,11
116,22
117,15
118,4
119,18
120,19
121,13
122,15
123,15
124,15
125,15
126,15
127,15
128,15
129,15
130,19
131,4
132,15
133,15
134,13
135,19
136,15
137,4
138,19
139,19
140,13
141,22
142,4
143,22
144,22
145,22
146,22
147,19
148,15
149,4
150,4
151,23
152,19
153,22
154,10
155,1
156,4
157,13
158,15
159,15
160,19
161,15
162,23
163,15
164,19
165,9
166,15
167,13
168,4
169,4
170,15
171,15
172,13
173,12
174,6
175,16
176,19
177,4
178,22
179,12
180,15
181,19
182,4
183,15
184,22
185,19
186,4
187,10
188,9
189,15
190,13
191,15
192,22
193,9
194,18
195,15
196,6
197,13
198,23
199,19
200,4
201,19
202,23
203,23
204,11
205,14
206,23
207,13
208,19
209,15
210,15
211,13
212,15
213,15
214,4
215,15
216,15
217,4
218,22
219,4
220,15
221,13
222,13
223,4
224,19
225,23
226,15
227,13
228,6
229,0
230,19
231,4
232,4
233,19
234,5
235,22
236,15
237,15
238,15
239,15
240,15
241,4
242,15
243,2
244,13
245,23
246,18
247,15
248,15
249,4
250,6
251,4
252,11
253,4
254,15
255,4
256,15
257,4
258,15
259,15
260,13
261,4
262,22
263,15
264,15
265,15
266,4
267,19
268,15
269,15
270,16
271,15
272,15
273,4
274,13
275,23
276,15
277,22
278,15
279,19
280,15
281,15
282,15
283,19
284,1
285,22
286,4
287,15
288,15
289,15
290,22
291,15
292,4
293,4
294,13
295,22
296,19
297,15
298,15
299,4
300,15
301,4
302,18
303,19
304,22
305,5
306,15
307,15
308,19
309,15
310,19
311,13
312,19
313,18
314,19
315,17
316,4
317,15
318,4
319,19
320,22
321,15
322,12
323,15
324,15
325,15
326,19
327,9
328,4
329,4
330,15
331,15
332,15
333,15
334,19
335,22
336,15
337,19
338,1
339,15
340,19
341,19
342,19
343,19
344,15
345,15
346,15
347,4
348,10
349,19
350,15
351,4
352,15
353,13
354,23
355,15
356,19
357,4
358,4
359,22
360,15
361,9
362,15
363,19
364,19
365,18
366,15
367,4
368,13
369,22
370,15
371,4
372,14
373,15
374,4
375,15
376,15
377,4
378,15
379,15
380,15
381,0
382,4
383,15
384,15
385,15
386,15
387,22
388,15
389,13
390,23
391,23
392,13
393,4
394,15
395,15
396,22
397,22
398,4
399,15
400,4
401,15
402,4
403,13
404,6
405,15
406,10
407,15
408,10
409,15
410,22
411,22
412,15
413,15
414,15
415,19
416,19
417,4
418,13
419,22
420,2
421,13
422,4
423,11
424,9
425,4
426,4
427,19
428,15
429,15
430,13
431,15
432,4
433,4
434,15
435,12
436,13
437,15
438,19
439,15
440,15
441,10
442,4
443,5
444,12
445,13
446,15
447,4
448,19
449,15
450,15
451,15
452,22
453,16
454,5
455,4
456,15
457,13
458,12
459,4
460,10
461,15
462,13
463,15
464,19
465,19
466,10
467,13
468,4
469,15
470,23
471,13
472,19
473,22
474,15
475,13
476,22
477,4
478,4
479,10
480,4
481,4
482,19
483,15
484,15
485,15
486,14
487,15
488,15
489,19
490,4
491,15
492,19
493,13
494,15
495,15
496,13
497,23
498,19
499,19
500,4
501,1
502,4
503,5
504,0
505,12
506,4
507,15
508,15
509,4
510,15
511,15
512,23
513,15
514,18
515,15
516,19
517,15
518,19
519,1
520,18
521,4
522,15
523,4
524,10
525,19
526,13
527,4
528,15
529,4
530,19
531,15
532,19
533,15
534,22
535,15
536,23
537,18
538,15
539,15
540,13
541,15
542,13
543,19
544,19
545,4
546,12
547,15
548,15
549,6
550,15
551,23
552,4
553,19
554,10
555,4
556,19
557,10
558,4
559,15
560,11
561,4
562,15
563,15
564,13
565,4
566,15
567,4
568,15
569,19
570,9
571,22
572,4
573,4
574,10
575,15
576,15
577,10
578,19
579,9
580,4
581,15
582,15
583,15
584,22
585,15
586,15
587,4
588,4
589,9
590,23
591,2
592,19
593,13
594,5
595,4
596,15
597,15
598,13
599,10
600,15
601,13
602,4
603,4
604,19
605,13
606,19
607,15
608,19
609,23
610,4
611,5
612,13
613,4
614,15
615,15
616,13
617,19
618,19
619,19
620,10
621,11
622,15
623,13
624,18
625,10
626,19
627,15
628,4
629,15
630,4
631,15
632,19
633,4
634,18
635,22
636,13
637,9
638,19
639,15
640,15
641,22
642,4
643,22
644,15
645,10
646,15
647,15
648,15
649,10
650,16
651,15
652,18
653,5
654,13
655,22
656,13
657,19
658,22
659,15
660,15
661,19
662,13
663,4
664,13
665,4
666,15
667,19
668,22
669,1
670,10
671,14
672,4
673,15
674,13
675,4
676,19
677,6
678,13
679,9
680,14
681,15
682,23
683,23
684,19
685,22
686,15
687,22
688,19
689,15
690,15
691,13
692,19
693,4
694,15
695,19
696,22
697,19
698,4
699,4
700,4
701,19
702,15
703,15
704,15
705,23
706,4
707,13
708,18
709,15
710,15
711,14
712,15
713,15
714,15
715,19
716,22
717,13
718,4
719,13
720,15
721,18
722,2
723,4
724,9
725,15
726,15
727,18
728,4
729,5
730,19
731,13
732,19
733,19
734,22
735,6
736,4
737,4
738,4
739,10
740,15
741,10
742,22
743,12
744,19
745,15
746,15
747,4
748,4
749,2
750,15
751,4
752,16
753,15
754,4
755,15
756,15
757,22
758,15
759,15
760,4
761,19
762,22
763,2
764,15
765,22
766,19
767,12
768,4
769,4
770,19
771,19
772,19
773,4
774,23
775,18
776,10
777,13
778,19
779,13
780,19
781,15
782,13
783,15
784,19
785,15
786,4
787,13
788,15
789,19
790,16
791,19
792,15
793,19
794,13
795,4
796,19
797,19
798,12
799,23
800,15
801,15
802,19
803,13
804,13
805,15
806,15
807,19
808,15
809,19
810,15
811,19
812,15
813,15
814,15
815,9
816,13
817,19
818,15
819,19
820,19
821,19
822,15
823,19
824,10
825,13
826,4
827,15
828,9
829,22
830,13
831,15
832,4
833,15
834,15
835,22
836,15
837,19
838,15
839,19
840,4
841,6
842,23
843,15
844,15
845,18
846,15
847,15
848,19
849,15
850,4
851,15
852,15
853,4
854,4
855,4
856,15
857,4
858,22
859,19
860,19
861,12
862,3
863,8
864,14
865,15
866,13
867,4
868,4
869,4
870,18
871,13
872,2
873,0
874,15
875,4
876,18
877,15
878,15
879,18
880,4
881,15
882,15
883,13
884,15
885,13
886,19
887,15
888,4
889,15
890,23
891,19
892,12
893,19
894,13
895,13
896,22
897,16
898,23
899,13
900,4
901,15
902,4
903,15
904,12
905,15
906,19
907,23
908,4
909,18
910,19
911,15
912,19
913,4
914,15
915,15
916,19
917,4
918,10
919,4
920,15
921,15
922,4
923,19
924,15
925,19
926,15
927,15
928,4
929,19
930,13
931,4
932,18
933,4
934,19
935,15
936,15
937,19
938,19
939,6
940,15
941,23
942,4
943,15
944,15
945,13
946,19
947,13
948,19
949,15
950,13
951,22
952,15
953,19
954,4
955,4
956,23
957,16
958,4
959,13
960,13
961,15
962,15
963,13
964,15
965,19
966,15
967,13
968,19
969,15
970,19
971,22
972,22
973,4
974,19
975,19
976,19
977,18
978,19
979,19
980,19
981,19
982,22
983,15
984,15
985,15
986,15
987,15
988,15
989,19
990,13
991,15
992,13
993,9
994,15
995,6
996,15
997,15
998,5
999,15
1000,4
1001,18
1002,23
1003,4
1004,19
1005,10
1006,13
1007,15
1008,15
1009,15
1010,15
1011,15
1012,15
1013,4
1014,15
1015,15
1016,13
1017,10
1018,4
1019,4
1020,6
1021,15
1022,18
1023,16
1024,10
1025,15
1026,19
1027,4
1028,14
1029,0
1030,19
1031,15
1032,22
1033,23
1034,19
1035,15
1036,22
1037,15
1038,15
1039,15
1040,22
1041,11
1042,9
1043,13
1044,15
1045,13
1046,15
1047,19
1048,15
1049,19
1050,4
1051,13
1052,19
1053,4
1054,15
1055,15
1056,4
1057,15
1058,15
1059,10
1060,15
1061,13
1062,19
1063,13
1064,2
1065,10
1066,10
1067,15
1068,15
1069,15
1070,13
1071,19
1072,15
1073,15
1074,13
1075,13
1076,6
1077,19
1078,4
1079,15
1080,4
1081,13
1082,15
1083,1
1084,1
1085,19
1086,22
1087,13
1088,19
1089,15
1090,19
1091,19
1092,17
1093,22
1094,15
1095,15
1096,18
1097,4
1098,22
1099,13
1100,4
1101,18
1102,15
1103,15
1104,13
1105,19
1106,15
1107,6
1108,4
1109,15
1110,4
1111,15
1112,6
1113,23
1114,15
1115,19
1116,13
1117,4
1118,15
1119,19
1120,23
1121,15
1122,15
1123,6
1124,23
1125,0
1126,18
1127,15
1128,22
1129,4
1130,15
1131,15
1132,4
1133,15
1134,15
1135,13
1136,15
1137,19
1138,22
1139,10
1140,15
1141,15
1142,13
1143,10
1144,15
1145,15
1146,15
1147,15
1148,18
1149,14
1150,15
1151,4
1152,22
1153,15
1154,0
1155,19
1156,13
1157,18
1158,10
1159,10
1160,19
1161,4
1162,1
1163,15
1164,15
1165,4
1166,15
1167,4
1168,4
1169,4
1170,4
1171,13
1172,9
1173,15
1174,1
1175,4
1176,4
1177,22
1178,13
1179,19
1180,4
1181,19
1182,19
1183,13
1184,15
1185,15
1186,15
1187,4
1188,19
1189,15
1190,19
1191,15
1192,19
1193,15
1194,13
1195,4
1196,15
1197,19
1198,15
1199,19
1200,4
1201,23
1202,19
1203,19
1204,15
1205,14
1206,11
1207,15
1208,19
1209,10
1210,18
1211,19
1212,19
1213,15
1214,15
1215,19
1216,13
1217,22
1218,19
1219,19
1220,19
1221,15
1222,15
1223,0
1224,15
1225,15
1226,4
1227,6
1228,19
1229,4
1230,15
1231,14
1232,19
1233,19
1234,4
1235,4
1236,13
1237,4
1238,15
1239,23
1240,13
1241,19
1242,10
1243,13
1244,23
1245,15
1246,15
1247,16
1248,15
1249,19
1250,15
1251,10
1252,6
1253,16
1254,15
1255,15
1256,15
1257,19
1258,18
1259,23
1260,15
1261,15
1262,22
1263,22
1264,13
1265,10
1266,15
1267,15
1268,4
1269,13
1270,4
1271,6
1272,13
1273,19
1274,10
1275,15
1276,4
1277,15
1278,18
1279,4
1280,6
1281,19
1282,4
1283,10
1284,13
1285,19
1286,22
1287,19
1288,19
1289,15
1290,15
1291,15
1292,10
1293,19
1294,23
1295,19
1296,19
1297,15
1298,7
1299,13
1300,15
1301,19
1302,13
1303,9
1304,13
1305,4
1306,15
1307,15
1308,19
1309,23
1310,15
1311,18
1312,19
1313,15
1314,6
1315,15
1316,6
1317,22
1318,19
1319,4
1320,15
1321,19
1322,4
1323,19
1324,18
1325,18
1326,13
1327,4
1328,15
1329,15
1330,23
1331,4
1332,13
1333,13
1334,10
1335,22
1336,4
1337,10
1338,15
1339,5
1340,22
1341,12
1342,10
1343,4
1344,1
1345,15
1346,23
1347,11
1348,4
1349,15
1350,15
1351,15
1352,13
1353,4
1354,4
1355,15
1356,12
1357,22
1358,15
1359,13
1360,15
1361,4
1362,15
1363,15
1364,19
1365,19
1366,22
1367,13
1368,15
1369,18
1370,19
1371,14
1372,15
1373,15
1374,22
1375,19
1376,15
1377,4
1378,22
1379,15
1380,13
1381,1
1382,15
1383,22
1384,15
1385,15
1386,4
1387,15
1388,4
1389,19
1390,4
1391,19
1392,4
1393,6
1394,22
1395,5
1396,13
1397,4
1398,4
1399,5
1400,15
1401,8
1402,19
1403,23
1404,18
1405,5
1406,23
1407,9
1408,22
1409,15
1410,15
1411,19
1412,13
1413,13
1414,19
1415,13
1416,18
1417,4
1418,4
1419,19
1420,15
1421,13
1422,23
1423,4
1424,4
1425,13
1426,15
1427,23
1428,19
1429,19
1430,13
1431,15
1432,9
1433,19
1434,15
1435,4
1436,6
1437,0
1438,19
1439,4
1440,19
1441,15
1442,15
1443,22
1444,14
1445,10
1446,13
1447,15
1448,10
1449,10
1450,15
1451,15
1452,15
1453,15
1454,10
1455,10
1456,10
1457,15
1458,4
1459,22
1460,13
1461,15
1462,4
1463,19
1464,15
1465,15
1466,4
1467,19
1468,19
1469,4
1470,4
1471,13
1472,15
1473,15
1474,15
1475,4
1476,15
1477,22
1478,5
1479,19
1480,15
1481,19
1482,4
1483,12
1484,13
1485,15
1486,4
1487,2
1488,15
1489,2
1490,4
1491,22
1492,4
1493,15
1494,13
1495,15
1496,15
1497,13
1498,13
1499,15
1500,19
1501,2
1502,22
1503,13
1504,5
1505,15
1506,15
1507,13
1508,9
1509,4
1510,0
1511,19
1512,15
1513,15
1514,19
1515,13
1516,15
1517,15
1518,23
1519,15
1520,10
1521,6
1522,22
1523,13
1524,5
1525,19
1526,22
1527,4
1528,6
1529,15
1530,22
1531,4
1532,15
1533,4
1534,15
1535,22
1536,15
1537,4
1538,15
1539,23
1540,4
1541,19
1542,13
1543,4
1544,15
1545,15
1546,18
1547,2
1548,15
1549,13
1550,4
1551,15
1552,19
1553,6
1554,19
1555,4
1556,15
1557,19
1558,15
1559,19
1560,22
1561,10
1562,22
1563,19
1564,19
1565,15
1566,23
1567,22
1568,18
1569,15
1570,10
1571,16
1572,13
1573,15
1574,15
1575,4
1576,19
1577,19
1578,19
1579,19
1580,19
1581,15
1582,15
1583,4
1584,19
1585,23
1586,22
1587,15
1588,23
1589,15
1590,19
1591,19
1592,19
1593,19
1594,19
1595,1
1596,21
1597,15
1598,15
1599,15
1600,19
1601,12
1602,15
1603,23
1604,23
1605,3
1606,4
1607,4
1608,18
1609,19
1610,15
1611,13
1612,4
1613,23
1614,14
1615,15
1616,4
1617,15
1618,4
1619,18
1620,15
1621,15
1622,1
1623,4
1624,15
1625,15
1626,15
1627,13
1628,4
1629,15
1630,10
1631,19
1632,19
1633,0
1634,18
1635,23
1636,15
1637,4
1638,15
1639,6
1640,11
1641,6
1642,15
1643,19
1644,4
1645,15
1646,19
1647,13
1648,19
1649,4
1650,19
1651,15
1652,22
1653,15
1654,10
1655,23
1656,22
1657,4
1658,16
1659,15
1660,13
1661,15
1662,4
1663,6
1664,13
1665,4
1666,19
1667,4
1668,22
1669,15
1670,23
1671,4
1672,19
1673,19
1674,10
1675,15
1676,4
1677,23
1678,5
1679,13
1680,10
1681,14
1682,15
1683,15
1684,15
1685,15
1686,15
1687,4
1688,18
1689,23
1690,4
1691,13
1692,22
1693,19
1694,15
1695,4
1696,12
1697,19
1698,19
1699,22
1700,15
1701,6
1702,4
1703,19
1704,23
1705,0
1706,15
1707,4
1708,4
1709,19
1710,15
1711,13
1712,13
1713,22
1714,14
1715,19
1716,15
1717,4
1718,23
1719,19
1720,10
1721,2
1722,15
1723,19
1724,2
1725,18
1726,13
1727,15
1728,15
1729,11
1730,19
1731,15
1732,4
1733,4
1734,4
1735,23
1736,11
1737,4
1738,23
1739,22
1740,15
1741,15
1742,13
1743,14
1744,15
1745,10
1746,6
1747,4
1748,19
1749,4
1750,13
1751,22
1752,15
1753,13
1754,19
1755,19
1756,19
1757,4
1758,1
1759,19
1760,15
1761,14
1762,15
1763,19
1764,13
1765,4
1766,15
1767,19
1768,4
1769,15
1770,5
1771,15
1772,4
1773,15
1774,10
1775,4
1776,23
1777,15
1778,13
1779,15
1780,22
1781,13
1782,15
1783,18
1784,19
1785,18
1786,23
1787,23
1788,15
1789,10
1790,19
1791,13
1792,13
1793,15
1794,10
1795,15
1796,23
1797,15
1798,22
1799,23
1800,14
1801,5
1802,4
1803,16
1804,13
1805,13
1806,23
1807,15
1808,13
1809,13
1810,15
1811,6
1812,15
1813,19
1814,2
1815,19
1816,22
1817,2
1818,10
1819,4
1820,15
1821,15
1822,19
1823,15
1824,15
1825,2
1826,4
1827,15
1828,19
1829,15
1830,9
1831,19
1832,15
1833,19
1834,15
1835,19
1836,19
1837,15
1838,18
1839,11
1840,4
1841,22
1842,19
1843,13
1844,1
1845,15
1846,4
1847,15
1848,10
1849,19
1850,5
1851,15
1852,15
1853,11
1854,11
1855,15
1856,4
1857,19
1858,13
1859,13
1860,13
1861,4
1862,19
1863,4
1864,19
1865,15
1866,13
1867,0
1868,15
1869,19
1870,15
1871,13
1872,15
1873,15
1874,4
1875,15
1876,13
1877,22
1878,4
1879,15
1880,13
1881,4
1882,4
1883,19
1884,15
1885,4
1886,22
1887,22
1888,2
1889,19
1890,15
1891,4
1892,13
1893,15
1894,13
1895,16
1896,19
1897,11
1898,6
1899,15
1900,10
1901,22
1902,15
1903,19
1904,13
1905,5
1906,19
1907,13
1908,4
1909,23
1910,12
1911,22
1912,15
1913,15
1914,15
1915,15
1916,4
1917,19
1918,15
1919,15
1920,4
1921,22
1922,15
1923,19
1924,23
1925,13
1926,15
1927,12
1928,15
1929,15
1930,19
1931,22
1932,15
1933,15
1934,4
1935,19
1936,23
1937,15
1938,15
1939,19
1940,19
1941,19
1942,15
1943,23
1944,15
1945,23
1946,22
1947,15
1948,18
1949,19
1950,19
1951,15
1952,19
1953,15
1954,15
1955,19
1956,19
1957,15
1958,2
1959,19
1960,19
1961,23
1962,5
1963,18
1964,13
1965,15
1966,19
1967,22
1968,15
1969,4
1970,19
1971,10
1972,15
1973,4
1974,15
1975,11
1976,19
1977,15
1978,15
1979,15
1980,15
1981,15
1982,4
1983,4
1984,4
1985,19
1986,10
1987,4
1988,12
1989,12
1990,10
1991,11
1992,13
1993,22
1994,13
1995,10
1996,23
1997,22
1998,22
1999,15
2000,23
2001,19
2002,15
2003,15
2004,19
2005,15
2006,22
2007,23
2008,15
2009,4
2010,19
2011,15
2012,10
2013,4
2014,19
2015,15
2016,4
2017,4
2018,15
2019,4
2020,19
2021,11
2022,6
2023,4
2024,15
2025,18
2026,22
2027,19
2028,4
2029,6
2030,23
2031,18
2032,1
2033,15
2034,19
2035,4
2036,4
2037,15
2038,15
2039,15
2040,4
2041,15
2042,15
2043,9
2044,15
2045,19
2046,22
2047,22
2048,13
2049,13
2050,15
2051,15
2052,4
2053,13
2054,13
2055,4
2056,22
2057,13
2058,19
2059,13
2060,4
2061,22
2062,13
2063,13
2064,4
2065,22
2066,15
2067,19
2068,14
2069,15
2070,15
2071,19
2072,23
2073,6
2074,15
2075,15
2076,13
2077,22
2078,15
2079,22
2080,18
2081,19
2082,15
2083,22
2084,15
2085,9
2086,15
2087,22
2088,13
2089,15
2090,22
2091,9
2092,15
2093,4
2094,15
2095,13
2096,15
2097,19
2098,5
2099,15
2100,8
2101,19
2102,18
2103,10
2104,4
2105,15
2106,4
2107,22
2108,4
2109,22
2110,13
2111,15
2112,23
2113,16
2114,15
2115,19
2116,22
2117,22
2118,2
2119,13
2120,16
2121,15
2122,4
2123,23
2124,15
2125,15
2126,4
2127,19
2128,15
2129,15
2130,15
2131,15
2132,4
2133,15
2134,15
2135,15
2136,19
2137,13
2138,4
2139,4
2140,22
2141,23
2142,15
2143,15
2144,13
2145,4
2146,13
2147,15
2148,14
2149,8
2150,4
2151,10
2152,13
2153,19
2154,10
2155,15
2156,15
2157,6
2158,13
2159,15
2160,15
2161,15
2162,9
2163,18
2164,13
2165,19
2166,22
2167,22
2168,10
2169,22
2170,15
2171,4
2172,15
2173,15
2174,14
2175,22
2176,19
2177,4
2178,13
2179,6
2180,18
2181,23
2182,19
2183,19
2184,19
2185,19
2186,15
2187,15
2188,15
2189,13
2190,23
2191,22
2192,18
2193,15
2194,15
2195,14
2196,15
2197,18
2198,13
2199,15
2200,15
2201,11
2202,13
2203,15
2204,4
2205,19
2206,15
2207,15
2208,19
2209,19
2210,11
2211,4
2212,4
2213,15
2214,22
2215,4
2216,19
2217,4
2218,15
2219,23
2220,9
2221,4
2222,13
2223,13
2224,19
2225,4
2226,23
2227,22
2228,15
2229,6
2230,15
2231,15
2232,14
2233,15
2234,15
2235,18
2236,22
2237,13
2238,4
2239,12
2240,23
2241,4
2242,5
2243,15
2244,4
2245,22
2246,18
2247,23
2248,4
2249,10
2250,15
2251,15
2252,15
2253,4
2254,19
2255,15
2256,22
2257,4
2258,22
2259,5
2260,15
2261,19
2262,4
2263,19
2264,18
2265,19
2266,9
2267,15
2268,15
2269,22
2270,22
2271,15
2272,4
2273,19
2274,19
2275,13
2276,15
2277,4
2278,15
2279,11
2280,19
2281,15
2282,4
2283,22
2284,15
2285,13
2286,9
2287,13
2288,15
2289,14
2290,22
2291,4
2292,15
2293,15
2294,4
2295,13
2296,15
2297,15
2298,4
2299,23
2300,9
2301,4
2302,4
2303,18
2304,15
2305,15
2306,10
2307,13
2308,15
2309,4
2310,19
2311,19
2312,23
2313,4
2314,22
2315,13
2316,6
2317,23
2318,14
2319,14
2320,4
2321,4
2322,15
2323,15
2324,15
2325,13
2326,19
2327,4
2328,19
2329,19
2330,13
2331,12
2332,15
2333,4
2334,4
2335,4
2336,14
2337,4
2338,15
2339,4
2340,1
2341,15
2342,13
2343,15
2344,4
2345,4
2346,15
2347,22
2348,23
2349,4
2350,22
2351,4
2352,15
2353,19
2354,13
2355,5
2356,15
2357,10
2358,9
2359,4
2360,15
2361,15
2362,13
2363,15
2364,23
2365,15
2366,15
2367,15
2368,19
2369,4
2370,4
2371,6
2372,15
2373,19
2374,14
2375,11
2376,13
2377,9
2378,22
2379,4
2380,22
2381,13
2382,13
2383,19
2384,5
2385,13
2386,22
2387,15
2388,13
2389,13
2390,15
2391,15
2392,15
2393,12
2394,6
2395,15
2396,4
2397,22
2398,19
2399,4
2400,13
2401,13
2402,13
2403,5
2404,11
2405,15
2406,15
2407,1
2408,4
2409,10
2410,15
2411,15
2412,19
2413,11
2414,22
2415,10
2416,10
2417,13
2418,1
2419,22
2420,4
2421,13
2422,23
2423,15
2424,15
2425,5
2426,5
2427,4
2428,13
2429,19
2430,9
2431,14
2432,19
2433,4
2434,19
2435,4
2436,19
2437,15
2438,4
2439,4
2440,15
2441,15
2442,23
2443,15
2444,13
2445,4
2446,15
2447,13
2448,15
2449,16
2450,9
2451,19
2452,13
2453,15
2454,15
2455,11
2456,15
2457,15
2458,15
2459,14
2460,19
2461,19
2462,15
2463,15
2464,15
2465,15
2466,15
2467,22
2468,15
2469,7
2470,4
2471,19
2472,19
2473,14
2474,15
2475,21
2476,15
2477,4
2478,10
2479,4
2480,19
2481,15
2482,19
2483,4
2484,13
2485,19
2486,19
2487,15
2488,19
2489,15
2490,22
2491,4
2492,15
2493,22
2494,10
2495,15
2496,10
2497,19
2498,15
2499,15
2500,15
2501,23
2502,15
2503,15
2504,19
2505,15
2506,14
2507,13
2508,18
2509,23
2510,19
2511,4
2512,15
2513,4
2514,4
2515,4
2516,13
2517,15
2518,15
2519,15
2520,10
2521,15
2522,13
2523,15
2524,15
2525,12
2526,4
2527,12
2528,15
2529,13
2530,22
2531,15
2532,15
2533,15
2534,19
2535,15
2536,13
2537,19
2538,22
2539,15
2540,5
2541,10
2542,15
2543,15
2544,18
2545,4
2546,15
2547,15
2548,22
2549,19
2550,15
2551,19
2552,15
2553,15
2554,13
2555,4
2556,19
2557,4
2558,9
2559,23
2560,23
2561,4
2562,13
2563,4
2564,2
2565,19
2566,13
2567,15
2568,6
2569,15
2570,15
2571,19
2572,15
2573,23
2574,4
2575,15
2576,19
2577,15
2578,13
2579,10
2580,15
2581,19
2582,4
2583,23
2584,4
2585,4
2586,15
2587,1
2588,4
2589,19
2590,22
2591,13
2592,15
2593,22
2594,15
2595,15
2596,19
2597,15
2598,19
2599,19
2600,19
2601,4
2602,4
2603,4
2604,15
2605,15
2606,15
2607,15
2608,4
2609,4
2610,15
2611,13
2612,12
2613,15
2614,15
2615,15
2616,11
2617,15
2618,22
2619,19
2620,18
2621,19
2622,15
2623,1
2624,4
2625,4
2626,15
2627,4
2628,15
2629,15
2630,19
2631,15
2632,13
2633,15
2634,4
2635,19
2636,19
2637,16
2638,15
2639,15
2640,15
2641,4
2642,13
2643,13
2644,23
2645,19
2646,19
2647,9
2648,15
2649,19
2650,19
2651,13
2652,23
2653,19
2654,4
2655,15
2656,19
2657,22
2658,15
2659,15
2660,6
2661,13
2662,15
2663,15
2664,15
2665,4
2666,19
2667,11
2668,19
2669,15
2670,15
2671,19
2672,19
2673,4
2674,19
2675,15
2676,22
2677,2
2678,15
2679,15
2680,19
2681,23
2682,15
2683,15
2684,12
2685,19
2686,15
2687,15
2688,23
2689,14
2690,15
2691,19
2692,15
2693,15
2694,23
2695,4
2696,22
2697,4
2698,4
2699,15
2700,19
2701,19
2702,19
2703,22
2704,15
2705,13
2706,15
2707,19
2708,15
2709,4
2710,10
2711,4
2712,19
2713,22
2714,19
2715,4
2716,4
2717,19
2718,4
2719,15
2720,19
2721,18
2722,15
2723,10
2724,10
2725,15
2726,19
2727,15
2728,15
2729,15
2730,4
2731,4
2732,9
2733,15
2734,23
2735,15
2736,13
2737,15
2738,15
2739,15
2740,23
2741,4
2742,13
2743,13
2744,4
2745,4
2746,15
2747,4
2748,19
2749,13
2750,6
2751,4
2752,13
2753,10
2754,19
2755,15
2756,13
2757,13
2758,15
2759,19
2760,19
2761,15
2762,19
2763,15
2764,10
2765,4
2766,4
2767,10
2768,18
2769,22
2770,15
2771,13
2772,15
2773,19
2774,15
2775,15
2776,4
2777,1
2778,19
2779,13
2780,9
2781,15
2782,4
2783,1
2784,10
2785,18
2786,15
2787,15
2788,13
2789,10
2790,16
2791,19
2792,19
2793,15
2794,12
2795,19
2796,11
2797,19
2798,13
2799,22
2800,4
2801,13
2802,11
2803,4
2804,22
2805,4
2806,15
2807,15
2808,19
2809,4
2810,22
2811,15
2812,22
2813,19
2814,19
2815,19
2816,4
2817,15
2818,15
2819,15
2820,15
2821,22
2822,15
2823,13
2824,22
2825,15
2826,4
2827,15
2828,15
2829,22
2830,15
2831,19
2832,19
2833,6
2834,19
2835,19
2836,19
2837,19
2838,4
2839,23
2840,14
2841,19
2842,4
2843,15
2844,23
2845,14
2846,15
2847,19
2848,15
2849,10
2850,13
2851,15
2852,13
2853,19
2854,15
2855,12
2856,15
2857,22
2858,4
2859,4
2860,13
2861,19
2862,23
2863,19
2864,19
2865,4
2866,15
2867,18
2868,15
2869,15
2870,4
2871,23
2872,19
2873,4
2874,22
2875,19
2876,4
2877,4
2878,4
2879,15
2880,19
2881,15
2882,15
2883,9
2884,4
2885,22
2886,4
2887,15
2888,10
2889,15
2890,15
2891,18
2892,4
2893,4
2894,15
2895,4
2896,4
2897,19
2898,18
2899,15
2900,16
2901,19
2902,19
2903,15
2904,4
2905,13
2906,15
2907,9
2908,4
2909,15
2910,19
2911,15
2912,2
2913,19
2914,13
2915,4
2916,18
2917,15
2918,13
2919,22
2920,19
2921,4
2922,4
2923,4
2924,4
2925,15
2926,4
2927,23
2928,19
2929,15
2930,15
2931,2
2932,4
2933,3
2934,15
2935,13
2936,4
2937,4
2938,15
2939,15
2940,15
2941,19
2942,19
2943,15
2944,5
2945,15
2946,18
2947,14
2948,4
2949,15
2950,6
2951,13
2952,15
2953,22
2954,18
2955,15
2956,15
2957,23
2958,15
2959,15
2960,4
2961,13
2962,22
2963,15
2964,15
2965,13
2966,4
2967,4
2968,22
2969,19
2970,15
2971,19
2972,4
2973,15
2974,15
2975,4
2976,23
2977,19
2978,10
2979,2
2980,15
2981,23
2982,13
2983,15
2984,15
2985,15
2986,4
2987,5
2988,19
2989,4
2990,4
2991,2
2992,22
2993,22
2994,15
2995,13
2996,15
2997,15
2998,6
2999,4
3000,15
3001,4
3002,15
3003,23
3004,4
3005,13
3006,4
3007,15
3008,23
3009,4
3010,15
3011,18
3012,14
3013,19
3014,23
3015,15
3016,19
3017,15
3018,10
3019,15
3020,10
3021,15
3022,13
3023,4
3024,19
3025,19
3026,5
3027,10
3028,15
3029,15
3030,4
3031,18
3032,19
3033,15
3034,4
3035,13
3036,22
3037,15
3038,19
3039,22
3040,13
3041,23
3042,15
3043,15
3044,4
3045,19
3046,4
3047,2
3048,4
3049,19
3050,13
3051,10
3052,22
3053,19
3054,15
3055,19
3056,19
3057,4
3058,15
3059,19
3060,15
3061,13
3062,4
3063,19
3064,22
3065,4
3066,19
3067,19
3068,4
3069,15
3070,4
3071,15
3072,22
3073,19
3074,4
3075,23
3076,13
3077,15
3078,19
3079,15
3080,11
3081,15
3082,4
3083,4
3084,10
3085,15
3086,23
3087,6
3088,13
3089,13
3090,4
3091,19
3092,19
3093,15
3094,4
3095,22
3096,9
3097,15
3098,19
3099,15
3100,11
3101,15
3102,15
3103,4
3104,19
3105,18
3106,0
3107,18
3108,15
3109,22
3110,19
3111,19
3112,13
3113,4
3114,15
3115,17
3116,13
3117,15
3118,13
3119,15
3120,15
3121,22
3122,18
3123,10
3124,14
3125,14
3126,13
3127,15
3128,13
3129,4
3130,22
3131,13
3132,18
3133,10
3134,4
3135,10
3136,22
3137,4
3138,13
3139,11
3140,19
3141,15
3142,22
3143,15
3144,10
3145,19
3146,4
3147,10
3148,15
3149,15
3150,15
3151,15
3152,15
3153,15
3154,13
3155,23
3156,4
3157,19
3158,15
3159,23
3160,15
3161,15
3162,9
3163,15
3164,22
3165,19
3166,18
3167,15
3168,19
3169,22
3170,15
3171,15
3172,15
3173,4
3174,19
3175,15
3176,15
3177,22
3178,19
3179,15
3180,13
3181,15
3182,2
3183,1
3184,13
3185,18
3186,15
3187,19
3188,23
3189,13
3190,15
3191,15
3192,4
3193,10
3194,19
3195,15
3196,19
3197,23
3198,15
3199,15
3200,15
3201,10
3202,4
3203,15
3204,15
3205,4
3206,15
3207,14
3208,13
3209,15
3210,4
3211,15
3212,15
3213,13
3214,15
3215,22
3216,13
3217,19
3218,15
3219,15
3220,15
3221,22
3222,19
3223,4
3224,18
3225,19
3226,4
3227,4
3228,4
3229,19
3230,23
3231,15
3232,23
3233,19
3234,18
3235,15
3236,19
3237,10
3238,4
3239,22
3240,22
3241,15
3242,15
3243,12
3244,14
3245,15
3246,15
3247,15
3248,22
3249,15
3250,15
3251,4
3252,4
3253,13
3254,13
3255,4
3256,19
3257,19
3258,4
3259,4
3260,19
3261,4
3262,22
3263,22
3264,19
3265,15
3266,15
3267,4
3268,15
3269,13
3270,6
3271,15
3272,19
3273,15
3274,22
3275,4
3276,19
3277,15
3278,15
3279,19
3280,4
3281,15
3282,19
3283,15
3284,19
3285,22
3286,4
3287,9
3288,4
3289,22
3290,4
3291,15
3292,19
3293,15
3294,15
3295,15
3296,15
3297,15
3298,13
3299,4
3300,15
3301,15
3302,15
3303,23
3304,9
3305,13
3306,22
3307,4
3308,10
3309,15
3310,10
3311,22
3312,13
3313,15
3314,11
3315,16
3316,6
3317,12
3318,0
3319,12
3320,11
3321,15
3322,22
3323,5
3324,22
3325,19
3326,23
3327,15
3328,15
3329,18
3330,22
3331,15
3332,13
3333,19
3334,15
3335,5
3336,13
3337,18
3338,15
3339,23
3340,22
3341,22
3342,19
3343,15
3344,3
3345,15
3346,15
3347,18
3348,19
3349,4
3350,22
3351,22
3352,13
3353,4
3354,15
3355,4
3356,13
3357,15
3358,19
3359,15
3360,15
3361,15
3362,4
3363,4
3364,15
3365,15
3366,15
3367,6
3368,13
3369,22
3370,1
3371,23
3372,15
3373,19
3374,15
3375,22
3376,13
3377,19
3378,10
3379,15
3380,19
3381,4
3382,14
3383,15
3384,15
3385,15
3386,22
3387,4
3388,15
3389,15
3390,19
3391,4
3392,19
3393,19
3394,4
3395,15
3396,15
3397,19
3398,4
3399,13
3400,15
3401,23
3402,15
3403,4
3404,15
3405,15
3406,13
3407,4
3408,10
3409,1
3410,4
3411,19
3412,15
3413,4
3414,4
3415,23
3416,4
3417,19
3418,12
3419,15
3420,18
3421,23
3422,10
3423,13
3424,4
3425,15
3426,15
3427,4
3428,15
3429,9
3430,22
3431,15
3432,18
3433,4
3434,15
3435,15
3436,18
3437,19
3438,13
3439,15
3440,15
3441,15
3442,10
3443,23
3444,23
3445,4
3446,4
3447,4
3448,15
3449,10
3450,13
3451,13
3452,15
3453,4
3454,4
3455,3
3456,15
3457,12
3458,15
3459,15
3460,23
3461,15
3462,19
3463,15
3464,4
3465,18
3466,15
3467,4
3468,15
3469,4
3470,6
3471,18
3472,19
3473,19
3474,19
3475,22
3476,13
3477,4
3478,4
3479,4
3480,4
3481,22
3482,4
3483,15
3484,6
3485,4
3486,15
3487,4
3488,22
3489,15
3490,19
3491,13
3492,15
3493,10
3494,15
3495,15
3496,4
3497,4
3498,15
3499,15
3500,4
3501,4
3502,19
3503,19
3504,15
3505,4
3506,4
3507,19
3508,15
3509,15
3510,8
3511,13
3512,18
3513,15
3514,22
3515,12
3516,22
3517,4
3518,22
3519,5
3520,15
3521,15
3522,15
3523,13
3524,4
3525,4
3526,13
3527,13
3528,19
3529,15
3530,11
3531,15
3532,18
3533,19
3534,15
3535,4
3536,22
3537,19
3538,15
3539,13
3540,22
3541,15
3542,22
3543,15
3544,4
3545,19
3546,13
3547,15
3548,4
3549,15
3550,18
3551,22
3552,15
3553,15
3554,15
3555,15
3556,10
3557,13
3558,15
3559,15
3560,19
3561,9
3562,2
3563,19
3564,19
3565,5
3566,15
3567,23
3568,4
3569,0
3570,19
3571,9
3572,19
3573,4
3574,15
3575,4
3576,4
3577,22
3578,15
3579,19
3580,19
3581,15
3582,15
3583,15
3584,6
3585,13
3586,13
3587,22
3588,19
3589,11
3590,19
3591,4
3592,19
3593,15
3594,15
3595,13
3596,15
3597,6
3598,15
3599,15
3600,4
3601,18
3602,23
3603,4
3604,4
3605,19
3606,4
3607,4
3608,4
3609,23
3610,15
3611,13
3612,13
3613,13
3614,15
3615,13
3616,23
3617,5
3618,19
3619,13
3620,19
3621,23
3622,18
3623,16
3624,15
3625,13
3626,15
3627,13
3628,13
3629,19
3630,15
3631,15
3632,15
3633,10
3634,10
3635,15
3636,15
3637,4
3638,15
3639,15
3640,4
3641,15
3642,10
3643,11
3644,13
3645,4
3646,19
3647,15
3648,18
3649,4
3650,9
3651,4
3652,15
3653,15
3654,18
3655,15
3656,22
3657,10
3658,13
3659,4
3660,4
3661,13
3662,15
3663,15
3664,5
3665,15
3666,15
3667,5
3668,19
3669,18
3670,15
3671,9
3672,18
3673,13
3674,15
3675,19
3676,15
3677,19
3678,22
3679,15
3680,10
3681,4
3682,16
3683,4
3684,15
3685,14
3686,23
3687,5
3688,13
3689,4
3690,4
3691,22
3692,15
3693,13
3694,13
3695,18
3696,1
3697,10
3698,0
3699,4
3700,15
3701,4
3702,6
3703,15
3704,22
3705,15
3706,4
3707,15
3708,18
3709,11
3710,15
3711,4
3712,15
3713,15
3714,4
3715,19
3716,23
3717,16
3718,14
3719,4
3720,22
3721,15
3722,15
3723,15
3724,15
3725,4
3726,15
3727,15
3728,4
3729,4
3730,4
3731,1
3732,15
3733,23
3734,15
3735,4
3736,22
3737,19
3738,15
3739,15
3740,5
3741,15
3742,15
3743,10
3744,4
3745,15
3746,13
3747,4
3748,12
3749,13
3750,19
3751,15
3752,15
3753,0
3754,19
3755,19
3756,15
3757,19
3758,4
3759,15
3760,15
3761,4
3762,13
3763,23
3764,19
3765,23
3766,23
3767,4
3768,15
3769,1
3770,15
3771,15
3772,1
3773,15
3774,13
3775,15
3776,15
3777,15
3778,15
3779,22
3780,23
3781,22
3782,19
3783,15
3784,15
3785,19
3786,4
3787,23
3788,9
3789,15
3790,15
3791,10
3792,15
3793,15
3794,19
3795,22
3796,1
3797,18
3798,4
3799,13
3800,4
3801,15
3802,19
3803,4
3804,13
3805,19
3806,19
3807,19
3808,19
3809,10
3810,4
3811,15
3812,19
3813,19
3814,22
3815,19
3816,13
3817,15
3818,18
3819,15
3820,15
3821,4
3822,15
3823,15
3824,19
3825,19
3826,15
3827,14
3828,4
3829,12
3830,13
3831,15
3832,4
3833,19
3834,19
3835,2
3836,22
3837,15
3838,13
3839,4
3840,13
3841,15
3842,15
3843,3
3844,4
3845,15
3846,13
3847,15
3848,4
3849,4
3850,15
3851,14
3852,15
3853,19
3854,23
3855,4
3856,14
3857,22
3858,15
3859,15
3860,4
3861,15
3862,15
3863,15
3864,13
3865,15
3866,4
3867,15
3868,14
3869,10
3870,13
3871,19
3872,22
3873,22
3874,19
3875,22
3876,19
3877,22
3878,23
3879,15
3880,4
3881,22
3882,4
3883,15
3884,5
3885,15
3886,3
3887,15
3888,15
3889,4
3890,4
3891,22
3892,13
3893,19
3894,15
3895,22
3896,6
3897,15
3898,15
3899,4
3900,19
3901,15
3902,4
3903,4
3904,13
3905,19
3906,19
3907,19
3908,23
3909,4
3910,13
3911,15
3912,10
3913,19
3914,19
3915,15
3916,15
3917,15
3918,22
3919,12
3920,15
3921,19
3922,1
3923,4
3924,4
3925,6
3926,15
3927,19
3928,1
3929,19
3930,15
3931,15
3932,22
3933,15
3934,15
3935,15
3936,19
3937,15
3938,15
3939,15
3940,18
3941,13
3942,15
3943,19
3944,22
3945,15
3946,13
3947,4
3948,15
3949,19
3950,15
3951,15
3952,14
3953,15
3954,4
3955,19
3956,15
3957,4
3958,15
3959,22
3960,19
3961,15
3962,19
3963,15
3964,15
3965,15
3966,15
3967,19
3968,15
3969,4
3970,15
3971,22
3972,22
3973,4
3974,22
3975,15
3976,10
3977,16
3978,13
3979,12
3980,15
3981,15
3982,19
3983,15
3984,19
3985,0
3986,23
3987,15
3988,15
3989,4
3990,10
3991,15
3992,10
3993,15
3994,23
3995,15
3996,13
3997,19
3998,15
3999,10
4000,4
4001,13
4002,15
4003,4
4004,19
4005,15
4006,15
4007,23
4008,13
4009,19
4010,19
4011,22
4012,22
4013,19
4014,4
4015,4
4016,15
4017,13
4018,23
4019,13
4020,15
4021,4
4022,4
4023,19
4024,4
4025,19
4026,10
4027,13
4028,15
4029,11
4030,15
4031,15
4032,19
4033,19
4034,13
4035,15
4036,18
4037,15
4038,15
4039,22
4040,15
4041,4
4042,15
4043,4
4044,15
4045,15
4046,1
4047,5
4048,15
4049,15
4050,11
4051,15
4052,22
4053,4
4054,15
4055,22
4056,2
4057,15
4058,19
4059,2
4060,23
4061,23
4062,19
4063,15
4064,19
4065,13
4066,4
4067,4
4068,22
4069,15
4070,19
4071,22
4072,19
4073,9
4074,19
4075,1
4076,15
4077,4
4078,13
4079,15
4080,4
4081,15
4082,13
4083,15
4084,19
4085,13
4086,4
4087,4
4088,18
4089,22
4090,15
4091,15
4092,4
4093,22
4094,12
4095,15
4096,13
4097,13
4098,4
4099,4
4100,22
4101,4
4102,4
4103,4
4104,22
4105,13
4106,5
4107,19
4108,19
4109,15
4110,4
4111,16
4112,15
4113,19
4114,15
4115,23
4116,19
4117,11
4118,15
4119,18
4120,15
4121,18
4122,23
4123,13
4124,13
4125,22
4126,15
4127,15
4128,15
4129,14
4130,19
4131,13
4132,12
4133,13
4134,22
4135,19
4136,9
4137,22
4138,15
4139,4
4140,4
4141,15
4142,5
4143,12
4144,4
4145,4
4146,4
4147,19
4148,15
4149,9
4150,23
4151,13
4152,15
4153,4
4154,15
4155,10
4156,15
4157,4
4158,15
4159,19
4160,16
4161,4
4162,13
4163,15
4164,15
4165,10
4166,15
4167,6
4168,4
4169,15
4170,19
4171,22
4172,23
4173,18
4174,13
4175,15
4176,18
4177,14
4178,9
4179,10
4180,19
4181,10
4182,18
4183,22
4184,19
4185,10
4186,15
4187,19
4188,13
4189,15
4190,19
4191,15
4192,23
4193,4
4194,19
4195,15
4196,13
4197,13
4198,19
4199,0
4200,15
4201,22
4202,15
4203,15
4204,15
4205,19
4206,15
4207,15
4208,23
4209,15
4210,15
4211,4
4212,19
4213,22
4214,22
4215,4
4216,10
4217,22
4218,15
4219,19
4220,22
4221,4
4222,15
4223,19
4224,14
4225,19
4226,14
4227,15
4228,4
4229,15
4230,4
4231,15
4232,4
4233,13
4234,13
4235,14
4236,19
4237,22
4238,15
4239,22
4240,18
4241,19
4242,19
4243,19
4244,4
4245,23
4246,13
4247,15
4248,4
4249,15
4250,15
4251,9
4252,15
4253,15
4254,4
4255,22
4256,4
4257,15
4258,19
4259,19
4260,15
4261,19
4262,4
4263,19
4264,15
4265,15
4266,15
4267,15
4268,8
4269,4
4270,15
4271,19
4272,19
4273,22
4274,0
4275,23
4276,15
4277,1
4278,14
4279,4
4280,5
4281,15
4282,15
4283,15
4284,15
4285,15
4286,4
4287,15
4288,4
4289,6
4290,19
4291,22
4292,23
4293,22
4294,18
4295,23
4296,15
4297,15
4298,15
4299,15
4300,15
4301,10
4302,4
4303,15
4304,15
4305,10
4306,15
4307,18
4308,23
4309,15
4310,19
4311,22
4312,4
4313,15
4314,19
4315,19
4316,19
4317,19
4318,15
4319,19
4320,19
4321,22
4322,15
4323,14
4324,15
4325,22
4326,15
4327,15
4328,15
4329,15
4330,19
4331,19
4332,18
4333,15
4334,13
4335,22
4336,15
4337,15
4338,15
4339,15
4340,19
4341,0
4342,13
4343,19
4344,19
4345,15
4346,19
4347,23
4348,23
4349,23
4350,13
4351,22
4352,19
4353,8
4354,6
4355,6
4356,19
4357,15
4358,13
4359,15
4360,4
4361,12
4362,15
4363,5
4364,15
4365,18
4366,4
4367,23
4368,13
4369,4
4370,19
4371,15
4372,11
4373,19
4374,13
4375,19
4376,4
4377,4
4378,4
4379,18
4380,0
4381,4
4382,22
4383,15
4384,6
4385,10
4386,22
4387,7
4388,4
4389,19
4390,22
4391,23
4392,4
4393,15
4394,15
4395,15
4396,19
4397,19
4398,10
4399,15
4400,19
4401,19
4402,15
4403,9
4404,19
4405,15
4406,15
4407,2
4408,4
4409,19
4410,13
4411,10
4412,15
4413,19
4414,11
4415,15
4416,15
4417,19
4418,4
4419,4
4420,4
4421,4
4422,4
4423,15
4424,13
4425,15
4426,15
4427,16
4428,10
4429,1
4430,4
4431,15
4432,13
4433,15
4434,15
4435,12
4436,19
4437,13
4438,22
4439,18
4440,4
4441,19
4442,19
4443,23
4444,22
4445,15
4446,22
4447,19
4448,15
4449,22
4450,9
4451,15
4452,15
4453,4
4454,7
4455,15
4456,13
4457,15
4458,4
4459,4
4460,10
4461,23
4462,4
4463,13
4464,6
4465,4
4466,19
4467,3
4468,19
4469,19
4470,15
4471,13
4472,4
4473,4
4474,13
4475,18
4476,4
4477,15
4478,15
4479,15
4480,19
4481,13
4482,19
4483,19
4484,13
4485,14
4486,19
4487,15
4488,10
4489,15
4490,15
4491,15
4492,19
4493,15
4494,19
4495,19
4496,11
4497,15
4498,13
4499,15
4500,19
4501,18
4502,15
4503,1
4504,19
4505,19
4506,6
4507,23
4508,15
4509,19
4510,15
4511,13
4512,19
4513,22
4514,4
4515,4
4516,4
4517,4
4518,18
4519,4
4520,19
4521,15
4522,4
4523,15
4524,18
4525,15
4526,4
4527,15
4528,10
4529,15
4530,19
4531,19
4532,4
4533,22
4534,22
4535,22
4536,13
4537,15
4538,22
4539,10
4540,5
4541,15
4542,12
4543,22
4544,15
4545,22
4546,13
4547,15
4548,15
4549,19
4550,12
4551,15
4552,23
4553,19
4554,18
4555,10
4556,19
4557,19
4558,23
4559,18
4560,15
4561,2
4562,6
4563,4
4564,15
4565,15
4566,4
4567,15
4568,15
4569,4
4570,15
4571,22
4572,15
4573,15
4574,13
4575,15
4576,10
4577,4
4578,19
4579,13
4580,15
4581,15
4582,4
4583,18
4584,22
4585,19
4586,4
4587,4
4588,19
4589,4
4590,15
4591,15
4592,0
4593,15
4594,15
4595,15
4596,13
4597,19
4598,10
4599,4
4600,4
4601,22
4602,15
4603,4
4604,4
4605,13
4606,4
4607,4
4608,22
4609,19
4610,8
4611,6
4612,19
4613,9
4614,15
4615,4
4616,15
4617,19
4618,22
4619,19
4620,10
4621,19
4622,15
4623,13
4624,19
4625,15
4626,13
4627,22
4628,6
4629,15
4630,19
4631,19
4632,15
4633,23
4634,4
4635,15
4636,4
4637,13
4638,15
4639,15
4640,15
4641,18
4642,15
4643,4
4644,22
4645,15
4646,15
4647,15
4648,13
4649,4
4650,4
4651,15
4652,13
4653,15
4654,22
4655,19
4656,18
4657,18
4658,15
4659,15
4660,19
4661,15
4662,15
4663,19
4664,4
4665,6
4666,22
4667,15
4668,15
4669,12
4670,0
4671,19
4672,4
4673,15
4674,15
4675,15
4676,19
4677,9
4678,4
4679,13
4680,19
4681,15
4682,4
4683,13
4684,4
4685,16
4686,15
4687,15
4688,15
4689,15
4690,15
4691,6
4692,4
4693,14
4694,19
4695,9
4696,22
4697,10
4698,4
4699,4
4700,19
4701,15
4702,15
4703,15
4704,1
4705,13
4706,19
4707,15
4708,15
4709,20
4710,19
4711,15
4712,19
4713,13
4714,4
4715,9
4716,19
4717,6
4718,15
4719,4
4720,19
4721,18
4722,4
4723,4
4724,15
4725,18
4726,4
4727,22
4728,13
4729,1
4730,22
4731,4
4732,15
4733,4
4734,13
4735,15
4736,13
4737,15
4738,15
4739,4
4740,15
4741,4
4742,19
4743,13
4744,6
4745,10
4746,15
4747,15
4748,4
4749,19
4750,15
4751,15
4752,15
4753,5
4754,4
4755,9
4756,3
4757,19
4758,4
4759,15
4760,4
4761,22
4762,1
4763,9
4764,16
4765,15
4766,23
4767,15
4768,4
4769,6
4770,19
4771,4
4772,9
4773,12
4774,13
4775,4
4776,15
4777,4
4778,4
4779,5
4780,19
4781,15
4782,4
4783,15
4784,15
4785,19
4786,12
4787,22
4788,4
4789,15
4790,12
4791,19
4792,9
4793,4
4794,15
4795,15
4796,15
4797,22
4798,19
4799,13
4800,13
4801,15
4802,15
4803,19
4804,15
4805,4
4806,4
4807,6
4808,15
4809,15
4810,5
4811,19
4812,15
4813,4
4814,23
4815,15
4816,13
4817,19
4818,19
4819,4
4820,13
4821,23
4822,6
4823,15
4824,15
4825,19
4826,15
4827,15
4828,13
4829,4
4830,15
4831,19
4832,19
4833,13
4834,14
4835,13
4836,10
4837,10
4838,19
4839,19
4840,13
4841,18
4842,13
4843,15
4844,15
4845,19
4846,9
4847,6
4848,15
4849,22
4850,4
4851,15
4852,15
4853,4
4854,19
4855,4
4856,18
4857,4
4858,10
4859,15
4860,4
4861,13
4862,15
4863,13
4864,15
4865,15
4866,13
4867,19
4868,18
4869,4
4870,4
4871,23
4872,4
4873,4
4874,19
4875,4
4876,23
4877,4
4878,15
4879,19
4880,4
4881,19
4882,15
4883,15
4884,15
4885,12
4886,15
4887,13
4888,22
4889,4
4890,23
4891,15
4892,4
4893,4
4894,4
4895,16
4896,18
4897,22
4898,15
4899,15
4900,19
4901,6
4902,22
4903,15
4904,15
4905,19
4906,15
4907,4
4908,13
4909,15
4910,15
4911,23
4912,4
4913,9
4914,15
4915,19
4916,4
4917,22
4918,15
4919,4
4920,6
4921,15
4922,22
4923,15
4924,4
4925,15
4926,19
4927,19
4928,4
4929,15
4930,4
4931,15
4932,9
4933,15
4934,13
4935,15
4936,23
4937,13
4938,4
4939,4
4940,4
4941,15
4942,13
4943,15
4944,9
4945,13
4946,19
4947,12
4948,10
4949,15
4950,19
4951,19
4952,19
4953,4
4954,15
4955,13
4956,23
4957,19
4958,6
4959,10
4960,14
4961,19
4962,6
4963,13
4964,15
4965,22
4966,15
4967,15
4968,15
4969,13
4970,12
4971,15
4972,15
4973,15
4974,15
4975,19
4976,15
4977,15
4978,4
4979,18
4980,4
4981,19
4982,4
4983,15
4984,15
4985,15
4986,4
4987,4
4988,15
4989,4
4990,19
4991,14
4992,19
4993,15
4994,13
4995,22
4996,10
4997,15
4998,15
4999,19
5000,19
5001,15
5002,4
5003,15
5004,10
5005,19
5006,4
5007,15
5008,10
5009,9
5010,23
5011,15
5012,15
5013,10
5014,22
5015,4
5016,19
5017,19
5018,4
5019,4
5020,15
5021,15
5022,13
5023,15
5024,15
5025,15
5026,4
5027,23
5028,13
5029,2
5030,15
5031,15
5032,10
5033,14
5034,4
5035,19
5036,23
5037,6
5038,15
5039,4
5040,19
5041,19
5042,10
5043,15
5044,15
5045,6
5046,4
5047,18
5048,22
5049,22
5050,15
5051,4
5052,13
5053,22
5054,22
5055,19
5056,22
5057,22
5058,15
5059,19
5060,13
5061,18
5062,15
5063,4
5064,22
5065,15
5066,22
5067,15
5068,15
5069,15
5070,15
5071,15
5072,19
5073,4
5074,18
5075,15
5076,13
5077,19
5078,15
5079,19
5080,19
5081,15
5082,4
5083,15
5084,19
5085,15
5086,15
5087,15
5088,15
5089,0
5090,10
5091,4
5092,15
5093,19
5094,4
5095,19
5096,4
5097,19
5098,4
5099,13
5100,8
5101,13
5102,15
5103,13
5104,15
5105,4
5106,23
5107,22
5108,19
5109,15
5110,6
5111,12
5112,15
5113,19
5114,15
5115,4
5116,15
5117,13
5118,15
5119,4
5120,4
5121,15
5122,15
5123,22
5124,14
5125,22
5126,19
5127,4
5128,19
5129,4
5130,22
5131,15
5132,15
5133,19
5134,15
5135,15
5136,10
5137,19
5138,13
5139,5
5140,13
5141,15
5142,19
5143,13
5144,4
5145,4
5146,4
5147,15
5148,23
5149,13
5150,15
5151,4
5152,19
5153,5
5154,19
5155,13
5156,4
5157,13
5158,22
5159,15
5160,19
5161,4
5162,7
5163,4
5164,19
5165,19
5166,19
5167,15
5168,15
5169,15
5170,4
5171,19
5172,22
5173,14
5174,4
5175,4
5176,13
5177,15
5178,4
5179,19
5180,12
5181,13
5182,19
5183,22
5184,19
5185,22
5186,15
5187,1
5188,15
5189,18
5190,15
5191,13
5192,15
5193,19
5194,15
5195,22
5196,12
5197,4
5198,15
5199,15
5200,22
5201,15
5202,4
5203,19
5204,4
5205,15
5206,15
5207,22
5208,9
5209,4
5210,15
5211,19
5212,18
5213,15
5214,19
5215,4
5216,18
5217,4
5218,2
5219,10
5220,15
5221,13
5222,4
5223,15
5224,15
5225,15
5226,15
5227,15
5228,15
5229,4
5230,12
5231,22
5232,19
5233,15
5234,4
5235,22
5236,18
5237,15
5238,18
5239,19
5240,22
5241,22
5242,13
5243,4
5244,15
5245,22
5246,22
5247,4
5248,19
5249,19
5250,22
5251,5
5252,15
5253,15
5254,15
5255,18
5256,4
5257,18
5258,15
5259,4
5260,19
5261,4
5262,15
5263,15
5264,18
5265,15
5266,13
5267,15
5268,14
5269,13
5270,15
5271,22
5272,13
5273,13
5274,4
5275,15
5276,6
5277,14
5278,15
5279,15
5280,19
5281,15
5282,15
5283,23
5284,22
5285,19
5286,22
5287,9
5288,2
5289,15
5290,4
5291,13
5292,19
5293,18
5294,4
5295,9
5296,19
5297,11
5298,13
5299,4
5300,19
5301,14
5302,19
5303,19
5304,15
5305,4
5306,13
5307,15
5308,15
5309,15
5310,4
5311,23
5312,10
5313,16
5314,4
5315,19
5316,15
5317,18
5318,19
5319,23
5320,13
5321,19
5322,4
5323,19
5324,15
5325,15
5326,3
5327,4
5328,15
5329,15
5330,13
5331,15
5332,4
5333,4
5334,9
5335,4
5336,15
5337,15
5338,4
5339,13
5340,19
5341,4
5342,23
5343,4
5344,15
5345,11
5346,13
5347,15
5348,13
5349,19
5350,19
5351,18
5352,15
5353,22
5354,23
5355,15
5356,9
5357,4
5358,15
5359,4
5360,13
5361,18
5362,19
5363,4
5364,4
5365,15
5366,15
5367,13
5368,6
5369,2
5370,10
5371,13
5372,18
5373,4
5374,5
5375,13
5376,19
5377,22
5378,4
5379,23
5380,15
5381,1
5382,15
5383,15
5384,4
5385,4
5386,19
5387,15
5388,4
5389,13
5390,13
5391,4
5392,22
5393,13
5394,15
5395,4
5396,15
5397,15
5398,13
5399,16
5400,4
5401,15
5402,4
5403,19
5404,19
5405,4
5406,4
5407,15
5408,22
5409,4
5410,15
5411,15
5412,10
5413,19
5414,15
5415,18
5416,15
5417,14
5418,19
5419,15
5420,18
5421,15
5422,23
5423,15
5424,22
5425,15
5426,15
5427,9
5428,15
5429,19
5430,4
5431,2
5432,23
5433,18
5434,19
5435,23
5436,15
5437,15
5438,9
5439,4
5440,1
5441,15
5442,22
5443,15
5444,5
5445,15
5446,15
5447,4
5448,15
5449,22
5450,19
5451,19
5452,15
5453,15
5454,22
5455,15
5456,19
5457,22
5458,19
5459,15
5460,15
5461,4
5462,18
5463,4
5464,4
5465,15
5466,4
5467,15
5468,19
5469,19
5470,13
5471,19
5472,19
5473,15
5474,19
5475,4
5476,15
5477,15
5478,15
5479,15
5480,13
5481,15
5482,23
5483,4
5484,19
5485,14
5486,15
5487,19
5488,19
5489,22
5490,13
5491,19
5492,16
5493,13
5494,15
5495,19
5496,19
5497,15
5498,15
5499,15
5500,4
5501,15
5502,13
5503,4
5504,19
5505,22
5506,4
5507,11
5508,15
5509,15
5510,19
5511,9
5512,19
5513,15
5514,19
5515,19
5516,4
5517,15
5518,10
5519,15
5520,13
5521,10
5522,15
5523,4
5524,10
5525,15
5526,4
5527,15
5528,23
5529,4
5530,15
5531,15
5532,15
5533,13
5534,18
5535,15
5536,15
5537,15
5538,22
5539,23
5540,6
5541,13
5542,15
5543,18
5544,13
5545,10
5546,23
5547,19
5548,19
5549,13
5550,4
5551,19
5552,15
5553,13
5554,19
5555,19
5556,19
5557,4
5558,15
5559,15
5560,11
5561,13
5562,4
5563,13
5564,15
5565,15
5566,15
5567,11
5568,22
5569,19
5570,6
5571,13
5572,10
5573,19
5574,4
5575,18
5576,15
5577,22
5578,15
5579,15
5580,13
5581,13
5582,19
5583,6
5584,15
5585,14
5586,4
5587,19
5588,15
5589,22
5590,4
5591,10
5592,4
5593,23
5594,15
5595,19
5596,4
5597,4
5598,13
5599,18
5600,15
5601,15
5602,19
5603,4
5604,22
5605,14
5606,13
5607,18
5608,4
5609,18
5610,15
5611,19
5612,15
5613,15
5614,4
5615,19
5616,22
5617,19
5618,13
5619,4
5620,15
5621,15
5622,15
5623,4
5624,15
5625,15
5626,23
5627,4
5628,15
5629,13
5630,13
5631,13
5632,10
5633,15
5634,4
5635,4
5636,15
5637,13
5638,19
5639,22
5640,19
5641,15
5642,4
5643,10
5644,19
5645,9
5646,4
5647,15
5648,15
5649,10
5650,18
5651,15
5652,22
5653,4
5654,15
5655,22
5656,15
5657,19
5658,15
5659,18
5660,15
5661,5
5662,4
5663,15
5664,13
5665,10
5666,15
5667,4
5668,15
5669,15
5670,4
5671,19
5672,4
5673,15
5674,15
5675,15
5676,1
5677,4
5678,4
5679,13
5680,13
5681,1
5682,13
5683,15
5684,16
5685,19
5686,4
5687,4
5688,4
5689,15
5690,15
5691,4
5692,4
5693,23
5694,4
5695,15
5696,15
5697,22
5698,15
5699,13
5700,15
5701,4
5702,6
5703,19
5704,15
5705,15
5706,15
5707,15
5708,4
5709,18
5710,8
5711,15
5712,15
5713,15
5714,9
5715,19
5716,19
5717,15
5718,15
5719,19
5720,12
5721,19
5722,13
5723,15
5724,15
5725,1
5726,4
5727,5
5728,22
5729,4
5730,13
5731,12
5732,15
5733,15
5734,15
5735,4
5736,15
5737,15
5738,19
5739,15
5740,10
5741,15
5742,4
5743,15
5744,19
5745,19
5746,18
5747,22
5748,15
5749,18
5750,22
5751,15
5752,1
5753,19
5754,18
5755,15
5756,4
5757,23
5758,15
5759,19
5760,15
5761,4
5762,4
5763,15
5764,15
5765,4
5766,19
5767,4
5768,15
5769,19
5770,23
5771,15
5772,19
5773,5
5774,19
5775,22
5776,19
5777,20
5778,4
5779,15
5780,16
5781,15
5782,19
5783,19
5784,18
5785,19
5786,4
5787,14
5788,13
5789,15
5790,19
5791,17
5792,22
5793,15
5794,4
5795,11
5796,4
5797,4
5798,15
5799,15
5800,4
5801,19
5802,18
5803,15
5804,19
5805,4
5806,1
5807,23
5808,14
5809,15
5810,6
5811,13
5812,4
5813,15
5814,15
5815,15
5816,22
5817,4
5818,18
5819,19
5820,10
5821,23
5822,15
5823,15
5824,15
5825,4
5826,4
5827,10
5828,13
5829,19
5830,13
5831,15
5832,19
5833,22
5834,22
5835,13
5836,22
5837,9
5838,11
5839,13
5840,15
5841,15
5842,19
5843,4
5844,15
5845,15
5846,15
5847,22
5848,13
5849,13
5850,15
5851,15
5852,23
5853,15
5854,10
5855,15
5856,22
5857,15
5858,9
5859,15
5860,15
5861,4
5862,19
5863,15
5864,15
5865,15
5866,19
5867,1
5868,18
5869,15
5870,10
5871,15
5872,15
5873,15
5874,22
5875,15
5876,13
5877,6
5878,4
5879,15
5880,13
5881,6
5882,0
5883,13
5884,19
5885,19
5886,15
5887,4
5888,18
5889,4
5890,4
5891,22
5892,1
5893,15
5894,4
5895,4
5896,13
5897,4
5898,15
5899,15
5900,10
5901,15
5902,19
5903,13
5904,11
5905,4
5906,15
5907,11
5908,13
5909,6
5910,15
5911,13
5912,19
5913,15
5914,15
5915,15
5916,15
5917,19
5918,18
5919,22
5920,20
5921,4
5922,4
5923,15
5924,10
5925,4
5926,19
5927,11
5928,5
5929,15
5930,22
5931,4
5932,13
5933,15
5934,12
5935,15
5936,15
5937,15
5938,19
5939,19
5940,15
5941,15
5942,15
5943,4
5944,4
5945,15
5946,4
5947,15
5948,23
5949,23
5950,23
5951,4
5952,15
5953,15
5954,19
5955,15
5956,23
5957,15
5958,19
5959,13
5960,13
5961,4
5962,4
5963,15
5964,15
5965,15
5966,18
5967,4
5968,15
5969,12
5970,4
5971,15
5972,19
5973,4
5974,15
5975,22
5976,15
5977,15
5978,15
5979,23
5980,5
5981,15
5982,13
5983,22
5984,15
5985,10
5986,23
5987,23
5988,9
5989,19
5990,15
5991,16
5992,15
5993,15
5994,4
5995,15
5996,1
5997,4
5998,10
5999,4
6000,4
6001,19
6002,19
6003,15
6004,4
6005,15
6006,13
6007,10
6008,10
6009,1
6010,15
6011,14
6012,2
6013,15
6014,15
6015,19
6016,5
6017,13
6018,9
6019,19
6020,4
6021,19
6022,22
6023,18
6024,19
6025,4
6026,15
6027,18
6028,4
6029,15
6030,4
6031,22
6032,15
6033,4
6034,15
6035,4
6036,1
6037,6
6038,19
6039,15
6040,9
6041,13
6042,2
6043,18
6044,18
6045,23
6046,22
6047,23
6048,5
6049,13
6050,15
6051,15
6052,4
6053,15
6054,22
6055,18
6056,4
6057,10
6058,15
6059,4
6060,15
6061,22
6062,19
6063,15
6064,5
6065,15
6066,19
6067,22
6068,13
6069,15
6070,15
6071,4
6072,18
6073,4
6074,5
6075,9
6076,15
6077,4
6078,13
6079,15
6080,19
6081,13
6082,15
6083,13
6084,4
6085,4
6086,23
6087,15
6088,19
6089,19
6090,15
6091,18
6092,19
6093,4
6094,19
6095,4
6096,15
6097,22
6098,19
6099,15
6100,19
6101,19
6102,15
6103,4
6104,13
6105,13
6106,9
6107,22
6108,20
6109,10
6110,15
6111,22
6112,16
6113,15
6114,15
6115,15
6116,13
6117,15
6118,4
6119,19
6120,15
6121,4
6122,22
6123,10
6124,4
6125,10
6126,15
6127,15
6128,19
6129,4
6130,4
6131,22
6132,4
6133,19
6134,13
6135,9
6136,13
6137,15
6138,19
6139,23
6140,15
6141,15
6142,22
6143,15
6144,9
6145,15
6146,19
6147,18
6148,4
6149,22
6150,11
6151,13
6152,15
6153,10
6154,15
6155,19
6156,15
6157,22
6158,19
6159,15
6160,19
6161,4
6162,15
6163,6
6164,15
6165,22
6166,4
6167,13
6168,15
6169,9
6170,23
6171,2
6172,13
6173,4
6174,15
6175,4
6176,22
6177,15
6178,13
6179,15
6180,22
6181,15
6182,4
6183,15
6184,15
6185,19
6186,19
6187,13
6188,18
6189,4
6190,13
6191,15
6192,15
6193,19
6194,4
6195,15
6196,19
6197,13
6198,13
6199,15
6200,15
6201,15
6202,15
6203,15
6204,4
6205,22
6206,18
6207,15
6208,18
6209,15
6210,15
6211,19
6212,15
6213,15
6214,19
6215,13
6216,12
6217,22
6218,4
6219,19
6220,23
6221,19
6222,23
6223,15
6224,15
6225,10
6226,15
6227,15
6228,15
6229,10
6230,19
6231,15
6232,15
6233,15
6234,4
6235,15
6236,19
6237,22
6238,15
6239,13
6240,9
6241,4
6242,15
6243,4
6244,15
6245,13
6246,15
6247,15
6248,15
6249,15
6250,23
6251,19
6252,15
6253,13
6254,15
6255,22
6256,15
6257,13
6258,15
6259,15
6260,22
6261,4
6262,13
6263,13
6264,15
6265,15
6266,4
6267,12
6268,15
6269,15
6270,4
6271,22
6272,13
6273,19
6274,22
6275,13
6276,18
6277,10
6278,19
6279,13
6280,1
6281,15
6282,4
6283,15
6284,15
6285,19
6286,22
6287,19
6288,15
6289,19
6290,23
6291,1
6292,23
6293,15
6294,15
6295,4
6296,19
6297,4
6298,15
6299,15
6300,5
6301,19
6302,13
6303,19
6304,19
6305,4
6306,4
6307,15
6308,15
6309,19
6310,10
6311,15
6312,18
6313,10
6314,15
6315,19
6316,15
6317,15
6318,22
6319,4
6320,23
6321,10
6322,13
6323,4
6324,10
6325,22
6326,4
6327,15
6328,15
6329,10
6330,19
6331,4
6332,19
6333,15
6334,15
6335,19
6336,4
6337,15
6338,15
6339,12
6340,18
6341,15
6342,19
6343,4
6344,15
6345,15
6346,19
6347,4
6348,15
6349,13
6350,15
6351,15
6352,19
6353,19
6354,13
6355,15
6356,4
6357,15
6358,13
6359,15
6360,15
6361,4
6362,5
6363,13
6364,23
6365,22
6366,13
6367,22
6368,4
6369,15
6370,4
6371,19
6372,18
6373,13
6374,15
6375,15
6376,15
6377,15
6378,4
6379,16
6380,15
6381,19
6382,13
6383,13
6384,4
6385,15
6386,12
6387,15
6388,13
6389,4
6390,19
6391,15
6392,4
6393,15
6394,15
6395,4
6396,18
6397,18
6398,19
6399,13
6400,15
6401,15
6402,19
6403,15
6404,15
6405,6
6406,15
6407,15
6408,4
6409,19
6410,19
6411,10
6412,15
6413,15
6414,19
6415,15
6416,15
6417,15
6418,15
6419,15
6420,4
6421,15
6422,9
6423,4
6424,15
6425,15
6426,15
6427,1
6428,19
6429,15
6430,4
6431,13
6432,19
6433,19
6434,23
6435,19
6436,15
6437,19
6438,4
6439,15
6440,15
6441,2
6442,5
6443,13
6444,19
6445,15
6446,15
6447,13
6448,18
6449,15
6450,13
6451,4
6452,15
6453,6
6454,13
6455,19
6456,4
6457,19
6458,19
6459,22
6460,19
6461,15
6462,15
6463,15
6464,4
6465,15
6466,4
6467,4
6468,9
6469,19
6470,4
6471,15
6472,13
6473,10
6474,13
6475,15
6476,15
6477,15
6478,12
6479,19
6480,23
6481,10
6482,22
6483,4
6484,19
6485,4
6486,19
6487,4
6488,18
6489,15
6490,15
6491,19
6492,19
6493,22
6494,13
6495,22
6496,4
6497,15
6498,13
6499,15
6500,15
6501,15
6502,13
6503,15
6504,15
6505,10
6506,15
6507,22
6508,19
6509,15
6510,15
6511,4
6512,13
6513,15
6514,22
6515,19
6516,22
6517,15
6518,15
6519,22
6520,19
6521,15
6522,12
6523,6
6524,15
6525,15
6526,4
6527,23
6528,19
6529,10
6530,18
6531,15
6532,15
6533,19
6534,13
6535,15
6536,18
6537,15
6538,15
6539,4
6540,4
6541,15
6542,13
6543,15
6544,22
6545,23
6546,14
6547,13
6548,2
6549,5
6550,18
6551,11
6552,19
6553,4
6554,23
6555,4
6556,13
6557,15
6558,10
6559,10
6560,15
6561,15
6562,15
6563,15
6564,12
6565,16
6566,19
6567,5
6568,15
6569,1
6570,15
6571,15
6572,15
6573,9
6574,19
6575,19
6576,2
6577,19
6578,15
6579,15
6580,19
6581,15
6582,4
6583,15
6584,6
6585,19
6586,15
6587,15
6588,4
6589,4
6590,4
6591,1
6592,15
6593,12
6594,15
6595,11
6596,5
6597,19
6598,15
6599,15
6600,19
6601,15
6602,15
6603,4
6604,19
6605,12
6606,13
6607,19
6608,15
6609,19
6610,1
6611,4
6612,15
6613,10
6614,19
6615,12
6616,15
6617,15
6618,15
6619,4
6620,4
6621,15
6622,23
6623,10
6624,10
6625,23
6626,22
6627,15
6628,15
6629,15
6630,15
6631,23
6632,15
6633,14
6634,11
6635,23
6636,19
6637,4
6638,4
6639,4
6640,13
6641,14
6642,15
6643,15
6644,23
6645,6
6646,15
6647,19
6648,19
6649,22
6650,1
6651,10
6652,19
6653,15
6654,2
6655,15
6656,22
6657,13
6658,4
6659,23
6660,23
6661,15
6662,13
6663,22
6664,15
6665,4
6666,22
6667,19
6668,15
6669,15
6670,18
6671,4
6672,22
6673,10
6674,4
6675,18
6676,15
6677,19
6678,15
6679,15
6680,15
6681,23
6682,15
6683,19
6684,19
6685,4
6686,19
6687,13
6688,15
6689,19
6690,4
6691,6
6692,19
6693,13
6694,4
6695,15
6696,15
6697,4
6698,4
6699,19
6700,15
6701,15
6702,15
6703,13
6704,13
6705,15
6706,19
6707,4
6708,12
6709,22
6710,13
6711,22
6712,15
6713,19
6714,9
6715,4
6716,5
6717,10
6718,15
6719,15
6720,23
6721,4
6722,22
6723,4
6724,19
6725,19
6726,4
6727,15
6728,13
6729,4
6730,19
6731,15
6732,18
6733,15
6734,15
6735,4
6736,15
6737,15
6738,15
6739,15
6740,13
6741,15
6742,12
6743,13
6744,18
6745,15
6746,6
6747,13
6748,22
6749,22
6750,12
6751,15
6752,13
6753,4
6754,4
6755,4
6756,4
6757,15
6758,23
6759,4
6760,13
6761,14
6762,15
6763,15
6764,19
6765,15
6766,10
6767,4
6768,13
6769,4
6770,15
6771,15
6772,4
6773,6
6774,13
6775,22
6776,13
6777,5
6778,15
6779,4
6780,22
6781,22
6782,22
6783,19
6784,4
6785,22
6786,4
6787,19
6788,4
6789,1
6790,10
6791,13
6792,15
6793,14
6794,13
6795,15
6796,19
6797,19
6798,18
6799,19
6800,15
6801,15
6802,15
6803,15
6804,13
6805,19
6806,15
6807,22
6808,15
6809,15
6810,22
6811,18
6812,4
6813,23
6814,12
6815,15
6816,15
6817,1
6818,15
6819,12
6820,19
6821,15
6822,15
6823,4
6824,4
6825,4
6826,4
6827,4
6828,15
6829,4
6830,4
6831,4
6832,13
6833,19
6834,22
6835,6
6836,19
6837,15
6838,23
6839,10
6840,18
6841,19
6842,0
6843,15
6844,22
6845,19
6846,15
6847,9
6848,15
6849,6
6850,19
6851,18
6852,4
6853,10
6854,4
6855,13
6856,19
6857,18
6858,19
6859,23
6860,15
6861,22
6862,10
6863,23
6864,4
6865,19
6866,15
6867,4
6868,9
6869,17
6870,4
6871,23
6872,16
6873,10
6874,12
6875,15
6876,15
6877,4
6878,15
6879,15
6880,18
6881,14
6882,15
6883,4
6884,19
6885,6
6886,15
6887,13
6888,15
6889,15
6890,23
6891,15
6892,13
6893,6
6894,15
6895,15
6896,15
6897,23
6898,10
6899,15
6900,13
6901,19
6902,19
6903,19
6904,15
6905,15
6906,13
6907,10
6908,22
6909,15
6910,18
6911,15
6912,15
6913,22
6914,13
6915,15
6916,15
6917,19
6918,19
6919,4
6920,15
6921,22
6922,15
6923,19
6924,13
6925,15
6926,10
6927,15
6928,15
6929,4
6930,15
6931,19
6932,15
6933,15
6934,19
6935,18
6936,13
6937,22
6938,12
6939,22
6940,15
6941,14
6942,4
6943,23
6944,19
6945,18
6946,15
6947,13
6948,4
6949,19
6950,15
6951,13
6952,15
6953,22
6954,22
6955,15
6956,15
6957,19
6958,14
6959,4
6960,15
6961,19
6962,22
6963,9
6964,13
6965,19
6966,19
6967,15
6968,15
6969,19
6970,4
6971,13
6972,4
6973,15
6974,15
6975,10
6976,15
6977,19
6978,22
6979,15
6980,15
6981,15
6982,15
6983,15
6984,23
6985,19
6986,10
6987,13
6988,15
6989,15
6990,13
6991,19
6992,9
6993,14
6994,15
6995,4
6996,0
6997,6
6998,9
6999,23
7000,5
7001,4
7002,22
7003,13
7004,15
7005,15
7006,15
7007,13
7008,4
7009,20
7010,15
7011,19
7012,10
7013,13
7014,19
7015,4
7016,16
7017,15
7018,15
7019,15
7020,15
7021,15
7022,10
7023,13
7024,4
7025,15
7026,15
7027,15
7028,13
7029,4
7030,19
7031,22
7032,13
7033,15
7034,15
7035,13
7036,6
7037,15
7038,19
7039,10
7040,15
7041,6
7042,22
7043,13
7044,4
7045,15
7046,15
7047,13
7048,19
7049,15
7050,15
7051,13
7052,19
7053,19
7054,13
7055,15
7056,15
7057,13
7058,15
7059,19
7060,15
7061,4
7062,19
7063,19
7064,15
7065,19
7066,9
7067,15
7068,15
7069,4
7070,19
7071,10
7072,13
7073,15
7074,15
7075,14
7076,22
7077,15
7078,15
7079,13
7080,19
7081,15
7082,22
7083,13
7084,15
7085,15
7086,15
7087,22
7088,10
7089,15
7090,15
7091,15
7092,23
7093,10
7094,15
7095,18
7096,15
7097,4
7098,12
7099,19
7100,19
7101,4
7102,15
7103,13
7104,15
7105,11
7106,22
7107,12
7108,4
7109,19
7110,15
7111,23
7112,4
7113,15
7114,9
7115,18
7116,22
7117,9
7118,19
7119,4
7120,15
7121,15
7122,15
7123,15
7124,4
7125,13
7126,15
7127,15
7128,15
7129,15
7130,4
7131,15
7132,4
7133,22
7134,15
7135,19
7136,4
7137,13
7138,2
7139,4
7140,15
7141,13
7142,4
7143,13
7144,15
7145,4
7146,19
7147,4
7148,15
7149,15
7150,15
7151,15
7152,13
7153,10
7154,4
7155,19
7156,15
7157,13
7158,14
7159,4
7160,19
7161,15
7162,4
7163,19
7164,15
7165,15
7166,15
7167,4
7168,2
7169,10
7170,19
7171,15
7172,5
7173,23
7174,4
7175,13
7176,19
7177,15
7178,23
7179,15
7180,18
7181,4
7182,19
7183,23
7184,22
7185,20
7186,10
7187,13
7188,19
7189,18
7190,13
7191,19
7192,22
7193,23
7194,19
7195,18
7196,15
7197,4
7198,19
7199,15
7200,22
7201,12
7202,19
7203,15
7204,19
7205,15
7206,15
7207,19
7208,23
7209,15
7210,13
7211,4
7212,4
7213,3
7214,15
7215,19
7216,15
7217,13
7218,23
7219,19
7220,15
7221,13
7222,13
7223,18
7224,13
7225,23
7226,4
7227,23
7228,22
7229,22
7230,15
7231,4
7232,19
7233,15
7234,18
7235,18
7236,15
7237,19
7238,10
7239,15
7240,11
7241,22
7242,15
7243,4
7244,19
7245,22
7246,15
7247,22
7248,4
7249,9
7250,15
7251,15
7252,13
7253,13
7254,23
7255,4
7256,16
7257,13
7258,4
7259,2
7260,15
7261,19
7262,15
7263,10
7264,4
7265,22
7266,23
7267,15
7268,15
7269,15
7270,19
7271,23
7272,19
7273,4
7274,23
7275,13
7276,9
7277,16
7278,19
7279,13
7280,15
7281,15
7282,15
7283,4
7284,4
7285,15
7286,15
7287,13
7288,15
7289,15
7290,15
7291,23
7292,13
7293,13
7294,10
7295,15
7296,10
7297,19
7298,15
7299,15
7300,15
7301,22
7302,13
7303,10
7304,4
7305,4
7306,18
7307,13
7308,23
7309,15
7310,4
7311,19
7312,13
7313,6
7314,4
7315,22
7316,15
7317,13
7318,22
7319,15
7320,13
7321,12
7322,19
7323,13
7324,9
7325,10
7326,19
7327,23
7328,15
7329,22
7330,15
7331,23
7332,4
7333,4
7334,15
7335,19
7336,15
7337,9
7338,15
7339,4
7340,18
7341,15
7342,15
7343,4
7344,19
7345,15
7346,5
7347,14
7348,10
7349,13
7350,15
7351,4
7352,4
7353,15
7354,19
7355,15
7356,15
7357,10
7358,19
7359,23
7360,4
7361,9
7362,15
7363,4
7364,0
7365,15
7366,22
7367,9
7368,19
7369,4
7370,15
7371,23
7372,19
7373,4
7374,14
7375,23
7376,19
7377,19
7378,22
7379,15
7380,13
7381,19
7382,19
7383,19
7384,6
7385,19
7386,15
7387,10
7388,13
7389,15
7390,4
7391,15
7392,13
7393,22
7394,22
7395,2
7396,22
7397,19
7398,12
7399,13
7400,0
7401,13
7402,10
7403,15
7404,15
7405,18
7406,10
7407,15
7408,5
7409,19
7410,4
7411,10
7412,22
7413,15
7414,15
7415,5
7416,4
7417,4
7418,9
7419,15
7420,19
7421,4
7422,10
7423,4
7424,15
7425,5
7426,15
7427,4
7428,15
7429,15
7430,5
7431,4
7432,18
7433,15
7434,11
7435,15
7436,13
7437,15
7438,18
7439,9
7440,15
7441,15
7442,15
7443,13
7444,4
7445,12
7446,23
7447,14
7448,23
7449,13
7450,1
7451,4
7452,15
7453,19
7454,13
7455,15
7456,15
7457,23
7458,13
7459,14
7460,23
7461,15
7462,15
7463,22
7464,4
7465,13
7466,19
7467,15
7468,15
7469,15
7470,13
7471,4
7472,9
7473,10
7474,2
7475,19
7476,11
7477,19
7478,3
7479,19
7480,4
7481,15
7482,19
7483,9
7484,4
7485,13
7486,18
7487,18
7488,11
7489,10
7490,19
7491,4
7492,15
7493,15
7494,23
7495,13
7496,15
7497,23
7498,23
7499,15
7500,13
7501,13
7502,11
7503,4
7504,10
7505,15
7506,15
7507,19
7508,14
7509,13
7510,15
7511,15
7512,15
7513,22
7514,19
7515,19
7516,19
7517,15
7518,4
7519,15
7520,4
7521,19
7522,15
7523,4
7524,15
7525,4
7526,4
7527,19
7528,1
7529,15
7530,13
7531,15
7532,19
7533,16
7534,19
7535,19
7536,15
7537,4
7538,0
7539,15
7540,15
7541,19
7542,15
7543,13
7544,13
7545,15
7546,15
7547,15
7548,18
7549,5
7550,19
7551,15
7552,23
7553,22
7554,10
7555,18
7556,19
7557,15
7558,1
7559,15
7560,15
7561,15
7562,15
7563,4
7564,1
7565,13
7566,15
7567,15
7568,4
7569,19
7570,15
7571,23
7572,19
7573,13
7574,23
7575,4
7576,15
7577,15
7578,14
7579,15
7580,15
7581,15
7582,19
7583,19
7584,15
7585,15
7586,7
7587,15
7588,19
7589,11
7590,15
7591,22
7592,13
7593,19
7594,15
7595,15
7596,13
7597,13
7598,13
7599,15
7600,15
7601,4
7602,4
7603,13
7604,15
7605,4
7606,19
7607,4
7608,15
7609,15
7610,15
7611,15
7612,4
7613,15
7614,22
7615,15
7616,6
7617,9
7618,10
7619,19
7620,15
7621,22
7622,22
7623,22
7624,19
7625,1
7626,19
7627,4
7628,15
7629,15
7630,23
7631,15
7632,12
7633,4
7634,9
7635,19
7636,15
7637,19
7638,13
7639,15
7640,11
7641,19
7642,19
7643,15
7644,22
7645,9
7646,22
7647,5
7648,15
7649,19
7650,22
7651,14
7652,4
7653,4
7654,15
7655,15
7656,23
7657,13
7658,23
7659,19
7660,4
7661,13
7662,19
7663,15
7664,4
7665,19
7666,13
7667,13
7668,15
7669,15
7670,13
7671,18
7672,22
7673,5
7674,15
7675,19
7676,19
7677,4
7678,19
7679,4
7680,15
7681,14
7682,15
7683,13
7684,22
7685,19
7686,22
7687,13
7688,15
7689,4
7690,15
7691,4
7692,15
7693,23
7694,22
7695,22
7696,10
7697,19
7698,19
7699,10
7700,19
7701,15
7702,19
7703,19
7704,15
7705,13
7706,15
7707,19
7708,19
7709,15
7710,13
7711,4
7712,13
7713,1
7714,22
7715,15
7716,12
7717,13
7718,22
7719,13
7720,19
7721,13
7722,18
7723,10
7724,4
7725,19
7726,22
7727,19
7728,4
7729,19
7730,15
7731,19
7732,15
7733,15
7734,23
7735,13
7736,22
7737,15
7738,15
7739,15
7740,4
7741,19
7742,15
7743,15
7744,22
7745,15
7746,6
7747,15
7748,13
7749,19
7750,13
7751,15
7752,6
7753,15
7754,15
7755,15
7756,4
7757,19
7758,2
7759,15
7760,13
7761,23
7762,4
7763,2
7764,15
7765,4
7766,15
7767,15
7768,15
7769,13
7770,23
7771,22
7772,22
7773,10
7774,4
7775,14
7776,22
7777,15
7778,19
7779,4
7780,15
7781,15
7782,4
7783,19
7784,13
7785,19
7786,23
7787,15
7788,15
7789,15
7790,19
7791,15
7792,0
7793,4
7794,19
7795,15
7796,1
7797,13
7798,6
7799,15
7800,4
7801,19
7802,22
7803,16
7804,22
7805,23
7806,16
7807,4
7808,19
7809,19
7810,4
7811,4
7812,12
7813,19
7814,10
7815,18
7816,13
7817,15
7818,13
7819,1
7820,18
7821,15
7822,18
7823,19
7824,15
7825,15
7826,22
7827,19
7828,15
7829,22
7830,15
7831,15
7832,15
7833,4
7834,4
7835,4
7836,13
7837,15
7838,15
7839,15
7840,13
7841,15
7842,15
7843,1
7844,15
7845,19
7846,19
7847,4
7848,4
7849,4
7850,1
7851,22
7852,19
7853,4
7854,22
7855,4
7856,15
7857,4
7858,13
7859,4
7860,14
7861,13
7862,5
7863,13
7864,4
7865,10
7866,22
7867,15
7868,15
7869,10
7870,15
7871,10
7872,18
7873,6
7874,15
7875,4
7876,19
7877,4
7878,19
7879,13
7880,4
7881,15
7882,18
7883,22
7884,12
7885,22
7886,18
7887,4
7888,13
7889,4
7890,10
7891,19
7892,15
7893,23
7894,13
7895,15
7896,22
7897,19
7898,22
7899,19
7900,11
7901,15
7902,19
7903,15
7904,19
7905,15
7906,9
7907,4
7908,19
7909,13
7910,16
7911,4
7912,6
7913,19
7914,4
7915,13
7916,13
7917,15
7918,19
7919,15
7920,19
7921,18
7922,6
7923,15
7924,13
7925,23
7926,10
7927,18
7928,15
7929,15
7930,15
7931,4
7932,15
7933,15
7934,19
7935,15
7936,9
7937,4
7938,15
7939,2
7940,15
7941,15
7942,4
7943,19
7944,22
7945,22
7946,4
7947,9
7948,22
7949,13
7950,15
7951,15
7952,4
7953,14
7954,4
7955,15
7956,15
7957,15
7958,23
7959,13
7960,9
7961,19
7962,15
7963,4
7964,4
7965,13
7966,4
7967,13
7968,2
7969,10
7970,22
7971,15
7972,15
7973,15
7974,14
7975,22
7976,23
7977,15
7978,4
7979,4
7980,19
7981,22
7982,15
7983,15
7984,19
7985,18
7986,15
7987,15
7988,11
7989,15
7990,15
7991,22
7992,15
7993,7
7994,23
7995,13
7996,15
7997,4
7998,19
7999,4
8000,22
8001,19
8002,18
8003,15
8004,15
8005,19
8006,4
8007,13
8008,13
8009,15
8010,18
8011,13
8012,23
8013,19
8014,4
8015,5
8016,15
8017,4
8018,6
8019,19
8020,12
8021,19
8022,23
8023,15
8024,19
8025,22
8026,19
8027,15
8028,15
8029,10
8030,22
8031,19
8032,19
8033,14
8034,19
8035,15
8036,15
8037,22
8038,13
8039,15
8040,22
8041,15
8042,4
8043,13
8044,19
8045,22
8046,15
8047,4
8048,19
8049,15
8050,19
8051,19
8052,10
8053,15
8054,15
8055,15
8056,22
8057,4
8058,19
8059,19
8060,15
8061,10
8062,22
8063,13
8064,15
8065,19
8066,4
8067,13
8068,11
8069,15
8070,15
8071,13
8072,4
8073,19
8074,15
8075,22
8076,19
8077,19
8078,18
8079,10
8080,15
8081,11
8082,19
8083,15
8084,22
8085,19
8086,19
8087,15
8088,15
8089,4
8090,4
8091,19
8092,23
8093,18
8094,15
8095,16
8096,4
8097,13
8098,15
8099,19
8100,6
8101,9
8102,4
8103,9
8104,22
8105,15
8106,18
8107,15
8108,22
8109,15
8110,13
8111,12
8112,10
8113,23
8114,13
8115,18
8116,19
8117,4
8118,19
8119,19
8120,19
8121,15
8122,19
8123,15
8124,18
8125,12
8126,15
8127,13
8128,19
8129,18
8130,23
8131,22
8132,15
8133,19
8134,4
8135,13
8136,15
8137,4
8138,19
8139,4
8140,4
8141,15
8142,15
8143,15
8144,19
8145,19
8146,13
8147,10
8148,4
8149,15
8150,19
8151,13
8152,2
8153,19
8154,23
8155,4
8156,15
8157,15
8158,13
8159,19
8160,13
8161,12
8162,22
8163,6
8164,23
8165,19
8166,11
8167,4
8168,15
8169,13
8170,22
8171,4
8172,15
8173,4
8174,20
8175,12
8176,4
8177,13
8178,12
8179,22
8180,13
8181,9
8182,15
8183,15
8184,15
8185,22
8186,15
8187,19
8188,13
8189,19
8190,13
8191,4
8192,5
8193,4
8194,15
8195,4
8196,13
8197,15
8198,18
8199,4
8200,18
8201,23
8202,19
8203,13
8204,15
8205,19
8206,15
8207,18
8208,22
8209,23
8210,18
8211,4
8212,15
8213,22
8214,22
8215,18
8216,19
8217,15
8218,15
8219,4
8220,22
8221,4
8222,15
8223,22
8224,19
8225,9
8226,19
8227,18
8228,22
8229,15
8230,15
8231,19
8232,19
8233,4
8234,10
8235,19
8236,15
8237,4
8238,15
8239,19
8240,4
8241,22
8242,13
8243,15
8244,15
8245,10
8246,19
8247,15
8248,23
8249,15
8250,15
8251,15
8252,15
8253,15
8254,9
8255,15
8256,15
8257,19
8258,15
8259,5
8260,4
8261,22
8262,22
8263,19
8264,13
8265,19
8266,15
8267,19
8268,15
8269,22
8270,9
8271,4
8272,19
8273,10
8274,23
8275,15
8276,15
8277,15
8278,19
8279,4
8280,15
8281,22
8282,15
8283,15
8284,15
8285,15
8286,13
8287,15
8288,19
8289,15
8290,15
8291,11
8292,19
8293,23
8294,4
8295,4
8296,3
8297,23
8298,4
8299,19
8300,13
8301,19
8302,13
8303,22
8304,4
8305,4
8306,15
8307,19
8308,4
8309,13
8310,4
8311,13
8312,15
8313,22
8314,19
8315,14
8316,0
8317,22
8318,15
8319,15
8320,15
8321,15
8322,15
8323,22
8324,15
8325,13
8326,15
8327,11
8328,15
8329,9
8330,19
8331,19
8332,19
8333,18
8334,4
8335,15
8336,12
8337,4
8338,19
8339,15
8340,15
8341,13
8342,12
8343,13
8344,5
8345,19
8346,4
8347,1
8348,15
8349,15
8350,23
8351,15
8352,15
8353,9
8354,4
8355,15
8356,10
8357,19
8358,13
8359,15
8360,15
8361,23
8362,15
8363,13
8364,15
8365,15
8366,13
8367,22
8368,13
8369,13
8370,4
8371,6
8372,15
8373,13
8374,22
8375,15
8376,15
8377,22
8378,15
8379,1
8380,13
8381,22
8382,15
8383,23
8384,22
8385,10
8386,13
8387,19
8388,22
8389,15
8390,4
8391,15
8392,19
8393,19
8394,15
8395,15
8396,15
8397,4
8398,19
8399,5
8400,18
8401,15
8402,23
8403,10
8404,4
8405,13
8406,15
8407,15
8408,13
8409,15
8410,19
8411,15
8412,15
8413,15
8414,4
8415,15
8416,15
8417,23
8418,13
8419,15
8420,18
8421,23
8422,1
8423,6
8424,15
8425,15
8426,19
8427,13
8428,19
8429,9
8430,19
8431,18
8432,19
8433,22
8434,4
8435,15
8436,5
8437,4
8438,15
8439,19
8440,19
8441,19
8442,15
8443,4
8444,4
8445,18
8446,19
8447,15
8448,19
8449,19
8450,9
8451,5
8452,18
8453,19
8454,22
8455,4
8456,15
8457,18
8458,4
8459,18
8460,13
8461,10
8462,15
8463,15
8464,15
8465,15
8466,15
8467,19
8468,16
8469,19
8470,4
8471,19
8472,22
8473,4
8474,23
8475,19
8476,15
8477,15
8478,14
8479,4
8480,18
8481,22
8482,15
8483,18
8484,4
8485,15
8486,4
8487,10
8488,13
8489,15
8490,15
8491,13
8492,22
8493,4
8494,4
8495,13
8496,22
8497,19
8498,15
8499,23
8500,4
8501,19
8502,23
8503,4
8504,19
8505,15
8506,15
8507,18
8508,4
8509,14
8510,13
8511,15
8512,19
8513,22
8514,10
8515,22
8516,23
8517,23
8518,15
8519,15
8520,19
8521,11
8522,4
8523,15
8524,13
8525,9
8526,4
8527,10
8528,18
8529,13
8530,10
8531,22
8532,19
8533,9
8534,15
8535,4
8536,15
8537,4
8538,15
8539,15
8540,22
8541,15
8542,15
8543,14
8544,19
8545,10
8546,15
8547,22
8548,15
8549,23
8550,23
8551,19
8552,15
8553,4
8554,23
8555,15
8556,13
8557,19
8558,15
8559,4
8560,15
8561,15
8562,4
8563,15
8564,19
8565,1
8566,15
8567,18
8568,15
8569,22
8570,15
8571,15
8572,19
8573,12
8574,15
8575,19
8576,13
8577,15
8578,4
8579,13
8580,4
8581,4
8582,15
8583,15
8584,18
8585,4
8586,11
8587,19
8588,23
8589,19
8590,4
8591,15
8592,15
8593,15
8594,4
8595,13
8596,2
8597,4
8598,4
8599,15
8600,4
8601,4
8602,15
8603,15
8604,15
8605,18
8606,4
8607,4
8608,19
8609,19
8610,4
8611,15
8612,10
8613,23
8614,19
8615,15
8616,18
8617,15
8618,19
8619,15
8620,15
8621,15
8622,15
8623,19
8624,23
8625,4
8626,15
8627,15
8628,0
8629,15
8630,13
8631,15
8632,15
8633,15
8634,10
8635,10
8636,10
8637,13
8638,15
8639,13
8640,15
8641,19
8642,15
8643,4
8644,15
8645,15
8646,15
8647,13
8648,10
8649,15
8650,19
8651,15
8652,4
8653,19
8654,9
8655,4
8656,11
8657,18
8658,15
8659,19
8660,15
8661,19
8662,15
8663,19
8664,15
8665,4
8666,14
8667,15
8668,12
8669,3
8670,4
8671,19
8672,15
8673,13
8674,2
8675,15
8676,19
8677,4
8678,15
8679,14
8680,10
8681,6
8682,11
8683,4
8684,10
8685,13
8686,23
8687,15
8688,19
8689,4
8690,15
8691,4
8692,13
8693,19
8694,15
8695,15
8696,15
8697,4
8698,4
8699,15
8700,15
8701,15
8702,13
8703,15
8704,22
8705,13
8706,13
8707,4
8708,15
8709,15
8710,22
8711,15
8712,15
8713,23
8714,13
8715,13
8716,15
8717,19
8718,15
8719,4
8720,15
8721,10
8722,15
8723,15
8724,10
8725,0
8726,9
8727,15
8728,4
8729,15
8730,19
8731,18
8732,13
8733,15
8734,16
8735,15
8736,12
8737,15
8738,19
8739,16
8740,19
8741,19
8742,22
8743,5
8744,23
8745,10
8746,22
8747,14
8748,15
8749,15
8750,13
8751,10
8752,13
8753,13
8754,22
8755,15
8756,15
8757,23
8758,18
8759,15
8760,18
8761,15
8762,22
8763,15
8764,13
8765,4
8766,15
8767,22
8768,15
8769,15
8770,18
8771,18
8772,23
8773,19
8774,4
8775,15
8776,15
8777,13
8778,13
8779,19
8780,23
8781,15
8782,15
8783,15
8784,18
8785,15
8786,11
8787,15
8788,22
8789,8
8790,15
8791,22
8792,19
8793,19
8794,4
8795,19
8796,15
8797,19
8798,19
8799,10
8800,15
8801,10
8802,15
8803,4
8804,15
8805,15
8806,19
8807,5
8808,23
8809,4
8810,22
8811,15
8812,6
8813,4
8814,4
8815,23
8816,15
8817,15
8818,19
8819,4
8820,23
8821,13
8822,15
8823,15
8824,1
8825,8
8826,19
8827,6
8828,4
8829,15
8830,15
8831,15
8832,15
8833,13
8834,5
8835,10
8836,4
8837,22
8838,4
8839,4
8840,19
8841,13
8842,10
8843,4
8844,13
8845,19
8846,19
8847,18
8848,4
8849,19
8850,23
8851,15
8852,13
8853,15
8854,19
8855,19
8856,15
8857,13
8858,15
8859,10
8860,4
8861,4
8862,15
8863,15
8864,15
8865,15
8866,10
8867,15
8868,4
8869,6
8870,11
8871,17
8872,4
8873,15
8874,13
8875,15
8876,10
8877,4
8878,1
8879,4
8880,4
8881,22
8882,13
8883,15
8884,15
8885,15
8886,15
8887,19
8888,15
8889,13
8890,15
8891,19
8892,18
8893,19
8894,19
8895,4
8896,15
8897,12
8898,13
8899,15
8900,23
8901,19
8902,22
8903,19
8904,15
8905,19
8906,15
8907,15
8908,19
8909,18
8910,22
8911,4
8912,22
8913,15
8914,15
8915,10
8916,13
8917,10
8918,4
8919,4
8920,4
8921,15
8922,15
8923,15
8924,15
8925,15
8926,15
8927,23
8928,19
8929,4
8930,13
8931,15
8932,19
8933,19
8934,15
8935,18
8936,19
8937,15
8938,1
8939,4
8940,19
8941,15
8942,15
8943,15
8944,15
8945,16
8946,13
8947,15
8948,23
8949,13
8950,19
8951,22
8952,4
8953,13
8954,13
8955,19
8956,22
8957,15
8958,22
8959,11
8960,19
8961,13
8962,22
8963,13
8964,19
8965,19
8966,15
8967,19
8968,14
8969,18
8970,18
8971,13
8972,15
8973,15
8974,4
8975,4
8976,15
8977,22
8978,15
8979,15
8980,19
8981,19
8982,15
8983,4
8984,19
8985,19
8986,15
8987,10
8988,15
8989,15
8990,4
8991,22
8992,15
8993,15
8994,15
8995,23
8996,19
8997,19
8998,4
8999,13
9000,19
9001,4
9002,4
9003,2
9004,4
9005,13
9006,14
9007,10
9008,6
9009,15
9010,19
9011,15
9012,19
9013,22
9014,6
9015,15
9016,15
9017,15
9018,4
9019,15
9020,10
9021,15
9022,4
9023,15
9024,23
9025,4
9026,23
9027,15
9028,19
9029,15
9030,15
9031,13
9032,15
9033,2
9034,13
9035,9
9036,4
9037,5
9038,15
9039,4
9040,10
9041,15
9042,15
9043,22
9044,15
9045,22
9046,23
9047,4
9048,9
9049,15
9050,2
9051,13
9052,11
9053,19
9054,15
9055,4
9056,10
9057,15
9058,4
9059,22
9060,15
9061,4
9062,23
9063,13
9064,4
9065,15
9066,19
9067,15
9068,4
9069,15
9070,15
9071,4
9072,15
9073,12
9074,19
9075,4
9076,4
9077,15
9078,10
9079,13
9080,23
9081,15
9082,15
9083,19
9084,19
9085,4
9086,22
9087,18
9088,13
9089,15
9090,19
9091,9
9092,4
9093,15
9094,19
9095,15
9096,15
9097,4
9098,15
9099,18
9100,4
9101,4
9102,4
9103,4
9104,15
9105,15
9106,15
9107,4
9108,19
9109,15
9110,22
9111,4
9112,15
9113,11
9114,15
9115,4
9116,13
9117,13
9118,13
9119,19
9120,4
9121,15
9122,15
9123,15
9124,4
9125,13
9126,19
9127,4
9128,19
9129,13
9130,22
9131,15
9132,13
9133,19
9134,13
9135,15
9136,15
9137,15
9138,15
9139,23
9140,15
9141,4
9142,15
9143,15
9144,22
9145,15
9146,22
9147,15
9148,19
9149,19
9150,15
9151,19
9152,15
9153,1
9154,4
9155,15
9156,22
9157,5
9158,15
9159,22
9160,13
9161,15
9162,4
9163,4
9164,4
9165,4
9166,22
9167,4
9168,15
9169,4
9170,10
9171,15
9172,15
9173,4
9174,4
9175,13
9176,19
9177,5
9178,15
9179,23
9180,22
9181,23
9182,4
9183,15
9184,10
9185,15
9186,19
9187,19
9188,4
9189,15
9190,15
9191,13
9192,4
9193,19
9194,13
9195,18
9196,22
9197,5
9198,5
9199,4
9200,15
9201,15
9202,15
9203,18
9204,15
9205,22
9206,13
9207,15
9208,22
9209,13
9210,19
9211,18
9212,15
9213,19
9214,13
9215,15
9216,22
9217,15
9218,10
9219,15
9220,19
9221,11
9222,15
9223,2
9224,13
9225,12
9226,9
9227,22
9228,19
9229,19
9230,22
9231,15
9232,15
9233,15
9234,15
9235,15
9236,19
9237,15
9238,22
9239,9
9240,15
9241,15
9242,4
9243,15
9244,4
9245,15
9246,23
9247,15
9248,15
9249,15
9250,15
9251,5
9252,19
9253,15
9254,22
9255,15
9256,15
9257,4
9258,19
9259,23
9260,15
9261,22
9262,6
9263,15
9264,19
9265,13
9266,11
9267,4
9268,11
9269,6
9270,23
9271,19
9272,13
9273,15
9274,15
9275,4
9276,18
9277,19
9278,15
9279,19
9280,13
9281,0
9282,22
9283,15
9284,15
9285,15
9286,15
9287,13
9288,4
9289,15
9290,23
9291,15
9292,19
9293,15
9294,9
9295,15
9296,15
9297,14
9298,4
9299,15
9300,13
9301,4
9302,15
9303,15
9304,6
9305,4
9306,4
9307,18
9308,4
9309,15
9310,19
9311,18
9312,15
9313,13
9314,19
9315,19
9316,9
9317,15
9318,4
9319,4
9320,15
9321,15
9322,19
9323,18
9324,6
9325,10
9326,15
9327,15
9328,13
9329,5
9330,5
9331,19
9332,10
9333,19
9334,23
9335,4
9336,22
9337,15
9338,4
9339,4
9340,19
9341,23
9342,4
9343,15
9344,13
9345,19
9346,15
9347,12
9348,22
9349,15
9350,15
9351,5
9352,4
9353,15
9354,15
9355,15
9356,15
9357,15
9358,15
9359,4
9360,15
9361,23
9362,15
9363,22
9364,18
9365,13
9366,4
9367,5
9368,15
9369,19
9370,9
9371,15
9372,19
9373,22
9374,4
9375,13
9376,15
9377,19
9378,9
9379,14
9380,22
9381,10
9382,15
9383,15
9384,15
9385,15
9386,15
9387,22
9388,15
9389,4
9390,22
9391,13
9392,22
9393,22
9394,19
9395,4
9396,15
9397,15
9398,1
9399,12
9400,15
9401,15
9402,19
9403,15
9404,19
9405,19
9406,4
9407,10
9408,13
9409,4
9410,15
9411,1
9412,19
9413,9
9414,13
9415,4
9416,15
9417,4
9418,22
9419,15
9420,15
9421,15
9422,15
9423,4
9424,15
9425,4
9426,15
9427,15
9428,15
9429,15
9430,19
9431,19
9432,23
9433,11
9434,1
9435,15
9436,22
9437,22
9438,15
9439,4
9440,13
9441,15
9442,19
9443,23
9444,10
9445,4
9446,15
9447,15
9448,23
9449,2
9450,4
9451,15
9452,22
9453,15
9454,22
9455,13
9456,13
9457,15
9458,18
9459,19
9460,4
9461,15
9462,15
9463,13
9464,19
9465,19
9466,22
9467,22
9468,1
9469,18
9470,15
9471,23
9472,15
9473,15
9474,15
9475,15
9476,22
9477,18
9478,4
9479,15
9480,15
9481,22
9482,10
9483,19
9484,15
9485,19
9486,15
9487,13
9488,15
9489,22
9490,4
9491,15
9492,15
9493,15
9494,12
9495,13
9496,15
9497,15
9498,15
9499,4
9500,4
9501,19
9502,15
9503,9
9504,19
9505,15
9506,13
9507,15
9508,19
9509,15
9510,15
9511,19
9512,19
9513,2
9514,4
9515,10
9516,13
9517,4
9518,15
9519,13
9520,4
9521,22
9522,15
9523,15
9524,13
9525,6
9526,4
9527,13
9528,13
9529,15
9530,15
9531,15
9532,15
9533,13
9534,15
9535,13
9536,2
9537,23
9538,22
9539,19
9540,15
9541,19
9542,15
9543,13
9544,19
9545,4
9546,4
9547,4
9548,15
9549,22
9550,15
9551,15
9552,19
9553,15
9554,23
9555,19
9556,13
9557,18
9558,22
9559,19
9560,15
9561,13
9562,15
9563,4
9564,13
9565,18
9566,4
9567,15
9568,4
9569,4
9570,4
9571,4
9572,10
9573,15
9574,13
9575,15
9576,22
9577,10
9578,13
9579,15
9580,22
9581,15
9582,19
9583,15
9584,15
9585,15
9586,13
9587,15
9588,13
9589,14
9590,18
9591,4
9592,15
9593,4
9594,19
9595,15
9596,13
9597,22
9598,15
9599,19
9600,4
9601,18
9602,4
9603,15
9604,15
9605,4
9606,15
9607,22
9608,10
9609,15
9610,5
9611,13
9612,19
9613,4
9614,22
9615,19
9616,23
9617,13
9618,4
9619,15
9620,19
9621,5
9622,15
9623,9
9624,23
9625,15
9626,15
9627,18
9628,15
9629,15
9630,15
9631,15
9632,23
9633,4
9634,9
9635,19
9636,15
9637,18
9638,15
9639,1
9640,13
9641,15
9642,15
9643,13
9644,19
9645,15
9646,19
9647,10
9648,15
9649,15
9650,22
9651,22
9652,13
9653,9
9654,15
9655,13
9656,6
9657,15
9658,4
9659,4
9660,15
9661,15
9662,15
9663,4
9664,15
9665,0
9666,15
9667,4
9668,6
9669,19
9670,15
9671,15
9672,23
9673,4
9674,9
9675,15
9676,10
9677,22
9678,16
9679,15
9680,19
9681,15
9682,15
9683,4
9684,15
9685,3
9686,4
9687,19
9688,14
9689,15
9690,23
9691,19
9692,4
9693,15
9694,19
9695,15
9696,22
9697,4
9698,15
9699,13
9700,13
9701,15
9702,19
9703,16
9704,4
9705,22
9706,19
9707,4
9708,13
9709,15
9710,15
9711,13
9712,13
9713,19
9714,6
9715,13
9716,19
9717,15
9718,23
9719,15
9720,15
9721,4
9722,15
9723,15
9724,17
9725,4
9726,10
9727,9
9728,13
9729,13
9730,15
9731,15
9732,22
9733,15
9734,15
9735,15
9736,4
9737,23
9738,4
9739,4
9740,15
9741,19
9742,13
9743,4
9744,15
9745,4
9746,15
9747,15
9748,15
9749,11
9750,19
9751,22
9752,19
9753,15
9754,15
9755,2
9756,22
9757,19
9758,19
9759,13
9760,19
9761,13
9762,23
9763,10
9764,4
9765,23
9766,0
9767,15
9768,15
9769,15
9770,4
9771,15
9772,15
9773,4
9774,15
9775,13
9776,19
9777,19
9778,13
9779,18
9780,13
9781,4
9782,15
9783,12
9784,15
9785,13
9786,4
9787,13
9788,15
9789,10
9790,15
9791,15
9792,4
9793,23
9794,15
9795,15
9796,1
9797,15
9798,6
9799,4
9800,10
9801,15
9802,19
9803,19
9804,19
9805,15
9806,9
9807,19
9808,15
9809,22
9810,15
9811,15
9812,15
9813,5
9814,18
9815,5
9816,20
9817,2
9818,19
9819,4
9820,15
9821,19
9822,19
9823,15
9824,4
9825,15
9826,15
9827,15
9828,4
9829,4
9830,19
9831,19
9832,18
9833,15
9834,6
9835,19
9836,22
9837,19
9838,15
9839,13
9840,19
9841,19
9842,15
9843,19
9844,4
9845,13
9846,15
9847,15
9848,4
9849,19
9850,19
9851,22
9852,4
9853,15
9854,4
9855,4
9856,15
9857,4
9858,23
9859,4
9860,4
9861,15
9862,0
9863,23
9864,19
9865,13
9866,15
9867,15
9868,15
9869,15
9870,4
9871,4
9872,15
9873,13
9874,15
9875,15
9876,19
9877,19
9878,15
9879,4
9880,6
9881,15
9882,15
9883,18
9884,22
9885,4
9886,10
9887,19
9888,22
9889,10
9890,22
9891,3
9892,15
9893,19
9894,15
9895,13
9896,4
9897,15
9898,23
9899,4
9900,4
9901,4
9902,1
9903,15
9904,15
9905,22
9906,22
9907,4
9908,19
9909,15
9910,18
9911,13
9912,13
9913,19
9914,18
9915,15
9916,15
9917,9
9918,13
9919,19
9920,19
9921,15
9922,4
9923,2
9924,22
9925,0
9926,5
9927,13
9928,19
9929,22
9930,9
9931,3
9932,5
9933,19
9934,15
9935,19
9936,15
9937,13
9938,19
9939,4
9940,15
9941,6
9942,19
9943,15
9944,4
9945,4
9946,19
9947,15
9948,22
9949,4
9950,13
9951,19
9952,13
9953,23
9954,13
9955,15
9956,23
9957,19
9958,6
9959,19
9960,15
9961,15
9962,13
9963,15
9964,19
9965,20
9966,4
9967,13
9968,10
9969,15
9970,15
9971,15
9972,15
9973,4
9974,15
9975,10
9976,22
9977,4
9978,23
9979,22
9980,4
9981,15
9982,4
9983,23
9984,10
9985,16
9986,11
9987,22
9988,15
9989,18
9990,15
9991,15
9992,4
9993,22
9994,2
9995,18
9996,15
9997,15
9998,19
9999,15
10000,19
10001,15
10002,15
10003,13
10004,15
10005,4
10006,15
10007,4
10008,4
10009,15
10010,15
10011,19
10012,13
10013,13
10014,15
10015,6
10016,13
10017,4
10018,14
10019,15
10020,4
10021,19
10022,15
10023,4
10024,23
10025,4
10026,15
10027,13
10028,4
10029,15
10030,15
10031,15
10032,22
10033,13
10034,19
10035,19
10036,19
10037,13
10038,18
10039,22
10040,22
10041,4
10042,15
10043,22
10044,12
10045,12
10046,19
10047,19
10048,19
10049,15
10050,15
10051,13
10052,19
10053,15
10054,10
10055,23
10056,1
10057,15
10058,13
10059,15
10060,4
10061,19
10062,13
10063,13
10064,22
10065,15
10066,15
10067,15
10068,22
10069,4
10070,10
10071,4
10072,18
10073,13
10074,13
10075,19
10076,19
10077,22
10078,19
10079,20
10080,23
10081,15
10082,13
10083,15
10084,18
10085,19
10086,22
10087,23
10088,22
10089,4
10090,4
10091,4
10092,19
10093,10
10094,15
10095,4
10096,15
10097,18
10098,15
10099,13
10100,18
10101,22
10102,15
10103,13
10104,14
10105,15
10106,15
10107,19
10108,18
10109,10
10110,15
10111,15
10112,10
10113,6
10114,19
10115,14
10116,15
10117,19
10118,4
10119,10
10120,19
10121,10
10122,22
10123,22
10124,4
10125,23
10126,22
10127,4
10128,15
10129,13
10130,9
10131,6
10132,15
10133,15
10134,12
10135,4
10136,13
10137,19
10138,13
10139,15
10140,15
10141,23
10142,10
10143,19
10144,4
10145,15
10146,13
10147,15
10148,19
10149,4
10150,17
10151,15
10152,13
10153,15
10154,4
10155,4
10156,1
10157,4
10158,19
10159,15
10160,4
10161,0
10162,18
10163,6
10164,15
10165,22
10166,13
10167,18
10168,15
10169,19
10170,15
10171,11
10172,13
10173,5
10174,4
10175,19
10176,4
10177,18
10178,15
10179,15
10180,22
10181,15
10182,22
10183,4
10184,23
10185,4
10186,22
10187,15
10188,15
10189,6
10190,13
10191,15
10192,15
10193,4
10194,13
10195,9
10196,6
10197,15
10198,15
10199,15
10200,15
10201,4
10202,4
10203,13
10204,4
10205,4
10206,15
10207,4
10208,4
10209,10
10210,4
10211,6
10212,23
10213,13
10214,13
10215,4
10216,15
10217,13
10218,23
10219,15
10220,15
10221,15
10222,18
10223,4
10224,4
10225,22
10226,15
10227,22
10228,15
10229,4
10230,13
10231,4
10232,15
10233,19
10234,9
10235,4
10236,23
10237,19
10238,11
10239,15
10240,15
10241,19
10242,15
10243,11
10244,4
10245,13
10246,15
10247,19
10248,22
10249,19
10250,4
10251,4
10252,15
10253,15
10254,19
10255,15
10256,15
10257,15
10258,4
10259,4
10260,19
10261,19
10262,4
10263,4
10264,15
10265,10
10266,13
10267,15
10268,22
10269,4
10270,15
10271,4
10272,13
10273,5
10274,4
10275,15
10276,1
10277,19
10278,23
10279,22
10280,10
10281,13
10282,15
10283,4
10284,4
10285,15
10286,18
10287,5
10288,23
10289,19
10290,19
10291,19
10292,15
10293,19
10294,13
10295,22
10296,15
10297,13
10298,22
10299,19
10300,19
10301,18
10302,19
10303,22
10304,4
10305,15
10306,10
10307,15
10308,15
10309,15
10310,10
10311,15
10312,15
10313,15
10314,22
10315,15
10316,15
10317,15
10318,15
10319,15
10320,15
10321,18
10322,19
10323,23
10324,19
10325,4
10326,6
10327,19
10328,13
10329,10
10330,15
10331,19
10332,15
10333,15
10334,10
10335,19
10336,19
10337,15
10338,14
10339,10
10340,13
10341,10
10342,4
10343,19
10344,4
10345,22
10346,19
10347,15
10348,15
10349,4
10350,4
10351,4
10352,15
10353,13
10354,15
10355,14
10356,4
10357,4
10358,4
10359,13
10360,9
10361,4
10362,15
10363,15
10364,4
10365,13
10366,15
10367,22
10368,19
10369,22
10370,15
10371,4
10372,23
10373,4
10374,10
10375,19
10376,15
10377,4
10378,13
10379,15
10380,22
10381,12
10382,4
10383,15
10384,19
10385,15
10386,15
10387,22
10388,13
10389,4
10390,15
10391,15
10392,15
10393,15
10394,13
10395,19
10396,23
10397,23
10398,10
10399,15
10400,15
10401,19
10402,15
10403,14
10404,18
10405,22
10406,18
10407,19
10408,22
10409,19
10410,5
10411,4
10412,23
10413,15
10414,10
10415,13
10416,18
10417,13
10418,4
10419,15
10420,9
10421,19
10422,19
10423,15
10424,4
10425,13
10426,16
10427,4
10428,15
10429,9
10430,4
10431,22
10432,15
10433,15
10434,22
10435,19
10436,15
10437,10
10438,19
10439,19
10440,22
10441,22
10442,22
10443,22
10444,15
10445,15
10446,4
10447,9
10448,4
10449,4
10450,19
10451,4
10452,15
10453,19
10454,15
10455,22
10456,18
10457,15
10458,20
10459,15
10460,15
10461,6
10462,22
10463,13
10464,4
10465,13
10466,4
10467,15
10468,4
10469,4
10470,15
10471,15
10472,14
10473,15
10474,19
10475,4
10476,1
10477,4
10478,4
10479,19
10480,15
10481,23
10482,15
10483,22
10484,4
10485,4
10486,15
10487,19
10488,13
10489,2
10490,13
10491,15
10492,11
10493,19
10494,23
10495,2
10496,10
10497,23
10498,15
10499,19
10500,22
10501,4
10502,15
10503,13
10504,15
10505,15
10506,19
10507,22
10508,15
10509,12
10510,15
10511,4
10512,13
10513,23
10514,23
10515,13
10516,19
10517,15
10518,15
10519,15
10520,13
10521,4
10522,19
10523,19
10524,4
10525,19
10526,19
10527,19
10528,15
10529,13
10530,15
10531,4
10532,13
10533,15
10534,4
10535,15
10536,19
10537,15
10538,19
10539,10
10540,15
10541,4
10542,19
10543,15
10544,4
10545,6
10546,4
10547,15
10548,4
10549,15
10550,19
10551,14
10552,15
10553,15
10554,19
10555,15
10556,15
10557,19
10558,15
10559,18
10560,4
10561,19
10562,4
10563,1
10564,1
10565,22
10566,18
10567,22
10568,15
10569,11
10570,4
10571,13
10572,10
10573,23
10574,19
10575,15
10576,4
10577,4
10578,23
10579,4
10580,15
10581,22
10582,4
10583,15
10584,19
10585,13
10586,10
10587,15
10588,10
10589,23
10590,19
10591,16
10592,15
10593,15
10594,19
10595,19
10596,13
10597,18
10598,9
10599,5
10600,13
10601,19
10602,19
10603,19
10604,19
10605,18
10606,23
10607,10
10608,15
10609,15
10610,15
10611,15
10612,19
10613,22
10614,4
10615,15
10616,15
10617,13
10618,19
10619,18
10620,15
10621,6
10622,19
10623,15
10624,10
10625,4
10626,13
10627,19
10628,15
10629,4
10630,15
10631,4
10632,23
10633,10
10634,15
10635,4
10636,15
10637,23
10638,6
10639,22
10640,22
10641,18
10642,15
10643,15
10644,19
10645,14
10646,6
10647,15
10648,19
10649,15
10650,11
10651,13
10652,15
10653,4
10654,10
10655,19
10656,15
10657,13
10658,10
10659,15
10660,23
10661,15
10662,9
10663,2
10664,10
10665,15
10666,15
10667,15
10668,13
10669,19
10670,15
10671,15
10672,19
10673,15
10674,15
10675,19
10676,15
10677,5
10678,15
10679,19
10680,13
10681,19
10682,6
10683,13
10684,15
10685,15
10686,19
10687,10
10688,10
10689,13
10690,13
10691,15
10692,12
10693,15
10694,22
10695,15
10696,19
10697,15
10698,10
10699,4
10700,15
10701,10
10702,18
10703,15
10704,19
10705,12
10706,4
10707,19
10708,19
10709,19
10710,15
10711,15
10712,4
10713,15
10714,22
10715,22
10716,6
10717,23
10718,15
10719,15
10720,4
10721,13
10722,19
10723,15
10724,4
10725,15
10726,5
10727,13
10728,13
10729,4
10730,10
10731,19
10732,13
10733,19
10734,4
10735,19
10736,22
10737,4
10738,19
10739,19
10740,19
10741,10
10742,4
10743,11
10744,19
10745,4
10746,19
10747,19
10748,15
10749,4
10750,15
10751,22
10752,23
10753,15
10754,18
10755,19
10756,4
10757,20
10758,15
10759,15
10760,13
10761,22
10762,15
10763,15
10764,13
10765,5
10766,19
10767,19
10768,5
10769,6
10770,13
10771,19
10772,15
10773,15
10774,10
10775,23
10776,4
10777,13
10778,15
10779,18
10780,22
10781,15
10782,19
10783,19
10784,19
10785,4
10786,15
10787,19
10788,4
10789,13
10790,5
10791,19
10792,19
10793,15
10794,18
10795,19
10796,9
10797,19
10798,13
10799,15
10800,5
10801,4
10802,15
10803,6
10804,18
10805,23
10806,10
10807,4
10808,22
10809,15
10810,4
10811,9
10812,15
10813,19
10814,15
10815,19
10816,4
10817,15
10818,18
10819,22
10820,15
10821,13
10822,22
10823,15
10824,19
10825,19
10826,4
10827,10
10828,15
10829,15
10830,15
10831,22
10832,15
10833,13
10834,15
10835,13
10836,15
10837,6
10838,15
10839,22
10840,4
10841,13
10842,19
10843,15
10844,16
10845,12
10846,15
10847,13
10848,19
10849,19
10850,22
10851,19
10852,18
10853,4
10854,19
10855,13
10856,23
10857,13
10858,15
10859,15
10860,4
10861,15
10862,19
10863,6
10864,13
10865,19
10866,5
10867,1
10868,15
10869,19
10870,19
10871,15
10872,13
10873,15
10874,4
10875,15
10876,13
10877,22
10878,13
10879,4
10880,4
10881,15
10882,13
10883,19
10884,12
10885,19
10886,23
10887,15
10888,12
10889,9
10890,15
10891,6
10892,22
10893,15
10894,2
10895,19
10896,15
10897,15
10898,19
10899,15
10900,15
10901,4
10902,15
10903,4
10904,23
10905,10
10906,10
10907,4
10908,4
10909,15
10910,19
10911,10
10912,19
10913,4
10914,22
10915,13
10916,19
10917,4
10918,19
10919,15
10920,15
10921,10
10922,6
10923,14
10924,6
10925,15
10926,13
10927,15
10928,15
10929,4
10930,15
10931,10
10932,15
10933,4
10934,15
10935,19
10936,4
10937,15
10938,15
10939,15
10940,19
10941,4
10942,15
10943,19
10944,15
10945,23
10946,19
10947,15
10948,15
10949,13
10950,11
10951,4
10952,4
10953,15
10954,15
10955,6
10956,22
10957,13
10958,23
10959,15
10960,13
10961,22
10962,23
10963,10
10964,23
10965,4
10966,22
10967,23
10968,15
10969,19
10970,13
10971,2
10972,19
10973,13
10974,4
10975,19
10976,15
10977,13
10978,19
10979,19
10980,18
10981,19
10982,10
10983,19
10984,14
10985,15
10986,19
10987,1
10988,4
10989,12
10990,15
10991,15
10992,15
10993,15
10994,22
10995,15
10996,15
10997,4
10998,15
10999,4
11000,19
11001,19
11002,4
11003,19
11004,22
11005,15
11006,15
11007,14
11008,23
11009,22
11010,15
11011,6
11012,4
11013,4
11014,23
11015,15
11016,4
11017,4
11018,13
11019,15
11020,15
11021,0
11022,19
11023,4
11024,19
11025,19
11026,4
11027,15
11028,19
11029,15
11030,15
11031,0
11032,19
11033,4
11034,15
11035,15
11036,9
11037,10
11038,4
11039,13
11040,15
11041,22
11042,15
11043,15
11044,23
11045,15
11046,15
11047,22
11048,18
11049,4
11050,19
11051,9
11052,15
11053,22
11054,19
11055,19
11056,15
11057,6
11058,19
11059,23
11060,4
11061,4
11062,15
11063,15
11064,11
11065,15
11066,15
11067,15
11068,14
11069,10
11070,19
11071,15
11072,18
11073,4
11074,15
11075,15
11076,18
11077,15
11078,4
11079,15
11080,19
11081,15
11082,4
11083,15
11084,19
11085,19
11086,15
11087,15
11088,6
11089,22
11090,15
11091,13
11092,5
11093,4
11094,15
11095,19
11096,2
11097,19
11098,4
11099,13
11100,15
11101,15
11102,22
11103,6
11104,15
11105,4
11106,19
11107,19
11108,22
11109,13
11110,23
11111,13
11112,15
11113,4
11114,19
11115,19
11116,19
11117,15
11118,19
11119,15
11120,19
11121,10
11122,10
11123,4
11124,15
11125,19
11126,18
11127,22
11128,15
11129,13
11130,14
11131,13
11132,19
11133,19
11134,19
11135,6
11136,4
11137,19
11138,15
11139,15
11140,4
11141,15
11142,6
11143,15
11144,13
11145,10
11146,19
11147,15
11148,23
11149,15
11150,13
11151,4
11152,22
11153,9
11154,4
11155,22
11156,18
11157,13
11158,6
11159,15
11160,18
11161,15
11162,19
11163,15
11164,15
11165,15
11166,15
11167,10
11168,22
11169,5
11170,22
11171,18
11172,19
11173,11
11174,4
11175,19
11176,19
11177,4
11178,15
11179,15
11180,22
11181,19
11182,4
11183,4
11184,6
11185,19
11186,13
11187,13
11188,4
11189,23
11190,4
11191,19
11192,19
11193,4
11194,4
11195,19
11196,4
11197,9
11198,18
11199,22
11200,0
11201,13
11202,9
11203,15
11204,15
11205,4
11206,19
11207,19
11208,15
11209,4
11210,15
11211,19
11212,6
11213,4
11214,18
11215,15
11216,22
11217,19
11218,4
11219,15
11220,13
11221,19
11222,4
11223,13
11224,19
11225,4
11226,12
11227,22
11228,15
11229,15
11230,9
11231,4
11232,23
11233,15
11234,19
11235,4
11236,10
11237,4
11238,10
11239,4
11240,23
11241,15
11242,15
11243,23
11244,23
11245,15
11246,13
11247,23
11248,12
11249,14
11250,15
11251,4
11252,13
11253,22
11254,13
11255,4
11256,2
11257,15
11258,4
11259,13
11260,13
11261,19
11262,4
11263,23
11264,2
11265,15
11266,15
11267,19
11268,15
11269,15
11270,15
11271,10
11272,2
11273,15
11274,11
11275,15
11276,19
11277,18
11278,15
11279,15
11280,4
11281,4
11282,13
11283,13
11284,18
11285,4
11286,10
11287,22
11288,15
11289,9
11290,10
11291,4
11292,23
11293,15
11294,14
11295,15
11296,23
11297,19
11298,10
11299,4
11300,15
11301,19
11302,6
11303,13
11304,15
11305,15
11306,13
11307,14
11308,15
11309,22
11310,4
11311,15
11312,13
11313,11
11314,6
11315,13
11316,10
11317,19
11318,19
11319,15
11320,10
11321,4
11322,10
11323,19
11324,19
11325,13
11326,15
11327,4
11328,15
11329,15
11330,15
11331,19
11332,15
11333,19
11334,15
11335,15
11336,22
11337,15
11338,15
11339,15
11340,19
11341,19
11342,15
11343,23
11344,15
11345,15
11346,19
11347,4
11348,12
11349,4
11350,22
11351,15
11352,15
11353,15
11354,19
11355,9
11356,19
11357,4
11358,13
11359,10
11360,15
11361,18
11362,15
11363,15
11364,23
11365,23
11366,4
11367,15
11368,15
11369,15
11370,23
11371,15
11372,4
11373,1
11374,22
11375,15
11376,15
11377,7
11378,10
11379,15
11380,19
11381,18
11382,15
11383,15
11384,15
11385,15
11386,23
11387,19
11388,19
11389,19
11390,22
11391,10
11392,19
11393,12
11394,19
11395,15
11396,19
11397,15
11398,11
11399,10
11400,4
11401,15
11402,15
11403,22
11404,9
11405,13
11406,15
11407,13
11408,4
11409,13
11410,4
11411,15
11412,1
11413,12
11414,15
11415,15
11416,19
11417,15
11418,18
11419,13
11420,12
11421,15
11422,15
11423,14
11424,2
11425,15
11426,15
11427,1
11428,19
11429,5
11430,4
11431,15
11432,22
11433,19
11434,22
11435,19
11436,14
11437,16
11438,1
11439,9
11440,22
11441,4
11442,6
11443,15
11444,10
11445,15
11446,4
11447,12
11448,15
11449,19
11450,15
11451,11
11452,15
11453,15
11454,15
11455,10
11456,19
11457,5
11458,4
11459,15
11460,4
11461,15
11462,18
11463,4
11464,19
11465,23
11466,15
11467,15
11468,13
11469,15
11470,4
11471,4
11472,15
11473,16
11474,15
11475,15
11476,15
11477,14
11478,13
11479,15
11480,19
11481,6
11482,22
11483,4
11484,14
11485,15
11486,15
11487,14
11488,4
11489,15
11490,19
11491,15
11492,15
11493,7
11494,4
11495,4
11496,15
11497,13
11498,4
11499,13
11500,4
11501,13
11502,15
11503,19
11504,15
11505,13
11506,19
11507,22
11508,15
11509,15
11510,13
11511,13
11512,19
11513,15
11514,15
11515,13
11516,4
11517,4
11518,0
11519,19
11520,4
11521,4
11522,19
11523,15
11524,15
11525,19
11526,15
11527,13
11528,19
11529,15
11530,4
11531,19
11532,4
11533,4
11534,13
11535,6
11536,15
11537,14
11538,13
11539,15
11540,15
11541,19
11542,23
11543,13
11544,22
11545,18
11546,10
11547,4
11548,11
11549,4
11550,15
11551,15
11552,4
11553,13
11554,18
11555,10
11556,15
11557,10
11558,19
11559,15
11560,10
11561,19
11562,15
11563,13
11564,15
11565,19
11566,15
11567,15
11568,10
11569,23
11570,15
11571,2
11572,10
11573,15
11574,22
11575,18
11576,22
11577,19
11578,15
11579,10
11580,4
11581,4
11582,13
11583,13
11584,15
11585,18
11586,4
11587,15
11588,15
11589,13
11590,15
11591,22
11592,19
11593,15
11594,19
11595,6
11596,19
11597,13
11598,19
11599,19
11600,4
11601,13
11602,19
11603,15
11604,15
11605,22
11606,15
11607,4
11608,4
11609,22
11610,4
11611,15
11612,19
11613,15
11614,15
11615,23
11616,6
11617,15
11618,7
11619,2
11620,15
11621,15
11622,19
11623,15
11624,10
11625,19
11626,15
11627,1
11628,1
11629,22
11630,15
11631,22
11632,15
11633,4
11634,13
11635,23
11636,15
11637,15
11638,15
11639,15
11640,18
11641,4
11642,4
11643,4
11644,15
11645,15
11646,6
11647,15
11648,15
11649,10
11650,5
11651,15
11652,19
11653,4
11654,4
11655,15
11656,15
11657,18
11658,1
11659,15
11660,4
11661,12
11662,19
11663,18
11664,13
11665,22
11666,15
11667,19
11668,13
11669,14
11670,15
11671,4
11672,19
11673,15
11674,13
11675,15
11676,19
11677,15
11678,6
11679,4
11680,15
11681,22
11682,19
11683,18
11684,4
11685,4
11686,13
11687,4
11688,15
11689,23
11690,6
11691,19
11692,15
11693,4
11694,15
11695,19
11696,15
11697,15
11698,15
11699,22
11700,15
11701,19
11702,15
11703,13
11704,19
11705,4
11706,15
11707,15
11708,15
11709,19
11710,10
11711,4
11712,15
11713,19
11714,13
11715,15
11716,15
11717,10
11718,15
11719,4
11720,3
11721,15
11722,4
11723,1
11724,15
11725,4
11726,4
11727,15
11728,15
11729,15
11730,22
11731,19
11732,15
11733,15
11734,23
11735,19
11736,15
11737,19
11738,15
11739,4
11740,4
11741,15
11742,22
11743,23
11744,4
11745,15
11746,19
11747,15
11748,19
11749,2
11750,19
11751,15
11752,15
11753,1
11754,15
11755,15
11756,10
11757,19
11758,22
11759,23
11760,19
11761,4
11762,4
11763,11
11764,18
11765,15
11766,4
11767,15
11768,13
11769,23
11770,15
11771,18
11772,15
11773,19
11774,15
11775,11
11776,15
11777,15
11778,19
11779,4
11780,15
11781,13
11782,15
11783,15
11784,13
11785,19
11786,6
11787,9
11788,15
11789,15
11790,19
11791,4
11792,14
11793,4
11794,19
11795,23
11796,22
11797,15
11798,19
11799,4
11800,23
11801,15
11802,23
11803,13
11804,4
11805,4
11806,4
11807,15
11808,19
11809,19
11810,15
11811,4
11812,22
11813,22
11814,15
11815,9
11816,15
11817,19
11818,19
11819,15
11820,15
11821,15
11822,6
11823,15
11824,19
11825,15
11826,18
11827,13
11828,1
11829,19
11830,15
11831,12
11832,15
11833,15
11834,23
11835,4
11836,19
11837,19
11838,4
11839,15
11840,22
11841,19
11842,15
11843,15
11844,15
11845,13
11846,4
11847,22
11848,4
11849,22
11850,14
11851,19
11852,19
11853,15
11854,18
11855,13
11856,4
11857,19
11858,15
11859,15
11860,4
11861,15
11862,4
11863,15
11864,13
11865,15
11866,4
11867,19
11868,5
11869,19
11870,19
11871,19
11872,22
11873,23
11874,19
11875,23
11876,13
11877,18
11878,15
11879,23
11880,19
11881,15
11882,22
11883,12
11884,15
11885,19
11886,23
11887,19
11888,13
11889,4
11890,15
11891,15
11892,4
11893,15
11894,19
11895,4
11896,11
11897,15
11898,15
11899,19
11900,19
11901,6
11902,13
11903,15
11904,15
11905,6
11906,15
11907,15
11908,13
11909,4
11910,15
11911,4
11912,15
11913,4
11914,4
11915,22
11916,19
11917,19
11918,0
11919,15
11920,15
11921,4
11922,9
11923,23
11924,15
11925,19
11926,15
11927,15
11928,10
11929,4
11930,15
11931,6
11932,15
11933,19
11934,15
11935,4
11936,15
11937,15
11938,18
11939,12
11940,15
11941,4
11942,15
11943,22
11944,4
11945,19
11946,19
11947,18
11948,15
11949,13
11950,19
11951,14
11952,15
11953,4
11954,13
11955,15
11956,15
11957,14
11958,4
11959,15
11960,4
11961,13
11962,13
11963,4
11964,15
11965,4
11966,4
11967,1
11968,15
11969,18
11970,15
11971,13
11972,16
11973,13
11974,10
11975,4
11976,15
11977,4
11978,4
11979,22
11980,4
11981,4
11982,4
11983,2
11984,19
11985,13
11986,4
11987,23
11988,4
11989,4
11990,19
11991,13
11992,19
11993,22
11994,4
11995,15
11996,10
11997,19
11998,13
11999,19
12000,15
12001,18
12002,9
12003,4
12004,5
12005,15
12006,15
12007,19
12008,12
12009,10
12010,4
12011,13
12012,11
12013,15
12014,15
12015,4
12016,19
12017,13
12018,9
12019,19
12020,13
12021,4
12022,4
12023,18
12024,19
12025,19
12026,11
12027,6
12028,4
12029,15
12030,6
12031,15
12032,22
12033,22
12034,23
12035,19
12036,10
12037,22
12038,15
12039,15
12040,15
12041,4
12042,15
12043,15
12044,19
12045,13
12046,15
12047,4
12048,19
12049,22
12050,22
12051,19
12052,19
12053,22
12054,16
12055,15
12056,13
12057,19
12058,19
12059,15
12060,10
12061,19
12062,15
12063,14
12064,6
12065,15
12066,15
12067,19
12068,4
12069,15
12070,19
12071,19
12072,22
12073,11
12074,10
12075,22
12076,23
12077,18
12078,15
12079,15
12080,4
12081,15
12082,4
12083,5
12084,22
12085,19
12086,19
12087,19
12088,22
12089,13
12090,19
12091,15
12092,12
12093,15
12094,19
12095,4
12096,4
12097,15
12098,15
12099,19
12100,10
12101,4
12102,19
12103,15
12104,15
12105,15
12106,15
12107,19
12108,4
12109,16
12110,15
12111,19
12112,22
12113,10
12114,19
12115,4
12116,15
12117,12
12118,15
12119,15
12120,4
12121,13
12122,4
12123,15
12124,22
12125,13
12126,15
12127,4
12128,19
12129,19
12130,4
12131,5
12132,4
12133,15
12134,22
12135,15
12136,19
12137,15
12138,4
12139,19
12140,4
12141,15
12142,13
12143,4
12144,15
12145,4
12146,9
12147,6
12148,4
12149,19
12150,15
12151,6
12152,15
12153,3
12154,10
12155,13
12156,19
12157,19
12158,15
12159,22
12160,22
12161,19
12162,19
12163,9
12164,19
12165,4
12166,15
12167,19
12168,4
12169,4
12170,4
12171,15
12172,15
12173,15
12174,15
12175,23
12176,1
12177,4
12178,19
12179,4
12180,4
12181,13
12182,4
12183,15
12184,19
12185,4
12186,18
12187,15
12188,15
12189,19
12190,19
12191,15
12192,15
12193,10
12194,19
12195,4
12196,20
12197,18
12198,13
12199,13
12200,19
12201,22
12202,9
12203,19
12204,22
12205,5
12206,15
12207,19
12208,15
12209,22
12210,15
12211,22
12212,13
12213,15
12214,16
12215,19
12216,13
12217,22
12218,10
12219,23
12220,15
12221,15
12222,13
12223,15
12224,4
12225,15
12226,22
12227,15
12228,19
12229,22
12230,19
12231,15
12232,19
12233,22
12234,10
12235,19
12236,6
12237,15
12238,15
12239,4
12240,4
12241,4
12242,19
12243,19
12244,15
12245,22
12246,23
12247,2
12248,9
12249,4
12250,15
12251,15
12252,22
12253,6
12254,15
12255,4
12256,4
12257,4
12258,10
12259,22
12260,13
12261,19
12262,15
12263,23
12264,9
12265,13
12266,22
12267,4
12268,5
12269,13
12270,15
12271,15
12272,10
12273,15
12274,6
12275,19
12276,4
12277,18
12278,15
12279,3
12280,5
12281,15
12282,19
12283,15
12284,4
12285,19
12286,19
12287,4
12288,6
12289,0
12290,4
12291,15
12292,15
12293,22
12294,22
12295,19
12296,4
12297,15
12298,4
12299,13
12300,15
12301,19
12302,15
12303,15
12304,10
12305,4
12306,19
12307,22
12308,15
12309,4
12310,15
12311,15
12312,19
12313,11
12314,15
12315,15
12316,14
12317,15
12318,13
12319,15
12320,9
12321,19
12322,15
12323,19
12324,19
12325,19
12326,19
12327,15
12328,4
12329,15
12330,19
12331,19
12332,22
12333,18
12334,11
12335,15
12336,22
12337,1
12338,18
12339,15
12340,19
12341,14
12342,19
12343,22
12344,11
12345,5
12346,15
12347,15
12348,22
12349,15
12350,15
12351,15
12352,19
12353,4
12354,4
12355,13
12356,18
12357,19
12358,9
12359,13
12360,13
12361,19
12362,12
12363,15
12364,13
12365,15
12366,15
12367,22
12368,19
12369,10
12370,5
12371,22
12372,12
12373,15
12374,0
12375,15
12376,19
12377,15
12378,15
12379,15
12380,19
12381,15
12382,22
12383,4
12384,15
12385,4
12386,15
12387,15
12388,19
12389,13
12390,10
12391,4
12392,4
12393,15
12394,22
12395,22
12396,4
12397,15
12398,15
12399,13
12400,9
12401,9
12402,15
12403,9
12404,15
12405,10
12406,4
12407,6
12408,15
12409,4
12410,10
12411,15
12412,15
12413,10
12414,15
12415,19
12416,15
12417,19
12418,18
12419,15
12420,22
12421,23
12422,4
12423,15
12424,4
12425,4
12426,4
12427,4
12428,4
12429,6
12430,12
12431,22
12432,19
12433,15
12434,15
12435,15
12436,23
12437,15
12438,15
12439,15
12440,15
12441,19
12442,4
12443,15
12444,15
12445,4
12446,13
12447,1
12448,4
12449,15
12450,15
12451,15
12452,15
12453,19
12454,15
12455,4
12456,22
12457,9
12458,15
12459,19
12460,15
12461,13
12462,15
12463,19
12464,22
12465,13
12466,15
12467,23
12468,2
12469,19
12470,4
12471,15
12472,15
12473,13
12474,4
12475,15
12476,4
12477,1
12478,0
12479,18
12480,23
12481,4
12482,22
12483,15
12484,15
12485,11
12486,22
12487,5
12488,19
12489,11
12490,15
12491,10
12492,19
12493,4
12494,19
12495,2
12496,22
12497,13
12498,15
12499,4
12500,9
12501,15
12502,13
12503,15
12504,19
12505,15
12506,19
12507,15
12508,22
12509,23
12510,15
12511,15
12512,22
12513,15
12514,15
12515,13
12516,19
12517,13
12518,23
12519,22
12520,19
12521,15
12522,15
12523,19
12524,15
12525,16
12526,15
12527,15
12528,15
12529,15
12530,4
12531,4
12532,10
12533,15
12534,15
12535,4
12536,19
12537,19
12538,15
12539,15
12540,19
12541,22
12542,23
12543,15
12544,13
12545,11
12546,2
12547,15
12548,4
12549,9
12550,15
12551,22
12552,4
12553,4
12554,10
12555,15
12556,18
12557,10
12558,15
12559,23
12560,22
12561,13
12562,22
12563,19
12564,15
12565,11
12566,13
12567,19
12568,15
12569,15
12570,5
12571,15
12572,15
12573,19
12574,11
12575,15
12576,15
12577,4
12578,15
12579,15
12580,19
12581,15
12582,4
12583,15
12584,19
12585,23
12586,13
12587,19
12588,16
12589,19
12590,13
12591,4
12592,13
12593,10
12594,4
12595,19
12596,15
12597,10
12598,15
12599,15
12600,22
12601,0
12602,13
12603,10
12604,19
12605,13
12606,13
12607,19
12608,15
12609,19
12610,6
12611,23
12612,19
12613,2
12614,15
12615,22
12616,15
12617,18
12618,18
12619,13
12620,22
12621,15
12622,4
12623,11
12624,15
12625,4
12626,19
12627,15
12628,13
12629,0
12630,15
12631,19
12632,15
12633,15
12634,4
12635,15
12636,15
12637,15
12638,4
12639,19
12640,15
12641,18
12642,15
12643,19
12644,4
12645,10
12646,23
12647,15
12648,4
12649,13
12650,4
12651,15
12652,11
12653,13
12654,19
12655,4
12656,9
12657,23
12658,23
12659,15
12660,4
12661,19
12662,15
12663,4
12664,5
12665,10
12666,15
12667,15
12668,15
12669,18
12670,15
12671,15
12672,9
12673,19
12674,9
12675,13
12676,15
12677,11
12678,4
12679,23
12680,15
12681,15
12682,4
12683,19
12684,23
12685,22
12686,4
12687,19
12688,13
12689,4
12690,0
12691,19
12692,6
12693,15
12694,18
12695,4
12696,15
12697,4
12698,22
12699,19
12700,22
12701,15
12702,15
12703,15
12704,19
12705,13
12706,9
12707,4
12708,18
12709,15
12710,15
12711,15
12712,18
12713,18
12714,23
12715,9
12716,19
12717,19
12718,15
12719,10
12720,1
12721,15
12722,19
12723,4
12724,15
12725,23
12726,10
12727,18
12728,15
12729,4
12730,22
12731,4
12732,23
12733,15
12734,6
12735,15
12736,15
12737,23
12738,15
12739,10
12740,4
12741,15
12742,12
12743,15
12744,23
12745,15
12746,13
12747,18
12748,15
12749,19
12750,4
12751,19
12752,18
12753,23
12754,15
12755,15
12756,4
12757,4
12758,19
12759,19
12760,15
12761,22
12762,4
12763,13
12764,19
12765,13
12766,15
12767,23
12768,11
12769,15
12770,15
12771,15
12772,23
12773,15
12774,15
12775,18
12776,4
12777,15
12778,18
12779,15
12780,15
12781,15
12782,4
12783,22
12784,5
12785,15
12786,15
12787,19
12788,5
12789,15
12790,22
12791,19
12792,15
12793,15
12794,4
12795,11
12796,19
12797,9
12798,12
12799,15
12800,11
12801,13
12802,13
12803,13
12804,13
12805,15
12806,22
12807,23
12808,15
12809,15
12810,22
12811,15
12812,14
12813,15
12814,10
12815,2
12816,10
12817,4
12818,15
12819,23
12820,15
12821,22
12822,22
12823,15
12824,4
12825,9
12826,5
12827,10
12828,15
12829,15
12830,19
12831,4
12832,15
12833,1
12834,23
12835,4
12836,19
12837,19
12838,19
12839,15
12840,15
12841,13
12842,15
12843,6
12844,22
12845,15
12846,19
12847,15
12848,15
12849,13
12850,4
12851,15
12852,15
12853,15
12854,19
12855,22
12856,13
12857,16
12858,10
12859,15
12860,13
12861,13
12862,10
12863,19
12864,22
12865,13
12866,15
12867,15
12868,13
12869,15
12870,15
12871,22
12872,1
12873,13
12874,10
12875,10
12876,15
12877,0
12878,15
12879,19
12880,19
12881,4
12882,4
12883,19
12884,4
12885,15
12886,19
12887,19
12888,15
12889,19
12890,4
12891,13
12892,19
12893,15
12894,9
12895,18
12896,13
12897,15
12898,13
12899,19
12900,9
12901,15
12902,19
12903,19
12904,15
12905,13
12906,12
12907,19
12908,15
12909,23
12910,15
12911,13
12912,19
12913,4
12914,4
12915,19
12916,13
12917,4
12918,15
12919,4
12920,4
12921,4
12922,15
12923,1
12924,19
12925,19
12926,19
12927,15
12928,4
12929,15
12930,14
12931,18
12932,15
12933,19
12934,10
12935,15
12936,15
12937,13
12938,19
12939,15
12940,4
12941,15
12942,13
12943,19
12944,4
12945,19
12946,13
12947,15
12948,17
12949,4
12950,19
12951,4
12952,19
12953,23
12954,23
12955,23
12956,13
12957,15
12958,13
12959,22
12960,4
12961,20
12962,4
12963,13
12964,4
12965,1
12966,15
12967,15
12968,19
12969,15
12970,15
12971,15
12972,18
12973,19
12974,15
12975,13
12976,4
12977,4
12978,23
12979,19
12980,18
12981,19
12982,4
12983,15
12984,11
12985,13
12986,15
12987,15
12988,19
12989,18
12990,15
12991,4
12992,15
12993,15
12994,15
12995,4
12996,15
12997,15
12998,19
12999,1
13000,10
13001,19
13002,13
13003,4
13004,15
13005,23
13006,15
13007,4
13008,13
13009,15
13010,10
13011,9
13012,22
13013,13
13014,4
13015,15
13016,19
13017,4
13018,15
13019,15
13020,19
13021,22
13022,19
13023,4
13024,15
13025,4
13026,19
13027,4
13028,23
13029,19
13030,19
13031,10
13032,4
13033,19
13034,4
13035,23
13036,18
13037,15
13038,15
13039,19
13040,19
13041,15
13042,9
13043,15
13044,15
13045,19
13046,18
13047,15
13048,15
13049,10
13050,10
13051,22
13052,19
13053,15
13054,15
13055,18
13056,22
13057,19
13058,15
13059,22
13060,15
13061,19
13062,22
13063,19
13064,1
13065,15
13066,4
13067,22
13068,4
13069,18
13070,15
13071,4
13072,13
13073,4
13074,19
13075,15
13076,15
13077,9
13078,19
13079,15
13080,15
13081,15
13082,15
13083,10
13084,15
13085,19
13086,15
13087,13
13088,4
13089,23
13090,13
13091,23
13092,15
13093,19
13094,15
13095,4
13096,13
13097,15
13098,4
13099,19
13100,19
13101,15
13102,19
13103,4
13104,13
13105,19
13106,19
13107,13
13108,15
13109,2
13110,5
13111,4
13112,15
13113,13
13114,19
13115,22
13116,19
13117,19
13118,15
13119,6
13120,13
13121,19
13122,10
13123,22
13124,15
13125,18
13126,22
13127,4
13128,19
13129,19
13130,4
13131,15
13132,4
13133,4
13134,13
13135,18
13136,15
13137,4
13138,9
13139,22
13140,15
13141,12
13142,22
13143,15
13144,15
13145,4
13146,15
13147,13
13148,13
13149,19
13150,15
13151,18
13152,12
13153,4
13154,15
13155,13
13156,18
13157,22
13158,15
13159,4
13160,15
13161,9
13162,22
13163,15
13164,10
13165,15
13166,6
13167,11
13168,15
13169,15
13170,18
13171,23
13172,23
13173,6
13174,23
13175,15
13176,19
13177,15
13178,19
13179,19
13180,19
13181,19
13182,15
13183,22
13184,5
13185,15
13186,22
13187,15
13188,15
13189,22
13190,4
13191,4
13192,13
13193,23
13194,22
13195,19
13196,19
13197,19
13198,4
13199,15
13200,22
13201,4
13202,13
13203,22
13204,23
13205,19
13206,4
13207,15
13208,14
13209,19
13210,15
13211,13
13212,15
13213,22
13214,4
13215,18
13216,22
13217,10
13218,4
13219,4
13220,15
13221,18
13222,15
13223,15
13224,15
13225,16
13226,19
13227,4
13228,15
13229,22
13230,15
13231,19
13232,22
13233,15
13234,15
13235,22
13236,19
13237,12
13238,5
13239,18
13240,4
13241,15
13242,10
13243,13
13244,12
13245,9
13246,15
13247,15
13248,5
13249,15
13250,23
13251,19
13252,15
13253,15
13254,15
13255,4
13256,14
13257,15
13258,19
13259,15
13260,18
13261,15
13262,15
13263,15
13264,10
13265,15
13266,19
13267,23
13268,19
13269,6
13270,19
13271,15
13272,15
13273,15
13274,15
13275,15
13276,23
13277,15
13278,15
13279,15
13280,22
13281,15
13282,13
13283,15
13284,15
13285,4
13286,15
13287,19
13288,19
13289,4
13290,22
13291,15
13292,4
13293,19
13294,15
13295,18
13296,15
13297,15
13298,19
13299,15
13300,4
13301,15
13302,19
13303,9
13304,4
13305,13
13306,13
13307,14
13308,15
13309,4
13310,13
13311,15
13312,15
13313,19
13314,13
13315,13
13316,15
13317,15
13318,19
13319,15
13320,15
13321,19
13322,22
13323,15
13324,15
13325,23
13326,4
13327,22
13328,15
13329,4
13330,15
13331,15
13332,4
13333,15
13334,14
13335,15
13336,19
13337,13
13338,18
13339,15
13340,15
13341,18
13342,18
13343,23
13344,19
13345,13
13346,6
13347,15
13348,15
13349,4
13350,15
13351,19
13352,13
13353,15
13354,19
13355,4
13356,15
13357,2
13358,15
13359,13
13360,13
13361,10
13362,23
13363,19
13364,5
13365,15
13366,15
13367,4
13368,15
13369,15
13370,22
13371,15
13372,2
13373,13
13374,0
13375,11
13376,13
13377,19
13378,15
13379,15
13380,15
13381,19
13382,13
13383,19
13384,15
13385,14
13386,15
13387,15
13388,15
13389,19
13390,4
13391,15
13392,15
13393,19
13394,15
13395,4
13396,22
13397,15
13398,15
13399,19
13400,4
13401,19
13402,15
13403,0
13404,13
13405,12
13406,15
13407,15
13408,10
13409,12
13410,15
13411,19
13412,19
13413,22
13414,15
13415,15
13416,15
13417,11
13418,1
13419,4
13420,22
13421,23
13422,15
13423,22
13424,4
13425,18
13426,4
13427,15
13428,19
13429,22
13430,0
13431,15
13432,19
13433,18
13434,15
13435,15
13436,15
13437,15
13438,4
13439,5
13440,13
13441,15
13442,19
13443,19
13444,15
13445,15
13446,15
13447,19
13448,22
13449,13
13450,19
13451,15
13452,12
13453,4
13454,13
13455,22
13456,19
13457,15
13458,19
13459,4
13460,15
13461,19
13462,4
13463,15
13464,15
13465,22
13466,15
13467,22
13468,11
13469,19
13470,13
13471,15
13472,15
13473,15
13474,4
13475,19
13476,13
13477,6
13478,22
13479,15
13480,13
13481,4
13482,15
13483,22
13484,4
13485,15
13486,19
13487,15
13488,13
13489,1
13490,10
13491,4
13492,10
13493,13
13494,13
13495,15
13496,4
13497,15
13498,15
13499,15
13500,6
13501,15
13502,19
13503,22
13504,13
13505,15
13506,19
13507,15
13508,4
13509,23
13510,15
13511,1
13512,23
13513,19
13514,15
13515,13
13516,15
13517,13
13518,13
13519,19
13520,15
13521,19
13522,4
13523,15
13524,23
13525,4
13526,19
13527,18
13528,9
13529,10
13530,15
13531,15
13532,4
13533,10
13534,4
13535,15
13536,15
13537,0
13538,13
13539,19
13540,15
13541,15
13542,15
13543,15
13544,4
13545,15
13546,4
13547,19
13548,15
13549,15
13550,4
13551,6
13552,4
13553,15
13554,22
13555,13
13556,13
13557,15
13558,19
13559,10
13560,19
13561,4
13562,15
13563,12
13564,4
13565,4
13566,22
13567,15
13568,13
13569,13
13570,23
13571,15
13572,15
13573,4
13574,4
13575,22
13576,4
13577,15
13578,15
13579,13
13580,4
13581,15
13582,19
13583,4
13584,15
13585,4
13586,22
13587,2
13588,22
13589,10
13590,13
13591,19
13592,10
13593,15
13594,19
13595,13
13596,15
13597,4
13598,15
13599,15
13600,15
13601,4
13602,23
13603,10
13604,19
13605,22
13606,19
13607,23
13608,15
13609,13
13610,13
13611,15
13612,19
13613,15
13614,15
13615,4
13616,10
13617,4
13618,15
13619,15
13620,19
13621,19
13622,19
13623,13
13624,19
13625,15
13626,22
13627,22
13628,19
13629,15
13630,19
13631,13
13632,15
13633,6
13634,13
13635,15
13636,15
13637,15
13638,12
13639,19
13640,19
13641,15
13642,15
13643,23
13644,4
13645,22
13646,9
13647,19
13648,19
13649,4
13650,15
13651,4
13652,4
13653,4
13654,15
13655,19
13656,13
13657,4
13658,15
13659,15
13660,4
13661,10
13662,13
13663,12
13664,4
13665,4
13666,16
13667,23
13668,15
13669,15
13670,4
13671,4
13672,18
13673,4
13674,13
13675,15
13676,22
13677,23
13678,15
13679,4
13680,15
13681,22
13682,15
13683,19
13684,15
13685,14
13686,15
13687,22
13688,13
13689,19
13690,23
13691,15
13692,3
13693,11
13694,23
13695,15
13696,18
13697,15
13698,22
13699,4
13700,16
13701,13
13702,4
13703,22
13704,15
13705,19
13706,2
13707,15
13708,22
13709,9
13710,19
13711,13
13712,4
13713,18
13714,4
13715,15
13716,19
13717,4
13718,22
13719,15
13720,19
13721,5
13722,22
13723,19
13724,15
13725,4
13726,9
13727,13
13728,15
13729,2
13730,6
13731,23
13732,13
13733,6
13734,22
13735,23
13736,15
13737,15
13738,13
13739,15
13740,2
13741,18
13742,23
13743,15
13744,15
13745,9
13746,22
13747,22
13748,22
13749,15
13750,15
13751,6
13752,4
13753,15
13754,13
13755,6
13756,19
13757,15
13758,1
13759,15
13760,23
13761,15
13762,23
13763,15
13764,13
13765,15
13766,18
13767,22
13768,15
13769,19
13770,15
13771,6
13772,10
13773,13
13774,15
13775,15
13776,19
13777,4
13778,19
13779,22
13780,19
13781,15
13782,4
13783,15
13784,15
13785,18
13786,15
13787,15
13788,22
13789,4
13790,19
13791,4
13792,4
13793,4
13794,15
13795,4
13796,15
13797,4
13798,23
13799,4
13800,4
13801,15
13802,19
13803,19
13804,15
13805,15
13806,0
13807,12
13808,18
13809,23
13810,13
13811,15
13812,19
13813,2
13814,19
13815,13
13816,11
13817,4
13818,13
13819,4
13820,15
13821,13
13822,19
13823,22
13824,19
13825,13
13826,19
13827,4
13828,15
13829,4
13830,4
13831,10
13832,15
13833,2
13834,4
13835,18
13836,4
13837,13
13838,15
13839,15
13840,1
13841,23
13842,13
13843,4
13844,4
13845,15
13846,15
13847,6
13848,5
13849,10
13850,19
13851,15
13852,13
13853,19
13854,15
13855,13
13856,15
13857,11
13858,19
13859,16
13860,19
13861,15
13862,15
13863,4
13864,19
13865,15
13866,4
13867,23
13868,15
13869,22
13870,15
13871,13
13872,4
13873,22
13874,15
13875,15
13876,22
13877,4
13878,15
13879,19
13880,23
13881,4
13882,13
13883,15
13884,7
13885,14
13886,10
13887,13
13888,18
13889,4
13890,4
13891,4
13892,18
13893,15
13894,15
13895,0
13896,15
13897,15
13898,19
13899,13
13900,14
13901,10
13902,15
13903,13
13904,15
13905,4
13906,13
13907,14
13908,10
13909,18
13910,13
13911,4
13912,22
13913,23
13914,4
13915,22
13916,15
13917,15
13918,15
13919,10
13920,4
13921,22
13922,18
13923,22
13924,4
13925,23
13926,23
13927,15
13928,4
13929,4
13930,11
13931,4
13932,9
13933,4
13934,18
13935,13
13936,15
13937,13
13938,13
13939,23
13940,13
13941,19
13942,13
13943,19
13944,13
13945,13
13946,19
13947,19
13948,10
13949,19
13950,19
13951,15
13952,15
13953,15
13954,4
13955,15
13956,23
13957,15
13958,4
13959,13
13960,15
13961,23
13962,15
13963,4
13964,22
13965,19
13966,15
13967,19
13968,19
13969,15
13970,15
13971,4
13972,15
13973,4
13974,19
13975,19
13976,4
13977,4
13978,15
13979,15
13980,22
13981,4
13982,19
13983,12
13984,13
13985,10
13986,19
13987,15
13988,22
13989,11
13990,4
13991,23
13992,6
13993,12
13994,10
13995,15
13996,15
13997,15
13998,23
13999,13
14000,19
14001,15
14002,15
14003,4
14004,15
14005,18
14006,13
14007,23
14008,15
14009,15
14010,15
14011,13
14012,22
14013,22
14014,4
14015,19
14016,19
14017,15
14018,4
14019,18
14020,15
14021,4
14022,15
14023,13
14024,15
14025,15
14026,4
14027,22
14028,13
14029,15
14030,4
14031,4
14032,10
14033,19
14034,19
14035,4
14036,22
14037,15
14038,13
14039,9
14040,5
14041,4
14042,15
14043,4
14044,4
14045,19
14046,15
14047,4
14048,19
14049,3
14050,4
14051,13
14052,19
14053,4
14054,15
14055,22
14056,14
14057,13
14058,16
14059,1
14060,19
14061,4
14062,4
14063,22
14064,23
14065,13
14066,19
14067,19
14068,15
14069,15
14070,15
14071,4
14072,15
14073,15
14074,4
14075,11
14076,15
14077,19
14078,2
14079,4
14080,15
14081,13
14082,15
14083,15
14084,4
14085,15
14086,19
14087,1
14088,15
14089,15
14090,15
14091,18
14092,19
14093,10
14094,15
14095,15
14096,4
14097,19
14098,23
14099,19
14100,15
14101,19
14102,13
14103,11
14104,19
14105,13
14106,13
14107,15
14108,15
14109,15
14110,22
14111,13
14112,0
14113,10
14114,4
14115,4
14116,19
14117,14
14118,4
14119,15
14120,13
14121,15
14122,13
14123,13
14124,15
14125,19
14126,19
14127,22
14128,22
14129,19
14130,15
14131,4
14132,23
14133,13
14134,14
14135,19
14136,6
14137,4
14138,19
14139,19
14140,15
14141,6
14142,15
14143,15
14144,15
14145,15
14146,15
14147,15
14148,15
14149,4
14150,15
14151,19
14152,19
14153,19
14154,19
14155,19
14156,11
14157,4
14158,14
14159,15
14160,23
14161,15
14162,15
14163,19
14164,19
14165,13
14166,10
14167,4
14168,22
14169,15
14170,9
14171,15
14172,19
14173,22
14174,4
14175,4
14176,15
14177,15
14178,19
14179,4
14180,22
14181,23
14182,15
14183,15
14184,19
14185,4
14186,15
14187,15
14188,22
14189,4
14190,15
14191,15
14192,15
14193,15
14194,15
14195,15
14196,19
14197,6
14198,19
14199,13
14200,13
14201,22
14202,4
14203,15
14204,15
14205,2
14206,22
14207,4
14208,19
14209,13
14210,5
14211,19
14212,13
14213,4
14214,19
14215,15
14216,16
14217,4
14218,15
14219,19
14220,4
14221,19
14222,15
14223,4
14224,22
14225,19
14226,15
14227,15
14228,22
14229,15
14230,13
14231,11
14232,23
14233,4
14234,19
14235,4
14236,22
14237,13
14238,6
14239,15
14240,11
14241,15
14242,19
14243,15
14244,22
14245,19
14246,4
14247,15
14248,19
14249,6
14250,22
14251,23
14252,19
14253,4
14254,22
14255,15
14256,15
14257,22
14258,15
14259,15
14260,4
14261,19
14262,13
14263,4
14264,15
14265,15
14266,4
14267,13
14268,13
14269,19
14270,10
14271,15
14272,19
14273,22
14274,19
14275,19
14276,4
14277,22
14278,15
14279,15
14280,15
14281,13
14282,15
14283,22
14284,15
14285,15
14286,4
14287,13
14288,13
14289,4
14290,22
14291,19
14292,15
14293,19
14294,15
14295,15
14296,18
14297,15
14298,4
14299,15
14300,22
14301,13
14302,15
14303,4
14304,23
14305,9
14306,13
14307,23
14308,15
14309,19
14310,4
14311,15
14312,14
14313,15
14314,4
14315,15
14316,22
14317,22
14318,15
14319,15
14320,14
14321,15
14322,16
14323,15
14324,4
14325,12
14326,13
14327,4
14328,15
14329,10
14330,4
14331,15
14332,4
14333,15
14334,15
14335,15
14336,15
14337,4
14338,19
14339,10
14340,11
14341,19
14342,9
14343,23
14344,4
14345,15
14346,15
14347,4
14348,15
14349,15
14350,15
14351,22
14352,19
14353,15
14354,13
14355,15
14356,15
14357,4
14358,19
14359,6
14360,22
14361,23
14362,19
14363,19
14364,15
14365,6
14366,15
14367,15
14368,10
14369,15
14370,15
14371,15
14372,15
14373,13
14374,8
14375,15
14376,4
14377,22
14378,10
14379,18
14380,15
14381,9
14382,4
14383,22
14384,8
14385,22
14386,10
14387,15
14388,15
14389,13
14390,18
14391,20
14392,19
14393,15
14394,23
14395,4
14396,23
14397,4
14398,14
14399,5
14400,15
14401,15
14402,13
14403,23
14404,4
14405,15
14406,15
14407,14
14408,4
14409,13
14410,15
14411,19
14412,15
14413,12
14414,19
14415,13
14416,14
14417,22
14418,4
14419,10
14420,15
14421,15
14422,15
14423,15
14424,2
14425,15
14426,4
14427,12
14428,19
14429,19
14430,19
14431,15
14432,15
14433,15
14434,4
14435,19
14436,15
14437,9
14438,19
14439,13
14440,15
14441,19
14442,18
14443,15
14444,14
14445,19
14446,23
14447,15
14448,15
14449,15
14450,19
14451,15
14452,15
14453,15
14454,19
14455,15
14456,13
14457,13
14458,18
14459,2
14460,15
14461,15
14462,19
14463,15
14464,10
14465,19
14466,12
14467,15
14468,19
14469,4
14470,13
14471,4
14472,23
14473,4
14474,13
14475,15
14476,19
14477,22
14478,4
14479,19
14480,19
14481,4
14482,10
14483,15
14484,15
14485,13
14486,23
14487,12
14488,15
14489,19
14490,14
14491,15
14492,15
14493,10
14494,15
14495,15
14496,15
14497,22
14498,15
14499,4
14500,15
14501,14
14502,0
14503,10
14504,15
14505,5
14506,13
14507,19
14508,4
14509,12
14510,19
14511,10
14512,18
14513,15
14514,14
14515,19
14516,6
14517,12
14518,22
14519,15
14520,15
14521,13
14522,15
14523,19
14524,10
14525,15
14526,18
14527,13
14528,22
14529,15
14530,13
14531,15
14532,0
14533,4
14534,4
14535,4
14536,15
14537,4
14538,10
14539,1
14540,19
14541,4
14542,20
14543,13
14544,9
14545,20
14546,22
14547,15
14548,4
14549,4
14550,19
14551,15
14552,19
14553,13
14554,15
14555,4
14556,18
14557,15
14558,15
14559,12
14560,15
14561,15
14562,4
14563,23
14564,15
14565,15
14566,15
14567,23
14568,0
14569,0
14570,22
14571,10
14572,15
14573,4
14574,15
14575,4
14576,15
14577,15
14578,14
14579,13
14580,15
14581,15
14582,13
14583,10
14584,22
14585,19
14586,22
14587,9
14588,4
14589,15
14590,2
14591,18
14592,15
14593,15
14594,4
14595,15
14596,4
14597,22
14598,13
14599,15
14600,15
14601,15
14602,19
14603,15
14604,15
14605,13
14606,4
14607,19
14608,13
14609,4
14610,15
14611,19
14612,15
14613,15
14614,1
14615,15
14616,22
14617,15
14618,4
14619,19
14620,15
14621,15
14622,15
14623,15
14624,13
14625,22
14626,15
14627,23
14628,19
14629,15
14630,19
14631,6
14632,19
14633,18
14634,4
14635,4
14636,13
14637,15
14638,13
14639,23
14640,15
14641,13
14642,13
14643,5
14644,23
14645,6
14646,15
14647,19
14648,4
14649,15
14650,19
14651,15
14652,4
14653,15
14654,15
14655,23
14656,1
14657,13
14658,13
14659,15
14660,4
14661,10
14662,15
14663,4
14664,9
14665,15
14666,19
14667,15
14668,6
14669,3
14670,15
14671,19
14672,15
14673,4
14674,13
14675,15
14676,13
14677,4
14678,23
14679,4
14680,4
14681,23
14682,13
14683,19
14684,15
14685,15
14686,4
14687,15
14688,22
14689,15
14690,13
14691,10
14692,15
14693,15
14694,15
14695,10
14696,15
14697,4
14698,19
14699,0
14700,10
14701,10
14702,15
14703,19
14704,4
14705,17
14706,15
14707,15
14708,15
14709,9
14710,13
14711,15
14712,9
14713,4
14714,18
14715,15
14716,15
14717,12
14718,15
14719,22
14720,9
14721,18
14722,15
14723,15
14724,4
14725,15
14726,4
14727,15
14728,6
14729,15
14730,15
14731,15
14732,4
14733,22
14734,15
14735,19
14736,19
14737,1
14738,14
14739,15
14740,15
14741,15
14742,19
14743,13
14744,15
14745,15
14746,19
14747,13
14748,13
14749,15
14750,19
14751,4
14752,18
14753,19
14754,4
14755,19
14756,4
14757,12
14758,15
14759,19
14760,15
14761,15
14762,4
14763,15
14764,19
14765,15
14766,23
14767,22
14768,23
14769,4
14770,15
14771,4
14772,18
14773,15
14774,15
14775,4
14776,19
14777,19
14778,5
14779,15
14780,19
14781,13
14782,23
14783,15
14784,4
14785,13
14786,19
14787,15
14788,19
14789,15
14790,18
14791,15
14792,15
14793,19
14794,15
14795,19
14796,15
14797,19
14798,4
14799,4
14800,15
14801,19
14802,10
14803,19
14804,19
14805,15
14806,22
14807,5
14808,14
14809,19
14810,4
14811,10
14812,22
14813,19
14814,23
14815,13
14816,6
14817,5
14818,15
14819,11
14820,9
14821,19
14822,13
14823,12
14824,4
14825,15
14826,4
14827,15
14828,4
14829,23
14830,15
14831,19
14832,15
14833,23
14834,10
14835,10
14836,4
14837,19
14838,15
14839,13
14840,22
14841,15
14842,15
14843,19
14844,19
14845,4
14846,12
14847,19
14848,15
14849,15
14850,10
14851,19
14852,10
14853,22
14854,4
14855,4
14856,19
14857,4
14858,1
14859,22
14860,14
14861,19
14862,15
14863,15
14864,15
14865,15
14866,19
14867,10
14868,2
14869,4
14870,15
14871,4
14872,19
14873,4
14874,22
14875,4
14876,19
14877,12
14878,16
14879,1
14880,12
14881,22
14882,23
14883,1
14884,23
14885,12
14886,15
14887,9
14888,19
14889,4
14890,4
14891,4
14892,15
14893,19
14894,0
14895,13
14896,4
14897,13
14898,19
14899,15
14900,17
14901,15
14902,19
14903,19
14904,22
14905,5
14906,5
14907,4
14908,15
14909,18
14910,15
14911,13
14912,15
14913,15
14914,19
14915,19
14916,4
14917,15
14918,19
14919,18
14920,13
14921,18
14922,19
14923,19
14924,4
14925,15
14926,15
14927,15
14928,15
14929,13
14930,15
14931,23
14932,15
14933,19
14934,18
14935,15
14936,18
14937,23
14938,15
14939,15
14940,15
14941,15
14942,22
14943,19
14944,23
14945,19
14946,22
14947,15
14948,15
14949,15
14950,19
14951,4
14952,15
14953,15
14954,4
14955,15
14956,13
14957,19
14958,15
14959,23
14960,13
14961,22
14962,4
14963,15
14964,4
14965,15
14966,19
14967,2
14968,4
14969,19
14970,15
14971,22
14972,19
14973,15
14974,4
14975,4
14976,22
14977,22
14978,23
14979,4
14980,22
14981,4
14982,19
14983,13
14984,23
14985,4
14986,13
14987,4
14988,10
14989,22
14990,15
14991,15
14992,18
14993,15
14994,22
14995,15
14996,4
14997,4
14998,6
14999,19
15000,19
15001,15
15002,22
15003,4
15004,4
15005,15
15006,4
15007,19
15008,13
15009,19
15010,23
15011,19
15012,18
15013,13
15014,15
15015,19
15016,15
15017,15
15018,9
15019,13
15020,14
15021,13
15022,15
15023,15
15024,19
15025,19
15026,18
15027,13
15028,15
15029,22
15030,18
15031,19
15032,13
15033,4
15034,10
15035,15
15036,13
15037,18
15038,6
15039,15
15040,15
15041,19
15042,11
15043,23
15044,15
15045,15
15046,4
15047,15
15048,18
15049,1
15050,19
15051,19
15052,23
15053,15
15054,22
15055,15
15056,13
15057,22
15058,19
15059,5
15060,4
15061,15
15062,4
15063,4
15064,13
15065,4
15066,19
15067,4
15068,15
15069,13
15070,4
15071,15
15072,13
15073,18
15074,10
15075,15
15076,15
15077,15
15078,15
15079,4
15080,4
15081,19
15082,2
15083,4
15084,15
15085,2
15086,13
15087,6
15088,15
15089,15
15090,19
15091,15
15092,13
15093,13
15094,13
15095,15
15096,22
15097,19
15098,15
15099,13
15100,22
15101,22
15102,4
15103,16
15104,4
15105,15
15106,13
15107,9
15108,15
15109,15
15110,4
15111,13
15112,6
15113,15
15114,23
15115,22
15116,15
15117,14
15118,15
15119,15
15120,4
15121,4
15122,6
15123,15
15124,19
15125,13
15126,4
15127,4
15128,15
15129,0
15130,18
15131,4
15132,13
15133,15
15134,19
15135,19
15136,15
15137,15
15138,15
15139,15
15140,4
15141,15
15142,23
15143,23
15144,15
15145,19
15146,13
15147,19
15148,18
15149,4
15150,15
15151,23
15152,22
15153,22
15154,15
15155,19
15156,4
15157,4
15158,15
15159,19
15160,19
15161,19
15162,19
15163,15
15164,11
15165,4
15166,22
15167,12
15168,4
15169,15
15170,19
15171,15
15172,15
15173,23
15174,10
15175,22
15176,22
15177,6
15178,19
15179,15
15180,23
15181,15
15182,19
15183,15
15184,19
15185,4
15186,23
15187,15
15188,22
15189,19
15190,1
15191,13
15192,6
15193,15
15194,15
15195,10
15196,5
15197,5
15198,13
15199,0
15200,19
15201,22
15202,16
15203,15
15204,22
15205,7
15206,15
15207,4
15208,13
15209,15
15210,15
15211,23
15212,4
15213,13
15214,10
15215,10
15216,13
15217,13
15218,16
15219,15
15220,22
15221,22
15222,4
15223,15
15224,15
15225,18
15226,15
15227,13
15228,1
15229,14
15230,19
15231,19
15232,15
15233,15
15234,12
15235,15
15236,15
15237,15
15238,18
15239,22
15240,13
15241,23
15242,15
15243,19
15244,4
15245,23
15246,19
15247,22
15248,13
15249,4
15250,13
15251,22
15252,15
15253,15
15254,11
15255,15
15256,4
15257,19
15258,4
15259,15
15260,15
15261,18
15262,19
15263,19
15264,4
15265,22
15266,13
15267,4
15268,15
15269,9
15270,15
15271,19
15272,19
15273,22
15274,22
15275,4
15276,13
15277,13
15278,4
15279,10
15280,13
15281,19
15282,4
15283,22
15284,4
15285,19
15286,15
15287,19
15288,15
15289,22
15290,15
15291,19
15292,15
15293,22
15294,15
15295,15
15296,1
15297,15
15298,4
15299,15
15300,4
15301,12
15302,15
15303,13
15304,19
15305,22
15306,15
15307,15
15308,15
15309,13
15310,22
15311,4
15312,19
15313,18
15314,13
15315,10
15316,19
15317,15
15318,6
15319,4
15320,4
15321,19
15322,5
15323,23
15324,23
15325,1
15326,23
15327,4
15328,4
15329,13
15330,15
15331,15
15332,15
15333,6
15334,19
15335,4
15336,13
15337,16
15338,15
15339,13
15340,4
15341,19
15342,4
15343,15
15344,19
15345,4
15346,15
15347,19
15348,19
15349,15
15350,15
15351,15
15352,15
15353,15
15354,4
15355,4
15356,19
15357,9
15358,23
15359,10
15360,23
15361,4
15362,23
15363,5
15364,4
15365,15
15366,23
15367,22
15368,19
15369,15
15370,15
15371,15
15372,10
15373,2
15374,19
15375,19
15376,22
15377,15
15378,15
15379,13
15380,11
15381,22
15382,4
15383,4
15384,9
15385,15
15386,4
15387,19
15388,14
15389,10
15390,13
15391,15
15392,15
15393,15
15394,15
15395,15
15396,15
15397,15
15398,15
15399,4
15400,15
15401,4
15402,22
15403,6
15404,19
15405,10
15406,15
15407,15
15408,15
15409,1
15410,4
15411,19
15412,13
15413,13
15414,19
15415,9
15416,13
15417,13
15418,15
15419,4
15420,19
15421,4
15422,4
15423,19
15424,15
15425,18
15426,15
15427,19
15428,15
15429,23
15430,9
15431,11
15432,4
15433,15
15434,15
15435,18
15436,19
15437,19
15438,10
15439,19
15440,14
15441,13
15442,22
15443,19
15444,22
15445,13
15446,19
15447,15
15448,4
15449,15
15450,15
15451,19
15452,15
15453,15
15454,13
15455,19
15456,18
15457,22
15458,12
15459,13
15460,22
15461,15
15462,19
15463,15
15464,15
15465,15
15466,15
15467,19
15468,13
15469,15
15470,10
15471,4
15472,15
15473,15
15474,4
15475,15
15476,15
15477,19
15478,15
15479,22
15480,15
15481,13
15482,15
15483,10
15484,19
15485,4
15486,23
15487,15
15488,22
15489,19
15490,18
15491,22
15492,19
15493,15
15494,12
15495,22
15496,15
15497,4
15498,15
15499,4
15500,19
15501,13
15502,22
15503,19
15504,18
15505,13
15506,15
15507,4
15508,15
15509,22
15510,4
15511,22
15512,19
15513,4
15514,23
15515,15
15516,4
15517,4
15518,19
15519,19
15520,4
15521,4
15522,4
15523,13
15524,15
15525,19
15526,15
15527,19
15528,19
15529,4
15530,13
15531,19
15532,15
15533,4
15534,4
15535,15
15536,10
15537,15
15538,13
15539,4
15540,23
15541,15
15542,4
15543,22
15544,19
15545,4
15546,13
15547,13
15548,18
15549,4
15550,15
15551,19
15552,4
15553,22
15554,19
15555,4
15556,15
15557,10
15558,15
15559,6
15560,4
15561,15
15562,4
15563,16
15564,4
15565,15
15566,19
15567,15
15568,4
15569,22
15570,19
15571,19
15572,19
15573,19
15574,13
15575,15
15576,4
15577,13
15578,13
15579,15
15580,15
15581,22
15582,4
15583,15
15584,19
15585,9
15586,15
15587,22
15588,19
15589,19
15590,13
15591,22
15592,15
15593,15
15594,4
15595,22
15596,4
15597,15
15598,15
15599,9
15600,19
15601,15
15602,13
15603,4
15604,13
15605,15
15606,22
15607,23
15608,15
15609,15
15610,10
15611,19
15612,23
15613,4
15614,15
15615,22
15616,15
15617,5
15618,4
15619,2
15620,15
15621,0
15622,15
15623,4
15624,10
15625,19
15626,15
15627,10
15628,18
15629,4
15630,15
15631,15
15632,19
15633,22
15634,13
15635,4
15636,4
15637,15
15638,15
15639,15
15640,19
15641,4
15642,19
15643,15
15644,10
15645,18
15646,15
15647,10
15648,15
15649,13
15650,13
15651,4
15652,15
15653,19
15654,4
15655,15
15656,23
15657,23
15658,5
15659,15
15660,13
15661,19
15662,13
15663,4
15664,15
15665,15
15666,15
15667,6
15668,4
15669,19
15670,23
15671,15
15672,4
15673,6
15674,15
15675,19
15676,15
15677,4
15678,10
15679,23
15680,18
15681,23
15682,15
15683,4
15684,22
15685,10
15686,15
15687,0
15688,15
15689,4
15690,19
15691,22
15692,19
15693,15
15694,4
15695,4
15696,15
15697,4
15698,15
15699,4
15700,15
15701,4
15702,13
15703,15
15704,15
15705,18
15706,15
15707,23
15708,4
15709,9
15710,16
15711,18
15712,22
15713,6
15714,4
15715,4
15716,4
15717,15
15718,2
15719,13
15720,13
15721,15
15722,18
15723,13
15724,19
15725,13
15726,15
15727,23
15728,15
15729,22
15730,13
15731,15
15732,13
15733,15
15734,13
15735,15
15736,13
15737,19
15738,15
15739,15
15740,13
15741,15
15742,4
15743,15
15744,13
15745,22
15746,6
15747,15
15748,13
15749,22
15750,23
15751,15
15752,4
15753,4
15754,12
15755,13
15756,4
15757,23
15758,15
15759,19
15760,4
15761,19
15762,15
15763,13
15764,22
15765,23
15766,13
15767,15
15768,19
15769,19
15770,6
15771,4
15772,22
15773,1
15774,22
15775,15
15776,19
15777,15
15778,19
15779,22
15780,13
15781,13
15782,19
15783,13
15784,22
15785,23
15786,4
15787,13
15788,13
15789,9
15790,15
15791,4
15792,4
15793,15
15794,15
15795,4
15796,4
15797,4
15798,22
15799,15
15800,15
15801,15
15802,19
15803,15
15804,4
15805,5
15806,19
15807,15
15808,19
15809,19
15810,23
15811,4
15812,19
15813,4
15814,14
15815,4
15816,15
15817,15
15818,15
15819,19
15820,6
15821,4
15822,4
15823,19
15824,15
15825,15
15826,4
15827,4
15828,19
15829,15
15830,15
15831,15
15832,19
15833,15
15834,11
15835,15
15836,4
15837,15
15838,1
15839,19
15840,15
15841,15
15842,13
15843,19
15844,4
15845,4
15846,19
15847,18
15848,4
15849,13
15850,10
15851,15
15852,15
15853,15
15854,22
15855,15
15856,13
15857,19
15858,19
15859,4
15860,15
15861,13
15862,13
15863,15
15864,4
15865,12
15866,15
15867,10
15868,2
15869,15
15870,19
15871,15
15872,4
15873,13
15874,19
15875,1
15876,22
15877,4
15878,15
15879,9
15880,15
15881,12
15882,19
15883,4
15884,15
15885,4
15886,22
15887,22
15888,19
15889,6
15890,19
15891,6
15892,19
15893,13
15894,23
15895,15
15896,15
15897,19
15898,4
15899,15
15900,15
15901,13
15902,15
15903,4
15904,15
15905,19
15906,1
15907,15
15908,19
15909,13
15910,15
15911,19
15912,10
15913,15
15914,15
15915,18
15916,15
15917,10
15918,22
15919,2
15920,19
15921,12
15922,23
15923,15
15924,23
15925,15
15926,15
15927,6
15928,19
15929,15
15930,13
15931,19
15932,15
15933,4
15934,5
15935,15
15936,19
15937,10
15938,22
15939,15
15940,4
15941,4
15942,4
15943,15
15944,5
15945,15
15946,4
15947,15
15948,15
15949,13
15950,15
15951,13
15952,4
15953,22
15954,19
15955,9
15956,4
15957,15
15958,13
15959,6
15960,15
15961,4
15962,19
15963,6
15964,19
15965,4
15966,15
15967,15
15968,6
15969,13
15970,15
15971,15
15972,5
15973,19
15974,6
15975,19
15976,15
15977,19
15978,1
15979,13
15980,15
15981,13
15982,10
15983,19
15984,7
15985,15
15986,15
15987,15
15988,15
15989,15
15990,13
15991,4
15992,19
15993,15
15994,22
15995,15
15996,15
15997,19
15998,19
15999,4
16000,19
16001,18
16002,15
16003,18
16004,15
16005,12
16006,13
16007,22
16008,15
16009,19
16010,9
16011,22
16012,22
16013,13
16014,13
16015,2
16016,22
16017,14
16018,12
16019,13
16020,22
16021,14
16022,19
16023,15
16024,22
16025,13
16026,14
16027,19
16028,23
16029,19
16030,4
16031,13
16032,15
16033,15
16034,9
16035,19
16036,13
16037,15
16038,19
16039,15
16040,13
16041,19
16042,4
16043,18
16044,13
16045,12
16046,10
16047,4
16048,6
16049,15
16050,4
16051,22
16052,19
16053,13
16054,4
16055,15
16056,4
16057,19
16058,10
16059,15
16060,15
16061,15
16062,19
16063,15
16064,4
16065,15
16066,23
16067,15
16068,4
16069,15
16070,23
16071,4
16072,19
16073,4
16074,13
16075,13
16076,19
16077,16
16078,13
16079,15
16080,22
16081,23
16082,19
16083,1
16084,15
16085,22
16086,19
16087,15
16088,10
16089,10
16090,15
16091,15
16092,15
16093,10
16094,15
16095,4
16096,13
16097,4
16098,4
16099,22
16100,19
16101,15
16102,19
16103,4
16104,19
16105,10
16106,15
16107,12
16108,15
16109,4
16110,4
16111,5
16112,18
16113,22
16114,18
16115,15
16116,14
16117,9
16118,15
16119,19
16120,4
16121,4
16122,13
16123,18
16124,19
16125,15
16126,4
16127,15
16128,14
16129,10
16130,15
16131,13
16132,15
16133,15
16134,16
16135,6
16136,4
16137,18
16138,22
16139,22
16140,6
16141,19
16142,15
16143,19
16144,23
16145,10
16146,19
16147,18
16148,4
16149,19
16150,15
16151,22
16152,4
16153,4
16154,15
16155,19
16156,22
16157,13
16158,4
16159,11
16160,4
16161,13
16162,4
16163,16
16164,19
16165,13
16166,10
16167,19
16168,19
16169,19
16170,15
16171,15
16172,15
16173,13
16174,4
16175,15
16176,15
16177,10
16178,15
16179,13
16180,4
16181,4
16182,4
16183,15
16184,22
16185,4
16186,1
16187,15
16188,15
16189,4
16190,19
16191,15
16192,15
16193,1
16194,15
16195,19
16196,4
16197,1
16198,19
16199,19
16200,10
16201,15
16202,19
16203,4
16204,4
16205,13
16206,15
16207,13
16208,10
16209,13
16210,22
16211,19
16212,15
16213,19
16214,15
16215,22
16216,6
16217,15
16218,15
16219,15
16220,19
16221,23
16222,15
16223,23
16224,15
16225,15
16226,9
16227,14
16228,22
16229,10
16230,13
16231,5
16232,15
16233,19
16234,4
16235,13
16236,19
16237,4
16238,19
16239,15
16240,4
16241,13
16242,13
16243,15
16244,15
16245,20
16246,15
16247,19
16248,23
16249,15
16250,22
16251,22
16252,19
16253,22
16254,15
16255,6
16256,13
16257,19
16258,23
16259,4
16260,22
16261,13
16262,19
16263,13
16264,19
16265,18
16266,23
16267,15
16268,15
16269,15
16270,15
16271,23
16272,22
16273,14
16274,13
16275,19
16276,4
16277,4
16278,15
16279,4
16280,15
16281,15
16282,15
16283,22
16284,19
16285,4
16286,19
16287,22
16288,18
16289,15
16290,19
16291,2
16292,15
16293,19
16294,15
16295,15
16296,4
16297,13
16298,4
16299,15
16300,15
16301,7
16302,1
16303,5
16304,22
16305,14
16306,22
16307,13
16308,15
16309,6
16310,10
16311,15
16312,19
16313,23
16314,19
16315,22
16316,15
16317,19
16318,15
16319,4
16320,19
16321,22
16322,19
16323,15
16324,19
16325,18
16326,19
16327,19
16328,15
16329,15
16330,15
16331,13
16332,19
16333,19
16334,4
16335,15
16336,15
16337,15
16338,15
16339,19
16340,4
16341,4
16342,5
16343,13
16344,19
16345,23
16346,11
16347,10
16348,13
16349,19
16350,19
16351,15
16352,15
16353,6
16354,5
16355,13
16356,4
16357,9
16358,15
16359,19
16360,4
16361,22
16362,15
16363,4
16364,19
16365,15
16366,13
16367,13
16368,15
16369,22
16370,4
16371,10
16372,12
16373,19
16374,15
16375,18
16376,15
16377,19
16378,15
16379,15
16380,4
16381,15
16382,19
16383,10
16384,13
16385,15
16386,4
16387,19
16388,6
16389,15
16390,4
16391,15
16392,4
16393,4
16394,13
16395,4
16396,22
16397,6
16398,19
16399,22
16400,4
16401,19
16402,22
16403,15
16404,13
16405,6
16406,15
16407,15
16408,1
16409,22
16410,15
16411,15
16412,4
16413,4
16414,19
16415,4
16416,19
16417,15
16418,11
16419,13
16420,4
16421,2
16422,22
16423,15
16424,4
16425,15
16426,13
16427,4
16428,9
16429,22
16430,15
16431,19
16432,18
16433,23
16434,5
16435,4
16436,9
16437,10
16438,15
16439,19
16440,19
16441,19
16442,23
16443,15
16444,9
16445,14
16446,19
16447,23
16448,15
16449,15
16450,13
16451,9
16452,19
16453,18
16454,6
16455,15
16456,4
16457,11
16458,13
16459,19
16460,4
16461,15
16462,20
16463,15
16464,15
16465,15
16466,22
16467,4
16468,15
16469,4
16470,10
16471,15
16472,19
16473,13
16474,19
16475,15
16476,13
16477,19
16478,1
16479,14
16480,22
16481,11
16482,15
16483,22
16484,15
16485,19
16486,10
16487,15
16488,15
16489,15
16490,10
16491,19
16492,19
16493,15
16494,18
16495,19
16496,19
16497,19
16498,15
16499,15
16500,10
16501,22
16502,15
16503,19
16504,4
16505,15
16506,15
16507,15
16508,4
16509,13
16510,13
16511,15
16512,2
16513,22
16514,4
16515,15
16516,2
16517,4
16518,5
16519,23
16520,14
16521,22
16522,19
16523,15
16524,15
16525,15
16526,13
16527,13
16528,15
16529,10
16530,15
16531,18
16532,19
16533,10
16534,11
16535,15
16536,15
16537,9
16538,19
16539,15
16540,19
16541,22
16542,10
16543,14
16544,19
16545,13
16546,4
16547,9
16548,4
16549,19
16550,15
16551,5
16552,4
16553,19
16554,10
16555,15
16556,13
16557,1
16558,15
16559,13
16560,19
16561,19
16562,4
16563,15
16564,15
16565,15
16566,15
16567,15
16568,15
16569,22
16570,4
16571,4
16572,8
16573,13
16574,18
16575,9
16576,15
16577,15
16578,13
16579,15
16580,19
16581,15
16582,19
16583,13
16584,15
16585,15
16586,12
16587,15
16588,15
16589,19
16590,15
16591,4
16592,15
16593,23
16594,15
16595,19
16596,15
16597,15
16598,4
16599,15
16600,15
16601,23
16602,15
16603,19
16604,13
16605,2
16606,5
16607,15
16608,15
16609,4
16610,4
16611,15
16612,22
16613,4
16614,15
16615,15
16616,13
16617,4
16618,4
16619,6
16620,13
16621,13
16622,22
16623,15
16624,19
16625,15
16626,13
16627,15
16628,15
16629,19
16630,4
16631,5
16632,4
16633,15
16634,13
16635,5
16636,15
16637,19
16638,13
16639,4
16640,4
16641,15
16642,19
16643,19
16644,15
16645,15
16646,15
16647,13
16648,15
16649,22
16650,15
16651,15
16652,4
16653,19
16654,13
16655,22
16656,9
16657,10
16658,15
16659,4
16660,13
16661,22
16662,15
16663,9
16664,13
16665,4
16666,19
16667,15
16668,22
16669,13
16670,15
16671,18
16672,15
16673,15
16674,5
16675,19
16676,4
16677,4
16678,15
16679,13
16680,4
16681,22
16682,4
16683,15
16684,6
16685,13
16686,15
16687,9
16688,19
16689,5
16690,18
16691,15
16692,23
16693,4
16694,15
16695,12
16696,15
16697,19
16698,15
16699,19
16700,15
16701,15
16702,19
16703,15
16704,13
16705,19
16706,4
16707,6
16708,19
16709,9
16710,10
16711,19
16712,15
16713,2
16714,6
16715,19
16716,22
16717,4
16718,13
16719,15
16720,11
16721,23
16722,19
16723,15
16724,4
16725,15
16726,15
16727,15
16728,15
16729,23
16730,23
16731,15
16732,4
16733,15
16734,19
16735,15
16736,13
16737,4
16738,4
16739,19
16740,15
16741,13
16742,4
16743,13
16744,14
16745,4
16746,4
16747,15
16748,12
16749,15
16750,10
16751,12
16752,19
16753,13
16754,15
16755,13
16756,4
16757,15
16758,14
16759,4
16760,4
16761,15
16762,9
16763,22
16764,4
16765,15
16766,4
16767,4
16768,15
16769,15
16770,4
16771,15
16772,16
16773,11
16774,19
16775,15
16776,19
16777,19
16778,12
16779,4
16780,19
16781,4
16782,22
16783,15
16784,15
16785,22
16786,2
16787,15
16788,15
16789,23
16790,4
16791,19
16792,18
16793,15
16794,13
16795,15
16796,9
16797,10
16798,19
16799,13
16800,19
16801,22
16802,4
16803,1
16804,13
16805,15
16806,18
16807,19
16808,23
16809,4
16810,22
16811,15
16812,13
16813,15
16814,4
16815,15
16816,23
16817,15
16818,23
16819,19
16820,15
16821,10
16822,19
16823,15
16824,19
16825,13
16826,13
16827,22
16828,6
16829,15
16830,23
16831,19
16832,15
16833,15
16834,19
16835,6
16836,19
16837,15
16838,19
16839,4
16840,15
16841,15
16842,23
16843,22
16844,19
16845,5
16846,4
16847,15
16848,4
16849,15
16850,19
16851,9
16852,23
16853,10
16854,6
16855,4
16856,18
16857,4
16858,23
16859,13
16860,4
16861,15
16862,4
16863,5
16864,15
16865,15
16866,22
16867,19
16868,22
16869,15
16870,13
16871,19
16872,13
16873,22
16874,2
16875,15
16876,13
16877,15
16878,15
16879,13
16880,19
16881,19
16882,15
16883,15
16884,13
16885,15
16886,4
16887,15
16888,4
16889,15
16890,15
16891,13
16892,19
16893,15
16894,13
16895,23
16896,15
16897,13
16898,5
16899,5
16900,15
16901,19
16902,9
16903,15
16904,9
16905,23
16906,22
16907,15
16908,15
16909,19
16910,15
16911,4
16912,19
16913,6
16914,15
16915,19
16916,22
16917,19
16918,10
16919,4
16920,4
16921,19
16922,4
16923,15
16924,18
16925,1
16926,15
16927,10
16928,12
16929,13
16930,15
16931,19
16932,15
16933,22
16934,19
16935,2
16936,4
16937,15
16938,15
16939,14
16940,15
16941,4
16942,23
16943,5
16944,22
16945,15
16946,22
16947,13
16948,4
16949,13
16950,19
16951,15
16952,4
16953,9
16954,15
16955,19
16956,15
16957,23
16958,22
16959,22
16960,16
16961,15
16962,19
16963,19
16964,13
16965,22
16966,15
16967,4
16968,15
16969,19
16970,19
16971,15
16972,15
16973,10
16974,18
16975,19
16976,19
16977,19
16978,4
16979,15
16980,4
16981,13
16982,19
16983,4
16984,15
16985,19
16986,13
16987,9
16988,4
16989,19
16990,15
16991,15
16992,15
16993,10
16994,15
16995,4
16996,13
16997,15
16998,13
16999,4
17000,9
17001,19
17002,13
17003,0
17004,13
17005,22
17006,15
17007,13
17008,4
17009,15
17010,15
17011,4
17012,4
17013,18
17014,15
17015,4
17016,15
17017,11
17018,22
17019,13
17020,15
17021,23
17022,19
17023,19
17024,23
17025,4
17026,15
17027,13
17028,19
17029,13
17030,15
17031,15
17032,13
17033,15
17034,15
17035,15
17036,4
17037,15
17038,4
17039,18
17040,19
17041,13
17042,13
17043,15
17044,4
17045,15
17046,11
17047,4
17048,23
17049,19
17050,19
17051,15
17052,15
17053,15
17054,19
17055,4
17056,19
17057,4
17058,19
17059,4
17060,15
17061,10
17062,15
17063,11
17064,13
17065,13
17066,22
17067,13
17068,4
17069,4
17070,15
17071,15
17072,13
17073,19
17074,9
17075,19
17076,4
17077,19
17078,22
17079,15
17080,19
17081,5
17082,15
17083,23
17084,15
17085,22
17086,22
17087,19
17088,13
17089,13
17090,15
17091,13
17092,11
17093,15
17094,22
17095,4
17096,15
17097,19
17098,20
17099,15
17100,13
17101,15
17102,19
17103,15
17104,4
17105,15
17106,15
17107,4
17108,12
17109,4
17110,19
17111,15
17112,19
17113,15
17114,13
17115,4
17116,19
17117,19
17118,15
17119,11
17120,19
17121,15
17122,18
17123,13
17124,13
17125,19
17126,4
17127,4
17128,4
17129,15
17130,15
17131,15
17132,23
17133,19
17134,4
17135,15
17136,15
17137,23
17138,13
17139,15
17140,4
17141,10
17142,15
17143,4
17144,13
17145,19
17146,4
17147,15
17148,13
17149,4
17150,19
17151,15
17152,6
17153,15
17154,19
17155,22
17156,23
17157,15
17158,4
17159,15
17160,19
17161,10
17162,19
17163,19
17164,15
17165,15
17166,4
17167,15
17168,22
17169,4
17170,4
17171,10
17172,4
17173,15
17174,4
17175,4
17176,15
17177,19
17178,22
17179,23
17180,15
17181,4
17182,19
17183,18
17184,9
17185,15
17186,19
17187,18
17188,19
17189,22
17190,18
17191,22
17192,13
17193,15
17194,15
17195,15
17196,4
17197,15
17198,15
17199,15
17200,13
17201,15
17202,13
17203,15
17204,18
17205,19
17206,19
17207,10
17208,19
17209,4
17210,19
17211,11
17212,15
17213,15
17214,13
17215,19
17216,19
17217,15
17218,1
17219,20
17220,22
17221,10
17222,18
17223,15
17224,4
17225,15
17226,4
17227,15
17228,15
17229,4
17230,13
17231,11
17232,18
17233,10
17234,23
17235,9
17236,6
17237,4
17238,4
17239,22
17240,23
17241,23
17242,15
17243,5
17244,19
17245,15
17246,18
17247,13
17248,15
17249,13
17250,10
17251,22
17252,19
17253,19
17254,19
17255,18
17256,4
17257,19
17258,19
17259,13
17260,19
17261,4
17262,19
17263,23
17264,22
17265,13
17266,13
17267,5
17268,13
17269,15
17270,4
17271,15
17272,18
17273,15
17274,19
17275,4
17276,15
17277,19
17278,15
17279,15
17280,4
17281,15
17282,13
17283,4
17284,19
17285,19
17286,15
17287,19
17288,22
17289,11
17290,13
17291,19
17292,22
17293,4
17294,12
17295,13
17296,22
17297,19
17298,19
17299,15
17300,14
17301,15
17302,14
17303,10
17304,18
17305,19
17306,15
17307,15
17308,4
17309,15
17310,18
17311,4
17312,23
17313,23
17314,15
17315,19
17316,15
17317,13
17318,4
17319,15
17320,19
17321,15
17322,13
17323,19
17324,13
17325,4
17326,19
17327,10
17328,23
17329,4
17330,19
17331,19
17332,4
17333,13
17334,4
17335,4
17336,4
17337,15
17338,15
17339,23
17340,15
17341,15
17342,15
17343,0
17344,4
17345,4
17346,4
17347,15
17348,15
17349,19
17350,11
17351,13
17352,9
17353,19
17354,19
17355,19
17356,19
17357,10
17358,19
17359,19
17360,15
17361,10
17362,15
17363,6
17364,10
17365,23
17366,10
17367,1
17368,9
17369,15
17370,15
17371,9
17372,15
17373,22
17374,5
17375,8
17376,9
17377,23
17378,15
17379,19
17380,22
17381,4
17382,4
17383,13
17384,12
17385,11
17386,4
17387,19
17388,4
17389,22
17390,19
17391,4
17392,15
17393,13
17394,15
17395,19
17396,15
17397,23
17398,18
17399,19
17400,15
17401,15
17402,15
17403,23
17404,9
17405,9
17406,19
17407,4
17408,15
17409,20
17410,15
17411,1
17412,15
17413,13
17414,13
17415,15
17416,4
17417,15
17418,15
17419,4
17420,18
17421,14
17422,15
17423,13
17424,4
17425,4
17426,15
17427,15
17428,19
17429,13
17430,22
17431,2
17432,22
17433,19
17434,14
17435,12
17436,15
17437,4
17438,13
17439,4
17440,13
17441,15
17442,2
17443,22
17444,19
17445,15
17446,10
17447,15
17448,22
17449,10
17450,1
17451,4
17452,22
17453,22
17454,23
17455,15
17456,15
17457,11
17458,19
17459,13
17460,4
17461,13
17462,4
17463,4
17464,19
17465,15
17466,18
17467,11
17468,15
17469,15
17470,19
17471,15
17472,5
17473,5
17474,13
17475,19
17476,4
17477,15
17478,15
17479,15
17480,15
17481,15
17482,13
17483,15
17484,18
17485,22
17486,13
17487,4
17488,15
17489,4
17490,4
17491,22
17492,22
17493,15
17494,22
17495,19
17496,15
17497,15
17498,19
17499,4
17500,18
17501,15
17502,19
17503,1
17504,19
17505,15
17506,23
17507,15
17508,4
17509,22
17510,15
17511,15
17512,4
17513,15
17514,16
17515,13
17516,15
17517,13
17518,4
17519,15
17520,10
17521,22
17522,15
17523,1
17524,4
17525,4
17526,15
17527,15
17528,15
17529,4
17530,4
17531,19
17532,15
17533,15
17534,14
17535,13
17536,19
17537,19
17538,15
17539,9
17540,15
17541,23
17542,12
17543,19
17544,19
17545,9
17546,13
17547,19
17548,15
17549,15
17550,4
17551,13
17552,19
17553,15
17554,19
17555,13
17556,15
17557,13
17558,15
17559,15
17560,15
17561,15
17562,10
17563,23
17564,18
17565,4
17566,10
17567,15
17568,19
17569,10
17570,15
17571,13
17572,13
17573,4
17574,22
17575,19
17576,10
17577,19
17578,15
17579,19
17580,19
17581,18
17582,23
17583,15
17584,6
17585,15
17586,18
17587,13
17588,18
17589,4
17590,4
17591,19
17592,23
17593,15
17594,6
17595,15
17596,23
17597,13
17598,13
17599,6
17600,10
17601,0
17602,4
17603,10
17604,19
17605,19
17606,14
17607,10
17608,18
17609,15
17610,19
17611,19
17612,18
17613,4
17614,13
17615,23
17616,4
17617,15
17618,11
17619,15
17620,15
17621,23
17622,15
17623,23
17624,6
17625,4
17626,18
17627,19
17628,19
17629,15
17630,4
17631,6
17632,4
17633,15
17634,1
17635,4
17636,19
17637,15
17638,19
17639,4
17640,11
17641,2
17642,4
17643,23
17644,19
17645,15
17646,6
17647,4
17648,15
17649,4
17650,1
17651,19
17652,19
17653,10
17654,23
17655,15
17656,15
17657,15
17658,22
17659,13
17660,15
17661,4
17662,15
17663,13
17664,13
17665,10
17666,19
17667,13
17668,19
17669,15
17670,15
17671,4
17672,15
17673,4
17674,15
17675,9
17676,15
17677,19
17678,15
17679,13
17680,13
17681,15
17682,11
17683,23
17684,15
17685,11
17686,15
17687,13
17688,13
17689,15
17690,10
17691,13
17692,15
17693,19
17694,15
17695,15
17696,13
17697,19
17698,4
17699,22
17700,23
17701,15
17702,12
17703,4
17704,1
17705,4
17706,15
17707,15
17708,15
17709,18
17710,15
17711,19
17712,15
17713,15
17714,6
17715,19
17716,4
17717,22
17718,4
17719,19
17720,10
17721,4
17722,13
17723,10
17724,4
17725,19
17726,4
17727,15
17728,18
17729,1
17730,18
17731,18
17732,22
17733,15
17734,15
17735,4
17736,13
17737,22
17738,15
17739,13
17740,15
17741,22
17742,19
17743,15
17744,15
17745,13
17746,13
17747,6
17748,13
17749,4
17750,19
17751,15
17752,19
17753,22
17754,13
17755,14
17756,9
17757,23
17758,22
17759,4
17760,22
17761,15
17762,15
17763,19
17764,4
17765,19
17766,15
17767,19
17768,15
17769,13
17770,13
17771,15
17772,15
17773,18
17774,22
17775,13
17776,22
17777,15
17778,4
17779,15
17780,16
17781,23
17782,15
17783,15
17784,15
17785,15
17786,15
17787,15
17788,19
17789,15
17790,15
17791,15
17792,15
17793,4
17794,13
17795,4
17796,18
17797,15
17798,13
17799,15
17800,19
17801,4
17802,15
17803,22
17804,23
17805,14
17806,6
17807,22
17808,15
17809,15
17810,13
17811,15
17812,23
17813,13
17814,6
17815,19
17816,4
17817,9
17818,10
17819,15
17820,22
17821,15
17822,4
17823,5
17824,23
17825,19
17826,23
17827,4
17828,4
17829,22
17830,4
17831,4
17832,15
17833,15
17834,15
17835,13
17836,14
17837,4
17838,15
17839,19
17840,10
17841,10
17842,4
17843,18
17844,15
17845,4
17846,4
17847,15
17848,4
17849,13
17850,19
17851,4
17852,11
17853,15
17854,4
17855,19
17856,15
17857,15
17858,4
17859,4
17860,15
17861,13
17862,4
17863,13
17864,15
17865,4
17866,15
17867,22
17868,15
17869,5
17870,4
17871,23
17872,15
17873,13
17874,18
17875,4
17876,15
17877,13
17878,15
17879,15
17880,18
17881,22
17882,22
17883,13
17884,19
17885,9
17886,19
17887,15
17888,0
17889,12
17890,19
17891,9
17892,19
17893,15
17894,23
17895,23
17896,15
17897,4
17898,19
17899,15
17900,4
17901,18
17902,15
17903,10
17904,13
17905,12
17906,4
17907,13
17908,15
17909,19
17910,15
17911,19
17912,15
17913,19
17914,13
17915,19
17916,19
17917,5
17918,4
17919,5
17920,4
17921,4
17922,11
17923,15
17924,22
17925,15
17926,10
17927,15
17928,4
17929,15
17930,15
17931,15
17932,15
17933,19
17934,4
17935,15
17936,16
17937,22
17938,15
17939,4
17940,6
17941,15
17942,19
17943,15
17944,4
17945,15
17946,15
17947,19
17948,15
17949,10
17950,15
17951,19
17952,13
17953,15
17954,15
17955,4
17956,15
17957,19
17958,4
17959,19
17960,23
17961,4
17962,15
17963,19
17964,18
17965,13
17966,12
17967,15
17968,15
17969,15
17970,15
17971,15
17972,15
17973,19
17974,23
17975,19
17976,13
17977,19
17978,13
17979,4
17980,19
17981,15
17982,15
17983,22
17984,11
17985,12
17986,22
17987,15
17988,4
17989,19
17990,15
17991,15
17992,19
17993,15
17994,15
17995,10
17996,10
17997,19
17998,15
17999,22
18000,15
18001,4
18002,15
18003,22
18004,19
18005,19
18006,4
18007,23
18008,19
18009,4
18010,2
18011,10
18012,15
18013,19
18014,23
18015,15
18016,1
18017,22
18018,9
18019,19
18020,4
18021,19
18022,13
18023,23
18024,4
18025,19
18026,2
18027,4
18028,15
18029,13
18030,13
18031,4
18032,23
18033,22
18034,4
18035,15
18036,15
18037,10
18038,15
18039,22
18040,19
18041,4
18042,19
18043,15
18044,16
18045,19
18046,5
18047,13
18048,22
18049,13
18050,10
18051,19
18052,15
18053,15
18054,15
18055,6
18056,19
18057,22
18058,12
18059,4
18060,22
18061,4
18062,4
18063,15
18064,4
18065,15
18066,15
18067,22
18068,15
18069,9
18070,15
18071,19
18072,19
18073,19
18074,15
18075,13
18076,13
18077,4
18078,10
18079,23
18080,15
18081,4
18082,15
18083,4
18084,13
18085,22
18086,22
18087,15
18088,18
18089,5
18090,15
18091,4
18092,19
18093,13
18094,15
18095,19
18096,19
18097,4
18098,15
18099,13
18100,15
18101,5
18102,15
18103,13
18104,23
18105,15
18106,19
18107,22
18108,19
18109,15
18110,15
18111,19
18112,4
18113,13
18114,19
18115,4
18116,10
18117,13
18118,10
18119,4
18120,22
18121,15
18122,13
18123,15
18124,13
18125,15
18126,19
18127,15
18128,18
18129,16
18130,4
18131,15
18132,4
18133,15
18134,15
18135,19
18136,15
18137,15
18138,4
18139,15
18140,13
18141,22
18142,13
18143,15
18144,15
18145,10
18146,15
18147,15
18148,19
18149,4
18150,15
18151,1
18152,22
18153,15
18154,19
18155,22
18156,13
18157,4
18158,19
18159,13
18160,4
18161,15
18162,6
18163,4
18164,13
18165,15
18166,19
18167,15
18168,15
18169,13
18170,4
18171,19
18172,23
18173,15
18174,22
18175,12
18176,5
18177,15
18178,15
18179,15
18180,4
18181,4
18182,10
18183,15
18184,15
18185,4
18186,15
18187,9
18188,19
18189,18
18190,4
18191,19
18192,15
18193,15
18194,9
18195,9
18196,4
18197,19
18198,19
18199,15
18200,15
18201,15
18202,15
18203,15
18204,4
18205,4
18206,19
18207,22
18208,15
18209,4
18210,19
18211,18
18212,15
18213,15
18214,23
18215,19
18216,15
18217,10
18218,4
18219,15
18220,19
18221,15
18222,15
18223,13
18224,15
18225,4
18226,22
18227,15
18228,4
18229,15
18230,13
18231,18
18232,15
18233,15
18234,15
18235,15
18236,10
18237,13
18238,4
18239,19
18240,15
18241,15
18242,18
18243,15
18244,15
18245,15
18246,4
18247,13
18248,15
18249,6
18250,15
18251,13
18252,4
18253,19
18254,19
18255,12
18256,15
18257,15
18258,4
18259,14
18260,4
18261,18
18262,15
18263,4
18264,4
18265,19
18266,22
18267,13
18268,4
18269,22
18270,15
18271,4
18272,22
18273,19
18274,15
18275,15
18276,23
18277,18
18278,4
18279,4
18280,19
18281,15
18282,15
18283,13
18284,19
18285,22
18286,19
18287,0
18288,15
18289,15
18290,10
18291,13
18292,19
18293,13
18294,22
18295,15
18296,15
18297,15
18298,19
18299,4
18300,4
18301,15
18302,19
18303,13
18304,19
18305,19
18306,1
18307,23
18308,15
18309,19
18310,4
18311,15
18312,19
18313,15
18314,4
18315,15
18316,15
18317,15
18318,22
18319,4
18320,15
18321,4
18322,19
18323,15
18324,4
18325,6
18326,23
18327,13
18328,15
18329,15
18330,13
18331,4
18332,4
18333,15
18334,15
18335,15
18336,15
18337,15
18338,4
18339,18
18340,14
18341,13
18342,10
18343,1
18344,15
18345,9
18346,4
18347,23
18348,4
18349,13
18350,22
18351,15
18352,12
18353,15
18354,13
18355,22
18356,22
18357,10
18358,9
18359,13
18360,9
18361,4
18362,19
18363,15
18364,19
18365,19
18366,15
18367,6
18368,15
18369,15
18370,15
18371,13
18372,15
18373,19
18374,19
18375,19
18376,15
18377,6
18378,19
18379,15
18380,15
18381,0
18382,19
18383,4
18384,23
18385,19
18386,1
18387,19
18388,15
18389,15
18390,18
18391,19
18392,23
18393,15
18394,13
18395,18
18396,4
18397,15
18398,13
18399,15
18400,13
18401,6
18402,15
18403,4
18404,19
18405,15
18406,15
18407,15
18408,5
18409,13
18410,0
18411,1
18412,22
18413,22
18414,19
18415,5
18416,15
18417,4
18418,15
18419,13
18420,4
18421,4
18422,15
18423,19
18424,15
18425,13
18426,19
18427,15
18428,4
18429,19
18430,12
18431,15
18432,4
18433,15
18434,4
18435,13
18436,19
18437,1
18438,10
18439,23
18440,15
18441,13
18442,19
18443,15
18444,3
18445,19
18446,15
18447,15
18448,4
18449,4
18450,15
18451,19
18452,19
18453,22
18454,15
18455,15
18456,19
18457,13
18458,22
18459,4
18460,19
18461,13
18462,19
18463,22
18464,22
18465,15
18466,14
18467,15
18468,15
18469,4
18470,4
18471,4
18472,13
18473,15
18474,15
18475,14
18476,11
18477,19
18478,15
18479,4
18480,13
18481,10
18482,15
18483,22
18484,4
18485,10
18486,4
18487,14
18488,4
18489,13
18490,4
18491,15
18492,9
18493,15
18494,6
18495,13
18496,4
18497,22
18498,13
18499,19
18500,23
18501,15
18502,4
18503,15
18504,15
18505,4
18506,19
18507,13
18508,19
18509,4
18510,23
18511,19
18512,15
18513,4
18514,19
18515,15
18516,15
18517,19
18518,22
18519,15
18520,15
18521,13
18522,19
18523,15
18524,19
18525,16
18526,23
18527,19
18528,13
18529,23
18530,15
18531,13
18532,10
18533,0
18534,4
18535,13
18536,13
18537,15
18538,22
18539,14
18540,19
18541,15
18542,4
18543,13
18544,15
18545,15
18546,0
18547,4
18548,23
18549,4
18550,15
18551,15
18552,15
18553,19
18554,5
18555,13
18556,19
18557,4
18558,15
18559,5
18560,15
18561,15
18562,13
18563,19
18564,13
18565,9
18566,15
18567,13
18568,15
18569,6
18570,15
18571,0
18572,13
18573,15
18574,15
18575,13
18576,15
18577,4
18578,15
18579,19
18580,2
18581,5
18582,15
18583,15
18584,13
18585,22
18586,15
18587,10
18588,19
18589,4
18590,19
18591,15
18592,19
18593,19
18594,15
18595,13
18596,13
18597,19
18598,15
18599,19
18600,13
18601,22
18602,9
18603,19
18604,16
18605,13
18606,19
18607,19
18608,15
18609,15
18610,19
18611,4
18612,15
18613,4
18614,6
18615,15
18616,22
18617,15
18618,19
18619,15
18620,15
18621,15
18622,11
18623,22
18624,23
18625,15
18626,13
18627,10
18628,15
18629,18
18630,11
18631,23
18632,15
18633,13
18634,19
18635,12
18636,15
18637,4
18638,19
18639,15
18640,13
18641,19
18642,4
18643,15
18644,4
18645,22
18646,23
18647,15
18648,15
18649,15
18650,15
18651,4
18652,19
18653,13
18654,15
18655,15
18656,4
18657,15
18658,22
18659,19
18660,15
18661,22
18662,13
18663,15
18664,13
18665,15
18666,19
18667,18
18668,13
18669,15
18670,22
18671,15
18672,13
18673,13
18674,22
18675,4
18676,4
18677,15
18678,15
18679,22
18680,13
18681,13
18682,13
18683,1
18684,13
18685,19
18686,13
18687,19
18688,4
18689,13
18690,15
18691,15
18692,22
18693,4
18694,15
18695,15
18696,19
18697,16
18698,4
18699,1
18700,15
18701,4
18702,4
18703,4
18704,15
18705,19
18706,6
18707,23
18708,6
18709,4
18710,4
18711,4
18712,10
18713,23
18714,23
18715,19
18716,15
18717,23
18718,4
18719,15
18720,10
18721,4
18722,15
18723,15
18724,13
18725,22
18726,15
18727,18
18728,15
18729,22
18730,23
18731,19
18732,22
18733,15
18734,5
18735,15
18736,12
18737,4
18738,15
18739,11
18740,19
18741,4
18742,9
18743,15
18744,19
18745,19
18746,15
18747,15
18748,15
18749,22
18750,15
18751,15
18752,15
18753,15
18754,15
18755,15
18756,4
18757,19
18758,19
18759,4
18760,13
18761,13
18762,17
18763,23
18764,19
18765,23
18766,15
18767,15
18768,18
18769,9
18770,13
18771,19
18772,15
18773,15
18774,12
18775,19
18776,19
18777,19
18778,15
18779,4
18780,15
18781,19
18782,22
18783,15
18784,4
18785,22
18786,15
18787,13
18788,22
18789,15
18790,15
18791,9
18792,1
18793,4
18794,15
18795,13
18796,15
18797,15
18798,6
18799,22
18800,4
18801,4
18802,7
18803,15
18804,4
18805,4
18806,19
18807,15
18808,4
18809,14
18810,13
18811,15
18812,22
18813,4
18814,15
18815,15
18816,4
18817,15
18818,15
18819,15
18820,15
18821,15
18822,4
18823,4
18824,13
18825,4
18826,10
18827,4
18828,22
18829,15
18830,4
18831,15
18832,4
18833,19
18834,15
18835,15
18836,10
18837,15
18838,13
18839,15
18840,6
18841,19
18842,23
18843,19
18844,4
18845,4
18846,17
18847,4
18848,12
18849,18
18850,13
18851,22
18852,13
18853,15
18854,19
18855,4
18856,13
18857,13
18858,19
18859,15
18860,4
18861,15
18862,23
18863,13
18864,22
18865,15
18866,0
18867,15
18868,12
18869,23
18870,9
18871,13
18872,15
18873,19
18874,4
18875,23
18876,3
18877,13
18878,19
18879,11
18880,4
18881,23
18882,15
18883,13
18884,15
18885,19
18886,15
18887,10
18888,4
18889,15
18890,15
18891,15
18892,13
18893,19
18894,15
18895,0
18896,15
18897,10
18898,22
18899,15
18900,15
18901,15
18902,4
18903,10
18904,15
18905,15
18906,4
18907,13
18908,12
18909,19
18910,15
18911,6
18912,14
18913,6
18914,19
18915,14
18916,4
18917,15
18918,19
18919,4
18920,13
18921,15
18922,10
18923,15
18924,9
18925,10
18926,19
18927,4
18928,15
18929,4
18930,4
18931,19
18932,15
18933,15
18934,15
18935,19
18936,15
18937,13
18938,4
18939,15
18940,13
18941,19
18942,18
18943,15
18944,4
18945,4
18946,4
18947,15
18948,4
18949,19
18950,19
18951,4
18952,15
18953,15
18954,15
18955,15
18956,4
18957,18
18958,23
18959,2
18960,4
18961,22
18962,22
18963,4
18964,4
18965,19
18966,15
18967,15
18968,4
18969,15
18970,15
18971,14
18972,22
18973,22
18974,4
18975,15
18976,0
18977,19
18978,15
18979,19
18980,15
18981,19
18982,23
18983,15
18984,15
18985,10
18986,22
18987,15
18988,9
18989,13
18990,15
18991,4
18992,19
18993,4
18994,22
18995,13
18996,13
18997,15
18998,15
18999,22
19000,4
19001,15
19002,4
19003,4
19004,23
19005,4
19006,13
19007,14
19008,13
19009,10
19010,10
19011,15
19012,15
19013,10
19014,9
19015,15
19016,15
19017,15
19018,23
19019,13
19020,19
19021,19
19022,15
19023,15
19024,15
19025,23
19026,4
19027,19
19028,23
19029,19
19030,13
19031,4
19032,4
19033,23
19034,4
19035,14
19036,15
19037,4
19038,15
19039,4
19040,11
19041,4
19042,15
19043,15
19044,15
19045,20
19046,15
19047,22
19048,15
19049,15
19050,4
19051,15
19052,6
19053,4
19054,13
19055,4
19056,15
19057,4
19058,12
19059,4
19060,19
19061,19
19062,23
19063,4
19064,15
19065,23
19066,13
19067,10
19068,15
19069,19
19070,15
19071,15
19072,15
19073,4
19074,15
19075,18
19076,15
19077,15
19078,13
19079,15
19080,15
19081,22
19082,10
19083,4
19084,22
19085,11
19086,15
19087,23
19088,19
19089,4
19090,15
19091,23
19092,15
19093,15
19094,15
19095,15
19096,4
19097,19
19098,15
19099,13
19100,15
19101,23
19102,13
19103,19
19104,19
19105,13
19106,15
19107,13
19108,19
19109,23
19110,15
19111,4
19112,15
19113,13
19114,4
19115,15
19116,15
19117,23
19118,13
19119,15
19120,15
19121,23
19122,19
19123,13
19124,19
19125,19
19126,15
19127,22
19128,22
19129,19
19130,15
19131,13
19132,4
19133,15
19134,4
19135,9
19136,15
19137,19
19138,19
19139,15
19140,4
19141,13
19142,19
19143,23
19144,15
19145,19
19146,19
19147,15
19148,4
19149,13
19150,15
19151,10
19152,13
19153,4
19154,13
19155,4
19156,13
19157,23
19158,11
19159,19
19160,19
19161,4
19162,19
19163,15
19164,23
19165,19
19166,15
19167,11
19168,10
19169,15
19170,15
19171,10
19172,23
19173,4
19174,23
19175,15
19176,15
19177,15
19178,13
19179,13
19180,18
19181,18
19182,15
19183,19
19184,15
19185,11
19186,19
19187,4
19188,4
19189,23
19190,1
19191,23
19192,11
19193,4
19194,23
19195,15
19196,23
19197,9
19198,19
19199,10
19200,15
19201,18
19202,13
19203,4
19204,15
19205,4
19206,15
19207,4
19208,15
19209,23
19210,2
19211,22
19212,23
19213,23
19214,4
19215,15
19216,14
19217,15
19218,19
19219,19
19220,4
19221,19
19222,15
19223,1
19224,15
19225,13
19226,4
19227,4
19228,4
19229,19
19230,12
19231,12
19232,23
19233,4
19234,12
19235,15
19236,15
19237,5
19238,4
19239,13
19240,15
19241,4
19242,15
19243,13
19244,15
19245,22
19246,13
19247,22
19248,6
19249,13
19250,13
19251,19
19252,22
19253,15
19254,4
19255,15
19256,4
19257,15
19258,13
19259,4
19260,10
19261,15
19262,4
19263,15
19264,4
19265,15
19266,19
19267,4
19268,19
19269,15
19270,18
19271,4
19272,4
19273,22
19274,19
19275,19
19276,15
19277,15
19278,15
19279,15
19280,4
19281,15
19282,15
19283,15
19284,15
19285,15
19286,15
19287,19
19288,19
19289,10
19290,22
19291,22
19292,19
19293,5
19294,10
19295,15
19296,19
19297,15
19298,2
19299,4
19300,15
19301,6
19302,4
19303,15
19304,15
19305,15
19306,22
19307,18
19308,19
19309,19
19310,15
19311,13
19312,19
19313,15
19314,3
19315,4
19316,13
19317,13
19318,23
19319,4
19320,15
19321,0
19322,15
19323,12
19324,4
19325,15
19326,15
19327,15
19328,19
19329,15
19330,4
19331,15
19332,2
19333,15
19334,4
19335,4
19336,15
19337,19
19338,18
19339,15
19340,9
19341,19
19342,19
19343,15
19344,19
19345,3
19346,13
19347,15
19348,4
19349,19
19350,22
19351,13
19352,13
19353,4
19354,18
19355,16
19356,19
19357,15
19358,15
19359,13
19360,13
19361,19
19362,23
19363,15
19364,15
19365,15
19366,14
19367,6
19368,10
19369,15
19370,6
19371,10
19372,4
19373,23
19374,10
19375,6
19376,19
19377,22
19378,4
19379,23
19380,13
19381,13
19382,22
19383,22
19384,19
19385,6
19386,15
19387,15
19388,4
19389,22
19390,14
19391,18
19392,19
19393,6
19394,19
19395,4
19396,19
19397,19
19398,19
19399,13
19400,13
19401,15
19402,19
19403,4
19404,4
19405,4
19406,15
19407,15
19408,4
19409,4
19410,5
19411,15
19412,19
19413,22
19414,19
19415,4
19416,0
19417,18
19418,15
19419,0
19420,18
19421,13
19422,15
19423,4
19424,15
19425,10
19426,15
19427,19
19428,9
19429,14
19430,15
19431,15
19432,19
19433,4
19434,19
19435,4
19436,15
19437,4
19438,4
19439,15
19440,6
19441,15
19442,22
19443,13
19444,13
19445,15
19446,4
19447,13
19448,2
19449,15
19450,23
19451,18
19452,15
19453,4
19454,15
19455,15
19456,5
19457,4
19458,15
19459,13
19460,14
19461,15
19462,23
19463,2
19464,19
19465,13
19466,4
19467,19
19468,15
19469,13
19470,4
19471,13
19472,19
19473,18
19474,11
19475,22
19476,15
19477,15
19478,22
19479,15
19480,23
19481,19
19482,15
19483,14
19484,15
19485,22
19486,9
19487,4
19488,19
19489,15
19490,19
19491,22
19492,15
19493,4
19494,11
19495,22
19496,22
19497,4
19498,18
19499,22
19500,22
19501,4
19502,19
19503,19
19504,4
19505,15
19506,4
19507,15
19508,15
19509,19
19510,19
19511,23
19512,15
19513,15
19514,19
19515,15
19516,12
19517,19
19518,23
19519,23
19520,4
19521,4
19522,19
19523,4
19524,15
19525,19
19526,22
19527,4
19528,19
19529,9
19530,19
19531,4
19532,22
19533,4
19534,23
19535,15
19536,15
19537,4
19538,13
19539,23
19540,23
19541,13
19542,15
19543,4
19544,15
19545,22
19546,15
19547,4
19548,15
19549,23
19550,18
19551,23
19552,4
19553,5
19554,19
19555,13
19556,4
19557,15
19558,15
19559,19
19560,19
19561,19
19562,15
19563,13
19564,23
19565,15
19566,13
19567,15
19568,19
19569,15
19570,15
19571,19
19572,19
19573,18
19574,4
19575,23
19576,15
19577,19
19578,5
19579,4
19580,15
19581,13
19582,15
19583,15
19584,12
19585,19
19586,4
19587,13
19588,15
19589,13
19590,19
19591,15
19592,4
19593,22
19594,22
19595,15
19596,12
19597,9
19598,15
19599,19
19600,15
19601,13
19602,22
19603,4
19604,10
19605,10
19606,10
19607,22
19608,13
19609,4
19610,4
19611,23
19612,19
19613,22
19614,15
19615,4
19616,13
19617,4
19618,13
19619,4
19620,13
19621,19
19622,13
19623,15
19624,15
19625,19
19626,4
19627,15
19628,15
19629,22
19630,4
19631,13
19632,4
19633,15
19634,18
19635,4
19636,15
19637,18
19638,15
19639,13
19640,19
19641,13
19642,19
19643,19
19644,22
19645,15
19646,22
19647,15
19648,18
19649,15
19650,19
19651,15
19652,5
19653,18
19654,14
19655,15
19656,19
19657,22
19658,19
19659,15
19660,15
19661,15
19662,19
19663,15
19664,15
19665,22
19666,5
19667,15
19668,10
19669,19
19670,6
19671,15
19672,15
19673,19
19674,4
19675,15
19676,4
19677,4
19678,13
19679,22
19680,15
19681,19
19682,4
19683,19
19684,23
19685,13
19686,15
19687,19
19688,4
19689,19
19690,4
19691,15
19692,2
19693,15
19694,15
19695,15
19696,4
19697,13
19698,13
19699,15
19700,19
19701,15
19702,22
19703,4
19704,15
19705,15
19706,19
19707,15
19708,15
19709,4
19710,15
19711,22
19712,15
19713,4
19714,15
19715,18
19716,6
19717,18
19718,15
19719,15
19720,15
19721,4
19722,15
19723,16
19724,19
19725,15
19726,23
19727,19
19728,4
19729,4
19730,22
19731,4
19732,15
19733,19
19734,18
19735,22
19736,12
19737,4
19738,15
19739,19
19740,15
19741,4
19742,11
19743,9
19744,19
19745,6
19746,19
19747,15
19748,19
19749,19
19750,19
19751,22
19752,11
19753,19
19754,15
19755,22
19756,5
19757,15
19758,15
19759,13
19760,13
19761,15
19762,13
19763,15
19764,15
19765,19
19766,19
19767,15
19768,15
19769,15
19770,19
19771,13
19772,4
19773,15
19774,23
19775,19
19776,19
19777,13
19778,19
19779,4
19780,19
19781,5
19782,15
19783,15
19784,15
19785,15
19786,4
19787,15
19788,15
19789,22
19790,23
19791,18
19792,4
19793,4
19794,13
19795,13
19796,19
19797,19
19798,4
19799,14
19800,19
19801,15
19802,15
19803,14
19804,22
19805,18
19806,15
19807,13
19808,19
19809,15
19810,11
19811,18
19812,4
19813,22
19814,18
19815,15
19816,4
19817,15
19818,6
19819,4
19820,4
19821,15
19822,4
19823,15
19824,4
19825,22
19826,4
19827,23
19828,15
19829,19
19830,4
19831,15
19832,17
19833,13
19834,15
19835,15
19836,15
19837,23
19838,2
19839,15
19840,4
19841,19
19842,10
19843,4
19844,4
19845,13
19846,19
19847,15
19848,23
19849,4
19850,19
19851,19
19852,4
19853,19
19854,15
19855,19
19856,15
19857,15
19858,12
19859,4
19860,15
19861,23
19862,13
19863,15
19864,19
19865,15
19866,15
19867,13
19868,13
19869,13
19870,15
19871,15
19872,4
19873,19
19874,4
19875,15
19876,4
19877,10
19878,13
19879,22
19880,15
19881,4
19882,15
19883,15
19884,15
19885,19
19886,13
19887,15
19888,18
19889,4
19890,15
19891,15
19892,4
19893,4
19894,15
19895,9
19896,15
19897,15
19898,19
19899,15
19900,13
19901,15
19902,15
19903,10
19904,15
19905,19
19906,13
19907,15
19908,13
19909,15
19910,10
19911,12
19912,4
19913,15
19914,13
19915,15
19916,13
19917,4
19918,4
19919,4
19920,19
19921,15
19922,13
19923,9
19924,19
19925,15
19926,15
19927,15
19928,19
19929,22
19930,19
19931,13
19932,22
19933,19
19934,4
19935,15
19936,4
19937,6
19938,15
19939,15
19940,10
19941,4
19942,10
19943,2
19944,13
19945,11
19946,23
19947,15
19948,4
19949,19
19950,15
19951,15
19952,13
19953,19
19954,13
19955,4
19956,15
19957,15
19958,15
19959,15
19960,18
19961,4
19962,22
19963,15
19964,11
19965,10
19966,15
19967,19
19968,15
19969,4
19970,13
19971,19
19972,15
19973,13
19974,15
19975,2
19976,4
19977,15
19978,13
19979,19
19980,22
19981,19
19982,22
19983,4
19984,15
19985,15
19986,18
19987,4
19988,15
19989,18
19990,18
19991,15
19992,15
19993,13
19994,10
19995,15
19996,19
19997,4
19998,15
19999,15
20000,5
20001,22
20002,5
20003,22
20004,4
20005,15
20006,10
20007,13
20008,19
20009,19
20010,15
20011,4
20012,15
20013,4
20014,15
20015,15
20016,22
20017,15
20018,15
20019,10
20020,4
20021,4
20022,19
20023,15
20024,13
20025,18
20026,5
20027,15
20028,19
20029,16
20030,19
20031,19
20032,13
20033,6
20034,19
20035,19
20036,15
20037,13
20038,4
20039,9
20040,4
20041,4
20042,4
20043,1
20044,10
20045,10
20046,15
20047,15
20048,14
20049,18
20050,15
20051,15
20052,23
20053,23
20054,19
20055,20
20056,4
20057,4
20058,15
20059,15
20060,4
20061,4
20062,4
20063,15
20064,15
20065,1
20066,13
20067,22
20068,19
20069,4
20070,11
20071,13
20072,19
20073,19
20074,5
20075,22
20076,18
20077,15
20078,4
20079,15
20080,15
20081,15
20082,11
20083,6
20084,19
20085,15
20086,4
20087,4
20088,14
20089,16
20090,18
20091,15
20092,22
20093,19
20094,22
20095,15
20096,15
20097,14
20098,18
20099,15
20100,15
20101,10
20102,15
20103,4
20104,13
20105,22
20106,15
20107,15
20108,19
20109,9
20110,19
20111,22
20112,15
20113,22
20114,4
20115,23
20116,15
20117,19
20118,10
20119,5
20120,19
20121,2
20122,13
20123,13
20124,4
20125,22
20126,10
20127,15
20128,13
20129,9
20130,13
20131,22
20132,15
20133,15
20134,13
20135,4
20136,15
20137,13
20138,13
20139,14
20140,13
20141,6
20142,9
20143,15
20144,15
20145,4
20146,15
20147,15
20148,16
20149,19
20150,2
20151,4
20152,15
20153,19
20154,18
20155,15
20156,15
20157,19
20158,4
20159,22
20160,15
20161,13
20162,18
20163,22
20164,23
20165,22
20166,22
20167,19
20168,15
20169,19
20170,14
20171,15
20172,15
20173,10
20174,19
20175,4
20176,15
20177,23
20178,15
20179,13
20180,19
20181,13
20182,15
20183,15
20184,15
20185,4
20186,15
20187,19
20188,15
20189,23
20190,4
20191,15
20192,19
20193,4
20194,15
20195,13
20196,18
20197,4
20198,15
20199,13
20200,4
20201,4
20202,10
20203,19
20204,19
20205,4
20206,13
20207,23
20208,15
20209,12
20210,15
20211,15
20212,5
20213,22
20214,4
20215,15
20216,14
20217,5
20218,13
20219,15
20220,15
20221,19
20222,22
20223,15
20224,13
20225,15
20226,13
20227,19
20228,15
20229,15
20230,15
20231,10
20232,19
20233,19
20234,15
20235,15
20236,6
20237,13
20238,18
20239,15
20240,13
20241,11
20242,19
20243,19
20244,14
20245,22
20246,19
20247,15
20248,5
20249,15
20250,4
20251,4
20252,15
20253,0
20254,13
20255,4
20256,23
20257,15
20258,13
20259,19
20260,15
20261,15
20262,4
20263,19
20264,13
20265,19
20266,15
20267,15
20268,4
20269,15
20270,15
20271,4
20272,19
20273,22
20274,15
20275,6
20276,15
20277,12
20278,19
20279,6
20280,6
20281,14
20282,10
20283,15
20284,15
20285,15
20286,19
20287,19
20288,13
20289,10
20290,19
20291,19
20292,10
20293,14
20294,15
20295,15
20296,19
20297,23
20298,19
20299,15
20300,4
20301,19
20302,4
20303,15
20304,4
20305,6
20306,19
20307,22
20308,14
20309,15
20310,6
20311,18
20312,19
20313,14
20314,23
20315,15
20316,15
20317,15
20318,4
20319,23
20320,15
20321,15
20322,15
20323,13
20324,19
20325,15
20326,9
20327,23
20328,13
20329,4
20330,15
20331,4
20332,4
20333,19
20334,13
20335,19
20336,15
20337,4
20338,15
20339,19
20340,4
20341,15
20342,15
20343,23
20344,4
20345,13
20346,9
20347,19
20348,15
20349,19
20350,15
20351,14
20352,15
20353,9
20354,4
20355,13
20356,23
20357,19
20358,12
20359,13
20360,4
20361,15
20362,12
20363,15
20364,15
20365,4
20366,18
20367,4
20368,22
20369,15
20370,4
20371,19
20372,10
20373,19
20374,15
20375,19
20376,15
20377,15
20378,4
20379,15
20380,19
20381,15
20382,19
20383,15
20384,4
20385,15
20386,15
20387,15
20388,14
20389,13
20390,4
20391,15
20392,15
20393,13
20394,15
20395,18
20396,4
20397,6
20398,15
20399,15
20400,4
20401,4
20402,19
20403,15
20404,15
20405,4
20406,15
20407,22
20408,15
20409,11
20410,15
20411,15
20412,4
20413,4
20414,15
20415,22
20416,15
20417,22
20418,13
20419,4
20420,15
20421,15
20422,19
20423,22
20424,15
20425,22
20426,4
20427,19
20428,15
20429,4
20430,19
20431,13
20432,4
20433,23
20434,19
20435,19
20436,15
20437,15
20438,18
20439,22
20440,4
20441,13
20442,13
20443,4
20444,4
20445,15
20446,19
20447,4
20448,15
20449,15
20450,15
20451,15
20452,15
20453,15
20454,18
20455,19
20456,22
20457,15
20458,15
20459,19
20460,22
20461,22
20462,10
20463,4
20464,4
20465,19
20466,13
20467,15
20468,22
20469,15
20470,4
20471,9
20472,13
20473,15
20474,19
20475,13
20476,10
20477,15
20478,22
20479,4
20480,4
20481,15
20482,15
20483,13
20484,19
20485,13
20486,4
20487,23
20488,19
20489,19
20490,15
20491,15
20492,19
20493,10
20494,15
20495,15
20496,23
20497,15
20498,19
20499,15
20500,19
20501,15
20502,15
20503,19
20504,15
20505,19
20506,15
20507,4
20508,10
20509,15
20510,15
20511,22
20512,10
20513,19
20514,15
20515,15
20516,15
20517,15
20518,15
20519,19
20520,9
20521,10
20522,19
20523,15
20524,15
20525,19
20526,22
20527,6
20528,15
20529,4
20530,15
20531,23
20532,15
20533,4
20534,15
20535,23
20536,9
20537,19
20538,15
20539,4
20540,22
20541,13
20542,19
20543,15
20544,4
20545,15
20546,15
20547,4
20548,13
20549,19
20550,13
20551,19
20552,19
20553,15
20554,22
20555,19
20556,15
20557,10
20558,18
20559,15
20560,15
20561,15
20562,9
20563,13
20564,22
20565,15
20566,15
20567,0
20568,4
20569,4
20570,15
20571,19
20572,19
20573,13
20574,13
20575,4
20576,4
20577,14
20578,13
20579,19
20580,19
20581,4
20582,19
20583,15
20584,14
20585,15
20586,4
20587,19
20588,18
20589,15
20590,9
20591,22
20592,15
20593,15
20594,15
20595,18
20596,4
20597,15
20598,15
20599,4
20600,15
20601,4
20602,10
20603,15
20604,15
20605,5
20606,15
20607,19
20608,15
20609,19
20610,13
20611,19
20612,15
20613,15
20614,19
20615,4
20616,19
20617,4
20618,22
20619,19
20620,15
20621,15
20622,13
20623,13
20624,15
20625,18
20626,15
20627,15
20628,13
20629,19
20630,15
20631,15
20632,13
20633,22
20634,19
20635,15
20636,13
20637,19
20638,23
20639,13
20640,13
20641,15
20642,15
20643,10
20644,18
20645,22
20646,15
20647,13
20648,4
20649,13
20650,15
20651,12
20652,19
20653,4
20654,18
20655,15
20656,15
20657,18
20658,19
20659,15
20660,19
20661,23
20662,15
20663,4
20664,4
20665,16
20666,10
20667,15
20668,15
20669,13
20670,19
20671,15
20672,2
20673,15
20674,19
20675,15
20676,15
20677,15
20678,18
20679,19
20680,15
20681,13
20682,4
20683,15
20684,12
20685,4
20686,15
20687,15
20688,22
20689,16
20690,5
20691,4
20692,15
20693,19
20694,13
20695,13
20696,4
20697,23
20698,15
20699,22
20700,19
20701,13
20702,22
20703,15
20704,15
20705,5
20706,9
20707,19
20708,6
20709,4
20710,22
20711,19
20712,13
20713,19
20714,15
20715,22
20716,15
20717,6
20718,4
20719,15
20720,4
20721,4
20722,4
20723,13
20724,22
20725,4
20726,15
20727,19
20728,15
20729,14
20730,15
20731,15
20732,15
20733,15
20734,19
20735,22
20736,15
20737,1
20738,15
20739,22
20740,22
20741,4
20742,22
20743,13
20744,15
20745,22
20746,15
20747,19
20748,13
20749,19
20750,18
20751,4
20752,6
20753,11
20754,13
20755,15
20756,19
20757,15
20758,22
20759,19
20760,15
20761,4
20762,22
20763,19
20764,4
20765,19
20766,15
20767,18
20768,13
20769,4
20770,19
20771,23
20772,0
20773,4
20774,7
20775,23
20776,4
20777,15
20778,19
20779,13
20780,22
20781,13
20782,15
20783,19
20784,15
20785,0
20786,13
20787,4
20788,15
20789,4
20790,13
20791,0
20792,13
20793,22
20794,15
20795,15
20796,4
20797,4
20798,4
20799,15
20800,13
20801,15
20802,23
20803,10
20804,19
20805,15
20806,15
20807,23
20808,19
20809,4
20810,6
20811,15
20812,22
20813,14
20814,13
20815,6
20816,4
20817,11
20818,13
20819,14
20820,23
20821,4
20822,13
20823,15
20824,4
20825,13
20826,15
20827,19
20828,4
20829,15
20830,10
20831,19
20832,22
20833,19
20834,23
20835,15
20836,22
20837,4
20838,9
20839,15
20840,18
20841,13
20842,12
20843,15
20844,22
20845,15
20846,15
20847,4
20848,15
20849,15
20850,4
20851,19
20852,19
20853,23
20854,4
20855,15
20856,23
20857,19
20858,15
20859,15
20860,4
20861,16
20862,13
20863,15
20864,15
20865,19
20866,22
20867,4
20868,15
20869,4
20870,15
20871,0
20872,15
20873,22
20874,20
20875,9
20876,15
20877,4
20878,10
20879,15
20880,13
20881,15
20882,4
20883,15
20884,15
20885,15
20886,13
20887,22
20888,22
20889,15
20890,15
20891,15
20892,15
20893,2
20894,19
20895,12
20896,6
20897,18
20898,23
20899,10
20900,13
20901,15
20902,19
20903,22
20904,15
20905,4
20906,14
20907,9
20908,15
20909,4
20910,19
20911,19
20912,9
20913,6
20914,4
20915,15
20916,4
20917,19
20918,19
20919,22
20920,19
20921,15
20922,15
20923,13
20924,18
20925,23
20926,13
20927,15
20928,23
20929,12
20930,15
20931,19
20932,19
20933,19
20934,23
20935,15
20936,13
20937,19
20938,19
20939,19
20940,4
20941,13
20942,4
20943,19
20944,13
20945,19
20946,15
20947,22
20948,15
20949,17
20950,22
20951,15
20952,13
20953,19
20954,15
20955,13
20956,13
20957,15
20958,4
20959,4
20960,10
20961,19
20962,1
20963,22
20964,15
20965,19
20966,13
20967,15
20968,15
20969,10
20970,15
20971,15
20972,4
20973,5
20974,15
20975,15
20976,15
20977,15
20978,4
20979,15
20980,15
20981,23
20982,15
20983,23
20984,19
20985,19
20986,15
20987,15
20988,4
20989,15
20990,4
20991,22
20992,23
20993,15
20994,15
20995,18
20996,4
20997,4
20998,23
20999,19
21000,4
21001,15
21002,15
21003,9
21004,14
21005,19
21006,13
21007,4
21008,15
21009,4
21010,13
21011,13
21012,13
21013,15
21014,4
21015,13
21016,19
21017,4
21018,22
21019,4
21020,4
21021,15
21022,19
21023,15
21024,15
21025,4
21026,18
21027,15
21028,19
21029,15
21030,22
21031,15
21032,19
21033,4
21034,8
21035,15
21036,22
21037,4
21038,13
21039,4
21040,5
21041,22
21042,6
21043,4
21044,15
21045,15
21046,15
21047,15
21048,4
21049,5
21050,19
21051,13
21052,15
21053,19
21054,15
21055,13
21056,13
21057,15
21058,4
21059,15
21060,15
21061,10
21062,15
21063,15
21064,5
21065,5
21066,22
21067,15
21068,19
21069,15
21070,22
21071,15
21072,10
21073,4
21074,15
21075,13
21076,13
21077,4
21078,4
21079,13
21080,4
21081,15
21082,19
21083,19
21084,15
21085,18
21086,19
21087,19
21088,9
21089,22
21090,4
21091,19
21092,4
21093,15
21094,13
21095,19
21096,19
21097,4
21098,23
21099,18
21100,22
21101,13
21102,4
21103,4
21104,13
21105,15
21106,6
21107,19
21108,2
21109,19
21110,4
21111,4
21112,15
21113,4
21114,13
21115,16
21116,1
21117,12
21118,23
21119,15
21120,15
21121,15
21122,15
21123,19
21124,4
21125,15
21126,22
21127,15
21128,18
21129,19
21130,19
21131,15
21132,4
21133,22
21134,18
21135,15
21136,22
21137,10
21138,15
21139,13
21140,19
21141,4
21142,19
21143,15
21144,4
21145,22
21146,13
21147,13
21148,19
21149,13
21150,15
21151,15
21152,13
21153,19
21154,15
21155,19
21156,18
21157,13
21158,13
21159,15
21160,19
21161,4
21162,22
21163,19
21164,22
21165,15
21166,4
21167,9
21168,4
21169,18
21170,19
21171,15
21172,19
21173,18
21174,4
21175,15
21176,22
21177,15
21178,15
21179,15
21180,13
21181,19
21182,13
21183,19
21184,15
21185,4
21186,13
21187,13
21188,15
21189,13
21190,15
21191,10
21192,16
21193,13
21194,19
21195,4
21196,13
21197,4
21198,4
21199,4
21200,22
21201,15
21202,15
21203,15
21204,15
21205,22
21206,15
21207,15
21208,18
21209,13
21210,13
21211,15
21212,19
21213,15
21214,14
21215,15
21216,15
21217,9
21218,4
21219,15
21220,22
21221,6
21222,15
21223,15
21224,15
21225,1
21226,15
21227,19
21228,23
21229,15
21230,15
21231,15
21232,15
21233,4
21234,13
21235,15
21236,23
21237,13
21238,15
21239,4
21240,12
21241,19
21242,19
21243,19
21244,4
21245,15
21246,19
21247,15
21248,12
21249,15
21250,15
21251,19
21252,19
21253,22
21254,15
21255,16
21256,4
21257,14
21258,15
21259,15
21260,15
21261,15
21262,23
21263,15
21264,15
21265,10
21266,15
21267,11
21268,23
21269,4
21270,6
21271,19
21272,19
21273,15
21274,14
21275,15
21276,15
21277,19
21278,13
21279,15
21280,23
21281,4
21282,13
21283,4
21284,11
21285,5
21286,4
21287,19
21288,15
21289,12
21290,22
21291,2
21292,4
21293,15
21294,15
21295,15
21296,19
21297,16
21298,18
21299,13
21300,15
21301,4
21302,4
21303,13
21304,22
21305,4
21306,18
21307,15
21308,15
21309,15
21310,4
21311,15
21312,20
21313,13
21314,15
21315,19
21316,15
21317,19
21318,19
21319,23
21320,19
21321,15
21322,4
21323,4
21324,19
21325,22
21326,15
21327,1
21328,19
21329,4
21330,15
21331,22
21332,4
21333,9
21334,16
21335,4
21336,15
21337,15
21338,13
21339,4
21340,18
21341,19
21342,9
21343,22
21344,15
21345,4
21346,10
21347,15
21348,15
21349,23
21350,19
21351,19
21352,4
21353,23
21354,15
21355,18
21356,15
21357,4
21358,15
21359,10
21360,0
21361,15
21362,13
21363,19
21364,15
21365,23
21366,13
21367,4
21368,23
21369,18
21370,4
21371,19
21372,15
21373,13
21374,15
21375,15
21376,4
21377,15
21378,19
21379,15
21380,4
21381,15
21382,23
21383,15
21384,19
21385,22
21386,19
21387,2
21388,15
21389,13
21390,4
21391,23
21392,4
21393,22
21394,14
21395,9
21396,12
21397,18
21398,15
21399,15
21400,15
21401,19
21402,18
21403,15
21404,19
21405,15
21406,19
21407,19
21408,4
21409,13
21410,9
21411,1
21412,23
21413,4
21414,19
21415,15
21416,15
21417,4
21418,4
21419,10
21420,2
21421,22
21422,10
21423,23
21424,6
21425,15
21426,19
21427,22
21428,15
21429,4
21430,4
21431,15
21432,0
21433,19
21434,15
21435,15
21436,23
21437,22
21438,23
21439,13
21440,23
21441,15
21442,15
21443,15
21444,15
21445,5
21446,22
21447,13
21448,19
21449,15
21450,15
21451,13
21452,4
21453,19
21454,19
21455,18
21456,10
21457,15
21458,13
21459,4
21460,22
21461,15
21462,15
21463,4
21464,4
21465,15
21466,12
21467,15
21468,10
21469,13
21470,13
21471,10
21472,4
21473,12
21474,13
21475,19
21476,15
21477,19
21478,23
21479,4
21480,4
21481,19
21482,15
21483,15
21484,15
21485,15
21486,19
21487,10
21488,15
21489,15
21490,13
21491,19
21492,15
21493,4
21494,4
21495,4
21496,18
21497,15
21498,15
21499,13
21500,15
21501,4
21502,15
21503,19
21504,22
21505,4
21506,4
21507,15
21508,6
21509,15
21510,13
21511,19
21512,19
21513,15
21514,13
21515,18
21516,15
21517,15
21518,4
21519,19
21520,19
21521,19
21522,4
21523,19
21524,19
21525,19
21526,23
21527,19
21528,19
21529,19
21530,12
21531,10
21532,23
21533,15
21534,4
21535,13
21536,4
21537,22
21538,15
21539,9
21540,15
21541,15
21542,15
21543,4
21544,15
21545,13
21546,19
21547,15
21548,19
21549,15
21550,13
21551,22
21552,14
21553,15
21554,19
21555,13
21556,11
21557,16
21558,15
21559,18
21560,4
21561,4
21562,15
21563,4
21564,15
21565,9
21566,15
21567,22
21568,15
21569,15
21570,4
21571,19
21572,15
21573,15
21574,15
21575,15
21576,15
21577,18
21578,4
21579,11
21580,4
21581,4
21582,15
21583,18
21584,15
21585,5
21586,15
21587,4
21588,4
21589,15
21590,15
21591,15
21592,13
21593,5
21594,19
21595,4
21596,4
21597,19
21598,4
21599,15
21600,6
21601,2
21602,15
21603,15
21604,19
21605,15
21606,13
21607,11
21608,18
21609,22
21610,19
21611,13
21612,6
21613,22
21614,13
21615,15
21616,15
21617,10
21618,4
21619,22
21620,4
21621,14
21622,15
21623,12
21624,15
21625,19
21626,15
21627,22
21628,15
21629,10
21630,15
21631,15
21632,15
21633,4
21634,15
21635,4
21636,15
21637,15
21638,19
21639,19
21640,22
21641,15
21642,19
21643,10
21644,4
21645,15
21646,4
21647,13
21648,18
21649,22
21650,23
21651,15
21652,15
21653,15
21654,4
21655,10
21656,4
21657,15
21658,5
21659,19
21660,19
21661,15
21662,4
21663,15
21664,19
21665,4
21666,22
21667,9
21668,13
21669,22
21670,4
21671,22
21672,10
21673,22
21674,4
21675,9
21676,15
21677,10
21678,15
21679,19
21680,13
21681,19
21682,23
21683,13
21684,15
21685,15
21686,4
21687,15
21688,15
21689,13
21690,15
21691,15
21692,22
21693,4
21694,19
21695,18
21696,19
21697,2
21698,19
21699,23
21700,15
21701,6
21702,15
21703,15
21704,19
21705,22
21706,18
21707,15
21708,15
21709,19
21710,22
21711,14
21712,4
21713,10
21714,15
21715,4
21716,19
21717,15
21718,22
21719,15
21720,15
21721,22
21722,15
21723,13
21724,9
21725,11
21726,13
21727,23
21728,4
21729,13
21730,4
21731,13
21732,19
21733,22
21734,22
21735,15
21736,4
21737,19
21738,15
21739,4
21740,10
21741,15
21742,11
21743,13
21744,10
21745,4
21746,15
21747,22
21748,16
21749,13
21750,15
21751,15
21752,15
21753,15
21754,12
21755,10
21756,15
21757,4
21758,19
21759,22
21760,15
21761,6
21762,6
21763,13
21764,15
21765,14
21766,15
21767,13
21768,5
21769,15
21770,15
21771,18
21772,15
21773,18
21774,15
21775,23
21776,15
21777,18
21778,19
21779,4
21780,19
21781,23
21782,15
21783,15
21784,22
21785,19
21786,15
21787,4
21788,15
21789,15
21790,19
21791,13
21792,15
21793,15
21794,23
21795,15
21796,15
21797,9
21798,9
21799,15
21800,4
21801,18
21802,19
21803,4
21804,15
21805,15
21806,22
21807,6
21808,15
21809,15
21810,23
21811,19
21812,4
21813,4
21814,4
21815,13
21816,12
21817,4
21818,13
21819,19
21820,4
21821,4
21822,4
21823,15
21824,6
21825,14
21826,0
21827,15
21828,4
21829,4
21830,22
21831,13
21832,10
21833,15
21834,13
21835,18
21836,19
21837,15
21838,19
21839,15
21840,15
21841,15
21842,19
21843,6
21844,15
21845,13
21846,15
21847,15
21848,19
21849,15
21850,4
21851,5
21852,15
21853,15
21854,19
21855,15
21856,13
21857,15
21858,22
21859,15
21860,19
21861,15
21862,19
21863,18
21864,4
21865,4
21866,15
21867,10
21868,15
21869,15
21870,15
21871,4
21872,4
21873,15
21874,13
21875,4
21876,15
21877,10
21878,23
21879,19
21880,15
21881,19
21882,5
21883,4
21884,4
21885,18
21886,15
21887,13
21888,15
21889,15
21890,5
21891,23
21892,6
21893,4
21894,15
21895,23
21896,15
21897,18
21898,1
21899,4
21900,15
21901,22
21902,4
21903,22
21904,13
21905,18
21906,22
21907,19
21908,18
21909,15
21910,19
21911,11
21912,19
21913,22
21914,10
21915,22
21916,15
21917,15
21918,15
21919,12
21920,4
21921,4
21922,15
21923,12
21924,15
21925,13
21926,22
21927,4
21928,13
21929,23
21930,19
21931,4
21932,15
21933,15
21934,13
21935,13
21936,15
21937,4
21938,15
21939,15
21940,18
21941,15
21942,15
21943,15
21944,15
21945,23
21946,4
21947,12
21948,15
21949,4
21950,22
21951,19
21952,4
21953,13
21954,22
21955,13
21956,15
21957,4
21958,19
21959,19
21960,11
21961,22
21962,13
21963,5
21964,15
21965,15
21966,14
21967,22
21968,15
21969,23
21970,4
21971,15
21972,12
21973,22
21974,19
21975,10
21976,19
21977,15
21978,13
21979,13
21980,12
21981,15
21982,15
21983,19
21984,19
21985,10
21986,15
21987,0
21988,15
21989,15
21990,15
21991,12
21992,19
21993,15
21994,15
21995,4
21996,13
21997,19
21998,4
21999,12
22000,8
22001,15
22002,15
22003,15
22004,4
22005,19
22006,22
22007,10
22008,19
22009,4
22010,1
22011,10
22012,22
22013,4
22014,23
22015,13
22016,4
22017,4
22018,15
22019,23
22020,23
22021,4
22022,15
22023,19
22024,23
22025,13
22026,23
22027,19
22028,23
22029,4
22030,15
22031,23
22032,4
22033,13
22034,23
22035,15
22036,19
22037,1
22038,15
22039,15
22040,19
22041,18
22042,15
22043,23
22044,4
22045,4
22046,2
22047,19
22048,19
22049,14
22050,13
22051,10
22052,19
22053,23
22054,16
22055,19
22056,15
22057,15
22058,22
22059,15
22060,4
22061,15
22062,11
22063,9
22064,13
22065,15
22066,4
22067,15
22068,19
22069,13
22070,15
22071,15
22072,10
22073,15
22074,10
22075,18
22076,14
22077,10
22078,19
22079,15
22080,19
22081,19
22082,15
22083,13
22084,10
22085,15
22086,4
22087,15
22088,19
22089,4
22090,15
22091,19
22092,13
22093,15
22094,15
22095,13
22096,15
22097,22
22098,22
22099,22
22100,15
22101,15
22102,15
22103,22
22104,4
22105,15
22106,15
22107,15
22108,15
22109,4
22110,4
22111,4
22112,19
22113,13
22114,19
22115,15
22116,19
22117,6
22118,15
22119,18
22120,18
22121,4
22122,18
22123,23
22124,13
22125,23
22126,4
22127,18
22128,13
22129,15
22130,22
22131,4
22132,4
22133,4
22134,15
22135,10
22136,19
22137,4
22138,23
22139,13
22140,9
22141,19
22142,23
22143,22
22144,22
22145,19
22146,15
22147,4
22148,19
22149,14
22150,15
22151,22
22152,2
22153,22
22154,13
22155,6
22156,4
22157,15
22158,13
22159,4
22160,15
22161,15
22162,15
22163,15
22164,9
22165,15
22166,4
22167,15
22168,15
22169,18
22170,19
22171,1
22172,19
22173,15
22174,10
22175,19
22176,7
22177,15
22178,13
22179,4
22180,4
22181,10
22182,4
22183,15
22184,19
22185,13
22186,19
22187,23
22188,4
22189,15
22190,15
22191,18
22192,1
22193,10
22194,6
22195,18
22196,15
22197,19
22198,19
22199,4
22200,19
22201,19
22202,15
22203,22
22204,22
22205,15
22206,18
22207,23
22208,10
22209,4
22210,6
22211,12
22212,10
22213,19
22214,19
22215,19
22216,15
22217,15
22218,22
22219,15
22220,15
22221,15
22222,19
22223,13
22224,13
22225,18
22226,13
22227,13
22228,13
22229,4
22230,1
22231,18
22232,23
22233,4
22234,4
22235,19
22236,4
22237,15
22238,22
22239,15
22240,22
22241,10
22242,22
22243,19
22244,13
22245,19
22246,15
22247,18
22248,19
22249,4
22250,4
22251,1
22252,22
22253,19
22254,15
22255,23
22256,13
22257,19
22258,22
22259,11
22260,15
22261,23
22262,2
22263,19
22264,22
22265,15
22266,19
22267,4
22268,18
22269,19
22270,15
22271,1
22272,23
22273,4
22274,2
22275,4
22276,13
22277,23
22278,19
22279,15
22280,22
22281,4
22282,23
22283,4
22284,18
22285,19
22286,19
22287,19
22288,22
22289,22
22290,15
22291,15
22292,23
22293,19
22294,10
22295,18
22296,19
22297,15
22298,15
22299,19
22300,15
22301,19
22302,4
22303,4
22304,15
22305,23
22306,15
22307,15
22308,12
22309,22
22310,15
22311,4
22312,15
22313,6
22314,15
22315,13
22316,15
22317,10
22318,4
22319,15
22320,4
22321,19
22322,15
22323,0
22324,23
22325,5
22326,4
22327,4
22328,15
22329,4
22330,6
22331,13
22332,4
22333,19
22334,13
22335,15
22336,15
22337,15
22338,10
22339,13
22340,4
22341,4
22342,19
22343,15
22344,12
22345,2
22346,18
22347,19
22348,15
22349,19
22350,2
22351,15
22352,15
22353,22
22354,19
22355,23
22356,4
22357,2
22358,13
22359,4
22360,4
22361,15
22362,4
22363,19
22364,19
22365,22
22366,15
22367,15
22368,19
22369,4
22370,15
22371,15
22372,4
22373,22
22374,15
22375,22
22376,12
22377,16
22378,19
22379,15
22380,16
22381,15
22382,22
22383,15
22384,15
22385,15
22386,1
22387,1
22388,22
22389,4
22390,14
22391,15
22392,15
22393,15
22394,19
22395,23
22396,5
22397,0
22398,19
22399,22
22400,15
22401,15
22402,19
22403,19
22404,15
22405,4
22406,22
22407,4
22408,15
22409,15
22410,15
22411,13
22412,1
22413,15
22414,4
22415,10
22416,5
22417,15
22418,13
22419,13
22420,4
22421,13
22422,15
22423,15
22424,15
22425,15
22426,13
22427,18
22428,4
22429,22
22430,15
22431,19
22432,12
22433,15
22434,15
22435,4
22436,13
22437,15
22438,15
22439,6
22440,19
22441,4
22442,15
22443,19
22444,15
22445,10
22446,15
22447,4
22448,4
22449,15
22450,1
22451,15
22452,15
22453,15
22454,4
22455,13
22456,19
22457,15
22458,4
22459,19
22460,19
22461,4
22462,4
22463,19
22464,15
22465,15
22466,13
22467,6
22468,15
22469,15
22470,13
22471,23
22472,18
22473,10
22474,23
22475,19
22476,10
22477,22
22478,19
22479,12
22480,13
22481,13
22482,11
22483,19
22484,15
22485,23
22486,15
22487,9
22488,15
22489,4
22490,12
22491,1
22492,4
22493,15
22494,18
22495,15
22496,18
22497,4
22498,15
22499,19
22500,18
22501,15
22502,23
22503,19
22504,4
22505,15
22506,15
22507,13
22508,9
22509,15
22510,4
22511,4
22512,15
22513,4
22514,13
22515,14
22516,15
22517,6
22518,22
22519,15
22520,15
22521,18
22522,10
22523,15
22524,15
22525,15
22526,19
22527,15
22528,13
22529,13
22530,15
22531,5
22532,15
22533,6
22534,19
22535,15
22536,15
22537,4
22538,19
22539,9
22540,18
22541,4
22542,15
22543,15
22544,4
22545,4
22546,19
22547,15
22548,15
22549,4
22550,4
22551,22
22552,13
22553,4
22554,14
22555,12
22556,19
22557,19
22558,19
22559,4
22560,15
22561,4
22562,15
22563,15
22564,5
22565,15
22566,4
22567,15
22568,13
22569,15
22570,4
22571,6
22572,18
22573,15
22574,19
22575,4
22576,10
22577,15
22578,19
22579,15
22580,13
22581,8
22582,15
22583,19
22584,15
22585,19
22586,19
22587,19
22588,15
22589,22
22590,19
22591,15
22592,4
22593,19
22594,4
22595,19
22596,4
22597,6
22598,15
22599,5
22600,23
22601,18
22602,15
22603,10
22604,4
22605,19
22606,4
22607,23
22608,19
22609,15
22610,19
22611,4
22612,4
22613,16
22614,19
22615,4
22616,18
22617,19
22618,15
22619,19
22620,19
22621,15
22622,19
22623,19
22624,18
22625,19
22626,15
22627,4
22628,5
22629,22
22630,15
22631,19
22632,18
22633,5
22634,15
22635,15
22636,4
22637,9
22638,15
22639,15
22640,4
22641,13
22642,15
22643,13
22644,6
22645,13
22646,15
22647,22
22648,4
22649,19
22650,23
22651,19
22652,19
22653,4
22654,13
22655,15
22656,23
22657,15
22658,15
22659,15
22660,23
22661,15
22662,4
22663,10
22664,15
22665,15
22666,22
22667,22
22668,15
22669,4
22670,10
22671,19
22672,19
22673,15
22674,22
22675,15
22676,13
22677,4
22678,19
22679,1
22680,22
22681,18
22682,15
22683,11
22684,0
22685,22
22686,15
22687,15
22688,15
22689,4
22690,15
22691,22
22692,19
22693,19
22694,10
22695,19
22696,15
22697,15
22698,14
22699,19
22700,22
22701,11
22702,15
22703,15
22704,13
22705,19
22706,15
22707,13
22708,18
22709,19
22710,4
22711,15
22712,13
22713,15
22714,22
22715,15
22716,22
22717,19
22718,6
22719,18
22720,23
22721,13
22722,9
22723,15
22724,22
22725,4
22726,15
22727,15
22728,4
22729,13
22730,15
22731,15
22732,15
22733,4
22734,18
22735,11
22736,8
22737,19
22738,4
22739,15
22740,10
22741,15
22742,4
22743,23
22744,13
22745,15
22746,4
22747,19
22748,2
22749,4
22750,23
22751,15
22752,15
22753,15
22754,13
22755,19
22756,22
22757,11
22758,13
22759,0
22760,13
22761,19
22762,15
22763,15
22764,15
22765,4
22766,14
22767,5
22768,15
22769,15
22770,4
22771,22
22772,15
22773,19
22774,22
22775,13
22776,22
22777,15
22778,13
22779,4
22780,4
22781,15
22782,18
22783,15
22784,15
22785,15
22786,12
22787,4
22788,4
22789,23
22790,23
22791,4
22792,13
22793,18
22794,13
22795,19
22796,10
22797,15
22798,15
22799,6
22800,4
22801,13
22802,13
22803,15
22804,15
22805,13
22806,19
22807,15
22808,19
22809,13
22810,4
22811,4
22812,4
22813,4
22814,15
22815,19
22816,11
22817,13
22818,10
22819,6
22820,19
22821,23
22822,19
22823,15
22824,19
22825,19
22826,18
22827,22
22828,15
22829,15
22830,18
22831,15
22832,13
22833,19
22834,4
22835,0
22836,15
22837,15
22838,2
22839,22
22840,19
22841,15
22842,15
22843,15
22844,22
22845,19
22846,19
22847,4
22848,15
22849,13
22850,19
22851,15
22852,4
22853,15
22854,15
22855,15
22856,15
22857,15
22858,19
22859,23
22860,18
22861,4
22862,13
22863,13
22864,19
22865,15
22866,9
22867,19
22868,13
22869,4
22870,19
22871,19
22872,23
22873,4
22874,19
22875,15
22876,15
22877,18
22878,18
22879,15
22880,15
22881,19
22882,19
22883,19
22884,4
22885,18
22886,4
22887,19
22888,4
22889,13
22890,4
22891,10
22892,4
22893,14
22894,13
22895,4
22896,6
22897,15
22898,0
22899,10
22900,18
22901,18
22902,14
22903,15
22904,15
22905,19
22906,15
22907,13
22908,4
22909,23
22910,15
22911,15
22912,19
22913,15
22914,4
22915,15
22916,4
22917,15
22918,4
22919,19
22920,13
22921,15
22922,15
22923,15
22924,15
22925,15
22926,15
22927,22
22928,22
22929,19
22930,4
22931,15
22932,4
22933,4
22934,19
22935,19
22936,22
22937,19
22938,4
22939,19
22940,13
22941,10
22942,16
22943,13
22944,15
22945,13
22946,4
22947,4
22948,15
22949,9
22950,15
22951,9
22952,13
22953,19
22954,15
22955,15
22956,22
22957,15
22958,13
22959,4
22960,15
22961,15
22962,15
22963,0
22964,4
22965,6
22966,13
22967,19
22968,4
22969,4
22970,19
22971,22
22972,19
22973,4
22974,15
22975,15
22976,15
22977,10
22978,13
22979,19
22980,19
22981,19
22982,15
22983,13
22984,0
22985,13
22986,15
22987,15
22988,4
22989,15
22990,22
22991,15
22992,19
22993,23
22994,15
22995,0
22996,12
22997,4
22998,15
22999,11
23000,4
23001,4
23002,19
23003,15
23004,15
23005,15
23006,22
23007,18
23008,15
23009,14
23010,15
23011,15
23012,4
23013,12
23014,22
23015,15
23016,22
23017,13
23018,0
23019,18
23020,22
23021,4
23022,12
23023,19
23024,14
23025,15
23026,13
23027,19
23028,15
23029,18
23030,15
23031,9
23032,4
23033,19
23034,19
23035,10
23036,15
23037,15
23038,4
23039,15
23040,13
23041,15
23042,4
23043,15
23044,15
23045,4
23046,9
23047,22
23048,15
23049,4
23050,15
23051,10
23052,19
23053,15
23054,15
23055,15
23056,23
23057,2
23058,15
23059,13
23060,4
23061,19
23062,18
23063,15
23064,19
23065,4
23066,22
23067,15
23068,5
23069,19
23070,10
23071,19
23072,15
23073,4
23074,13
23075,13
23076,19
23077,4
23078,15
23079,6
23080,15
23081,23
23082,4
23083,4
23084,19
23085,19
23086,15
23087,13
23088,19
23089,15
23090,19
23091,6
23092,15
23093,15
23094,19
23095,9
23096,4
23097,15
23098,15
23099,4
23100,18
23101,4
23102,19
23103,4
23104,15
23105,15
23106,6
23107,15
23108,15
23109,19
23110,15
23111,15
23112,4
23113,15
23114,15
23115,4
23116,19
23117,15
23118,13
23119,19
23120,23
23121,15
23122,15
23123,4
23124,23
23125,22
23126,15
23127,1
23128,15
23129,19
23130,13
23131,18
23132,6
23133,19
23134,15
23135,19
23136,6
23137,15
23138,4
23139,2
23140,15
23141,13
23142,15
23143,19
23144,19
23145,19
23146,15
23147,13
23148,15
23149,18
23150,4
23151,15
23152,19
23153,19
23154,15
23155,4
23156,13
23157,15
23158,6
23159,18
23160,13
23161,13
23162,4
23163,12
23164,13
23165,15
23166,4
23167,4
23168,15
23169,22
23170,4
23171,15
23172,15
23173,4
23174,23
23175,4
23176,4
23177,15
23178,15
23179,15
23180,22
23181,15
23182,15
23183,15
23184,13
23185,13
23186,15
23187,15
23188,15
23189,19
23190,22
23191,23
23192,19
23193,11
23194,15
23195,4
23196,15
23197,5
23198,19
23199,15
23200,15
23201,15
23202,19
23203,4
23204,4
23205,10
23206,15
23207,15
23208,4
23209,15
23210,4
23211,9
23212,18
23213,19
23214,13
23215,15
23216,15
23217,13
23218,15
23219,4
23220,6
23221,13
23222,9
23223,15
23224,22
23225,19
23226,13
23227,9
23228,19
23229,13
23230,4
23231,4
23232,15
23233,14
23234,15
23235,15
23236,22
23237,18
23238,15
23239,10
23240,22
23241,18
23242,15
23243,13
23244,13
23245,15
23246,15
23247,4
23248,22
23249,22
23250,4
23251,10
23252,10
23253,15
23254,19
23255,12
23256,4
23257,13
23258,13
23259,19
23260,12
23261,15
23262,6
23263,15
23264,6
23265,9
23266,22
23267,15
23268,10
23269,23
23270,14
23271,22
23272,15
23273,15
23274,19
23275,14
23276,15
23277,22
23278,10
23279,13
23280,13
23281,4
23282,4
23283,10
23284,4
23285,15
23286,15
23287,15
23288,22
23289,13
23290,15
23291,15
23292,19
23293,15
23294,15
23295,15
23296,13
23297,15
23298,23
23299,1
23300,13
23301,15
23302,13
23303,22
23304,15
23305,15
23306,4
23307,15
23308,4
23309,4
23310,10
23311,13
23312,13
23313,9
23314,19
23315,15
23316,15
23317,15
23318,13
23319,10
23320,15
23321,13
23322,4
23323,4
23324,10
23325,14
23326,4
23327,4
23328,4
23329,22
23330,18
23331,15
23332,19
23333,15
23334,15
23335,22
23336,19
23337,4
23338,10
23339,15
23340,4
23341,23
23342,4
23343,18
23344,13
23345,23
23346,4
23347,19
23348,11
23349,13
23350,15
23351,15
23352,19
23353,0
23354,15
23355,15
23356,23
23357,15
23358,19
23359,15
23360,15
23361,4
23362,15
23363,9
23364,4
23365,4
23366,18
23367,9
23368,12
23369,22
23370,15
23371,15
23372,15
23373,15
23374,2
23375,15
23376,22
23377,4
23378,4
23379,13
23380,15
23381,4
23382,22
23383,4
23384,19
23385,13
23386,23
23387,15
23388,15
23389,15
23390,18
23391,13
23392,15
23393,0
23394,15
23395,4
23396,19
23397,11
23398,14
23399,15
23400,4
23401,4
23402,11
23403,19
23404,23
23405,14
23406,4
23407,15
23408,13
23409,9
23410,15
23411,4
23412,13
23413,4
23414,4
23415,18
23416,14
23417,15
23418,15
23419,4
23420,4
23421,15
23422,4
23423,13
23424,15
23425,4
23426,23
23427,15
23428,22
23429,22
23430,19
23431,2
23432,14
23433,4
23434,22
23435,15
23436,19
23437,4
23438,22
23439,15
23440,23
23441,15
23442,15
23443,19
23444,15
23445,22
23446,4
23447,4
23448,13
23449,15
23450,19
23451,15
23452,12
23453,4
23454,9
23455,4
23456,15
23457,22
23458,5
23459,23
23460,19
23461,13
23462,15
23463,10
23464,15
23465,5
23466,15
23467,4
23468,15
23469,13
23470,23
23471,13
23472,19
23473,10
23474,15
23475,15
23476,15
23477,22
23478,23
23479,4
23480,13
23481,9
23482,16
23483,15
23484,15
23485,4
23486,19
23487,19
23488,15
23489,15
23490,18
23491,15
23492,19
23493,4
23494,4
23495,20
23496,15
23497,19
23498,13
23499,15
23500,23
23501,4
23502,15
23503,15
23504,22
23505,23
23506,15
23507,2
23508,14
23509,15
23510,1
23511,19
23512,15
23513,4
23514,4
23515,13
23516,19
23517,14
23518,15
23519,0
23520,22
23521,10
23522,22
23523,19
23524,19
23525,15
23526,4
23527,15
23528,15
23529,22
23530,15
23531,6
23532,22
23533,18
23534,19
23535,4
23536,4
23537,15
23538,13
23539,15
23540,13
23541,4
23542,13
23543,4
23544,15
23545,22
23546,4
23547,2
23548,14
23549,15
23550,15
23551,15
23552,15
23553,13
23554,18
23555,10
23556,15
23557,15
23558,13
23559,4
23560,19
23561,15
23562,4
23563,19
23564,6
23565,15
23566,4
23567,10
23568,23
23569,13
23570,13
23571,20
23572,13
23573,2
23574,11
23575,22
23576,19
23577,13
23578,15
23579,4
23580,22
23581,15
23582,19
23583,23
23584,15
23585,22
23586,4
23587,23
23588,4
23589,4
23590,15
23591,10
23592,19
23593,15
23594,19
23595,19
23596,18
23597,22
23598,13
23599,15
23600,4
23601,15
23602,5
23603,15
23604,4
23605,15
23606,19
23607,22
23608,19
23609,19
23610,15
23611,15
23612,22
23613,15
23614,15
23615,22
23616,15
23617,15
23618,6
23619,15
23620,4
23621,15
23622,15
23623,13
23624,15
23625,15
23626,19
23627,4
23628,4
23629,18
23630,15
23631,13
23632,4
23633,13
23634,13
23635,13
23636,1
23637,19
23638,15
23639,15
23640,13
23641,19
23642,22
23643,15
23644,23
23645,15
23646,19
23647,15
23648,15
23649,23
23650,4
23651,14
23652,1
23653,4
23654,15
23655,19
23656,4
23657,19
23658,9
23659,15
23660,15
23661,1
23662,15
23663,13
23664,11
23665,4
23666,10
23667,4
23668,10
23669,13
23670,19
23671,4
23672,19
23673,15
23674,19
23675,15
23676,19
23677,15
23678,15
23679,13
23680,23
23681,15
23682,19
23683,22
23684,4
23685,15
23686,10
23687,4
23688,22
23689,19
23690,4
23691,13
23692,15
23693,15
23694,15
23695,13
23696,19
23697,23
23698,15
23699,22
23700,15
23701,15
23702,15
23703,5
23704,19
23705,19
23706,23
23707,15
23708,4
23709,15
23710,15
23711,15
23712,6
23713,4
23714,13
23715,23
23716,10
23717,22
23718,15
23719,15
23720,13
23721,4
23722,19
23723,19
23724,15
23725,22
23726,15
23727,18
23728,19
23729,13
23730,22
23731,10
23732,15
23733,13
23734,15
23735,15
23736,4
23737,19
23738,15
23739,19
23740,23
23741,15
23742,15
23743,22
23744,15
23745,19
23746,13
23747,22
23748,4
23749,15
23750,15
23751,15
23752,13
23753,10
23754,18
23755,15
23756,15
23757,15
23758,4
23759,10
23760,13
23761,15
23762,15
23763,10
23764,15
23765,15
23766,19
23767,22
23768,15
23769,18
23770,19
23771,2
23772,18
23773,15
23774,19
23775,13
23776,19
23777,15
23778,19
23779,19
23780,9
23781,15
23782,19
23783,17
23784,15
23785,2
23786,13
23787,23
23788,15
23789,4
23790,19
23791,15
23792,4
23793,18
23794,15
23795,15
23796,22
23797,13
23798,19
23799,19
23800,10
23801,10
23802,15
23803,23
23804,23
23805,15
23806,19
23807,13
23808,4
23809,13
23810,15
23811,15
23812,22
23813,13
23814,19
23815,4
23816,13
23817,19
23818,12
23819,15
23820,4
23821,22
23822,19
23823,5
23824,15
23825,4
23826,10
23827,15
23828,19
23829,15
23830,15
23831,19
23832,19
23833,15
23834,19
23835,15
23836,4
23837,15
23838,13
23839,15
23840,15
23841,15
23842,2
23843,9
23844,4
23845,15
23846,19
23847,9
23848,19
23849,15
23850,15
23851,22
23852,12
23853,16
23854,4
23855,15
23856,15
23857,19
23858,5
23859,15
23860,15
23861,15
23862,4
23863,18
23864,4
23865,18
23866,15
23867,22
23868,19
23869,15
23870,4
23871,16
23872,15
23873,13
23874,9
23875,15
23876,15
23877,15
23878,13
23879,4
23880,9
23881,19
23882,15
23883,11
23884,15
23885,13
23886,6
23887,22
23888,19
23889,16
23890,13
23891,19
23892,15
23893,13
23894,4
23895,15
23896,22
23897,23
23898,19
23899,15
23900,9
23901,4
23902,22
23903,6
23904,13
23905,15
23906,4
23907,15
23908,19
23909,18
23910,15
23911,15
23912,15
23913,18
23914,15
23915,18
23916,15
23917,15
23918,15
23919,1
23920,13
23921,15
23922,15
23923,18
23924,4
23925,23
23926,15
23927,13
23928,19
23929,23
23930,13
23931,15
23932,4
23933,22
23934,12
23935,11
23936,22
23937,15
23938,19
23939,15
23940,19
23941,13
23942,14
23943,13
23944,13
23945,15
23946,0
23947,12
23948,18
23949,11
23950,15
23951,22
23952,15
23953,4
23954,15
23955,22
23956,15
23957,19
23958,13
23959,15
23960,19
23961,15
23962,19
23963,6
23964,4
23965,22
23966,4
23967,4
23968,15
23969,9
23970,15
23971,4
23972,13
23973,15
23974,4
23975,18
23976,19
23977,15
23978,1
23979,15
23980,15
23981,19
23982,18
23983,10
23984,13
23985,4
23986,23
23987,15
23988,23
23989,19
23990,15
23991,19
23992,4
23993,4
23994,15
23995,4
23996,19
23997,15
23998,4
23999,4
24000,19
24001,19
24002,15
24003,19
24004,4
24005,20
24006,22
24007,13
24008,22
24009,19
24010,22
24011,15
24012,22
24013,19
24014,22
24015,15
24016,10
24017,13
24018,13
24019,19
24020,4
24021,15
24022,15
24023,15
24024,19
24025,22
24026,6
24027,4
24028,13
24029,19
24030,15
24031,19
24032,22
24033,23
24034,19
24035,5
24036,23
24037,4
24038,4
24039,18
24040,11
24041,13
24042,15
24043,15
24044,22
24045,15
24046,18
24047,13
24048,7
24049,18
24050,23
24051,13
24052,15
24053,15
24054,18
24055,15
24056,13
24057,13
24058,9
24059,22
24060,15
24061,15
24062,15
24063,18
24064,19
24065,13
24066,15
24067,15
24068,4
24069,19
24070,4
24071,15
24072,18
24073,23
24074,15
24075,6
24076,11
24077,15
24078,4
24079,15
24080,15
24081,19
24082,13
24083,19
24084,13
24085,23
24086,13
24087,15
24088,18
24089,5
24090,19
24091,15
24092,15
24093,13
24094,15
24095,15
24096,19
24097,13
24098,15
24099,15
24100,15
24101,18
24102,15
24103,22
24104,5
24105,13
24106,13
24107,18
24108,4
24109,19
24110,15
24111,15
24112,15
24113,23
24114,23
24115,4
24116,19
24117,10
24118,15
24119,15
24120,13
24121,4
24122,19
24123,19
24124,15
24125,23
24126,4
24127,13
24128,4
24129,19
24130,19
24131,19
24132,15
24133,15
24134,22
24135,23
24136,22
24137,15
24138,22
24139,19
24140,4
24141,22
24142,19
24143,1
24144,9
24145,15
24146,15
24147,18
24148,18
24149,18
24150,13
24151,4
24152,15
24153,13
24154,19
24155,15
24156,1
24157,4
24158,6
24159,22
24160,2
24161,22
24162,23
24163,2
24164,15
24165,18
24166,22
24167,13
24168,19
24169,4
24170,4
24171,19
24172,19
24173,13
24174,4
24175,4
24176,19
24177,15
24178,15
24179,4
24180,18
24181,15
24182,15
24183,4
24184,15
24185,0
24186,9
24187,15
24188,4
24189,15
24190,22
24191,4
24192,19
24193,13
24194,4
24195,13
24196,15
24197,15
24198,1
24199,19
24200,15
24201,4
24202,13
24203,4
24204,15
24205,22
24206,13
24207,15
24208,15
24209,12
24210,23
24211,23
24212,10
24213,15
24214,15
24215,6
24216,13
24217,15
24218,10
24219,11
24220,10
24221,15
24222,15
24223,6
24224,13
24225,19
24226,22
24227,15
24228,5
24229,19
24230,4
24231,19
24232,15
24233,15
24234,15
24235,15
24236,22
24237,15
24238,22
24239,13
24240,15
24241,22
24242,4
24243,15
24244,2
24245,11
24246,4
24247,0
24248,15
24249,15
24250,15
24251,22
24252,15
24253,23
24254,15
24255,19
24256,16
24257,4
24258,4
24259,8
24260,4
24261,15
24262,10
24263,22
24264,4
24265,13
24266,22
24267,23
24268,22
24269,5
24270,19
24271,15
24272,19
24273,14
24274,18
24275,10
24276,15
24277,4
24278,13
24279,15
24280,19
24281,15
24282,9
24283,4
24284,15
24285,15
24286,4
24287,13
24288,15
24289,15
24290,19
24291,4
24292,14
24293,15
24294,23
24295,10
24296,6
24297,13
24298,19
24299,4
24300,4
24301,15
24302,15
24303,12
24304,13
24305,4
24306,4
24307,13
24308,19
24309,9
24310,15
24311,15
24312,16
24313,15
24314,4
24315,15
24316,4
24317,10
24318,15
24319,15
24320,19
24321,4
24322,4
24323,19
24324,4
24325,15
24326,15
24327,6
24328,23
24329,13
24330,15
24331,12
24332,13
24333,15
24334,4
24335,15
24336,13
24337,4
24338,4
24339,1
24340,22
24341,4
24342,15
24343,23
24344,15
24345,22
24346,10
24347,15
24348,17
24349,4
24350,22
24351,22
24352,5
24353,15
24354,15
24355,19
24356,4
24357,13
24358,18
24359,4
24360,19
24361,19
24362,4
24363,22
24364,15
24365,13
24366,19
24367,19
24368,18
24369,4
24370,10
24371,15
24372,15
24373,18
24374,18
24375,1
24376,18
24377,10
24378,13
24379,2
24380,15
24381,15
24382,4
24383,19
24384,22
24385,22
24386,4
24387,22
24388,19
24389,23
24390,4
24391,23
24392,19
24393,15
24394,4
24395,4
24396,19
24397,15
24398,9
24399,15
24400,15
24401,4
24402,15
24403,15
24404,15
24405,15
24406,19
24407,13
24408,15
24409,15
24410,15
24411,15
24412,4
24413,0
24414,10
24415,19
24416,13
24417,16
24418,4
24419,22
24420,15
24421,19
24422,15
24423,15
24424,15
24425,4
24426,15
24427,13
24428,15
24429,11
24430,19
24431,15
24432,15
24433,10
24434,19
24435,15
24436,15
24437,15
24438,11
24439,15
24440,4
24441,4
24442,22
24443,13
24444,11
24445,19
24446,15
24447,23
24448,15
24449,23
24450,7
24451,15
24452,16
24453,4
24454,10
24455,19
24456,4
24457,4
24458,4
24459,13
24460,13
24461,15
24462,4
24463,4
24464,15
24465,4
24466,22
24467,18
24468,22
24469,10
24470,22
24471,13
24472,15
24473,19
24474,14
24475,15
24476,15
24477,12
24478,15
24479,15
24480,4
24481,10
24482,18
24483,4
24484,19
24485,4
24486,14
24487,15
24488,22
24489,22
24490,13
24491,15
24492,4
24493,18
24494,15
24495,9
24496,15
24497,15
24498,18
24499,18
24500,4
24501,4
24502,19
24503,22
24504,15
24505,15
24506,15
24507,15
24508,22
24509,10
24510,15
24511,5
24512,15
24513,23
24514,15
24515,1
24516,15
24517,15
24518,19
24519,13
24520,15
24521,13
24522,12
24523,19
24524,15
24525,6
24526,14
24527,19
24528,15
24529,19
24530,2
24531,4
24532,4
24533,15
24534,18
24535,4
24536,10
24537,19
24538,15
24539,13
24540,19
24541,4
24542,13
24543,19
24544,15
24545,4
24546,4
24547,15
24548,15
24549,22
24550,15
24551,19
24552,19
24553,15
24554,13
24555,18
24556,22
24557,10
24558,13
24559,22
24560,19
24561,15
24562,15
24563,22
24564,4
24565,19
24566,15
24567,5
24568,19
24569,19
24570,4
24571,15
24572,15
24573,22
24574,4
24575,10
24576,15
24577,13
24578,15
24579,4
24580,10
24581,15
24582,19
24583,10
24584,18
24585,4
24586,19
24587,11
24588,15
24589,19
24590,13
24591,4
24592,19
24593,4
24594,22
24595,15
24596,19
24597,13
24598,22
24599,15
24600,15
24601,15
24602,6
24603,15
24604,19
24605,15
24606,23
24607,4
24608,13
24609,19
24610,4
24611,4
24612,19
24613,15
24614,4
24615,15
24616,6
24617,15
24618,6
24619,13
24620,15
24621,23
24622,19
24623,15
24624,15
24625,4
24626,13
24627,19
24628,15
24629,2
24630,20
24631,4
24632,13
24633,13
24634,13
24635,13
24636,4
24637,4
24638,10
24639,23
24640,19
24641,13
24642,15
24643,15
24644,4
24645,4
24646,15
24647,15
24648,23
24649,22
24650,15
24651,4
24652,19
24653,13
24654,4
24655,19
24656,15
24657,11
24658,22
24659,15
24660,13
24661,4
24662,19
24663,19
24664,4
24665,4
24666,4
24667,0
24668,12
24669,10
24670,15
24671,4
24672,15
24673,4
24674,4
24675,15
24676,22
24677,4
24678,15
24679,19
24680,22
24681,4
24682,15
24683,22
24684,4
24685,11
24686,4
24687,19
24688,18
24689,11
24690,4
24691,15
24692,4
24693,22
24694,15
24695,19
24696,4
24697,23
24698,15
24699,4
24700,23
24701,13
24702,15
24703,19
24704,13
24705,15
24706,4
24707,10
24708,15
24709,12
24710,11
24711,23
24712,11
24713,4
24714,4
24715,16
24716,13
24717,15
24718,15
24719,19
24720,15
24721,15
24722,18
24723,1
24724,22
24725,15
24726,4
24727,22
24728,15
24729,15
24730,4
24731,15
24732,13
24733,15
24734,19
24735,19
24736,4
24737,19
24738,4
24739,19
24740,4
24741,15
24742,4
24743,10
24744,15
24745,15
24746,19
24747,15
24748,22
24749,4
24750,19
24751,6
24752,15
24753,19
24754,15
24755,15
24756,11
24757,4
24758,13
24759,19
24760,19
24761,15
24762,18
24763,2
24764,7
24765,19
24766,22
24767,15
24768,12
24769,0
24770,16
24771,18
24772,13
24773,4
24774,19
24775,15
24776,15
24777,15
24778,15
24779,19
24780,10
24781,15
24782,9
24783,13
24784,15
24785,4
24786,15
24787,15
24788,4
24789,19
24790,22
24791,4
24792,11
24793,15
24794,4
24795,19
24796,10
24797,22
24798,13
24799,22
24800,15
24801,4
24802,4
24803,22
24804,19
24805,19
24806,19
24807,15
24808,23
24809,10
24810,6
24811,10
24812,12
24813,15
24814,15
24815,22
24816,15
24817,10
24818,22
24819,13
24820,15
24821,22
24822,4
24823,15
24824,22
24825,19
24826,10
24827,15
24828,16
24829,4
24830,15
24831,4
24832,23
24833,19
24834,10
24835,19
24836,6
24837,15
24838,15
24839,19
24840,18
24841,19
24842,13
24843,19
24844,9
24845,19
24846,22
24847,13
24848,13
24849,13
24850,13
24851,15
24852,22
24853,19
24854,22
24855,11
24856,15
24857,15
24858,15
24859,9
24860,13
24861,15
24862,15
24863,4
24864,19
24865,13
24866,4
24867,15
24868,4
24869,15
24870,13
24871,15
24872,14
24873,4
24874,15
24875,15
24876,15
24877,13
24878,4
24879,23
24880,4
24881,15
24882,13
24883,19
24884,11
24885,18
24886,4
24887,19
24888,4
24889,15
24890,4
24891,15
24892,13
24893,15
24894,14
24895,15
24896,4
24897,22
24898,4
24899,15
24900,13
24901,15
24902,4
24903,15
24904,15
24905,12
24906,19
24907,4
24908,15
24909,15
24910,19
24911,23
24912,22
24913,23
24914,19
24915,19
24916,19
24917,19
24918,15
24919,19
24920,15
24921,19
24922,15
24923,19
24924,4
24925,4
24926,13
24927,19
24928,18
24929,4
24930,14
24931,4
24932,15
24933,23
24934,13
24935,15
24936,15
24937,22
24938,15
24939,4
24940,19
24941,15
24942,4
24943,15
24944,15
24945,10
24946,19
24947,4
24948,22
24949,19
24950,18
24951,19
24952,22
24953,22
24954,19
24955,4
24956,19
24957,15
24958,13
24959,22
24960,15
24961,10
24962,4
24963,4
24964,19
24965,4
24966,4
24967,15
24968,12
24969,15
24970,4
24971,15
24972,13
24973,4
24974,23
24975,13
24976,4
24977,13
24978,15
24979,10
24980,23
24981,13
24982,19
24983,4
24984,13
24985,19
24986,4
24987,15
24988,9
24989,15
24990,10
24991,13
24992,23
24993,15
24994,19
24995,15
24996,13
24997,23
24998,18
24999,4
25000,15
25001,22
25002,13
25003,15
25004,6
25005,22
25006,10
25007,22
25008,9
25009,19
25010,4
25011,18
25012,13
25013,19
25014,19
25015,13
25016,14
25017,15
25018,11
25019,13
25020,15
25021,15
25022,11
25023,12
25024,23
25025,15
25026,22
25027,0
25028,18
25029,15
25030,15
25031,13
25032,15
25033,4
25034,15
25035,19
25036,15
25037,13
25038,19
25039,19
25040,12
25041,4
25042,22
25043,18
25044,15
25045,15
25046,13
25047,15
25048,13
25049,15
25050,19
25051,19
25052,15
25053,15
25054,12
25055,12
25056,15
25057,4
25058,4
25059,19
25060,7
25061,15
25062,15
25063,15
25064,12
25065,6
25066,4
25067,4
25068,15
25069,15
25070,6
25071,15
25072,15
25073,19
25074,19
25075,12
25076,4
25077,22
25078,15
25079,22
25080,4
25081,19
25082,13
25083,18
25084,4
25085,10
25086,8
25087,15
25088,19
25089,19
25090,23
25091,2
25092,13
25093,22
25094,4
25095,6
25096,15
25097,15
25098,4
25099,15
25100,4
25101,19
25102,19
25103,13
25104,4
25105,18
25106,22
25107,15
25108,9
25109,19
25110,4
25111,4
25112,15
25113,13
25114,4
25115,18
25116,15
25117,19
25118,4
25119,22
25120,13
25121,10
25122,4
25123,19
25124,15
25125,4
25126,13
25127,5
25128,13
25129,15
25130,4
25131,22
25132,15
25133,15
25134,18
25135,13
25136,19
25137,4
25138,13
25139,19
25140,22
25141,18
25142,15
25143,19
25144,15
25145,15
25146,15
25147,18
25148,14
25149,15
25150,4
25151,15
25152,15
25153,4
25154,19
25155,13
25156,13
25157,19
25158,15
25159,10
25160,4
25161,13
25162,15
25163,13
25164,15
25165,15
25166,15
25167,15
25168,11
25169,22
25170,19
25171,15
25172,15
25173,15
25174,13
25175,15
25176,13
25177,15
25178,22
25179,15
25180,13
25181,15
25182,19
25183,15
25184,10
25185,15
25186,15
25187,15
25188,15
25189,19
25190,15
25191,10
25192,18
25193,19
25194,4
25195,19
25196,15
25197,4
25198,15
25199,15
25200,4
25201,19
25202,15
25203,10
25204,4
25205,13
25206,15
25207,4
25208,19
25209,22
25210,18
25211,15
25212,4
25213,12
25214,19
25215,4
25216,19
25217,23
25218,4
25219,10
25220,15
25221,22
25222,19
25223,4
25224,22
25225,4
25226,19
25227,15
25228,15
25229,4
25230,4
25231,18
25232,15
25233,19
25234,13
25235,15
25236,4
25237,15
25238,4
25239,2
25240,4
25241,15
25242,0
25243,19
25244,15
25245,18
25246,4
25247,15
25248,15
25249,17
25250,15
25251,15
25252,23
25253,4
25254,22
25255,22
25256,13
25257,15
25258,19
25259,13
25260,3
25261,15
25262,15
25263,22
25264,13
25265,10
25266,22
25267,4
25268,4
25269,15
25270,22
25271,15
25272,22
25273,14
25274,19
25275,15
25276,15
25277,15
25278,15
25279,2
25280,4
25281,4
25282,15
25283,15
25284,13
25285,4
25286,4
25287,19
25288,15
25289,19
25290,15
25291,22
25292,19
25293,13
25294,4
25295,22
25296,15
25297,15
25298,4
25299,15
25300,15
25301,15
25302,15
25303,19
25304,23
25305,19
25306,23
25307,22
25308,4
25309,13
25310,15
25311,14
25312,22
25313,15
25314,4
25315,15
25316,19
25317,15
25318,18
25319,22
25320,15
25321,22
25322,13
25323,4
25324,4
25325,15
25326,4
25327,4
25328,15
25329,9
25330,4
25331,15
25332,15
25333,10
25334,4
25335,15
25336,22
25337,4
25338,4
25339,15
25340,15
25341,19
25342,22
25343,16
25344,15
25345,15
25346,15
25347,19
25348,4
25349,15
25350,15
25351,13
25352,4
25353,15
25354,15
25355,1
25356,15
25357,4
25358,22
25359,19
25360,22
25361,13
25362,4
25363,13
25364,15
25365,4
25366,15
25367,15
25368,23
25369,6
25370,4
25371,14
25372,13
25373,4
25374,18
25375,15
25376,15
25377,4
25378,18
25379,11
25380,15
25381,15
25382,15
25383,11
25384,4
25385,15
25386,13
25387,6
25388,19
25389,15
25390,4
25391,19
25392,15
25393,22
25394,15
25395,13
25396,16
25397,4
25398,19
25399,13
25400,4
25401,6
25402,22
25403,4
25404,23
25405,19
25406,19
25407,4
25408,19
25409,10
25410,12
25411,4
25412,9
25413,19
25414,4
25415,15
25416,4
25417,13
25418,15
25419,15
25420,19
25421,15
25422,15
25423,1
25424,22
25425,4
25426,13
25427,13
25428,4
25429,19
25430,15
25431,13
25432,15
25433,4
25434,19
25435,4
25436,16
25437,15
25438,23
25439,4
25440,7
25441,22
25442,4
25443,15
25444,4
25445,4
25446,15
25447,15
25448,4
25449,15
25450,12
25451,13
25452,19
25453,18
25454,13
25455,13
25456,19
25457,15
25458,13
25459,4
25460,13
25461,19
25462,15
25463,19
25464,13
25465,23
25466,22
25467,15
25468,19
25469,13
25470,15
25471,19
25472,15
25473,22
25474,4
25475,4
25476,4
25477,22
25478,14
25479,4
25480,15
25481,15
25482,18
25483,15
25484,13
25485,15
25486,15
25487,4
25488,15
25489,23
25490,4
25491,23
25492,13
25493,4
25494,15
25495,15
25496,13
25497,5
25498,19
25499,10
25500,19
25501,4
25502,4
25503,19
25504,22
25505,15
25506,19
25507,6
25508,15
25509,22
25510,15
25511,15
25512,15
25513,19
25514,23
25515,15
25516,15
25517,23
25518,15
25519,10
25520,15
25521,13
25522,13
25523,22
25524,19
25525,15
25526,23
25527,19
25528,15
25529,15
25530,4
25531,15
25532,4
25533,19
25534,13
25535,22
25536,23
25537,22
25538,15
25539,13
25540,19
25541,22
25542,15
25543,19
25544,15
25545,8
25546,9
25547,4
25548,2
25549,15
25550,15
25551,23
25552,15
25553,2
25554,23
25555,15
25556,15
25557,4
25558,15
25559,15
25560,6
25561,19
25562,18
25563,22
25564,19
25565,14
25566,15
25567,15
25568,4
25569,4
25570,15
25571,13
25572,15
25573,4
25574,4
25575,19
25576,19
25577,22
25578,19
25579,19
25580,15
25581,15
25582,15
25583,13
25584,12
25585,15
25586,22
25587,15
25588,10
25589,15
25590,23
25591,10
25592,15
25593,19
25594,7
25595,4
25596,13
25597,15
25598,19
25599,15
25600,15
25601,4
25602,4
25603,15
25604,9
25605,19
25606,19
25607,18
25608,15
25609,10
25610,14
25611,15
25612,4
25613,19
25614,14
25615,15
25616,10
25617,4
25618,19
25619,19
25620,15
25621,1
25622,15
25623,4
25624,19
25625,15
25626,15
25627,13
25628,4
25629,19
25630,22
25631,15
25632,4
25633,15
25634,22
25635,18
25636,15
25637,13
25638,15
25639,19
25640,9
25641,15
25642,19
25643,15
25644,23
25645,4
25646,15
25647,22
25648,13
25649,13
25650,4
25651,14
25652,19
25653,6
25654,4
25655,18
25656,19
25657,10
25658,1
25659,19
25660,15
25661,19
25662,15
25663,19
25664,19
25665,15
25666,4
25667,4
25668,15
25669,4
25670,4
25671,19
25672,15
25673,13
25674,19
25675,13
25676,22
25677,9
25678,15
25679,4
25680,15
25681,15
25682,15
25683,15
25684,15
25685,10
25686,15
25687,4
25688,12
25689,19
25690,15
25691,15
25692,4
25693,13
25694,15
25695,13
25696,15
25697,15
25698,15
25699,23
25700,15
25701,13
25702,4
25703,15
25704,14
25705,19
25706,18
25707,22
25708,10
25709,4
25710,15
25711,4
25712,15
25713,19
25714,19
25715,10
25716,13
25717,15
25718,15
25719,23
25720,15
25721,15
25722,18
25723,4
25724,15
25725,22
25726,18
25727,19
25728,4
25729,15
25730,13
25731,1
25732,4
25733,15
25734,6
25735,13
25736,19
25737,15
25738,4
25739,19
25740,13
25741,4
25742,15
25743,22
25744,2
25745,1
25746,4
25747,15
25748,4
25749,15
25750,4
25751,12
25752,13
25753,5
25754,13
25755,4
25756,13
25757,19
25758,22
25759,19
25760,19
25761,11
25762,4
25763,15
25764,15
25765,15
25766,13
25767,15
25768,13
25769,2
25770,4
25771,19
25772,15
25773,19
25774,15
25775,15
25776,18
25777,10
25778,13
25779,15
25780,4
25781,15
25782,22
25783,19
25784,19
25785,10
25786,15
25787,23
25788,19
25789,22
25790,13
25791,13
25792,19
25793,13
25794,11
25795,15
25796,15
25797,15
25798,4
25799,15
25800,18
25801,19
25802,15
25803,15
25804,15
25805,15
25806,15
25807,4
25808,15
25809,19
25810,15
25811,19
25812,15
25813,13
25814,22
25815,15
25816,15
25817,22
25818,15
25819,5
25820,15
25821,23
25822,4
25823,15
25824,0
25825,15
25826,15
25827,4
25828,19
25829,13
25830,19
25831,13
25832,4
25833,19
25834,19
25835,4
25836,19
25837,19
25838,19
25839,4
25840,4
25841,4
25842,13
25843,22
25844,23
25845,4
25846,15
25847,13
25848,13
25849,23
25850,10
25851,1
25852,15
25853,4
25854,19
25855,19
25856,15
25857,23
25858,13
25859,15
25860,23
25861,15
25862,15
25863,13
25864,13
25865,19
25866,13
25867,13
25868,15
25869,22
25870,12
25871,12
25872,19
25873,23
25874,10
25875,19
25876,6
25877,4
25878,22
25879,10
25880,15
25881,15
25882,13
25883,15
25884,14
25885,4
25886,12
25887,1
25888,2
25889,9
25890,10
25891,19
25892,4
25893,15
25894,13
25895,13
25896,15
25897,15
25898,19
25899,15
25900,2
25901,15
25902,22
25903,22
25904,23
25905,15
25906,15
25907,15
25908,13
25909,10
25910,15
25911,4
25912,15
25913,11
25914,19
25915,15
25916,19
25917,15
25918,18
25919,19
25920,19
25921,15
25922,13
25923,4
25924,19
25925,15
25926,15
25927,9
25928,22
25929,15
25930,22
25931,15
25932,4
25933,19
25934,19
25935,4
25936,4
25937,15
25938,13
25939,15
25940,23
25941,9
25942,15
25943,15
25944,4
25945,19
25946,15
25947,13
25948,15
25949,15
25950,4
25951,19
25952,15
25953,22
25954,19
25955,23
25956,22
25957,22
25958,15
25959,4
25960,10
25961,15
25962,23
25963,4
25964,4
25965,19
25966,16
25967,15
25968,18
25969,10
25970,15
25971,4
25972,19
25973,15
25974,13
25975,22
25976,15
25977,15
25978,19
25979,6
25980,4
25981,4
25982,4
25983,15
25984,19
25985,23
25986,19
25987,15
25988,19
25989,9
25990,15
25991,13
25992,12
25993,22
25994,13
25995,13
25996,19
25997,15
25998,13
25999,15
26000,10
26001,4
26002,4
26003,23
26004,13
26005,5
26006,4
26007,19
26008,13
26009,13
26010,11
26011,4
26012,8
26013,19
26014,18
26015,13
26016,13
26017,19
26018,22
26019,15
26020,4
26021,15
26022,23
26023,15
26024,15
26025,4
26026,13
26027,19
26028,10
26029,23
26030,15
26031,15
26032,4
26033,19
26034,22
26035,13
26036,15
26037,19
26038,13
26039,19
26040,15
26041,15
26042,5
26043,22
26044,23
26045,15
26046,9
26047,15
26048,13
26049,22
26050,6
26051,15
26052,15
26053,12
26054,4
26055,9
26056,22
26057,4
26058,15
26059,4
26060,19
26061,10
26062,19
26063,15
26064,15
26065,19
26066,16
26067,4
26068,15
26069,22
26070,22
26071,15
26072,15
26073,19
26074,15
26075,19
26076,13
26077,7
26078,11
26079,5
26080,19
26081,15
26082,10
26083,4
26084,13
26085,4
26086,19
26087,15
26088,4
26089,15
26090,9
26091,5
26092,19
26093,10
26094,4
26095,14
26096,19
26097,15
26098,10
26099,15
26100,20
26101,15
26102,4
26103,6
26104,15
26105,5
26106,0
26107,13
26108,4
26109,23
26110,19
26111,22
26112,19
26113,19
26114,4
26115,23
26116,15
26117,15
26118,22
26119,15
26120,15
26121,15
26122,18
26123,15
26124,19
26125,19
26126,10
26127,4
26128,22
26129,19
26130,13
26131,15
26132,22
26133,4
26134,23
26135,13
26136,4
26137,15
26138,13
26139,4
26140,4
26141,4
26142,15
26143,4
26144,15
26145,15
26146,13
26147,4
26148,18
26149,6
26150,4
26151,22
26152,15
26153,15
26154,13
26155,10
26156,22
26157,15
26158,4
26159,15
26160,4
26161,19
26162,19
26163,6
26164,15
26165,15
26166,15
26167,15
26168,2
26169,4
26170,15
26171,4
26172,13
26173,22
26174,15
26175,19
26176,19
26177,11
26178,19
26179,22
26180,19
26181,9
26182,4
26183,4
26184,4
26185,4
26186,15
26187,13
26188,15
26189,4
26190,15
26191,19
26192,22
26193,4
26194,19
26195,15
26196,15
26197,9
26198,15
26199,15
26200,18
26201,13
26202,15
26203,15
26204,15
26205,19
26206,13
26207,4
26208,19
26209,13
26210,13
26211,15
26212,13
26213,13
26214,15
26215,19
26216,15
26217,15
26218,15
26219,13
26220,4
26221,15
26222,15
26223,22
26224,15
26225,12
26226,23
26227,15
26228,15
26229,22
26230,4
26231,15
26232,13
26233,15
26234,22
26235,19
26236,15
26237,19
26238,4
26239,15
26240,4
26241,22
26242,12
26243,18
26244,19
26245,15
26246,15
26247,15
26248,5
26249,15
26250,15
26251,15
26252,15
26253,12
26254,19
26255,4
26256,15
26257,15
26258,15
26259,15
26260,15
26261,19
26262,6
26263,4
26264,5
26265,15
26266,4
26267,19
26268,15
26269,19
26270,19
26271,13
26272,4
26273,13
26274,22
26275,19
26276,19
26277,18
26278,12
26279,6
26280,22
26281,13
26282,15
26283,23
26284,15
26285,22
26286,4
26287,19
26288,15
26289,4
26290,15
26291,13
26292,15
26293,15
26294,15
26295,19
26296,15
26297,19
26298,4
26299,14
26300,10
26301,19
26302,22
26303,1
26304,16
26305,12
26306,4
26307,13
26308,9
26309,19
26310,22
26311,15
26312,22
26313,15
26314,13
26315,19
26316,19
26317,15
26318,13
26319,6
26320,22
26321,15
26322,19
26323,22
26324,4
26325,19
26326,15
26327,13
26328,13
26329,19
26330,6
26331,22
26332,13
26333,15
26334,10
26335,15
26336,10
26337,15
26338,19
26339,15
26340,15
26341,19
26342,15
26343,19
26344,4
26345,4
26346,18
26347,2
26348,19
26349,4
26350,22
26351,23
26352,9
26353,15
26354,10
26355,13
26356,15
26357,15
26358,6
26359,15
26360,15
26361,13
26362,13
26363,15
26364,19
26365,15
26366,1
26367,12
26368,22
26369,18
26370,15
26371,19
26372,18
26373,18
26374,6
26375,15
26376,15
26377,19
26378,15
26379,18
26380,23
26381,15
26382,10
26383,15
26384,4
26385,15
26386,15
26387,15
26388,19
26389,4
26390,9
26391,4
26392,19
26393,22
26394,13
26395,4
26396,4
26397,15
26398,4
26399,4
26400,10
26401,19
26402,4
26403,19
26404,15
26405,19
26406,19
26407,15
26408,15
26409,13
26410,4
26411,15
26412,4
26413,15
26414,4
26415,23
26416,4
26417,23
26418,15
26419,6
26420,13
26421,22
26422,0
26423,19
26424,15
26425,19
26426,15
26427,4
26428,13
26429,15
26430,22
26431,18
26432,15
26433,13
26434,4
26435,4
26436,22
26437,19
26438,15
26439,12
26440,15
26441,11
26442,13
26443,15
26444,22
26445,19
26446,19
26447,22
26448,22
26449,18
26450,19
26451,15
26452,15
26453,3
26454,22
26455,15
26456,6
26457,15
26458,13
26459,15
26460,19
26461,11
26462,16
26463,19
26464,13
26465,15
26466,13
26467,10
26468,4
26469,14
26470,22
26471,23
26472,15
26473,4
26474,19
26475,15
26476,9
26477,15
26478,18
26479,23
26480,4
26481,18
26482,15
26483,13
26484,4
26485,13
26486,6
26487,22
26488,13
26489,4
26490,13
26491,15
26492,4
26493,15
26494,19
26495,23
26496,4
26497,13
26498,19
26499,15
26500,15
26501,18
26502,15
26503,22
26504,13
26505,19
26506,4
26507,15
26508,19
26509,15
26510,16
26511,15
26512,19
26513,4
26514,15
26515,10
26516,15
26517,15
26518,15
26519,19
26520,10
26521,19
26522,13
26523,15
26524,22
26525,4
26526,15
26527,19
26528,13
26529,13
26530,15
26531,10
26532,15
26533,10
26534,19
26535,15
26536,15
26537,22
26538,4
26539,19
26540,10
26541,13
26542,10
26543,22
26544,4
26545,19
26546,22
26547,10
26548,15
26549,5
26550,22
26551,13
26552,15
26553,4
26554,15
26555,12
26556,15
26557,4
26558,0
26559,15
26560,14
26561,15
26562,13
26563,4
26564,15
26565,15
26566,10
26567,13
26568,15
26569,13
26570,19
26571,13
26572,15
26573,18
26574,5
26575,4
26576,1
26577,15
26578,13
26579,15
26580,15
26581,15
26582,15
26583,15
26584,4
26585,15
26586,9
26587,9
26588,15
26589,15
26590,13
26591,11
26592,19
26593,19
26594,4
26595,19
26596,23
26597,4
26598,15
26599,13
26600,15
26601,4
26602,18
26603,19
26604,12
26605,15
26606,16
26607,15
26608,4
26609,22
26610,4
26611,15
26612,15
26613,19
26614,22
26615,19
26616,10
26617,13
26618,19
26619,18
26620,19
26621,13
26622,4
26623,19
26624,13
26625,22
26626,12
26627,4
26628,15
26629,6
26630,13
26631,4
26632,2
26633,15
26634,15
26635,18
26636,13
26637,4
26638,15
26639,19
26640,15
26641,13
26642,13
26643,4
26644,9
26645,18
26646,4
26647,10
26648,23
26649,4
26650,19
26651,4
26652,19
26653,13
26654,10
26655,4
26656,15
26657,19
26658,15
26659,22
26660,4
26661,23
26662,4
26663,15
26664,5
26665,19
26666,4
26667,4
26668,19
26669,13
26670,4
26671,4
26672,15
26673,15
26674,19
26675,15
26676,23
26677,19
26678,4
26679,4
26680,15
26681,4
26682,10
26683,13
26684,4
26685,15
26686,19
26687,5
26688,19
26689,13
26690,19
26691,15
26692,19
26693,15
26694,15
26695,15
26696,6
26697,15
26698,15
26699,15
26700,22
26701,4
26702,13
26703,15
26704,6
26705,13
26706,15
26707,13
26708,22
26709,19
26710,13
26711,15
26712,22
26713,19
26714,4
26715,19
26716,13
26717,4
26718,15
26719,23
26720,15
26721,23
26722,23
26723,19
26724,18
26725,15
26726,13
26727,15
26728,15
26729,23
26730,13
26731,2
26732,15
26733,15
26734,10
26735,22
26736,15
26737,15
26738,11
26739,4
26740,4
26741,15
26742,15
26743,18
26744,19
26745,15
26746,5
26747,4
26748,10
26749,15
26750,13
26751,4
26752,19
26753,4
26754,15
26755,6
26756,4
26757,13
26758,15
26759,4
26760,4
26761,19
26762,13
26763,13
26764,4
26765,13
26766,4
26767,4
26768,6
26769,15
26770,15
26771,23
26772,22
26773,10
26774,23
26775,15
26776,19
26777,15
26778,19
26779,15
26780,15
26781,4
26782,23
26783,4
26784,4
26785,22
26786,19
26787,4
26788,4
26789,13
26790,18
26791,4
26792,19
26793,19
26794,12
26795,4
26796,4
26797,19
26798,4
26799,15
26800,15
26801,11
26802,6
26803,13
26804,12
26805,19
26806,19
26807,18
26808,15
26809,15
26810,14
26811,15
26812,19
26813,19
26814,15
26815,6
26816,15
26817,9
26818,22
26819,4
26820,15
26821,15
26822,9
26823,23
26824,19
26825,18
26826,15
26827,10
26828,4
26829,15
26830,18
26831,4
26832,13
26833,18
26834,13
26835,15
26836,22
26837,13
26838,23
26839,15
26840,11
26841,15
26842,15
26843,19
26844,6
26845,19
26846,23
26847,15
26848,13
26849,15
26850,22
26851,15
26852,13
26853,15
26854,22
26855,4
26856,15
26857,15
26858,15
26859,15
26860,15
26861,13
26862,19
26863,12
26864,19
26865,15
26866,15
26867,4
26868,4
26869,6
26870,23
26871,16
26872,15
26873,4
26874,4
26875,15
26876,15
26877,15
26878,19
26879,15
26880,19
26881,13
26882,19
26883,4
26884,13
26885,22
26886,4
26887,10
26888,19
26889,15
26890,22
26891,13
26892,18
26893,22
26894,19
26895,4
26896,23
26897,15
26898,0
26899,13
26900,4
26901,15
26902,15
26903,13
26904,18
26905,15
26906,4
26907,19
26908,15
26909,4
26910,22
26911,6
26912,13
26913,15
26914,19
26915,15
26916,13
26917,19
26918,4
26919,19
26920,9
26921,19
26922,4
26923,19
26924,18
26925,9
26926,19
26927,6
26928,15
26929,15
26930,10
26931,22
26932,22
26933,13
26934,4
26935,9
26936,15
26937,19
26938,4
26939,15
26940,22
26941,15
26942,18
26943,13
26944,15
26945,4
26946,22
26947,19
26948,4
26949,13
26950,19
26951,15
26952,5
26953,13
26954,15
26955,23
26956,19
26957,15
26958,10
26959,15
26960,15
26961,19
26962,4
26963,15
26964,4
26965,22
26966,4
26967,15
26968,22
26969,15
26970,13
26971,15
26972,15
26973,19
26974,19
26975,15
26976,4
26977,19
26978,15
26979,4
26980,23
26981,13
26982,19
26983,4
26984,23
26985,15
26986,14
26987,19
26988,19
26989,15
26990,23
26991,19
26992,19
26993,19
26994,19
26995,19
26996,23
26997,10
26998,22
26999,6
27000,15
27001,22
27002,15
27003,19
27004,13
27005,4
27006,15
27007,13
27008,13
27009,2
27010,15
27011,13
27012,15
27013,15
27014,15
27015,18
27016,10
27017,11
27018,15
27019,22
27020,0
27021,6
27022,19
27023,20
27024,13
27025,10
27026,4
27027,6
27028,19
27029,2
27030,4
27031,9
27032,19
27033,19
27034,23
27035,23
27036,13
27037,15
27038,15
27039,13
27040,10
27041,15
27042,15
27043,13
27044,15
27045,23
27046,4
27047,4
27048,13
27049,5
27050,11
27051,15
27052,15
27053,13
27054,15
27055,19
27056,15
27057,13
27058,4
27059,15
27060,22
27061,4
27062,4
27063,13
27064,15
27065,4
27066,15
27067,15
27068,6
27069,19
27070,13
27071,2
27072,10
27073,1
27074,19
27075,4
27076,22
27077,4
27078,10
27079,15
27080,13
27081,15
27082,18
27083,15
27084,15
27085,18
27086,19
27087,15
27088,22
27089,18
27090,18
27091,4
27092,4
27093,15
27094,13
27095,15
27096,23
27097,19
27098,19
27099,13
27100,19
27101,19
27102,19
27103,13
27104,15
27105,5
27106,10
27107,13
27108,18
27109,15
27110,19
27111,19
27112,13
27113,10
27114,4
27115,19
27116,15
27117,4
27118,13
27119,15
27120,4
27121,22
27122,9
27123,18
27124,14
27125,22
27126,13
27127,15
27128,0
27129,4
27130,15
27131,15
27132,15
27133,15
27134,22
27135,6
27136,15
27137,22
27138,4
27139,16
27140,15
27141,4
27142,22
27143,4
27144,13
27145,22
27146,15
27147,13
27148,23
27149,19
27150,19
27151,4
27152,15
27153,22
27154,13
27155,22
27156,23
27157,4
27158,4
27159,15
27160,15
27161,1
27162,15
27163,15
27164,22
27165,15
27166,15
27167,23
27168,4
27169,15
27170,10
27171,15
27172,9
27173,13
27174,10
27175,10
27176,19
27177,13
27178,4
27179,13
27180,4
27181,19
27182,15
27183,15
27184,19
27185,15
27186,15
27187,15
27188,18
27189,13
27190,15
27191,4
27192,4
27193,19
27194,15
27195,13
27196,19
27197,9
27198,22
27199,15
27200,4
27201,19
27202,5
27203,15
27204,3
27205,13
27206,9
27207,13
27208,16
27209,15
27210,15
27211,15
27212,18
27213,15
27214,15
27215,15
27216,13
27217,4
27218,22
27219,6
27220,4
27221,22
27222,22
27223,13
27224,2
27225,15
27226,19
27227,4
27228,15
27229,23
27230,19
27231,15
27232,4
27233,5
27234,15
27235,15
27236,4
27237,15
27238,4
27239,15
27240,15
27241,14
27242,19
27243,22
27244,15
27245,23
27246,15
27247,15
27248,15
27249,15
27250,15
27251,15
27252,22
27253,14
27254,15
27255,22
27256,4
27257,23
27258,15
27259,19
27260,15
27261,19
27262,18
27263,15
27264,4
27265,4
27266,15
27267,19
27268,15
27269,4
27270,15
27271,4
27272,15
27273,19
27274,15
27275,15
27276,13
27277,23
27278,15
27279,19
27280,22
27281,1
27282,15
27283,13
27284,4
27285,13
27286,19
27287,15
27288,15
27289,4
27290,15
27291,6
27292,15
27293,13
27294,15
27295,13
27296,15
27297,9
27298,13
27299,15
27300,14
27301,13
27302,4
27303,13
27304,4
27305,19
27306,19
27307,23
27308,6
27309,5
27310,13
27311,4
27312,4
27313,9
27314,15
27315,4
27316,19
27317,15
27318,15
27319,6
27320,19
27321,15
27322,15
27323,15
27324,15
27325,15
27326,15
27327,19
27328,15
27329,13
27330,15
27331,19
27332,13
27333,4
27334,22
27335,15
27336,15
27337,19
27338,22
27339,13
27340,22
27341,15
27342,4
27343,23
27344,19
27345,23
27346,4
27347,13
27348,15
27349,4
27350,22
27351,15
27352,15
27353,13
27354,4
27355,4
27356,12
27357,6
27358,15
27359,19
27360,15
27361,2
27362,10
27363,4
27364,13
27365,19
27366,4
27367,15
27368,4
27369,18
27370,22
27371,15
27372,15
27373,13
27374,15
27375,15
27376,15
27377,23
27378,23
27379,4
27380,23
27381,15
27382,19
27383,13
27384,4
27385,2
27386,4
27387,22
27388,15
27389,16
27390,22
27391,15
27392,16
27393,23
27394,19
27395,15
27396,19
27397,22
27398,15
27399,15
27400,10
27401,4
27402,19
27403,4
27404,19
27405,15
27406,15
27407,4
27408,22
27409,4
27410,5
27411,19
27412,4
27413,15
27414,22
27415,15
27416,4
27417,2
27418,19
27419,15
27420,19
27421,15
27422,15
27423,4
27424,18
27425,4
27426,23
27427,13
27428,19
27429,6
27430,13
27431,15
27432,13
27433,23
27434,4
27435,13
27436,4
27437,19
27438,22
27439,4
27440,18
27441,22
27442,15
27443,15
27444,15
27445,4
27446,22
27447,15
27448,19
27449,15
27450,19
27451,19
27452,19
27453,13
27454,9
27455,6
27456,15
27457,19
27458,4
27459,22
27460,15
27461,13
27462,15
27463,15
27464,23
27465,0
27466,12
27467,19
27468,13
27469,18
27470,13
27471,19
27472,15
27473,12
27474,5
27475,15
27476,12
27477,22
27478,13
27479,15
27480,15
27481,15
27482,13
27483,15
27484,4
27485,15
27486,15
27487,19
27488,15
27489,2
27490,19
27491,5
27492,13
27493,4
27494,4
27495,15
27496,4
27497,4
27498,4
27499,4
27500,10
27501,15
27502,13
27503,13
27504,15
27505,22
27506,19
27507,15
27508,9
27509,2
27510,13
27511,19
27512,19
27513,15
27514,4
27515,13
27516,19
27517,19
27518,5
27519,4
27520,4
27521,15
27522,23
27523,23
27524,15
27525,15
27526,15
27527,15
27528,13
27529,4
27530,19
27531,19
27532,19
27533,15
27534,13
27535,13
27536,13
27537,15
27538,4
27539,4
27540,4
27541,15
27542,14
27543,4
27544,13
27545,19
27546,22
27547,13
27548,15
27549,13
27550,10
27551,15
27552,4
27553,1
27554,6
27555,4
27556,15
27557,13
27558,15
27559,15
27560,13
27561,15
27562,15
27563,4
27564,4
27565,4
27566,13
27567,12
27568,15
27569,15
27570,19
27571,19
27572,15
27573,22
27574,18
27575,5
27576,4
27577,4
27578,1
27579,13
27580,19
27581,19
27582,16
27583,15
27584,22
27585,19
27586,22
27587,19
27588,19
27589,13
27590,15
27591,15
27592,15
27593,18
27594,19
27595,16
27596,15
27597,19
27598,15
27599,15
27600,19
27601,19
27602,4
27603,23
27604,15
27605,4
27606,19
27607,18
27608,6
27609,10
27610,13
27611,13
27612,18
27613,23
27614,23
27615,4
27616,19
27617,22
27618,15
27619,6
27620,19
27621,15
27622,15
27623,19
27624,4
27625,6
27626,15
27627,19
27628,12
27629,16
27630,22
27631,15
27632,19
27633,15
27634,6
27635,6
27636,11
27637,19
27638,15
27639,15
27640,13
27641,10
27642,13
27643,15
27644,10
27645,0
27646,13
27647,15
27648,13
27649,15
27650,22
27651,13
27652,15
27653,19
27654,13
27655,4
27656,15
27657,4
27658,19
27659,4
27660,4
27661,4
27662,11
27663,18
27664,15
27665,5
27666,15
27667,4
27668,22
27669,15
27670,22
27671,22
27672,0
27673,23
27674,15
27675,15
27676,6
27677,15
27678,4
27679,4
27680,15
27681,10
27682,15
27683,15
27684,12
27685,15
27686,13
27687,13
27688,4
27689,15
27690,13
27691,4
27692,13
27693,19
27694,22
27695,15
27696,15
27697,4
27698,23
27699,15
27700,23
27701,19
27702,19
27703,18
27704,4
27705,4
27706,15
27707,15
27708,15
27709,15
27710,10
27711,15
27712,19
27713,15
27714,13
27715,13
27716,15
27717,4
27718,4
27719,4
27720,18
27721,19
27722,15
27723,15
27724,15
27725,19
27726,15
27727,15
27728,13
27729,15
27730,19
27731,4
27732,6
27733,15
27734,22
27735,19
27736,19
27737,15
27738,19
27739,4
27740,23
27741,15
27742,0
27743,10
27744,4
27745,4
27746,4
27747,4
27748,15
27749,15
27750,13
27751,15
27752,22
27753,6
27754,15
27755,4
27756,4
27757,18
27758,9
27759,4
27760,6
27761,13
27762,22
27763,23
27764,15
27765,19
27766,13
27767,19
27768,15
27769,4
27770,4
27771,19
27772,15
27773,19
27774,13
27775,19
27776,4
27777,19
27778,19
27779,22
27780,4
27781,23
27782,19
27783,15
27784,13
27785,13
27786,4
27787,15
27788,4
27789,15
27790,19
27791,19
27792,10
27793,15
27794,11
27795,19
27796,22
27797,15
27798,13
27799,4
27800,15
27801,6
27802,15
27803,15
27804,19
27805,4
27806,4
27807,13
27808,13
27809,15
27810,15
27811,4
27812,15
27813,15
27814,15
27815,10
27816,9
27817,6
27818,15
27819,4
27820,15
27821,19
27822,4
27823,19
27824,23
27825,13
27826,13
27827,4
27828,18
27829,15
27830,6
27831,6
27832,16
27833,15
27834,4
27835,22
27836,18
27837,9
27838,4
27839,15
27840,2
27841,16
27842,23
27843,19
27844,15
27845,15
27846,15
27847,23
27848,13
27849,4
27850,15
27851,13
27852,4
27853,11
27854,15
27855,10
27856,4
27857,13
27858,15
27859,15
27860,4
27861,23
27862,15
27863,13
27864,23
27865,13
27866,19
27867,15
27868,6
27869,19
27870,15
27871,13
27872,15
27873,14
27874,4
27875,4
27876,13
27877,5
27878,19
27879,15
27880,15
27881,13
27882,13
27883,10
27884,15
27885,13
27886,19
27887,19
27888,15
27889,23
27890,15
27891,15
27892,18
27893,4
27894,19
27895,18
27896,15
27897,13
27898,15
27899,15
27900,15
27901,15
27902,4
27903,15
27904,9
27905,4
27906,4
27907,13
27908,15
27909,4
27910,18
27911,22
27912,15
27913,19
27914,19
27915,13
27916,5
27917,13
27918,22
27919,4
27920,15
27921,13
27922,4
27923,10
27924,15
27925,22
27926,15
27927,19
27928,6
27929,11
27930,6
27931,10
27932,4
27933,4
27934,15
27935,13
27936,6
27937,15
27938,22
27939,4
27940,22
27941,15
27942,15
27943,22
27944,10
27945,15
27946,15
27947,23
27948,19
27949,15
27950,15
27951,15
27952,15
27953,23
27954,19
27955,4
27956,4
27957,13
27958,9
27959,19
27960,10
27961,15
27962,15
27963,4
27964,15
27965,18
27966,18
27967,15
27968,15
27969,18
27970,19
27971,13
27972,15
27973,15
27974,1
27975,15
27976,15
27977,22
27978,19
27979,15
27980,15
27981,15
27982,15
27983,15
27984,19
27985,4
27986,19
27987,19
27988,22
27989,4
27990,15
27991,15
27992,22
27993,15
27994,4
27995,20
27996,15
27997,13
27998,12
27999,15
28000,4
28001,15
28002,4
28003,15
28004,15
28005,15
28006,13
28007,15
28008,15
28009,5
28010,19
28011,13
28012,15
28013,4
28014,5
28015,23
28016,9
28017,15
28018,13
28019,19
28020,4
28021,19
28022,6
28023,4
28024,18
28025,19
28026,18
28027,19
28028,15
28029,13
28030,17
28031,19
28032,22
28033,19
28034,10
28035,13
28036,4
28037,10
28038,13
28039,4
28040,13
28041,15
28042,4
28043,4
28044,12
28045,18
28046,13
28047,19
28048,19
28049,15
28050,19
28051,15
28052,19
28053,18
28054,16
28055,15
28056,18
28057,4
28058,19
28059,15
28060,22
28061,15
28062,15
28063,13
28064,9
28065,12
28066,13
28067,4
28068,19
28069,15
28070,4
28071,15
28072,23
28073,13
28074,15
28075,15
28076,23
28077,19
28078,4
28079,4
28080,15
28081,18
28082,4
28083,4
28084,15
28085,14
28086,15
28087,19
28088,13
28089,11
28090,11
28091,13
28092,19
28093,15
28094,5
28095,15
28096,15
28097,19
28098,19
28099,22
28100,19
28101,16
28102,22
28103,12
28104,22
28105,4
28106,4
28107,20
28108,15
28109,15
28110,12
28111,19
28112,4
28113,22
28114,13
28115,15
28116,10
28117,22
28118,22
28119,19
28120,4
28121,15
28122,15
28123,23
28124,4
28125,15
28126,22
28127,10
28128,22
28129,15
28130,13
28131,13
28132,15
28133,19
28134,15
28135,18
28136,19
28137,9
28138,19
28139,15
28140,15
28141,19
28142,19
28143,15
28144,22
28145,22
28146,19
28147,13
28148,10
28149,13
28150,9
28151,4
28152,6
28153,15
28154,19
28155,9
28156,6
28157,22
28158,22
28159,15
28160,15
28161,19
28162,15
28163,15
28164,15
28165,12
28166,6
28167,10
28168,15
28169,15
28170,12
28171,10
28172,23
28173,15
28174,15
28175,4
28176,15
28177,13
28178,15
28179,0
28180,15
28181,10
28182,22
28183,15
28184,12
28185,19
28186,15
28187,4
28188,19
28189,18
28190,22
28191,22
28192,15
28193,15
28194,22
28195,19
28196,15
28197,22
28198,15
28199,15
28200,15
28201,5
28202,6
28203,4
28204,19
28205,13
28206,15
28207,15
28208,13
28209,9
28210,19
28211,19
28212,4
28213,13
28214,12
28215,4
28216,4
28217,19
28218,19
28219,4
28220,15
28221,19
28222,5
28223,22
28224,13
28225,19
28226,19
28227,4
28228,15
28229,15
28230,23
28231,18
28232,4
28233,13
28234,15
28235,14
28236,15
28237,15
28238,15
28239,12
28240,19
28241,15
28242,12
28243,15
28244,9
28245,15
28246,11
28247,13
28248,15
28249,15
28250,15
28251,19
28252,9
28253,15
28254,15
28255,3
28256,15
28257,4
28258,13
28259,19
28260,15
28261,0
28262,15
28263,16
28264,19
28265,19
28266,15
28267,13
28268,9
28269,15
28270,15
28271,15
28272,19
28273,19
28274,5
28275,19
28276,19
28277,15
28278,6
28279,15
28280,19
28281,22
28282,18
28283,23
28284,19
28285,15
28286,15
28287,19
28288,9
28289,10
28290,4
28291,13
28292,4
28293,15
28294,19
28295,19
28296,23
28297,19
28298,9
28299,22
28300,23
28301,15
28302,23
28303,15
28304,6
28305,15
28306,19
28307,15
28308,23
28309,15
28310,22
28311,15
28312,22
28313,23
28314,4
28315,18
28316,15
28317,4
28318,18
28319,23
28320,15
28321,5
28322,22
28323,1
28324,19
28325,15
28326,19
28327,19
28328,18
28329,15
28330,19
28331,4
28332,15
28333,11
28334,12
28335,0
28336,22
28337,15
28338,22
28339,19
28340,18
28341,13
28342,22
28343,19
28344,4
28345,23
28346,23
28347,4
28348,15
28349,16
28350,15
28351,6
28352,15
28353,22
28354,15
28355,23
28356,15
28357,13
28358,15
28359,16
28360,6
28361,22
28362,4
28363,15
28364,9
28365,15
28366,19
28367,15
28368,15
28369,22
28370,6
28371,13
28372,4
28373,15
28374,4
28375,22
28376,15
28377,19
28378,15
28379,19
28380,22
28381,15
28382,4
28383,15
28384,4
28385,4
28386,19
28387,4
28388,1
28389,15
28390,15
28391,19
28392,22
28393,19
28394,13
28395,15
28396,4
28397,19
28398,4
28399,23
28400,4
28401,23
28402,15
28403,19
28404,4
28405,15
28406,10
28407,15
28408,19
28409,10
28410,10
28411,4
28412,19
28413,11
28414,19
28415,23
28416,15
28417,19
28418,14
28419,23
28420,14
28421,15
28422,15
28423,22
28424,19
28425,22
28426,13
28427,19
28428,23
28429,19
28430,19
28431,15
28432,15
28433,4
28434,14
28435,10
28436,15
28437,13
28438,13
28439,12
28440,4
28441,15
28442,15
28443,13
28444,4
28445,19
28446,15
28447,15
28448,15
28449,13
28450,15
28451,22
28452,19
28453,4
28454,15
28455,19
28456,6
28457,10
28458,15
28459,15
28460,22
28461,22
28462,23
28463,15
28464,2
28465,15
28466,15
28467,19
28468,22
28469,1
28470,15
28471,22
28472,13
28473,4
28474,15
28475,4
28476,9
28477,10
28478,15
28479,4
28480,4
28481,22
28482,13
28483,13
28484,15
28485,13
28486,15
28487,15
28488,15
28489,18
28490,22
28491,18
28492,11
28493,4
28494,15
28495,15
28496,19
28497,15
28498,15
28499,22
28500,23
28501,11
28502,15
28503,4
28504,22
28505,13
28506,10
28507,13
28508,23
28509,13
28510,4
28511,13
28512,15
28513,18
28514,11
28515,13
28516,13
28517,13
28518,19
28519,15
28520,23
28521,15
28522,15
28523,4
28524,15
28525,13
28526,15
28527,15
28528,13
28529,10
28530,13
28531,5
28532,4
28533,16
28534,23
28535,19
28536,4
28537,10
28538,10
28539,19
28540,19
28541,15
28542,15
28543,15
28544,15
28545,6
28546,15
28547,22
28548,1
28549,13
28550,19
28551,10
28552,15
28553,15
28554,6
28555,19
28556,4
28557,1
28558,22
28559,15
28560,14
28561,22
28562,13
28563,4
28564,15
28565,18
28566,13
28567,4
28568,11
28569,4
28570,19
28571,19
28572,19
28573,9
28574,15
28575,11
28576,22
28577,6
28578,15
28579,4
28580,4
28581,9
28582,12
28583,4
28584,23
28585,15
28586,19
28587,4
28588,15
28589,15
28590,4
28591,15
28592,15
28593,4
28594,23
28595,22
28596,19
28597,4
28598,15
28599,4
28600,15
28601,9
28602,15
28603,15
28604,22
28605,15
28606,18
28607,19
28608,4
28609,6
28610,13
28611,13
28612,15
28613,11
28614,19
28615,4
28616,15
28617,15
28618,4
28619,15
28620,19
28621,19
28622,15
28623,13
28624,14
28625,19
28626,18
28627,12
28628,13
28629,10
28630,23
28631,19
28632,4
28633,0
28634,22
28635,10
28636,13
28637,19
28638,15
28639,19
28640,15
28641,15
28642,19
28643,15
28644,22
28645,11
28646,5
28647,15
28648,13
28649,4
28650,19
28651,4
28652,19
28653,19
28654,1
28655,6
28656,19
28657,15
28658,4
28659,4
28660,22
28661,15
28662,19
28663,4
28664,19
28665,16
28666,19
28667,15
28668,22
28669,19
28670,22
28671,13
28672,13
28673,22
28674,18
28675,22
28676,15
28677,10
28678,13
28679,10
28680,23
28681,19
28682,4
28683,15
28684,22
28685,13
28686,9
28687,15
28688,23
28689,19
28690,12
28691,15
28692,15
28693,12
28694,15
28695,10
28696,18
28697,15
28698,15
28699,22
28700,22
28701,4
28702,15
28703,15
28704,15
28705,13
28706,15
28707,15
28708,4
28709,15
28710,15
28711,15
28712,4
28713,23
28714,10
28715,18
28716,4
28717,19
28718,15
28719,4
28720,19
28721,23
28722,15
28723,15
28724,15
28725,15
28726,19
28727,19
28728,15
28729,13
28730,15
28731,15
28732,15
28733,4
28734,23
28735,15
28736,15
28737,1
28738,15
28739,15
28740,10
28741,13
28742,15
28743,9
28744,15
28745,13
28746,15
28747,4
28748,19
28749,19
28750,23
28751,15
28752,23
28753,15
28754,13
28755,19
28756,4
28757,6
28758,13
28759,13
28760,19
28761,15
28762,19
28763,4
28764,15
28765,15
28766,15
28767,23
28768,4
28769,4
28770,2
28771,15
28772,4
28773,23
28774,15
28775,2
28776,19
28777,15
28778,15
28779,13
28780,9
28781,15
28782,11
28783,19
28784,19
28785,13
28786,15
28787,22
28788,19
28789,19
28790,4
28791,22
28792,10
28793,22
28794,10
28795,15
28796,15
28797,4
28798,4
28799,15
28800,10
28801,19
28802,10
28803,19
28804,19
28805,4
28806,4
28807,12
28808,15
28809,22
28810,15
28811,15
28812,18
28813,19
28814,12
28815,13
28816,2
28817,15
28818,15
28819,22
28820,4
28821,6
28822,13
28823,15
28824,19
28825,15
28826,13
28827,15
28828,4
28829,23
28830,4
28831,15
28832,22
28833,13
28834,15
28835,19
28836,15
28837,15
28838,13
28839,4
28840,19
28841,15
28842,19
28843,19
28844,15
28845,15
28846,15
28847,3
28848,19
28849,13
28850,15
28851,19
28852,19
28853,2
28854,15
28855,23
28856,19
28857,10
28858,19
28859,4
28860,15
28861,4
28862,11
28863,4
28864,19
28865,22
28866,15
28867,4
28868,15
28869,15
28870,19
28871,19
28872,4
28873,19
28874,13
28875,4
28876,19
28877,13
28878,19
28879,4
28880,8
28881,22
28882,15
28883,22
28884,15
28885,4
28886,15
28887,4
28888,15
28889,19
28890,4
28891,15
28892,22
28893,15
28894,15
28895,22
28896,15
28897,15
28898,22
28899,15
28900,10
28901,2
28902,18
28903,15
28904,22
28905,15
28906,15
28907,4
28908,9
28909,15
28910,4
28911,22
28912,15
28913,22
28914,22
28915,15
28916,13
28917,15
28918,13
28919,4
28920,4
28921,18
28922,15
28923,10
28924,4
28925,19
28926,23
28927,15
28928,15
28929,13
28930,15
28931,22
28932,22
28933,15
28934,15
28935,15
28936,13
28937,13
28938,13
28939,15
28940,13
28941,10
28942,15
28943,15
28944,15
28945,23
28946,15
28947,15
28948,15
28949,13
28950,13
28951,23
28952,15
28953,4
28954,23
28955,15
28956,19
28957,15
28958,23
28959,4
28960,4
28961,15
28962,15
28963,15
28964,15
28965,19
28966,16
28967,18
28968,19
28969,15
28970,4
28971,15
28972,23
28973,1
28974,19
28975,10
28976,4
28977,15
28978,4
28979,19
28980,23
28981,15
28982,10
28983,15
28984,4
28985,14
28986,15
28987,15
28988,15
28989,15
28990,15
28991,4
28992,15
28993,4
28994,4
28995,15
28996,4
28997,10
28998,15
28999,4
29000,15
29001,13
29002,15
29003,15
29004,15
29005,15
29006,4
29007,19
29008,14
29009,15
29010,4
29011,12
29012,15
29013,15
29014,4
29015,15
29016,22
29017,18
29018,23
29019,15
29020,4
29021,15
29022,15
29023,15
29024,15
29025,4
29026,15
29027,15
29028,22
29029,19
29030,13
29031,4
29032,15
29033,15
29034,19
29035,18
29036,19
29037,15
29038,15
29039,9
29040,4
29041,10
29042,4
29043,19
29044,19
29045,4
29046,18
29047,18
29048,15
29049,12
29050,19
29051,4
29052,13
29053,22
29054,19
29055,22
29056,15
29057,15
29058,18
29059,19
29060,15
29061,13
29062,15
29063,19
29064,22
29065,22
29066,6
29067,12
29068,15
29069,4
29070,4
29071,13
29072,15
29073,13
29074,19
29075,15
29076,15
29077,15
29078,15
29079,19
29080,4
29081,4
29082,22
29083,13
29084,4
29085,4
29086,19
29087,4
29088,19
29089,15
29090,19
29091,19
29092,22
29093,15
29094,15
29095,6
29096,4
29097,4
29098,15
29099,23
29100,15
29101,4
29102,10
29103,22
29104,19
29105,15
29106,15
29107,15
29108,13
29109,13
29110,15
29111,19
29112,18
29113,15
29114,22
29115,15
29116,19
29117,12
29118,19
29119,13
29120,10
29121,4
29122,15
29123,15
29124,15
29125,4
29126,10
29127,7
29128,15
29129,22
29130,19
29131,4
29132,15
29133,15
29134,2
29135,13
29136,15
29137,9
29138,19
29139,15
29140,4
29141,13
29142,15
29143,19
29144,22
29145,4
29146,15
29147,4
29148,4
29149,22
29150,22
29151,6
29152,15
29153,18
29154,15
29155,19
29156,23
29157,4
29158,19
29159,15
29160,19
29161,19
29162,19
29163,19
29164,15
29165,19
29166,18
29167,15
29168,15
29169,4
29170,18
29171,13
29172,4
29173,18
29174,15
29175,18
29176,23
29177,9
29178,4
29179,16
29180,22
29181,4
29182,13
29183,15
29184,9
29185,15
29186,13
29187,10
29188,13
29189,19
29190,15
29191,15
29192,10
29193,13
29194,19
29195,15
29196,4
29197,4
29198,12
29199,18
29200,15
29201,19
29202,15
29203,19
29204,15
29205,15
29206,13
29207,15
29208,4
29209,4
29210,13
29211,4
29212,15
29213,11
29214,10
29215,23
29216,4
29217,4
29218,4
29219,4
29220,22
29221,13
29222,11
29223,4
29224,4
29225,22
29226,14
29227,15
29228,15
29229,15
29230,19
29231,15
29232,15
29233,13
29234,19
29235,23
29236,5
29237,15
29238,5
29239,1
29240,15
29241,19
29242,13
29243,13
29244,15
29245,4
29246,15
29247,4
29248,4
29249,22
29250,15
29251,13
29252,13
29253,15
29254,4
29255,23
29256,14
29257,19
29258,4
29259,4
29260,19
29261,15
29262,22
29263,15
29264,4
29265,19
29266,18
29267,19
29268,15
29269,14
29270,4
29271,13
29272,15
29273,13
29274,15
29275,12
29276,15
29277,4
29278,15
29279,15
29280,15
29281,22
29282,18
29283,15
29284,16
29285,9
29286,10
29287,4
29288,4
29289,15
29290,19
29291,4
29292,4
29293,4
29294,15
29295,4
29296,15
29297,15
29298,19
29299,15
29300,15
29301,6
29302,19
29303,18
29304,23
29305,19
29306,4
29307,13
29308,23
29309,13
29310,22
29311,18
29312,22
29313,4
29314,10
29315,4
29316,6
29317,0
29318,15
29319,15
29320,22
29321,15
29322,22
29323,15
29324,10
29325,15
29326,4
29327,13
29328,12
29329,15
29330,15
29331,15
29332,15
29333,15
29334,4
29335,15
29336,18
29337,15
29338,15
29339,15
29340,11
29341,9
29342,19
29343,4
29344,23
29345,15
29346,15
29347,13
29348,6
29349,15
29350,19
29351,15
29352,22
29353,15
29354,19
29355,13
29356,4
29357,15
29358,15
29359,18
29360,13
29361,15
29362,5
29363,15
29364,15
29365,15
29366,15
29367,6
29368,19
29369,15
29370,18
29371,18
29372,19
29373,9
29374,15
29375,15
29376,10
29377,13
29378,18
29379,15
29380,6
29381,19
29382,10
29383,23
29384,15
29385,13
29386,15
29387,15
29388,13
29389,4
29390,15
29391,15
29392,15
29393,15
29394,19
29395,15
29396,4
29397,15
29398,23
29399,15
29400,15
29401,13
29402,6
29403,15
29404,13
29405,4
29406,15
29407,12
29408,15
29409,12
29410,19
29411,22
29412,15
29413,15
29414,4
29415,13
29416,15
29417,15
29418,15
29419,15
29420,6
29421,19
29422,15
29423,4
29424,22
29425,9
29426,15
29427,12
29428,15
29429,13
29430,14
29431,19
29432,4
29433,15
29434,4
29435,13
29436,22
29437,10
29438,4
29439,15
29440,15
29441,23
29442,15
29443,4
29444,15
29445,2
29446,23
29447,15
29448,15
29449,15
29450,23
29451,4
29452,19
29453,15
29454,19
29455,15
29456,22
29457,4
29458,22
29459,4
29460,14
29461,22
29462,15
29463,15
29464,4
29465,15
29466,15
29467,13
29468,15
29469,10
29470,19
29471,15
29472,22
29473,15
29474,15
29475,13
29476,15
29477,19
29478,19
29479,4
29480,22
29481,19
29482,23
29483,13
29484,4
29485,14
29486,15
29487,22
29488,19
29489,13
29490,15
29491,15
29492,4
29493,15
29494,6
29495,10
29496,11
29497,11
29498,19
29499,15
29500,19
29501,4
29502,4
29503,15
29504,4
29505,16
29506,23
29507,15
29508,15
29509,15
29510,19
29511,19
29512,10
29513,16
29514,13
29515,23
29516,19
29517,15
29518,0
29519,4
29520,9
29521,18
29522,19
29523,15
29524,15
29525,19
29526,22
29527,4
29528,15
29529,23
29530,1
29531,4
29532,18
29533,19
29534,15
29535,15
29536,15
29537,19
29538,4
29539,15
29540,19
29541,15
29542,10
29543,19
29544,15
29545,5
29546,22
29547,14
29548,2
29549,15
29550,15
29551,4
29552,15
29553,13
29554,1
29555,15
29556,22
29557,15
29558,22
29559,4
29560,6
29561,14
29562,19
29563,15
29564,19
29565,4
29566,15
29567,13
29568,5
29569,15
29570,23
29571,4
29572,4
29573,15
29574,18
29575,19
29576,23
29577,13
29578,22
29579,10
29580,23
29581,19
29582,15
29583,18
29584,15
29585,23
29586,13
29587,19
29588,15
29589,4
29590,4
29591,19
29592,13
29593,15
29594,19
29595,19
29596,4
29597,19
29598,19
29599,10
29600,10
29601,19
29602,4
29603,15
29604,15
29605,19
29606,15
29607,0
29608,15
29609,22
29610,15
29611,15
29612,19
29613,4
29614,9
29615,4
29616,15
29617,15
29618,0
29619,4
29620,15
29621,19
29622,19
29623,19
29624,4
29625,15
29626,10
29627,15
29628,16
29629,22
29630,19
29631,22
29632,4
29633,19
29634,15
29635,19
29636,4
29637,13
29638,4
29639,0
29640,13
29641,15
29642,15
29643,15
29644,4
29645,4
29646,23
29647,10
29648,15
29649,22
29650,23
29651,2
29652,22
29653,15
29654,9
29655,13
29656,12
29657,15
29658,15
29659,19
29660,19
29661,19
29662,22
29663,19
29664,13
29665,23
29666,4
29667,15
29668,22
29669,15
29670,13
29671,15
29672,13
29673,19
29674,4
29675,4
29676,19
29677,14
29678,22
29679,15
29680,19
29681,15
29682,4
29683,15
29684,19
29685,22
29686,23
29687,7
29688,19
29689,2
29690,23
29691,15
29692,22
29693,19
29694,23
29695,5
29696,15
29697,4
29698,15
29699,15
29700,15
29701,4
29702,13
29703,4
29704,15
29705,4
29706,15
29707,15
29708,4
29709,19
29710,15
29711,9
29712,4
29713,4
29714,4
29715,4
29716,15
29717,15
29718,4
29719,13
29720,19
29721,19
29722,15
29723,4
29724,19
29725,14
29726,15
29727,15
29728,15
29729,15
29730,22
29731,19
29732,4
29733,15
29734,6
29735,18
29736,19
29737,15
29738,11
29739,15
29740,15
29741,23
29742,19
29743,19
29744,15
29745,13
29746,15
29747,15
29748,19
29749,18
29750,2
29751,15
29752,15
29753,4
29754,23
29755,19
29756,19
29757,15
29758,4
29759,13
29760,2
29761,4
29762,4
29763,14
29764,4
29765,10
29766,19
29767,19
29768,4
29769,19
29770,22
29771,4
29772,23
29773,15
29774,13
29775,4
29776,4
29777,12
29778,13
29779,15
29780,22
29781,19
29782,22
29783,4
29784,15
29785,13
29786,19
29787,4
29788,13
29789,19
29790,10
29791,15
29792,13
29793,15
29794,10
29795,4
29796,15
29797,13
29798,19
29799,15
29800,15
29801,19
29802,19
29803,15
29804,15
29805,15
29806,4
29807,4
29808,15
29809,18
29810,15
29811,4
29812,10
29813,16
29814,13
29815,19
29816,22
29817,2
29818,13
29819,13
29820,15
29821,15
29822,15
29823,18
29824,13
29825,4
29826,15
29827,13
29828,19
29829,4
29830,19
29831,19
29832,18
29833,19
29834,15
29835,13
29836,19
29837,22
29838,15
29839,15
29840,22
29841,19
29842,19
29843,15
29844,15
29845,22
29846,23
29847,18
29848,4
29849,15
29850,13
29851,4
29852,15
29853,4
29854,19
29855,19
29856,15
29857,19
29858,15
29859,15
29860,4
29861,15
29862,5
29863,15
29864,4
29865,19
29866,15
29867,19
29868,4
29869,10
29870,23
29871,4
29872,23
29873,13
29874,15
29875,13
29876,15
29877,18
29878,15
29879,4
29880,15
29881,15
29882,13
29883,15
29884,15
29885,15
29886,18
29887,5
29888,10
29889,4
29890,19
29891,5
29892,15
29893,4
29894,15
29895,23
29896,19
29897,4
29898,4
29899,10
29900,22
29901,4
29902,15
29903,12
29904,15
29905,4
29906,18
29907,15
29908,13
29909,15
29910,15
29911,14
29912,13
29913,19
29914,15
29915,19
29916,15
29917,15
29918,19
29919,15
29920,19
29921,13
29922,13
29923,9
29924,9
29925,15
29926,15
29927,19
29928,15
29929,15
29930,13
29931,13
29932,10
29933,13
29934,15
29935,9
29936,15
29937,15
29938,13
29939,19
29940,15
29941,19
29942,10
29943,23
29944,15
29945,18
29946,15
29947,19
29948,13
29949,13
29950,9
29951,4
29952,13
29953,4
29954,19
29955,15
29956,19
29957,15
29958,13
29959,15
29960,10
29961,4
29962,4
29963,4
29964,15
29965,5
29966,18
29967,22
29968,15
29969,15
29970,15
29971,22
29972,14
29973,19
29974,4
29975,15
29976,18
29977,4
29978,22
29979,13
29980,23
29981,22
29982,18
29983,4
29984,23
29985,13
29986,22
29987,23
29988,13
29989,13
29990,4
29991,23
29992,6
29993,23
29994,4
29995,4
29996,15
29997,15
29998,16
29999,15
30000,2
30001,15
30002,22
30003,19
30004,23
30005,5
30006,4
30007,13
30008,15
30009,23
30010,15
30011,19
30012,15
30013,22
30014,22
30015,23
30016,23
30017,22
30018,22
30019,16
30020,4
30021,15
30022,15
30023,10
30024,4
30025,15
30026,19
30027,15
30028,15
30029,15
30030,19
30031,1
30032,15
30033,4
30034,13
30035,10
30036,22
30037,23
30038,15
30039,15
30040,15
30041,18
30042,22
30043,18
30044,1
30045,13
30046,22
30047,4
30048,15
30049,9
30050,15
30051,16
30052,18
30053,22
30054,19
30055,15
30056,18
30057,13
30058,18
30059,10
30060,4
30061,22
30062,19
30063,2
30064,6
30065,15
30066,15
30067,4
30068,4
30069,18
30070,19
30071,2
30072,22
30073,19
30074,11
30075,4
30076,15
30077,13
30078,13
30079,22
30080,9
30081,13
30082,18
30083,4
30084,19
30085,15
30086,13
30087,15
30088,13
30089,15
30090,10
30091,4
30092,4
30093,13
30094,13
30095,22
30096,15
30097,4
30098,23
30099,19
30100,19
30101,4
30102,19
30103,4
30104,16
30105,19
30106,15
30107,9
30108,15
30109,11
30110,4
30111,13
30112,13
30113,4
30114,22
30115,22
30116,22
30117,15
30118,16
30119,13
30120,15
30121,15
30122,15
30123,0
30124,23
30125,4
30126,15
30127,15
30128,15
30129,15
30130,12
30131,11
30132,19
30133,15
30134,15
30135,15
30136,10
30137,12
30138,4
30139,19
30140,22
30141,19
30142,15
30143,4
30144,15
30145,4
30146,15
30147,4
30148,22
30149,23
30150,4
30151,13
30152,13
30153,15
30154,22
30155,4
30156,15
30157,22
30158,22
30159,23
30160,4
30161,13
30162,19
30163,15
30164,19
30165,19
30166,19
30167,19
30168,20
30169,15
30170,15
30171,15
30172,15
30173,15
30174,15
30175,4
30176,4
30177,15
30178,23
30179,23
30180,2
30181,10
30182,19
30183,15
30184,4
30185,19
30186,15
30187,15
30188,4
30189,15
30190,4
30191,15
30192,13
30193,15
30194,19
30195,15
30196,15
30197,15
30198,10
30199,15
30200,4
30201,15
30202,4
30203,19
30204,4
30205,11
30206,18
30207,15
30208,12
30209,15
30210,15
30211,15
30212,4
30213,23
30214,4
30215,2
30216,15
30217,19
30218,15
30219,22
30220,10
30221,15
30222,15
30223,15
30224,4
30225,19
30226,4
30227,15
30228,15
30229,15
30230,15
30231,15
30232,19
30233,19
30234,15
30235,18
30236,4
30237,22
30238,10
30239,4
30240,15
30241,19
30242,4
30243,4
30244,15
30245,15
30246,13
30247,4
30248,13
30249,4
30250,15
30251,13
30252,15
30253,4
30254,15
30255,5
30256,15
30257,1
30258,23
30259,15
30260,19
30261,19
30262,22
30263,19
30264,13
30265,15
30266,23
30267,4
30268,19
30269,15
30270,15
30271,15
30272,19
30273,15
30274,15
30275,22
30276,15
30277,19
30278,22
30279,15
30280,15
30281,4
30282,15
30283,19
30284,13
30285,15
30286,4
30287,15
30288,19
30289,18
30290,19
30291,4
30292,13
30293,22
30294,6
30295,13
30296,10
30297,15
30298,13
30299,19
30300,12
30301,22
30302,5
30303,4
30304,15
30305,12
30306,19
30307,15
30308,15
30309,13
30310,15
30311,4
30312,19
30313,8
30314,10
30315,15
30316,4
30317,4
30318,23
30319,5
30320,16
30321,19
30322,10
30323,15
30324,4
30325,4
30326,15
30327,15
30328,15
30329,15
30330,4
30331,18
30332,15
30333,10
30334,14
30335,15
30336,22
30337,19
30338,19
30339,4
30340,4
30341,16
30342,19
30343,10
30344,15
30345,23
30346,15
30347,4
30348,19
30349,13
30350,4
30351,22
30352,19
30353,15
30354,19
30355,15
30356,15
30357,19
30358,20
30359,15
30360,13
30361,13
30362,10
30363,15
30364,4
30365,4
30366,15
30367,19
30368,13
30369,23
30370,19
30371,4
30372,23
30373,19
30374,6
30375,19
30376,22
30377,23
30378,15
30379,4
30380,15
30381,4
30382,13
30383,4
30384,15
30385,19
30386,12
30387,15
30388,13
30389,22
30390,4
30391,15
30392,15
30393,4
30394,4
30395,6
30396,15
30397,19
30398,19
30399,15
30400,4
30401,15
30402,23
30403,15
30404,4
30405,15
30406,10
30407,11
30408,15
30409,4
30410,13
30411,4
30412,19
30413,15
30414,4
30415,19
30416,23
30417,15
30418,19
30419,15
30420,13
30421,15
30422,15
30423,15
30424,22
30425,13
30426,15
30427,4
30428,22
30429,22
30430,4
30431,13
30432,18
30433,11
30434,15
30435,15
30436,19
30437,15
30438,15
30439,13
30440,19
30441,13
30442,18
30443,4
30444,15
30445,22
30446,19
30447,14
30448,4
30449,15
30450,18
30451,15
30452,6
30453,19
30454,19
30455,10
30456,19
30457,4
30458,15
30459,19
30460,13
30461,23
30462,13
30463,1
30464,15
30465,15
30466,15
30467,13
30468,15
30469,15
30470,13
30471,22
30472,15
30473,15
30474,1
30475,10
30476,15
30477,15
30478,9
30479,6
30480,4
30481,6
30482,4
30483,4
30484,19
30485,15
30486,6
30487,13
30488,23
30489,4
30490,19
30491,22
30492,4
30493,9
30494,19
30495,23
30496,4
30497,23
30498,15
30499,15
30500,13
30501,19
30502,15
30503,22
30504,15
30505,22
30506,15
30507,15
30508,23
30509,22
30510,14
30511,22
30512,4
30513,19
30514,22
30515,4
30516,4
30517,15
30518,4
30519,14
30520,15
30521,15
30522,6
30523,19
30524,5
30525,15
30526,22
30527,4
30528,4
30529,16
30530,18
30531,23
30532,15
30533,22
30534,11
30535,4
30536,15
30537,13
30538,10
30539,4
30540,15
30541,13
30542,13
30543,22
30544,15
30545,15
30546,4
30547,15
30548,1
30549,19
30550,19
30551,15
30552,22
30553,13
30554,15
30555,13
30556,4
30557,15
30558,18
30559,22
30560,15
30561,4
30562,2
30563,19
30564,4
30565,10
30566,15
30567,19
30568,22
30569,23
30570,15
30571,10
30572,19
30573,19
30574,11
30575,4
30576,15
30577,4
30578,15
30579,13
30580,5
30581,22
30582,15
30583,4
30584,22
30585,15
30586,15
30587,10
30588,15
30589,13
30590,5
30591,19
30592,15
30593,9
30594,15
30595,15
30596,9
30597,15
30598,15
30599,15
30600,15
30601,15
30602,19
30603,13
30604,15
30605,19
30606,11
30607,19
30608,23
30609,0
30610,4
30611,4
30612,15
30613,15
30614,15
30615,19
30616,5
30617,22
30618,19
30619,22
30620,4
30621,15
30622,19
30623,4
30624,18
30625,15
30626,15
30627,19
30628,6
30629,15
30630,10
30631,15
30632,15
30633,15
30634,11
30635,15
30636,23
30637,15
30638,12
30639,15
30640,19
30641,22
30642,23
30643,4
30644,22
30645,4
30646,15
30647,15
30648,20
30649,22
30650,4
30651,15
30652,15
30653,13
30654,18
30655,15
30656,18
30657,15
30658,5
30659,15
30660,13
30661,6
30662,13
30663,19
30664,13
30665,15
30666,6
30667,22
30668,15
30669,4
30670,4
30671,15
30672,14
30673,19
30674,19
30675,15
30676,22
30677,15
30678,15
30679,19
30680,10
30681,23
30682,13
30683,15
30684,12
30685,19
30686,23
30687,4
30688,15
30689,19
30690,4
30691,22
30692,15
30693,19
30694,4
30695,4
30696,19
30697,4
30698,22
30699,4
30700,11
30701,19
30702,10
30703,4
30704,13
30705,15
30706,4
30707,19
30708,10
30709,4
30710,15
30711,15
30712,22
30713,15
30714,4
30715,15
30716,10
30717,4
30718,19
30719,15
30720,15
30721,19
30722,15
30723,9
30724,4
30725,12
30726,15
30727,6
30728,19
30729,19
30730,4
30731,15
30732,15
30733,15
30734,19
30735,16
30736,4
30737,23
30738,19
30739,4
30740,15
30741,15
30742,19
30743,10
30744,15
30745,4
30746,11
30747,15
30748,1
30749,4
30750,22
30751,15
30752,6
30753,15
30754,15
30755,15
30756,15
30757,15
30758,15
30759,15
30760,10
30761,6
30762,15
30763,15
30764,15
30765,10
30766,22
30767,15
30768,19
30769,13
30770,4
30771,15
30772,12
30773,9
30774,18
30775,6
30776,15
30777,13
30778,4
30779,22
30780,15
30781,15
30782,15
30783,15
30784,1
30785,9
30786,19
30787,23
30788,15
30789,16
30790,19
30791,23
30792,15
30793,22
30794,15
30795,4
30796,4
30797,13
30798,13
30799,15
30800,5
30801,19
30802,4
30803,22
30804,15
30805,15
30806,15
30807,13
30808,23
30809,15
30810,13
30811,19
30812,5
30813,0
30814,15
30815,22
30816,15
30817,15
30818,15
30819,10
30820,9
30821,19
30822,15
30823,13
30824,18
30825,19
30826,19
30827,5
30828,15
30829,13
30830,15
30831,13
30832,15
30833,23
30834,15
30835,15
30836,15
30837,19
30838,19
30839,13
30840,19
30841,4
30842,15
30843,15
30844,6
30845,15
30846,15
30847,13
30848,23
30849,4
30850,15
30851,15
30852,13
30853,19
30854,4
30855,15
30856,15
30857,13
30858,10
30859,22
30860,15
30861,13
30862,18
30863,13
30864,4
30865,15
30866,13
30867,19
30868,18
30869,19
30870,4
30871,15
30872,22
30873,15
30874,13
30875,15
30876,15
30877,19
30878,10
30879,15
30880,6
30881,19
30882,4
30883,19
30884,19
30885,15
30886,4
30887,2
30888,4
30889,15
30890,9
30891,4
30892,15
30893,12
30894,15
30895,15
30896,15
30897,19
30898,19
30899,15
30900,9
30901,10
30902,13
30903,19
30904,13
30905,15
30906,22
30907,19
30908,13
30909,23
30910,18
30911,13
30912,19
30913,15
30914,15
30915,10
30916,15
30917,15
30918,15
30919,15
30920,4
30921,10
30922,4
30923,23
30924,15
30925,22
30926,22
30927,19
30928,4
30929,4
30930,15
30931,19
30932,15
30933,22
30934,18
30935,11
30936,15
30937,15
30938,19
30939,15
30940,15
30941,10
30942,15
30943,19
30944,14
30945,1
30946,15
30947,18
30948,19
30949,15
30950,15
30951,19
30952,4
30953,23
30954,19
30955,19
30956,8
30957,13
30958,19
30959,6
30960,0
30961,14
30962,15
30963,15
30964,1
30965,4
30966,19
30967,19
30968,15
30969,18
30970,19
30971,15
30972,18
30973,15
30974,19
30975,15
30976,15
30977,22
30978,13
30979,15
30980,15
30981,19
30982,15
30983,13
30984,4
30985,0
30986,4
30987,13
30988,15
30989,15
30990,4
30991,10
30992,15
30993,15
30994,4
30995,4
30996,4
30997,19
30998,19
30999,14
31000,4
31001,16
31002,4
31003,13
31004,13
31005,4
31006,15
31007,13
31008,22
31009,4
31010,10
31011,22
31012,19
31013,15
31014,19
31015,15
31016,15
31017,19
31018,15
31019,4
31020,16
31021,15
31022,13
31023,19
31024,15
31025,23
31026,19
31027,4
31028,15
31029,10
31030,19
31031,4
31032,19
31033,15
31034,22
31035,22
31036,15
31037,4
31038,19
31039,19
31040,18
31041,19
31042,11
31043,11
31044,13
31045,10
31046,23
31047,13
31048,15
31049,13
31050,15
31051,15
31052,13
31053,15
31054,23
31055,15
31056,15
31057,15
31058,19
31059,15
31060,22
31061,19
31062,22
31063,13
31064,6
31065,13
31066,13
31067,4
31068,15
31069,22
31070,23
31071,0
31072,22
31073,0
31074,15
31075,15
31076,15
31077,19
31078,19
31079,22
31080,19
31081,22
31082,19
31083,15
31084,13
31085,4
31086,23
31087,13
31088,15
31089,22
31090,13
31091,4
31092,4
31093,10
31094,15
31095,0
31096,15
31097,15
31098,15
31099,15
31100,13
31101,13
31102,19
31103,15
31104,13
31105,15
31106,13
31107,15
31108,4
31109,15
31110,15
31111,22
31112,15
31113,4
31114,10
31115,19
31116,10
31117,15
31118,15
31119,22
31120,19
31121,19
31122,23
31123,15
31124,4
31125,15
31126,4
31127,13
31128,10
31129,15
31130,22
31131,19
31132,22
31133,1
31134,13
31135,5
31136,15
31137,12
31138,13
31139,15
31140,15
31141,23
31142,15
31143,14
31144,4
31145,10
31146,4
31147,19
31148,18
31149,13
31150,19
31151,5
31152,23
31153,9
31154,22
31155,19
31156,15
31157,13
31158,22
31159,19
31160,15
31161,15
31162,15
31163,19
31164,22
31165,22
31166,15
31167,19
31168,15
31169,15
31170,13
31171,13
31172,15
31173,10
31174,18
31175,4
31176,4
31177,15
31178,10
31179,13
31180,15
31181,13
31182,0
31183,19
31184,15
31185,4
31186,4
31187,19
31188,5
31189,19
31190,13
31191,4
31192,15
31193,14
31194,4
31195,19
31196,13
31197,13
31198,15
31199,15
31200,15
31201,23
31202,23
31203,15
31204,4
31205,16
31206,15
31207,13
31208,4
31209,15
31210,19
31211,19
31212,5
31213,18
31214,22
31215,4
31216,4
31217,6
31218,10
31219,18
31220,13
31221,22
31222,22
31223,15
31224,18
31225,19
31226,15
31227,15
31228,15
31229,19
31230,4
31231,22
31232,23
31233,13
31234,23
31235,0
31236,15
31237,19
31238,15
31239,12
31240,23
31241,14
31242,4
31243,19
31244,19
31245,15
31246,15
31247,4
31248,15
31249,19
31250,13
31251,15
31252,15
31253,13
31254,13
31255,15
31256,15
31257,22
31258,13
31259,15
31260,4
31261,13
31262,15
31263,4
31264,10
31265,15
31266,4
31267,13
31268,13
31269,4
31270,15
31271,15
31272,10
31273,22
31274,15
31275,15
31276,13
31277,4
31278,4
31279,18
31280,4
31281,22
31282,10
31283,19
31284,19
31285,13
31286,18
31287,4
31288,15
31289,19
31290,14
31291,22
31292,15
31293,15
31294,4
31295,5
31296,4
31297,15
31298,15
31299,6
31300,13
31301,4
31302,4
31303,4
31304,15
31305,10
31306,15
31307,18
31308,15
31309,4
31310,19
31311,22
31312,9
31313,18
31314,23
31315,19
31316,1
31317,4
31318,15
31319,15
31320,19
31321,10
31322,0
31323,15
31324,18
31325,15
31326,13
31327,19
31328,23
31329,4
31330,19
31331,15
31332,15
31333,9
31334,15
31335,15
31336,15
31337,15
31338,19
31339,19
31340,4
31341,22
31342,19
31343,4
31344,19
31345,19
31346,19
31347,19
31348,15
31349,15
31350,13
31351,4
31352,13
31353,19
31354,15
31355,15
31356,19
31357,23
31358,4
31359,4
31360,4
31361,15
31362,22
31363,15
31364,23
31365,22
31366,13
31367,10
31368,15
31369,13
31370,12
31371,6
31372,19
31373,4
31374,18
31375,22
31376,15
31377,15
31378,19
31379,18
31380,4
31381,9
31382,13
31383,22
31384,15
31385,23
31386,6
31387,10
31388,13
31389,19
31390,15
31391,15
31392,20
31393,13
31394,5
31395,10
31396,23
31397,19
31398,22
31399,23
31400,15
31401,15
31402,15
31403,15
31404,4
31405,19
31406,19
31407,4
31408,15
31409,13
31410,4
31411,15
31412,19
31413,18
31414,15
31415,19
31416,15
31417,15
31418,22
31419,4
31420,15
31421,15
31422,18
31423,19
31424,4
31425,15
31426,19
31427,19
31428,19
31429,4
31430,10
31431,11
31432,15
31433,4
31434,13
31435,19
31436,15
31437,22
31438,19
31439,9
31440,19
31441,11
31442,15
31443,13
31444,11
31445,15
31446,22
31447,19
31448,15
31449,19
31450,22
31451,15
31452,6
31453,15
31454,22
31455,15
31456,15
31457,18
31458,4
31459,23
31460,15
31461,15
31462,22
31463,6
31464,15
31465,19
31466,19
31467,4
31468,4
31469,4
31470,19
31471,13
31472,19
31473,15
31474,4
31475,10
31476,13
31477,4
31478,4
31479,15
31480,15
31481,4
31482,4
31483,15
31484,15
31485,23
31486,15
31487,4
31488,9
31489,13
31490,19
31491,4
31492,4
31493,15
31494,19
31495,13
31496,13
31497,13
31498,18
31499,15
31500,13
31501,4
31502,15
31503,15
31504,15
31505,10
31506,22
31507,22
31508,4
31509,15
31510,19
31511,13
31512,19
31513,15
31514,11
31515,4
31516,19
31517,15
31518,13
31519,13
31520,4
31521,15
31522,4
31523,15
31524,13
31525,22
31526,4
31527,22
31528,4
31529,19
31530,14
31531,19
31532,10
31533,15
31534,15
31535,22
31536,22
31537,19
31538,4
31539,19
31540,15
31541,5
31542,13
31543,15
31544,18
31545,15
31546,15
31547,19
31548,11
31549,19
31550,22
31551,4
31552,23
31553,11
31554,4
31555,15
31556,15
31557,4
31558,15
31559,19
31560,13
31561,15
31562,22
31563,15
31564,19
31565,22
31566,4
31567,15
31568,15
31569,19
31570,15
31571,15
31572,19
31573,4
31574,4
31575,4
31576,23
31577,15
31578,15
31579,13
31580,15
31581,15
31582,15
31583,15
31584,19
31585,4
31586,4
31587,18
31588,4
31589,13
31590,4
31591,15
31592,4
31593,2
31594,22
31595,10
31596,5
31597,15
31598,13
31599,9
31600,22
31601,15
31602,19
31603,19
31604,19
31605,22
31606,22
31607,15
31608,9
31609,18
31610,0
31611,15
31612,4
31613,18
31614,15
31615,4
31616,19
31617,13
31618,4
31619,15
31620,6
31621,18
31622,4
31623,18
31624,22
31625,10
31626,13
31627,15
31628,13
31629,15
31630,15
31631,23
31632,4
31633,13
31634,13
31635,15
31636,5
31637,9
31638,4
31639,13
31640,4
31641,5
31642,9
31643,4
31644,19
31645,18
31646,18
31647,15
31648,15
31649,18
31650,13
31651,13
31652,19
31653,10
31654,2
31655,4
31656,22
31657,15
31658,4
31659,11
31660,15
31661,13
31662,4
31663,22
31664,6
31665,15
31666,19
31667,15
31668,14
31669,15
31670,15
31671,13
31672,22
31673,15
31674,19
31675,1
31676,4
31677,23
31678,4
31679,19
31680,18
31681,15
31682,22
31683,4
31684,19
31685,15
31686,15
31687,4
31688,10
31689,15
31690,15
31691,19
31692,4
31693,4
31694,19
31695,22
31696,15
31697,15
31698,19
31699,15
31700,23
31701,4
31702,23
31703,15
31704,4
31705,19
31706,4
31707,19
31708,15
31709,15
31710,15
31711,15
31712,4
31713,4
31714,18
31715,4
31716,4
31717,15
31718,15
31719,22
31720,13
31721,4
31722,22
31723,15
31724,15
31725,4
31726,15
31727,4
31728,13
31729,4
31730,15
31731,13
31732,15
31733,18
31734,15
31735,15
31736,11
31737,19
31738,19
31739,15
31740,11
31741,15
31742,8
31743,19
31744,18
31745,19
31746,15
31747,19
31748,15
31749,10
31750,13
31751,10
31752,22
31753,4
31754,11
31755,23
31756,15
31757,15
31758,15
31759,4
31760,13
31761,19
31762,19
31763,10
31764,15
31765,4
31766,2
31767,13
31768,5
31769,1
31770,15
31771,15
31772,4
31773,4
31774,19
31775,15
31776,15
31777,9
31778,13
31779,13
31780,15
31781,4
31782,15
31783,4
31784,15
31785,10
31786,13
31787,15
31788,4
31789,4
31790,0
31791,5
31792,13
31793,19
31794,15
31795,0
31796,13
31797,13
31798,15
31799,10
31800,6
31801,9
31802,18
31803,15
31804,13
31805,4
31806,19
31807,15
31808,4
31809,6
31810,6
31811,19
31812,4
31813,15
31814,19
31815,15
31816,19
31817,19
31818,15
31819,19
31820,19
31821,19
31822,13
31823,15
31824,15
31825,13
31826,10
31827,1
31828,15
31829,19
31830,13
31831,15
31832,15
31833,15
31834,19
31835,15
31836,19
31837,19
31838,19
31839,15
31840,19
31841,4
31842,18
31843,15
31844,15
31845,4
31846,15
31847,15
31848,15
31849,15
31850,23
31851,4
31852,19
31853,4
31854,4
31855,9
31856,13
31857,1
31858,19
31859,15
31860,4
31861,22
31862,19
31863,15
31864,13
31865,4
31866,15
31867,15
31868,19
31869,15
31870,15
31871,19
31872,6
31873,18
31874,19
31875,15
31876,9
31877,6
31878,23
31879,15
31880,23
31881,19
31882,4
31883,22
31884,4
31885,15
31886,19
31887,13
31888,4
31889,13
31890,19
31891,19
31892,19
31893,19
31894,15
31895,19
31896,22
31897,5
31898,22
31899,19
31900,15
31901,18
31902,13
31903,5
31904,4
31905,4
31906,4
31907,19
31908,4
31909,19
31910,14
31911,15
31912,4
31913,15
31914,15
31915,5
31916,15
31917,15
31918,15
31919,19
31920,9
31921,13
31922,15
31923,15
31924,12
31925,15
31926,15
31927,15
31928,15
31929,22
31930,15
31931,15
31932,19
31933,4
31934,13
31935,0
31936,19
31937,15
31938,4
31939,13
31940,18
31941,15
31942,0
31943,5
31944,23
31945,15
31946,19
31947,15
31948,15
31949,4
31950,15
31951,15
31952,15
31953,23
31954,4
31955,15
31956,15
31957,19
31958,15
31959,15
31960,4
31961,15
31962,4
31963,15
31964,13
31965,15
31966,19
31967,4
31968,15
31969,23
31970,4
31971,22
31972,1
31973,15
31974,15
31975,19
31976,22
31977,4
31978,1
31979,6
31980,15
31981,4
31982,6
31983,14
31984,15
31985,13
31986,15
31987,19
31988,19
31989,15
31990,22
31991,19
31992,15
31993,19
31994,19
31995,19
31996,2
31997,4
31998,15
31999,22
32000,15
32001,15
32002,10
32003,4
32004,23
32005,10
32006,22
32007,15
32008,13
32009,11
32010,15
32011,4
32012,19
32013,13
32014,15
32015,10
32016,9
32017,19
32018,19
32019,9
32020,10
32021,19
32022,15
32023,15
32024,13
32025,13
32026,13
32027,15
32028,9
32029,15
32030,10
32031,19
32032,10
32033,15
32034,22
32035,4
32036,19
32037,15
32038,15
32039,4
32040,22
32041,4
32042,15
32043,5
32044,22
32045,4
32046,14
32047,4
32048,15
32049,15
32050,22
32051,18
32052,13
32053,22
32054,4
32055,13
32056,13
32057,19
32058,19
32059,22
32060,2
32061,23
32062,19
32063,4
32064,13
32065,10
32066,16
32067,19
32068,22
32069,4
32070,19
32071,15
32072,23
32073,18
32074,19
32075,4
32076,19
32077,19
32078,18
32079,22
32080,15
32081,5
32082,4
32083,13
32084,15
32085,23
32086,9
32087,22
32088,15
32089,6
32090,4
32091,4
32092,15
32093,4
32094,15
32095,13
32096,9
32097,14
32098,19
32099,15
32100,19
32101,19
32102,0
32103,1
32104,11
32105,15
32106,18
32107,23
32108,13
32109,15
32110,19
32111,15
32112,4
32113,23
32114,15
32115,19
32116,15
32117,15
32118,15
32119,15
32120,15
32121,18
32122,19
32123,4
32124,13
32125,15
32126,4
32127,4
32128,19
32129,13
32130,22
32131,4
32132,22
32133,19
32134,23
32135,15
32136,4
32137,19
32138,10
32139,5
32140,11
32141,4
32142,4
32143,15
32144,22
32145,0
32146,9
32147,14
32148,15
32149,15
32150,16
32151,19
32152,19
32153,15
32154,15
32155,4
32156,15
32157,15
32158,13
32159,11
32160,4
32161,22
32162,12
32163,1
32164,5
32165,19
32166,4
32167,4
32168,19
32169,9
32170,15
32171,23
32172,15
32173,15
32174,13
32175,1
32176,15
32177,19
32178,15
32179,10
32180,4
32181,4
32182,19
32183,0
32184,9
32185,15
32186,19
32187,13
32188,19
32189,19
32190,15
32191,18
32192,15
32193,15
32194,10
32195,15
32196,15
32197,23
32198,10
32199,15
32200,19
32201,22
32202,15
32203,4
32204,10
32205,4
32206,10
32207,15
32208,10
32209,19
32210,4
32211,15
32212,22
32213,4
32214,15
32215,10
32216,14
32217,15
32218,15
32219,19
32220,15
32221,15
32222,15
32223,15
32224,13
32225,4
32226,10
32227,4
32228,15
32229,19
32230,22
32231,14
32232,15
32233,15
32234,13
32235,18
32236,15
32237,19
32238,15
32239,15
32240,18
32241,11
32242,13
32243,23
32244,12
32245,15
32246,15
32247,13
32248,23
32249,15
32250,4
32251,13
32252,13
32253,4
32254,4
32255,15
32256,11
32257,13
32258,15
32259,15
32260,22
32261,16
32262,22
32263,9
32264,13
32265,13
32266,15
32267,19
32268,12
32269,19
32270,9
32271,4
32272,15
32273,15
32274,15
32275,9
32276,5
32277,15
32278,19
32279,15
32280,15
32281,19
32282,15
32283,22
32284,23
32285,22
32286,19
32287,15
32288,13
32289,15
32290,4
32291,19
32292,15
32293,4
32294,18
32295,15
32296,18
32297,13
32298,19
32299,4
32300,13
32301,19
32302,2
32303,15
32304,13
32305,18
32306,4
32307,15
32308,22
32309,22
32310,19
32311,19
32312,4
32313,22
32314,4
32315,9
32316,12
32317,23
32318,23
32319,11
32320,19
32321,19
32322,15
32323,16
32324,15
32325,13
32326,10
32327,15
32328,2
32329,11
32330,15
32331,11
32332,19
32333,15
32334,15
32335,4
32336,19
32337,4
32338,13
32339,9
32340,23
32341,13
32342,15
32343,10
32344,15
32345,15
32346,13
32347,22
32348,19
32349,15
32350,13
32351,4
32352,14
32353,19
32354,15
32355,23
32356,22
32357,13
32358,15
32359,15
32360,15
32361,19
32362,4
32363,10
32364,13
32365,4
32366,23
32367,15
32368,15
32369,19
32370,22
32371,22
32372,15
32373,22
32374,15
32375,19
32376,15
32377,4
32378,22
32379,23
32380,16
32381,15
32382,15
32383,18
32384,13
32385,4
32386,22
32387,10
32388,12
32389,19
32390,15
32391,4
32392,9
32393,19
32394,19
32395,15
32396,19
32397,15
32398,14
32399,13
32400,19
32401,19
32402,15
32403,22
32404,19
32405,22
32406,11
32407,19
32408,13
32409,22
32410,4
32411,4
32412,4
32413,15
32414,15
32415,18
32416,12
32417,15
32418,4
32419,22
32420,4
32421,19
32422,13
32423,4
32424,4
32425,23
32426,15
32427,14
32428,23
32429,13
32430,19
32431,4
32432,13
32433,13
32434,19
32435,13
32436,5
32437,15
32438,12
32439,15
32440,13
32441,15
32442,5
32443,4
32444,13
32445,15
32446,15
32447,19
32448,19
32449,15
32450,14
32451,10
32452,23
32453,4
32454,13
32455,13
32456,15
32457,10
32458,22
32459,19
32460,9
32461,15
32462,22
32463,4
32464,19
32465,22
32466,15
32467,5
32468,19
32469,19
32470,15
32471,4
32472,13
32473,19
32474,15
32475,15
32476,18
32477,15
32478,18
32479,15
32480,15
32481,4
32482,13
32483,15
32484,22
32485,18
32486,13
32487,4
32488,19
32489,14
32490,19
32491,2
32492,12
32493,15
32494,18
32495,9
32496,15
32497,22
32498,15
32499,13
32500,15
32501,10
32502,13
32503,1
32504,6
32505,15
32506,15
32507,19
32508,23
32509,15
32510,10
32511,19
32512,23
32513,15
32514,4
32515,15
32516,10
32517,13
32518,4
32519,19
32520,15
32521,13
32522,15
32523,13
32524,19
32525,15
32526,6
32527,15
32528,13
32529,4
32530,10
32531,6
32532,15
32533,10
32534,15
32535,10
32536,15
32537,19
32538,19
32539,13
32540,13
32541,15
32542,22
32543,4
32544,23
32545,15
32546,4
32547,4
32548,19
32549,15
32550,4
32551,15
32552,23
32553,22
32554,22
32555,19
32556,13
32557,15
32558,22
32559,4
32560,15
32561,19
32562,0
32563,22
32564,4
32565,15
32566,13
32567,15
32568,5
32569,15
32570,19
32571,18
32572,15
32573,22
32574,19
32575,18
32576,19
32577,14
32578,15
32579,15
32580,19
32581,22
32582,6
32583,18
32584,13
32585,15
32586,13
32587,15
32588,13
32589,15
32590,13
32591,15
32592,15
32593,15
32594,19
32595,23
32596,4
32597,15
32598,10
32599,4
32600,22
32601,18
32602,15
32603,13
32604,19
32605,19
32606,4
32607,22
32608,19
32609,15
32610,4
32611,15
32612,19
32613,19
32614,22
32615,15
32616,18
32617,19
32618,19
32619,15
32620,19
32621,15
32622,10
32623,9
32624,10
32625,19
32626,18
32627,4
32628,15
32629,23
32630,15
32631,19
32632,15
32633,14
32634,19
32635,13
32636,10
32637,13
32638,10
32639,22
32640,15
32641,19
32642,15
32643,15
32644,13
32645,19
32646,15
32647,19
32648,15
32649,13
32650,4
32651,4
32652,19
32653,15
32654,19
32655,15
32656,4
32657,13
32658,10
32659,4
32660,15
32661,18
32662,4
32663,9
32664,15
32665,10
32666,15
32667,4
32668,13
32669,10
32670,15
32671,15
32672,19
32673,13
32674,19
32675,22
32676,23
32677,13
32678,15
32679,13
32680,19
32681,19
32682,4
32683,22
32684,15
32685,15
32686,4
32687,22
32688,15
32689,15
32690,18
32691,14
32692,13
32693,19
32694,15
32695,15
32696,15
32697,15
32698,11
32699,19
32700,15
32701,4
32702,19
32703,22
32704,19
32705,13
32706,19
32707,4
32708,22
32709,18
32710,22
32711,23
32712,4
32713,22
32714,22
32715,23
32716,22
32717,12
32718,15
32719,22
32720,10
32721,15
32722,23
32723,5
32724,15
32725,22
32726,15
32727,15
32728,15
32729,15
32730,22
32731,22
32732,13
32733,10
32734,4
32735,19
32736,19
32737,10
32738,4
32739,22
32740,15
32741,19
32742,13
32743,19
32744,13
32745,15
32746,15
32747,6
32748,4
32749,15
32750,19
32751,11
32752,19
32753,15
32754,15
32755,15
32756,19
32757,13
32758,4
32759,15
32760,15
32761,15
32762,6
32763,15
32764,13
32765,9
32766,13
32767,4
32768,15
32769,22
32770,4
32771,15
32772,4
32773,22
32774,13
32775,4
32776,23
32777,4
32778,22
32779,19
32780,22
32781,22
32782,13
32783,6
32784,4
32785,0
32786,19
32787,15
32788,15
32789,4
32790,19
32791,13
32792,15
32793,19
32794,19
32795,19
32796,15
32797,14
32798,4
32799,15
32800,23
32801,4
32802,4
32803,9
32804,15
32805,22
32806,19
32807,13
32808,22
32809,22
32810,22
32811,15
32812,22
32813,15
32814,4
32815,15
32816,19
32817,4
32818,4
32819,10
32820,19
32821,6
32822,18
32823,15
32824,15
32825,4
32826,15
32827,23
32828,22
32829,13
32830,22
32831,13
32832,8
32833,4
32834,15
32835,19
32836,4
32837,4
32838,15
32839,10
32840,15
32841,22
32842,19
32843,15
32844,19
32845,6
32846,15
32847,13
32848,15
32849,13
32850,4
32851,15
32852,9
32853,13
32854,13
32855,23
32856,9
32857,15
32858,15
32859,22
32860,19
32861,10
32862,15
32863,13
32864,13
32865,15
32866,19
32867,19
32868,4
32869,23
32870,19
32871,15
32872,4
32873,22
32874,22
32875,12
32876,15
32877,10
32878,15
32879,5
32880,15
32881,0
32882,15
32883,23
32884,13
32885,22
32886,15
32887,19
32888,13
32889,15
32890,19
32891,19
32892,15
32893,4
32894,4
32895,15
32896,4
32897,15
32898,4
32899,19
32900,19
32901,19
32902,22
32903,11
32904,4
32905,9
32906,13
32907,15
32908,4
32909,4
32910,19
32911,22
32912,19
32913,15
32914,15
32915,13
32916,23
32917,23
32918,4
32919,9
32920,0
32921,19
32922,4
32923,16
32924,15
32925,19
32926,19
32927,18
32928,13
32929,22
32930,15
32931,15
32932,15
32933,19
32934,9
32935,13
32936,19
32937,4
32938,15
32939,13
32940,4
32941,15
32942,13
32943,15
32944,9
32945,15
32946,22
32947,22
32948,15
32949,15
32950,19
32951,23
32952,15
32953,19
32954,15
32955,4
32956,4
32957,19
32958,4
32959,13
32960,4
32961,15
32962,19
32963,15
32964,13
32965,5
32966,18
32967,22
32968,10
32969,5
32970,4
32971,4
32972,15
32973,15
32974,5
32975,4
32976,19
32977,9
32978,18
32979,10
32980,15
32981,4
32982,15
32983,15
32984,11
32985,22
32986,10
32987,12
32988,4
32989,9
32990,15
32991,15
32992,15
32993,15
32994,22
32995,11
32996,6
32997,4
32998,13
32999,10
33000,5
33001,22
33002,4
33003,19
33004,6
33005,18
33006,19
33007,19
33008,13
33009,4
33010,16
33011,22
33012,15
33013,4
33014,15
33015,15
33016,4
33017,15
33018,13
33019,19
33020,4
33021,13
33022,6
33023,13
33024,19
33025,19
33026,4
33027,15
33028,19
33029,19
33030,4
33031,15
33032,13
33033,9
33034,4
33035,22
33036,18
33037,13
33038,4
33039,10
33040,19
33041,13
33042,15
33043,19
33044,22
33045,19
33046,23
33047,10
33048,15
33049,15
33050,4
33051,22
33052,15
33053,15
33054,4
33055,19
33056,18
33057,4
33058,15
33059,4
33060,15
33061,22
33062,4
33063,15
33064,15
33065,11
33066,4
33067,15
33068,15
33069,6
33070,15
33071,19
33072,13
33073,15
33074,15
33075,19
33076,15
33077,13
33078,22
33079,22
33080,15
33081,4
33082,15
33083,11
33084,15
33085,15
33086,22
33087,15
33088,10
33089,15
33090,4
33091,15
33092,22
33093,19
33094,4
33095,4
33096,19
33097,15
33098,4
33099,13
33100,4
33101,5
33102,14
33103,10
33104,4
33105,15
33106,0
33107,22
33108,18
33109,6
33110,13
33111,22
33112,4
33113,19
33114,4
33115,10
33116,15
33117,14
33118,19
33119,15
33120,15
33121,4
33122,9
33123,13
33124,19
33125,22
33126,15
33127,22
33128,13
33129,19
33130,15
33131,15
33132,15
33133,12
33134,15
33135,14
33136,13
33137,15
33138,12
33139,6
33140,4
33141,15
33142,10
33143,15
33144,1
33145,22
33146,11
33147,22
33148,13
33149,15
33150,4
33151,18
33152,15
33153,15
33154,4
33155,4
33156,19
33157,19
33158,4
33159,13
33160,15
33161,11
33162,23
33163,1
33164,15
33165,4
33166,4
33167,13
33168,4
33169,19
33170,18
33171,15
33172,15
33173,15
33174,15
33175,2
33176,10
33177,15
33178,15
33179,4
33180,13
33181,16
33182,15
33183,19
33184,13
33185,22
33186,13
33187,19
33188,15
33189,15
33190,4
33191,19
33192,23
33193,19
33194,19
33195,22
33196,16
33197,15
33198,13
33199,15
33200,15
33201,15
33202,15
33203,22
33204,15
33205,14
33206,15
33207,4
33208,15
33209,19
33210,15
33211,19
33212,6
33213,15
33214,9
33215,13
33216,15
33217,6
33218,4
33219,19
33220,13
33221,13
33222,15
33223,4
33224,22
33225,19
33226,22
33227,15
33228,15
33229,22
33230,15
33231,15
33232,15
33233,14
33234,18
33235,15
33236,13
33237,19
33238,19
33239,19
33240,11
33241,4
33242,11
33243,23
33244,19
33245,19
33246,4
33247,15
33248,10
33249,15
33250,22
33251,15
33252,15
33253,19
33254,15
33255,19
33256,13
33257,4
33258,15
33259,19
33260,15
33261,15
33262,15
33263,15
33264,18
33265,19
33266,15
33267,4
33268,15
33269,15
33270,15
33271,15
33272,13
33273,4
33274,15
33275,15
33276,15
33277,19
33278,15
33279,23
33280,15
33281,4
33282,22
33283,4
33284,15
33285,4
33286,4
33287,4
33288,4
33289,15
33290,15
33291,4
33292,15
33293,4
33294,19
33295,15
33296,15
33297,4
33298,13
33299,4
33300,15
33301,19
33302,11
33303,15
33304,15
33305,15
33306,15
33307,1
33308,15
33309,13
33310,0
33311,18
33312,15
33313,4
33314,13
33315,15
33316,19
33317,13
33318,18
33319,23
33320,5
33321,15
33322,12
33323,23
33324,19
33325,4
33326,19
33327,22
33328,19
33329,4
33330,13
33331,18
33332,18
33333,15
33334,18
33335,19
33336,15
33337,13
33338,0
33339,13
33340,4
33341,15
33342,19
33343,19
33344,19
33345,15
33346,15
33347,15
33348,15
33349,22
33350,19
33351,4
33352,15
33353,13
33354,22
33355,13
33356,15
33357,13
33358,15
33359,15
33360,4
33361,19
33362,15
33363,19
33364,13
33365,19
33366,4
33367,19
33368,13
33369,15
33370,13
33371,4
33372,4
33373,22
33374,15
33375,15
33376,15
33377,4
33378,12
33379,19
33380,18
33381,19
33382,15
33383,22
33384,18
33385,9
33386,4
33387,15
33388,15
33389,19
33390,15
33391,15
33392,19
33393,13
33394,4
33395,5
33396,19
33397,15
33398,4
33399,13
33400,15
33401,4
33402,4
33403,15
33404,15
33405,19
33406,15
33407,12
33408,10
33409,15
33410,4
33411,19
33412,19
33413,15
33414,15
33415,10
33416,15
33417,22
33418,15
33419,4
33420,19
33421,4
33422,1
33423,15
33424,13
33425,1
33426,19
33427,19
33428,15
33429,15
33430,1
33431,14
33432,15
33433,13
33434,4
33435,15
33436,13
33437,15
33438,4
33439,15
33440,13
33441,13
33442,19
33443,4
33444,15
33445,15
33446,18
33447,15
33448,22
33449,0
33450,15
33451,15
33452,4
33453,23
33454,15
33455,15
33456,5
33457,19
33458,4
33459,19
33460,14
33461,4
33462,9
33463,23
33464,15
33465,18
33466,13
33467,13
33468,10
33469,22
33470,15
33471,19
33472,4
33473,22
33474,15
33475,9
33476,4
33477,19
33478,10
33479,6
33480,10
33481,4
33482,22
33483,19
33484,19
33485,19
33486,19
33487,15
33488,13
33489,13
33490,15
33491,1
33492,22
33493,22
33494,9
33495,15
33496,13
33497,6
33498,19
33499,15
33500,15
33501,10
33502,15
33503,4
33504,13
33505,15
33506,19
33507,15
33508,4
33509,19
33510,18
33511,15
33512,4
33513,4
33514,19
33515,19
33516,15
33517,22
33518,5
33519,19
33520,4
33521,11
33522,22
33523,23
33524,15
33525,4
33526,15
33527,4
33528,23
33529,4
33530,3
33531,18
33532,11
33533,15
33534,4
33535,15
33536,10
33537,22
33538,7
33539,23
33540,13
33541,4
33542,6
33543,22
33544,13
33545,4
33546,23
33547,15
33548,15
33549,22
33550,6
33551,15
33552,15
33553,23
33554,6
33555,22
33556,19
33557,9
33558,15
33559,10
33560,15
33561,11
33562,19
33563,19
33564,4
33565,13
33566,22
33567,15
33568,19
33569,15
33570,15
33571,15
33572,22
33573,18
33574,15
33575,10
33576,15
33577,18
33578,15
33579,15
33580,13
33581,10
33582,4
33583,4
33584,15
33585,4
33586,15
33587,5
33588,13
33589,15
33590,2
33591,23
33592,15
33593,18
33594,10
33595,15
33596,4
33597,9
33598,15
33599,10
33600,15
33601,13
33602,15
33603,22
33604,13
33605,15
33606,15
33607,4
33608,15
33609,18
33610,12
33611,15
33612,15
33613,4
33614,15
33615,15
33616,15
33617,15
33618,13
33619,15
33620,22
33621,4
33622,13
33623,15
33624,13
33625,15
33626,5
33627,15
33628,6
33629,19
33630,22
33631,4
33632,22
33633,22
33634,19
33635,4
33636,18
33637,15
33638,15
33639,18
33640,4
33641,23
33642,22
33643,4
33644,19
33645,15
33646,6
33647,19
33648,23
33649,19
33650,15
33651,13
33652,15
33653,15
33654,19
33655,15
33656,4
33657,13
33658,13
33659,19
33660,19
33661,4
33662,19
33663,15
33664,19
33665,19
33666,15
33667,22
33668,15
33669,13
33670,4
33671,4
33672,19
33673,15
33674,4
33675,19
33676,15
33677,4
33678,22
33679,4
33680,4
33681,4
33682,2
33683,14
33684,13
33685,15
33686,4
33687,18
33688,15
33689,18
33690,19
33691,13
33692,1
33693,14
33694,15
33695,15
33696,23
33697,13
33698,15
33699,15
33700,18
33701,19
33702,15
33703,15
33704,4
33705,4
33706,15
33707,15
33708,15
33709,13
33710,4
33711,15
33712,18
33713,15
33714,13
33715,15
33716,15
33717,19
33718,18
33719,19
33720,4
33721,9
33722,23
33723,11
33724,22
33725,22
33726,13
33727,22
33728,19
33729,15
33730,15
33731,19
33732,15
33733,18
33734,9
33735,15
33736,23
33737,19
33738,19
33739,15
33740,13
33741,15
33742,4
33743,13
33744,19
33745,19
33746,15
33747,10
33748,15
33749,18
33750,5
33751,19
33752,15
33753,18
33754,18
33755,10
33756,15
33757,19
33758,22
33759,18
33760,9
33761,15
33762,10
33763,15
33764,22
33765,5
33766,4
33767,9
33768,6
33769,23
33770,19
33771,19
33772,19
33773,22
33774,13
33775,15
33776,14
33777,15
33778,15
33779,11
33780,15
33781,23
33782,19
33783,2
33784,15
33785,18
33786,13
33787,15
33788,4
33789,4
33790,19
33791,0
33792,22
33793,13
33794,15
33795,15
33796,18
33797,11
33798,22
33799,19
33800,15
33801,12
33802,23
33803,15
33804,15
33805,4
33806,19
33807,19
33808,15
33809,12
33810,18
33811,10
33812,15
33813,15
33814,19
33815,15
33816,15
33817,4
33818,1
33819,23
33820,15
33821,15
33822,4
33823,13
33824,19
33825,10
33826,6
33827,19
33828,9
33829,15
33830,15
33831,13
33832,13
33833,6
33834,19
33835,4
33836,22
33837,4
33838,15
33839,9
33840,19
33841,22
33842,5
33843,4
33844,15
33845,15
33846,18
33847,13
33848,19
33849,19
33850,4
33851,19
33852,19
33853,15
33854,15
33855,19
33856,15
33857,15
33858,19
33859,6
33860,6
33861,19
33862,13
33863,4
33864,22
33865,4
33866,23
33867,9
33868,19
33869,15
33870,22
33871,18
33872,6
33873,22
33874,13
33875,15
33876,15
33877,15
33878,13
33879,4
33880,15
33881,15
33882,13
33883,15
33884,15
33885,19
33886,23
33887,15
33888,15
33889,4
33890,14
33891,22
33892,15
33893,15
33894,10
33895,10
33896,1
33897,15
33898,10
33899,19
33900,13
33901,15
33902,13
33903,15
33904,13
33905,1
33906,15
33907,19
33908,15
33909,5
33910,15
33911,13
33912,15
33913,19
33914,15
33915,13
33916,4
33917,13
33918,15
33919,13
33920,18
33921,15
33922,22
33923,4
33924,15
33925,18
33926,4
33927,10
33928,19
33929,4
33930,15
33931,18
33932,19
33933,15
33934,13
33935,4
33936,15
33937,23
33938,15
33939,13
33940,15
33941,19
33942,15
33943,22
33944,23
33945,15
33946,19
33947,19
33948,6
33949,19
33950,18
33951,19
33952,19
33953,4
33954,15
33955,12
33956,15
33957,12
33958,15
33959,4
33960,23
33961,15
33962,15
33963,15
33964,19
33965,13
33966,13
33967,15
33968,15
33969,4
33970,15
33971,15
33972,13
33973,22
33974,2
33975,4
33976,6
33977,13
33978,14
33979,19
33980,13
33981,15
33982,4
33983,22
33984,18
33985,23
33986,13
33987,19
33988,19
33989,15
33990,4
33991,15
33992,23
33993,19
33994,20
33995,10
33996,15
33997,4
33998,15
33999,15
34000,13
34001,6
34002,15
34003,14
34004,19
34005,5
34006,23
34007,22
34008,18
34009,13
34010,15
34011,19
34012,13
34013,15
34014,15
34015,15
34016,15
34017,13
34018,15
34019,23
34020,22
34021,15
34022,10
34023,13
34024,15
34025,22
34026,15
34027,19
34028,15
34029,23
34030,19
34031,22
34032,4
34033,15
34034,19
34035,19
34036,15
34037,19
34038,15
34039,15
34040,22
34041,15
34042,15
34043,15
34044,19
34045,15
34046,15
34047,18
34048,15
34049,13
34050,22
34051,4
34052,11
34053,19
34054,15
34055,13
34056,23
34057,22
34058,4
34059,19
34060,19
34061,15
34062,22
34063,19
34064,15
34065,10
34066,4
34067,19
34068,19
34069,23
34070,5
34071,14
34072,4
34073,15
34074,15
34075,15
34076,15
34077,4
34078,18
34079,19
34080,9
34081,13
34082,15
34083,19
34084,15
34085,15
34086,15
34087,19
34088,19
34089,4
34090,15
34091,4
34092,13
34093,10
34094,19
34095,13
34096,4
34097,22
34098,15
34099,15
34100,15
34101,15
34102,15
34103,15
34104,9
34105,15
34106,18
34107,23
34108,15
34109,15
34110,12
34111,1
34112,13
34113,13
34114,10
34115,18
34116,19
34117,5
34118,11
34119,23
34120,19
34121,4
34122,15
34123,15
34124,15
34125,14
34126,15
34127,15
34128,15
34129,15
34130,4
34131,23
34132,19
34133,15
34134,15
34135,6
34136,4
34137,23
34138,15
34139,0
34140,18
34141,14
34142,18
34143,5
34144,13
34145,22
34146,15
34147,13
34148,22
34149,22
34150,13
34151,4
34152,19
34153,15
34154,19
34155,19
34156,15
34157,13
34158,22
34159,4
34160,15
34161,22
34162,4
34163,14
34164,10
34165,22
34166,4
34167,19
34168,15
34169,22
34170,15
34171,4
34172,15
34173,10
34174,15
34175,13
34176,15
34177,19
34178,23
34179,15
34180,14
34181,4
34182,15
34183,4
34184,15
34185,15
34186,19
34187,22
34188,19
34189,12
34190,13
34191,4
34192,15
34193,19
34194,4
34195,15
34196,13
34197,19
34198,22
34199,19
34200,13
34201,23
34202,4
34203,13
34204,15
34205,15
34206,13
34207,19
34208,15
34209,12
34210,15
34211,19
34212,13
34213,4
34214,12
34215,15
34216,13
34217,5
34218,19
34219,10
34220,19
34221,18
34222,19
34223,12
34224,12
34225,13
34226,15
34227,15
34228,19
34229,4
34230,19
34231,15
34232,15
34233,15
34234,15
34235,13
34236,15
34237,16
34238,15
34239,23
34240,15
34241,14
34242,9
34243,19
34244,12
34245,13
34246,11
34247,14
34248,15
34249,13
34250,15
34251,15
34252,23
34253,22
34254,4
34255,19
34256,15
34257,13
34258,15
34259,13
34260,19
34261,15
34262,23
34263,18
34264,15
34265,10
34266,4
34267,15
34268,6
34269,13
34270,10
34271,19
34272,15
34273,23
34274,15
34275,15
34276,3
34277,4
34278,15
34279,15
34280,19
34281,15
34282,19
34283,19
34284,23
34285,15
34286,23
34287,6
34288,22
34289,22
34290,15
34291,15
34292,13
34293,19
34294,15
34295,4
34296,19
34297,15
34298,15
34299,12
34300,15
34301,22
34302,15
34303,15
34304,19
34305,15
34306,13
34307,15
34308,4
34309,15
34310,10
34311,4
34312,13
34313,19
34314,19
34315,19
34316,4
34317,15
34318,15
34319,18
34320,15
34321,15
34322,15
34323,23
34324,15
34325,19
34326,10
34327,18
34328,15
34329,23
34330,15
34331,15
34332,4
34333,15
34334,10
34335,22
34336,19
34337,18
34338,15
34339,4
34340,4
34341,22
34342,13
34343,18
34344,12
34345,13
34346,15
34347,13
34348,5
34349,15
34350,22
34351,4
34352,19
34353,18
34354,13
34355,15
34356,15
34357,13
34358,4
34359,15
34360,19
34361,4
34362,4
34363,15
34364,15
34365,13
34366,19
34367,6
34368,4
34369,22
34370,19
34371,23
34372,1
34373,15
34374,18
34375,15
34376,4
34377,15
34378,15
34379,5
34380,19
34381,19
34382,19
34383,15
34384,4
34385,16
34386,4
34387,15
34388,4
34389,15
34390,19
34391,15
34392,15
34393,19
34394,4
34395,13
34396,19
34397,19
34398,15
34399,9
34400,22
34401,19
34402,19
34403,4
34404,13
34405,15
34406,22
34407,15
34408,10
34409,19
34410,15
34411,6
34412,15
34413,13
34414,13
34415,13
34416,4
34417,15
34418,22
34419,9
34420,13
34421,15
34422,12
34423,13
34424,22
34425,15
34426,15
34427,22
34428,18
34429,15
34430,15
34431,15
34432,15
34433,15
34434,23
34435,19
34436,19
34437,15
34438,15
34439,6
34440,13
34441,22
34442,15
34443,13
34444,13
34445,4
34446,19
34447,15
34448,22
34449,15
34450,14
34451,15
34452,2
34453,15
34454,9
34455,23
34456,19
34457,19
34458,19
34459,22
34460,13
34461,15
34462,4
34463,4
34464,19
34465,19
34466,4
34467,19
34468,15
34469,13
34470,19
34471,11
34472,5
34473,10
34474,15
34475,22
34476,4
34477,15
34478,19
34479,4
34480,19
34481,19
34482,15
34483,15
34484,4
34485,23
34486,13
34487,15
34488,22
34489,19
34490,4
34491,13
34492,19
34493,4
34494,16
34495,19
34496,15
34497,19
34498,19
34499,4
34500,19
34501,19
34502,19
34503,15
34504,15
34505,15
34506,15
34507,22
34508,19
34509,15
34510,15
34511,4
34512,18
34513,15
34514,5
34515,19
34516,15
34517,23
34518,15
34519,5
34520,15
34521,0
34522,4
34523,4
34524,15
34525,4
34526,4
34527,15
34528,4
34529,22
34530,18
34531,19
34532,9
34533,12
34534,15
34535,23
34536,13
34537,15
34538,22
34539,19
34540,4
34541,18
34542,19
34543,10
34544,15
34545,15
34546,4
34547,15
34548,4
34549,4
34550,15
34551,19
34552,18
34553,19
34554,15
34555,3
34556,23
34557,23
34558,6
34559,19
34560,4
34561,9
34562,19
34563,5
34564,4
34565,9
34566,5
34567,1
34568,15
34569,15
34570,13
34571,15
34572,22
34573,19
34574,11
34575,13
34576,18
34577,14
34578,9
34579,13
34580,4
34581,4
34582,13
34583,14
34584,19
34585,6
34586,15
34587,15
34588,14
34589,15
34590,15
34591,19
34592,4
34593,15
34594,15
34595,15
34596,15
34597,15
34598,15
34599,13
34600,18
34601,22
34602,4
34603,4
34604,19
34605,10
34606,19
34607,23
34608,4
34609,15
34610,6
34611,9
34612,4
34613,20
34614,23
34615,22
34616,19
34617,13
34618,13
34619,15
34620,22
34621,19
34622,13
34623,13
34624,15
34625,10
34626,19
34627,19
34628,15
34629,15
34630,4
34631,22
34632,15
34633,22
34634,22
34635,15
34636,15
34637,13
34638,15
34639,4
34640,23
34641,13
34642,15
34643,18
34644,4
34645,4
34646,6
34647,4
34648,19
34649,15
34650,13
34651,15
34652,19
34653,4
34654,4
34655,23
34656,4
34657,1
34658,19
34659,10
34660,15
34661,15
34662,18
34663,19
34664,15
34665,15
34666,6
34667,4
34668,19
34669,19
34670,19
34671,19
34672,19
34673,4
34674,4
34675,19
34676,4
34677,22
34678,0
34679,15
34680,15
34681,13
34682,15
34683,18
34684,15
34685,22
34686,4
34687,15
34688,10
34689,15
34690,13
34691,15
34692,4
34693,15
34694,4
34695,19
34696,10
34697,15
34698,15
34699,1
34700,15
34701,13
34702,23
34703,4
34704,1
34705,22
34706,19
34707,2
34708,13
34709,22
34710,22
34711,16
34712,4
34713,15
34714,14
34715,4
34716,15
34717,13
34718,10
34719,13
34720,22
34721,4
34722,4
34723,23
34724,23
34725,4
34726,15
34727,15
34728,9
34729,19
34730,15
34731,4
34732,19
34733,23
34734,13
34735,4
34736,19
34737,6
34738,19
34739,19
34740,22
34741,15
34742,15
34743,15
34744,15
34745,15
34746,15
34747,15
34748,4
34749,19
34750,13
34751,9
34752,4
34753,14
34754,10
34755,13
34756,4
34757,18
34758,15
34759,19
34760,15
34761,15
34762,13
34763,19
34764,22
34765,15
34766,13
34767,4
34768,15
34769,22
34770,23
34771,15
34772,19
34773,13
34774,4
34775,19
34776,14
34777,10
34778,2
34779,19
34780,19
34781,13
34782,15
34783,4
34784,19
34785,23
34786,22
34787,19
34788,22
34789,11
34790,15
34791,10
34792,9
34793,15
34794,4
34795,13
34796,18
34797,14
34798,22
34799,23
34800,4
34801,19
34802,23
34803,15
34804,15
34805,15
34806,4
34807,12
34808,13
34809,4
34810,13
34811,4
34812,15
34813,4
34814,22
34815,6
34816,15
34817,1
34818,15
34819,4
34820,22
34821,10
34822,22
34823,15
34824,4
34825,15
34826,13
34827,19
34828,12
34829,15
34830,19
34831,15
34832,22
34833,13
34834,23
34835,4
34836,4
34837,13
34838,9
34839,13
34840,4
34841,4
34842,1
34843,10
34844,4
34845,13
34846,4
34847,15
34848,19
34849,22
34850,19
34851,15
34852,15
34853,22
34854,16
34855,15
34856,15
34857,15
34858,15
34859,4
34860,13
34861,19
34862,4
34863,15
34864,22
34865,19
34866,14
34867,22
34868,15
34869,18
34870,15
34871,15
34872,19
34873,19
34874,13
34875,18
34876,4
34877,10
34878,15
34879,23
34880,18
34881,4
34882,1
34883,15
34884,15
34885,13
34886,23
34887,5
34888,15
34889,19
34890,19
34891,15
34892,4
34893,23
34894,15
34895,15
34896,19
34897,4
34898,23
34899,19
34900,15
34901,12
34902,22
34903,19
34904,4
34905,15
34906,19
34907,15
34908,4
34909,19
34910,15
34911,15
34912,22
34913,15
34914,13
34915,14
34916,15
34917,19
34918,19
34919,19
34920,15
34921,22
34922,22
34923,10
34924,15
34925,9
34926,15
34927,19
34928,15
34929,15
34930,22
34931,15
34932,4
34933,13
34934,15
34935,10
34936,23
34937,15
34938,18
34939,4
34940,17
34941,19
34942,4
34943,18
34944,4
34945,22
34946,19
34947,13
34948,19
34949,11
34950,13
34951,15
34952,12
34953,14
34954,11
34955,18
34956,4
34957,15
34958,19
34959,23
34960,13
34961,4
34962,15
34963,4
34964,23
34965,15
34966,8
34967,18
34968,13
34969,15
34970,15
34971,15
34972,4
34973,15
34974,22
34975,5
34976,15
34977,23
34978,15
34979,15
34980,4
34981,10
34982,22
34983,15
34984,4
34985,15
34986,19
34987,13
34988,23
34989,4
34990,18
34991,19
34992,4
34993,15
34994,4
34995,4
34996,15
34997,18
34998,14
34999,22
35000,15
35001,15
35002,23
35003,15
35004,15
35005,23
35006,15
35007,15
35008,22
35009,4
35010,16
35011,19
35012,4
35013,15
35014,22
35015,15
35016,22
35017,16
35018,13
35019,19
35020,15
35021,15
35022,15
35023,5
35024,2
35025,9
35026,15
35027,15
35028,12
35029,19
35030,15
35031,23
35032,15
35033,15
35034,15
35035,10
35036,15
35037,4
35038,4
35039,6
35040,4
35041,22
35042,15
35043,19
35044,12
35045,10
35046,10
35047,4
35048,5
35049,15
35050,4
35051,4
35052,15
35053,1
35054,14
35055,4
35056,15
35057,15
35058,15
35059,9
35060,15
35061,15
35062,19
35063,13
35064,14
35065,19
35066,19
35067,15
35068,19
35069,13
35070,22
35071,15
35072,15
35073,15
35074,15
35075,15
35076,13
35077,22
35078,1
35079,15
35080,23
35081,23
35082,23
35083,15
35084,18
35085,15
35086,19
35087,15
35088,22
35089,4
35090,4
35091,15
35092,18
35093,22
35094,22
35095,6
35096,22
35097,19
35098,4
35099,13
35100,9
35101,4
35102,15
35103,13
35104,15
35105,15
35106,19
35107,19
35108,13
35109,5
35110,0
35111,4
35112,4
35113,4
35114,15
35115,15
35116,13
35117,15
35118,15
35119,19
35120,13
35121,15
35122,22
35123,13
35124,19
35125,19
35126,22
35127,5
35128,4
35129,15
35130,10
35131,4
35132,22
35133,15
35134,6
35135,15
35136,4
35137,15
35138,19
35139,19
35140,23
35141,15
35142,1
35143,4
35144,14
35145,10
35146,19
35147,18
35148,15
35149,15
35150,15
35151,15
35152,19
35153,15
35154,4
35155,15
35156,22
35157,19
35158,4
35159,4
35160,15
35161,22
35162,23
35163,23
35164,4
35165,15
35166,13
35167,15
35168,15
35169,15
35170,11
35171,4
35172,10
35173,15
35174,18
35175,13
35176,9
35177,19
35178,4
35179,13
35180,15
35181,4
35182,15
35183,4
35184,19
35185,13
35186,4
35187,15
35188,15
35189,15
35190,4
35191,22
35192,23
35193,4
35194,4
35195,15
35196,13
35197,19
35198,22
35199,5
35200,15
35201,15
35202,15
35203,15
35204,4
35205,15
35206,9
35207,19
35208,15
35209,15
35210,4
35211,15
35212,4
35213,15
35214,15
35215,10
35216,15
35217,15
35218,4
35219,15
35220,19
35221,19
35222,23
35223,15
35224,14
35225,19
35226,15
35227,15
35228,19
35229,15
35230,15
35231,13
35232,19
35233,22
35234,22
35235,14
35236,15
35237,4
35238,22
35239,19
35240,15
35241,13
35242,23
35243,15
35244,19
35245,22
35246,23
35247,4
35248,22
35249,23
35250,2
35251,19
35252,2
35253,10
35254,19
35255,19
35256,15
35257,19
35258,19
35259,15
35260,15
35261,15
35262,15
35263,15
35264,4
35265,15
35266,15
35267,9
35268,15
35269,4
35270,19
35271,15
35272,13
35273,19
35274,22
35275,13
35276,15
35277,15
35278,13
35279,13
35280,15
35281,19
35282,19
35283,9
35284,23
35285,4
35286,4
35287,23
35288,13
35289,15
35290,19
35291,19
35292,4
35293,15
35294,15
35295,4
35296,15
35297,13
35298,4
35299,13
35300,18
35301,15
35302,15
35303,22
35304,12
35305,4
35306,13
35307,15
35308,13
35309,19
35310,15
35311,19
35312,4
35313,23
35314,19
35315,13
35316,13
35317,15
35318,13
35319,1
35320,14
35321,23
35322,15
35323,2
35324,13
35325,15
35326,13
35327,15
35328,15
35329,22
35330,19
35331,19
35332,15
35333,15
35334,10
35335,19
35336,4
35337,1
35338,4
35339,4
35340,13
35341,13
35342,4
35343,13
35344,4
35345,6
35346,6
35347,13
35348,15
35349,23
35350,22
35351,19
35352,4
35353,16
35354,4
35355,16
35356,15
35357,13
35358,2
35359,22
35360,19
35361,19
35362,4
35363,19
35364,4
35365,15
35366,13
35367,13
35368,15
35369,4
35370,19
35371,15
35372,9
35373,15
35374,23
35375,23
35376,4
35377,15
35378,19
35379,19
35380,22
35381,15
35382,15
35383,5
35384,15
35385,15
35386,15
35387,4
35388,19
35389,1
35390,19
35391,23
35392,15
35393,1
35394,15
35395,15
35396,4
35397,9
35398,15
35399,22
35400,19
35401,14
35402,15
35403,15
35404,19
35405,4
35406,12
35407,13
35408,22
35409,22
35410,4
35411,15
35412,15
35413,13
35414,4
35415,15
35416,19
35417,15
35418,19
35419,9
35420,15
35421,23
35422,19
35423,10
35424,22
35425,11
35426,15
35427,15
35428,15
35429,19
35430,13
35431,15
35432,23
35433,5
35434,4
35435,4
35436,4
35437,19
35438,22
35439,22
35440,9
35441,16
35442,6
35443,4
35444,4
35445,13
35446,15
35447,15
35448,13
35449,22
35450,15
35451,15
35452,6
35453,15
35454,13
35455,4
35456,15
35457,15
35458,4
35459,13
35460,4
35461,19
35462,19
35463,1
35464,15
35465,3
35466,9
35467,13
35468,15
35469,19
35470,19
35471,4
35472,22
35473,15
35474,13
35475,13
35476,13
35477,22
35478,10
35479,19
35480,19
35481,14
35482,10
35483,13
35484,15
35485,4
35486,18
35487,15
35488,15
35489,19
35490,13
35491,15
35492,10
35493,15
35494,10
35495,19
35496,4
35497,15
35498,4
35499,23
35500,4
35501,14
35502,19
35503,19
35504,23
35505,22
35506,15
35507,15
35508,23
35509,23
35510,4
35511,15
35512,13
35513,13
35514,15
35515,19
35516,19
35517,4
35518,10
35519,15
35520,13
35521,15
35522,15
35523,11
35524,4
35525,0
35526,18
35527,22
35528,19
35529,13
35530,19
35531,9
35532,22
35533,15
35534,15
35535,1
35536,15
35537,5
35538,4
35539,19
35540,20
35541,19
35542,22
35543,13
35544,19
35545,12
35546,15
35547,13
35548,15
35549,15
35550,5
35551,18
35552,15
35553,15
35554,15
35555,22
35556,9
35557,15
35558,13
35559,15
35560,23
35561,9
35562,5
35563,19
35564,13
35565,4
35566,15
35567,19
35568,13
35569,11
35570,15
35571,22
35572,19
35573,19
35574,15
35575,13
35576,15
35577,9
35578,19
35579,15
35580,13
35581,15
35582,15
35583,15
35584,9
35585,19
35586,15
35587,4
35588,13
35589,4
35590,10
35591,4
35592,13
35593,0
35594,4
35595,15
35596,4
35597,15
35598,19
35599,15
35600,15
35601,19
35602,15
35603,22
35604,15
35605,13
35606,6
35607,19
35608,15
35609,4
35610,18
35611,1
35612,6
35613,19
35614,4
35615,19
35616,6
35617,9
35618,19
35619,13
35620,22
35621,23
35622,22
35623,23
35624,15
35625,15
35626,10
35627,22
35628,13
35629,22
35630,9
35631,4
35632,15
35633,4
35634,13
35635,22
35636,15
35637,10
35638,15
35639,4
35640,13
35641,15
35642,15
35643,15
35644,15
35645,13
35646,23
35647,15
35648,13
35649,13
35650,18
35651,4
35652,4
35653,10
35654,9
35655,13
35656,23
35657,18
35658,13
35659,15
35660,13
35661,12
35662,19
35663,15
35664,15
35665,10
35666,15
35667,19
35668,2
35669,15
35670,15
35671,15
35672,6
35673,4
35674,4
35675,15
35676,4
35677,15
35678,19
35679,7
35680,19
35681,9
35682,22
35683,4
35684,19
35685,19
35686,15
35687,22
35688,15
35689,13
35690,18
35691,10
35692,15
35693,4
35694,15
35695,15
35696,4
35697,15
35698,19
35699,15
35700,23
35701,23
35702,13
35703,13
35704,4
35705,15
35706,4
35707,15
35708,19
35709,19
35710,19
35711,23
35712,15
35713,22
35714,19
35715,19
35716,15
35717,4
35718,13
35719,19
35720,2
35721,18
35722,4
35723,15
35724,19
35725,23
35726,15
35727,15
35728,6
35729,11
35730,19
35731,4
35732,19
35733,9
35734,5
35735,15
35736,4
35737,13
35738,18
35739,23
35740,15
35741,13
35742,22
35743,22
35744,16
35745,4
35746,15
35747,15
35748,15
35749,19
35750,4
35751,15
35752,19
35753,15
35754,18
35755,15
35756,4
35757,20
35758,22
35759,9
35760,19
35761,15
35762,15
35763,15
35764,15
35765,13
35766,13
35767,13
35768,19
35769,4
35770,15
35771,1
35772,7
35773,19
35774,19
35775,23
35776,6
35777,19
35778,4
35779,10
35780,19
35781,18
35782,19
35783,12
35784,15
35785,22
35786,13
35787,15
35788,4
35789,15
35790,13
35791,18
35792,10
35793,19
35794,13
35795,15
35796,19
35797,4
35798,15
35799,4
35800,15
35801,19
35802,15
35803,4
35804,22
35805,4
35806,15
35807,15
35808,15
35809,15
35810,15
35811,15
35812,23
35813,19
35814,12
35815,15
35816,19
35817,23
35818,15
35819,15
35820,4
35821,15
35822,15
35823,15
35824,15
35825,5
35826,19
35827,19
35828,4
35829,13
35830,4
35831,19
35832,15
35833,19
35834,19
35835,15
35836,15
35837,14
35838,18
35839,15
35840,19
35841,23
35842,15
35843,2
35844,22
35845,15
35846,4
35847,4
35848,4
35849,19
35850,22
35851,23
35852,10
35853,15
35854,19
35855,22
35856,6
35857,15
35858,15
35859,19
35860,10
35861,23
35862,4
35863,13
35864,23
35865,4
35866,16
35867,15
35868,19
35869,23
35870,13
35871,15
35872,15
35873,15
35874,23
35875,15
35876,19
35877,13
35878,4
35879,19
35880,15
35881,13
35882,4
35883,15
35884,15
35885,13
35886,15
35887,19
35888,15
35889,13
35890,10
35891,4
35892,15
35893,19
35894,4
35895,13
35896,22
35897,15
35898,4
35899,22
35900,4
35901,19
35902,19
35903,19
35904,4
35905,11
35906,15
35907,4
35908,13
35909,19
35910,18
35911,15
35912,12
35913,11
35914,15
35915,13
35916,19
35917,15
35918,13
35919,15
35920,22
35921,15
35922,4
35923,19
35924,15
35925,22
35926,11
35927,19
35928,15
35929,23
35930,4
35931,10
35932,4
35933,4
35934,13
35935,15
35936,15
35937,4
35938,4
35939,4
35940,10
35941,4
35942,15
35943,4
35944,22
35945,4
35946,11
35947,14
35948,22
35949,13
35950,22
35951,19
35952,22
35953,15
35954,15
35955,22
35956,19
35957,10
35958,15
35959,19
35960,15
35961,10
35962,15
35963,15
35964,15
35965,15
35966,13
35967,10
35968,22
35969,22
35970,19
35971,15
35972,19
35973,13
35974,13
35975,15
35976,15
35977,4
35978,11
35979,22
35980,4
35981,23
35982,22
35983,22
35984,15
35985,22
35986,15
35987,23
35988,15
35989,19
35990,4
35991,6
35992,19
35993,19
35994,15
35995,4
35996,15
35997,15
35998,2
35999,18
36000,12
36001,4
36002,13
36003,22
36004,10
36005,10
36006,4
36007,15
36008,1
36009,19
36010,15
36011,15
36012,19
36013,19
36014,15
36015,19
36016,22
36017,19
36018,4
36019,15
36020,23
36021,15
36022,4
36023,19
36024,15
36025,4
36026,22
36027,6
36028,15
36029,4
36030,13
36031,19
36032,15
36033,22
36034,13
36035,4
36036,19
36037,15
36038,13
36039,6
36040,19
36041,13
36042,18
36043,15
36044,15
36045,15
36046,19
36047,15
36048,15
36049,15
36050,4
36051,15
36052,13
36053,19
36054,4
36055,13
36056,4
36057,19
36058,4
36059,13
36060,19
36061,13
36062,18
36063,15
36064,4
36065,13
36066,23
36067,22
36068,4
36069,23
36070,15
36071,6
36072,19
36073,15
36074,4
36075,19
36076,15
36077,19
36078,4
36079,4
36080,11
36081,15
36082,4
36083,9
36084,19
36085,4
36086,9
36087,4
36088,15
36089,15
36090,4
36091,15
36092,15
36093,10
36094,4
36095,19
36096,15
36097,19
36098,18
36099,15
36100,15
36101,4
36102,19
36103,13
36104,13
36105,19
36106,19
36107,23
36108,15
36109,15
36110,15
36111,15
36112,15
36113,4
36114,15
36115,15
36116,15
36117,22
36118,15
36119,15
36120,15
36121,15
36122,2
36123,22
36124,23
36125,13
36126,22
36127,15
36128,15
36129,13
36130,15
36131,15
36132,9
36133,19
36134,19
36135,4
36136,19
36137,13
36138,15
36139,19
36140,9
36141,15
36142,13
36143,4
36144,19
36145,19
36146,4
36147,22
36148,15
36149,15
36150,18
36151,19
36152,4
36153,19
36154,14
36155,4
36156,19
36157,18
36158,4
36159,19
36160,19
36161,15
36162,22
36163,15
36164,4
36165,15
36166,15
36167,15
36168,14
36169,5
36170,18
36171,4
36172,18
36173,15
36174,4
36175,1
36176,15
36177,23
36178,15
36179,13
36180,13
36181,13
36182,15
36183,15
36184,15
36185,15
36186,11
36187,23
36188,19
36189,19
36190,15
36191,19
36192,15
36193,15
36194,13
36195,4
36196,13
36197,13
36198,15
36199,15
36200,4
36201,15
36202,4
36203,13
36204,12
36205,15
36206,19
36207,4
36208,15
36209,22
36210,19
36211,15
36212,22
36213,9
36214,19
36215,22
36216,9
36217,4
36218,16
36219,9
36220,15
36221,16
36222,15
36223,15
36224,13
36225,4
36226,13
36227,4
36228,19
36229,15
36230,15
36231,19
36232,19
36233,15
36234,19
36235,4
36236,4
36237,13
36238,15
36239,23
36240,6
36241,4
36242,23
36243,23
36244,15
36245,13
36246,22
36247,18
36248,19
36249,23
36250,23
36251,9
36252,18
36253,19
36254,19
36255,19
36256,13
36257,15
36258,14
36259,10
36260,13
36261,9
36262,19
36263,15
36264,15
36265,19
36266,18
36267,4
36268,13
36269,19
36270,19
36271,18
36272,4
36273,10
36274,19
36275,13
36276,15
36277,22
36278,15
36279,22
36280,4
36281,18
36282,15
36283,4
36284,6
36285,15
36286,15
36287,15
36288,4
36289,15
36290,4
36291,15
36292,19
36293,19
36294,4
36295,15
36296,19
36297,4
36298,15
36299,15
36300,4
36301,19
36302,19
36303,19
36304,15
36305,13
36306,13
36307,18
36308,4
36309,18
36310,4
36311,13
36312,4
36313,15
36314,9
36315,22
36316,19
36317,22
36318,15
36319,15
36320,6
36321,22
36322,15
36323,15
36324,5
36325,5
36326,6
36327,4
36328,10
36329,19
36330,13
36331,13
36332,15
36333,4
36334,15
36335,15
36336,19
36337,12
36338,15
36339,15
36340,4
36341,13
36342,19
36343,15
36344,0
36345,4
36346,4
36347,19
36348,1
36349,15
36350,22
36351,11
36352,19
36353,13
36354,13
36355,4
36356,15
36357,13
36358,19
36359,23
36360,15
36361,9
36362,13
36363,19
36364,13
36365,4
36366,9
36367,15
36368,4
36369,13
36370,14
36371,23
36372,13
36373,10
36374,22
36375,23
36376,19
36377,19
36378,15
36379,15
36380,19
36381,19
36382,19
36383,18
36384,15
36385,1
36386,15
36387,13
36388,15
36389,4
36390,4
36391,10
36392,22
36393,4
36394,22
36395,13
36396,15
36397,13
36398,19
36399,15
36400,19
36401,19
36402,15
36403,15
36404,15
36405,19
36406,10
36407,4
36408,23
36409,4
36410,7
36411,23
36412,15
36413,15
36414,6
36415,15
36416,4
36417,10
36418,4
36419,15
36420,11
36421,15
36422,18
36423,15
36424,13
36425,15
36426,9
36427,10
36428,15
36429,15
36430,15
36431,15
36432,18
36433,13
36434,10
36435,19
36436,15
36437,14
36438,15
36439,23
36440,15
36441,19
36442,15
36443,4
36444,15
36445,4
36446,18
36447,4
36448,18
36449,13
36450,4
36451,4
36452,15
36453,15
36454,18
36455,19
36456,4
36457,4
36458,18
36459,10
36460,19
36461,23
36462,9
36463,22
36464,15
36465,15
36466,15
36467,15
36468,4
36469,15
36470,13
36471,4
36472,4
36473,4
36474,15
36475,23
36476,4
36477,4
36478,10
36479,19
36480,22
36481,4
36482,13
36483,23
36484,19
36485,15
36486,4
36487,4
36488,15
36489,15
36490,19
36491,15
36492,18
36493,19
36494,19
36495,13
36496,10
36497,15
36498,4
36499,22
36500,15
36501,5
36502,13
36503,13
36504,22
36505,15
36506,15
36507,22
36508,4
36509,15
36510,15
36511,4
36512,4
36513,15
36514,15
36515,4
36516,6
36517,19
36518,22
36519,22
36520,22
36521,15
36522,15
36523,15
36524,15
36525,10
36526,15
36527,13
36528,15
36529,9
36530,22
36531,4
36532,22
36533,23
36534,13
36535,22
36536,4
36537,4
36538,15
36539,10
36540,15
36541,15
36542,4
36543,4
36544,15
36545,15
36546,15
36547,18
36548,13
36549,22
36550,19
36551,15
36552,19
36553,4
36554,19
36555,15
36556,4
36557,6
36558,19
36559,18
36560,15
36561,12
36562,15
36563,11
36564,19
36565,22
36566,15
36567,22
36568,4
36569,15
36570,13
36571,4
36572,13
36573,19
36574,15
36575,15
36576,15
36577,2
36578,18
36579,15
36580,15
36581,15
36582,15
36583,6
36584,15
36585,4
36586,19
36587,15
36588,15
36589,4
36590,4
36591,4
36592,13
36593,23
36594,4
36595,15
36596,15
36597,6
36598,4
36599,15
36600,19
36601,13
36602,15
36603,15
36604,19
36605,22
36606,13
36607,4
36608,19
36609,19
36610,4
36611,22
36612,4
36613,15
36614,15
36615,4
36616,4
36617,19
36618,15
36619,15
36620,4
36621,4
36622,10
36623,15
36624,13
36625,19
36626,22
36627,19
36628,6
36629,22
36630,13
36631,15
36632,4
36633,4
36634,8
36635,22
36636,22
36637,15
36638,19
36639,10
36640,15
36641,4
36642,15
36643,19
36644,15
36645,13
36646,4
36647,15
36648,18
36649,18
36650,4
36651,22
36652,4
36653,10
36654,10
36655,1
36656,15
36657,4
36658,15
36659,16
36660,15
36661,15
36662,15
36663,18
36664,15
36665,6
36666,15
36667,15
36668,15
36669,15
36670,19
36671,13
36672,15
36673,15
36674,15
36675,23
36676,10
36677,22
36678,22
36679,6
36680,15
36681,10
36682,15
36683,19
36684,19
36685,15
36686,4
36687,16
36688,19
36689,19
36690,4
36691,10
36692,19
36693,4
36694,13
36695,13
36696,15
36697,19
36698,15
36699,15
36700,15
36701,15
36702,13
36703,4
36704,4
36705,4
36706,23
36707,4
36708,19
36709,19
36710,19
36711,15
36712,4
36713,15
36714,15
36715,15
36716,4
36717,15
36718,4
36719,4
36720,15
36721,15
36722,15
36723,4
36724,19
36725,15
36726,19
36727,15
36728,4
36729,19
36730,19
36731,16
36732,19
36733,19
36734,18
36735,15
36736,19
36737,15
36738,15
36739,13
36740,23
36741,15
36742,13
36743,15
36744,13
36745,4
36746,15
36747,4
36748,13
36749,4
36750,15
36751,19
36752,13
36753,10
36754,4
36755,15
36756,22
36757,22
36758,18
36759,18
36760,1
36761,15
36762,15
36763,15
36764,13
36765,15
36766,22
36767,15
36768,15
36769,4
36770,19
36771,22
36772,19
36773,4
36774,4
36775,4
36776,19
36777,15
36778,15
36779,2
36780,23
36781,19
36782,19
36783,19
36784,4
36785,15
36786,13
36787,15
36788,23
36789,15
36790,15
36791,15
36792,15
36793,15
36794,22
36795,15
36796,15
36797,15
36798,15
36799,15
36800,4
36801,15
36802,22
36803,19
36804,15
36805,15
36806,15
36807,15
36808,15
36809,15
36810,15
36811,4
36812,19
36813,4
36814,15
36815,13
36816,15
36817,13
36818,22
36819,4
36820,15
36821,13
36822,15
36823,4
36824,19
36825,19
36826,13
36827,23
36828,19
36829,4
36830,23
36831,22
36832,23
36833,15
36834,4
36835,15
36836,2
36837,10
36838,15
36839,4
36840,4
36841,4
36842,15
36843,15
36844,2
36845,4
36846,15
36847,15
36848,4
36849,4
36850,6
36851,4
36852,15
36853,11
36854,15
36855,15
36856,4
36857,12
36858,19
36859,19
36860,4
36861,4
36862,19
36863,22
36864,23
36865,4
36866,15
36867,23
36868,15
36869,19
36870,15
36871,22
36872,4
36873,15
36874,15
36875,19
36876,13
36877,19
36878,19
36879,10
36880,19
36881,15
36882,12
36883,15
36884,19
36885,23
36886,19
36887,13
36888,10
36889,4
36890,19
36891,15
36892,19
36893,15
36894,4
36895,19
36896,13
36897,15
36898,4
36899,13
36900,19
36901,10
36902,13
36903,4
36904,22
36905,4
36906,22
36907,9
36908,15
36909,13
36910,15
36911,15
36912,4
36913,15
36914,13
36915,5
36916,15
36917,22
36918,15
36919,4
36920,4
36921,4
36922,19
36923,15
36924,19
36925,15
36926,13
36927,15
36928,22
36929,18
36930,5
36931,12
36932,4
36933,15
36934,4
36935,15
36936,15
36937,19
36938,19
36939,4
36940,4
36941,15
36942,4
36943,15
36944,4
36945,10
36946,13
36947,15
36948,19
36949,22
36950,4
36951,13
36952,15
36953,19
36954,15
36955,19
36956,22
36957,4
36958,4
36959,15
36960,22
36961,23
36962,19
36963,4
36964,4
36965,4
36966,4
36967,19
36968,4
36969,13
36970,13
36971,15
36972,15
36973,18
36974,13
36975,15
36976,13
36977,19
36978,14
36979,15
36980,15
36981,6
36982,1
36983,13
36984,6
36985,4
36986,15
36987,19
36988,23
36989,4
36990,12
36991,10
36992,23
36993,15
36994,19
36995,10
36996,15
36997,22
36998,19
36999,14
37000,15
37001,13
37002,9
37003,4
37004,5
37005,15
37006,4
37007,15
37008,15
37009,15
37010,15
37011,6
37012,19
37013,15
37014,19
37015,4
37016,23
37017,22
37018,13
37019,4
37020,23
37021,15
37022,15
37023,22
37024,4
37025,18
37026,22
37027,15
37028,8
37029,10
37030,18
37031,15
37032,18
37033,19
37034,15
37035,13
37036,15
37037,15
37038,19
37039,4
37040,4
37041,19
37042,20
37043,22
37044,4
37045,15
37046,22
37047,15
37048,16
37049,0
37050,19
37051,4
37052,19
37053,15
37054,15
37055,19
37056,15
37057,10
37058,4
37059,15
37060,10
37061,0
37062,4
37063,13
37064,19
37065,22
37066,19
37067,13
37068,19
37069,19
37070,4
37071,22
37072,19
37073,4
37074,13
37075,18
37076,13
37077,22
37078,19
37079,15
37080,18
37081,15
37082,22
37083,4
37084,4
37085,15
37086,15
37087,23
37088,4
37089,15
37090,4
37091,18
37092,22
37093,19
37094,4
37095,15
37096,19
37097,19
37098,10
37099,15
37100,15
37101,4
37102,23
37103,15
37104,19
37105,19
37106,4
37107,15
37108,15
37109,4
37110,13
37111,18
37112,15
37113,13
37114,22
37115,15
37116,4
37117,6
37118,18
37119,19
37120,15
37121,4
37122,19
37123,19
37124,15
37125,14
37126,15
37127,10
37128,15
37129,10
37130,23
37131,15
37132,22
37133,13
37134,10
37135,13
37136,19
37137,10
37138,13
37139,18
37140,4
37141,15
37142,19
37143,4
37144,4
37145,19
37146,18
37147,22
37148,15
37149,15
37150,4
37151,19
37152,15
37153,18
37154,22
37155,10
37156,12
37157,4
37158,23
37159,22
37160,15
37161,4
37162,19
37163,4
37164,13
37165,15
37166,4
37167,15
37168,19
37169,4
37170,19
37171,4
37172,23
37173,19
37174,4
37175,4
37176,10
37177,13
37178,19
37179,15
37180,4
37181,15
37182,4
37183,4
37184,19
37185,15
37186,15
37187,15
37188,13
37189,15
37190,4
37191,15
37192,4
37193,13
37194,15
37195,9
37196,14
37197,19
37198,19
37199,13
37200,19
37201,0
37202,4
37203,19
37204,19
37205,10
37206,15
37207,9
37208,4
37209,22
37210,15
37211,4
37212,23
37213,4
37214,13
37215,4
37216,15
37217,18
37218,13
37219,15
37220,13
37221,4
37222,13
37223,4
37224,4
37225,18
37226,4
37227,5
37228,13
37229,4
37230,13
37231,4
37232,22
37233,22
37234,0
37235,22
37236,13
37237,13
37238,10
37239,19
37240,1
37241,15
37242,1
37243,9
37244,9
37245,4
37246,15
37247,15
37248,19
37249,15
37250,15
37251,11
37252,15
37253,15
37254,13
37255,22
37256,19
37257,18
37258,19
37259,15
37260,19
37261,15
37262,5
37263,4
37264,15
37265,19
37266,15
37267,15
37268,13
37269,19
37270,13
37271,13
37272,13
37273,4
37274,12
37275,13
37276,15
37277,23
37278,6
37279,15
37280,14
37281,23
37282,23
37283,15
37284,15
37285,18
37286,19
37287,15
37288,12
37289,13
37290,15
37291,19
37292,15
37293,22
37294,19
37295,4
37296,4
37297,13
37298,10
37299,4
37300,15
37301,4
37302,19
37303,15
37304,4
37305,23
37306,19
37307,10
37308,4
37309,15
37310,0
37311,0
37312,13
37313,13
37314,4
37315,15
37316,15
37317,15
37318,19
37319,15
37320,13
37321,22
37322,19
37323,22
37324,15
37325,22
37326,19
37327,15
37328,14
37329,10
37330,11
37331,4
37332,23
37333,10
37334,14
37335,17
37336,13
37337,18
37338,15
37339,15
37340,19
37341,19
37342,15
37343,15
37344,15
37345,19
37346,5
37347,10
37348,2
37349,19
37350,15
37351,13
37352,19
37353,13
37354,22
37355,22
37356,15
37357,12
37358,22
37359,19
37360,19
37361,4
37362,19
37363,1
37364,4
37365,19
37366,19
37367,10
37368,22
37369,13
37370,23
37371,15
37372,19
37373,15
37374,4
37375,15
37376,13
37377,15
37378,4
37379,19
37380,23
37381,14
37382,6
37383,13
37384,15
37385,19
37386,15
37387,15
37388,15
37389,19
37390,13
37391,15
37392,15
37393,19
37394,19
37395,19
37396,4
37397,23
37398,19
37399,4
37400,13
37401,15
37402,13
37403,23
37404,15
37405,15
37406,19
37407,14
37408,19
37409,15
37410,13
37411,4
37412,15
37413,10
37414,22
37415,15
37416,15
37417,4
37418,22
37419,13
37420,10
37421,22
37422,4
37423,15
37424,4
37425,15
37426,13
37427,15
37428,15
37429,22
37430,4
37431,18
37432,15
37433,22
37434,1
37435,13
37436,4
37437,22
37438,10
37439,13
37440,19
37441,18
37442,13
37443,19
37444,22
37445,15
37446,23
37447,22
37448,19
37449,12
37450,15
37451,4
37452,10
37453,19
37454,23
37455,15
37456,15
37457,10
37458,23
37459,4
37460,4
37461,19
37462,23
37463,4
37464,15
37465,15
37466,23
37467,15
37468,23
37469,4
37470,15
37471,19
37472,22
37473,19
37474,4
37475,15
37476,22
37477,4
37478,22
37479,13
37480,6
37481,13
37482,15
37483,15
37484,4
37485,15
37486,4
37487,4
37488,13
37489,12
37490,19
37491,22
37492,15
37493,15
37494,4
37495,12
37496,16
37497,19
37498,4
37499,18
37500,4
37501,15
37502,22
37503,16
37504,4
37505,15
37506,4
37507,22
37508,12
37509,19
37510,15
37511,22
37512,23
37513,15
37514,15
37515,19
37516,13
37517,15
37518,19
37519,4
37520,13
37521,19
37522,15
37523,23
37524,4
37525,22
37526,19
37527,4
37528,15
37529,16
37530,13
37531,19
37532,23
37533,9
37534,4
37535,22
37536,4
37537,4
37538,19
37539,15
37540,18
37541,15
37542,4
37543,15
37544,15
37545,4
37546,13
37547,0
37548,4
37549,15
37550,19
37551,15
37552,4
37553,19
37554,22
37555,15
37556,15
37557,19
37558,4
37559,2
37560,23
37561,15
37562,15
37563,22
37564,15
37565,15
37566,15
37567,15
37568,19
37569,15
37570,15
37571,15
37572,19
37573,15
37574,19
37575,23
37576,15
37577,4
37578,19
37579,15
37580,10
37581,15
37582,4
37583,15
37584,15
37585,15
37586,15
37587,15
37588,23
37589,15
37590,22
37591,15
37592,23
37593,4
37594,23
37595,15
37596,15
37597,23
37598,13
37599,4
37600,13
37601,4
37602,23
37603,19
37604,6
37605,13
37606,13
37607,4
37608,23
37609,15
37610,13
37611,15
37612,15
37613,10
37614,4
37615,19
37616,22
37617,10
37618,22
37619,15
37620,4
37621,15
37622,19
37623,15
37624,15
37625,4
37626,22
37627,4
37628,9
37629,15
37630,4
37631,15
37632,22
37633,6
37634,1
37635,22
37636,4
37637,15
37638,19
37639,4
37640,4
37641,15
37642,4
37643,13
37644,22
37645,4
37646,4
37647,19
37648,4
37649,22
37650,13
37651,4
37652,10
37653,19
37654,6
37655,10
37656,10
37657,15
37658,10
37659,15
37660,2
37661,15
37662,18
37663,4
37664,18
37665,19
37666,14
37667,19
37668,15
37669,19
37670,19
37671,19
37672,11
37673,4
37674,15
37675,15
37676,15
37677,22
37678,18
37679,19
37680,4
37681,19
37682,5
37683,15
37684,2
37685,18
37686,18
37687,19
37688,13
37689,19
37690,4
37691,15
37692,15
37693,13
37694,15
37695,4
37696,22
37697,13
37698,15
37699,4
37700,15
37701,10
37702,11
37703,15
37704,15
37705,10
37706,4
37707,15
37708,13
37709,10
37710,13
37711,15
37712,19
37713,11
37714,19
37715,4
37716,19
37717,15
37718,15
37719,15
37720,19
37721,9
37722,19
37723,19
37724,23
37725,4
37726,10
37727,23
37728,19
37729,19
37730,15
37731,9
37732,19
37733,15
37734,19
37735,19
37736,12
37737,15
37738,15
37739,15
37740,22
37741,4
37742,23
37743,19
37744,15
37745,19
37746,22
37747,19
37748,9
37749,13
37750,15
37751,15
37752,22
37753,13
37754,23
37755,19
37756,15
37757,15
37758,15
37759,15
37760,13
37761,15
37762,15
37763,15
37764,15
37765,15
37766,15
37767,15
37768,23
37769,15
37770,18
37771,19
37772,23
37773,15
37774,4
37775,6
37776,15
37777,19
37778,13
37779,22
37780,22
37781,13
37782,23
37783,19
37784,9
37785,13
37786,14
37787,4
37788,19
37789,4
37790,19
37791,4
37792,15
37793,4
37794,4
37795,22
37796,23
37797,15
37798,15
37799,10
37800,15
37801,9
37802,4
37803,14
37804,19
37805,1
37806,10
37807,19
37808,4
37809,15
37810,15
37811,23
37812,13
37813,13
37814,22
37815,18
37816,15
37817,4
37818,4
37819,15
37820,13
37821,15
37822,22
37823,12
37824,15
37825,4
37826,23
37827,4
37828,4
37829,18
37830,4
37831,15
37832,1
37833,15
37834,19
37835,22
37836,15
37837,6
37838,15
37839,2
37840,15
37841,22
37842,10
37843,19
37844,23
37845,19
37846,15
37847,19
37848,10
37849,13
37850,19
37851,4
37852,23
37853,15
37854,15
37855,15
37856,15
37857,13
37858,19
37859,13
37860,15
37861,19
37862,4
37863,15
37864,9
37865,15
37866,13
37867,15
37868,19
37869,15
37870,15
37871,13
37872,13
37873,4
37874,4
37875,4
37876,15
37877,4
37878,15
37879,10
37880,22
37881,15
37882,15
37883,15
37884,13
37885,15
37886,18
37887,19
37888,4
37889,13
37890,15
37891,15
37892,15
37893,13
37894,15
37895,15
37896,15
37897,15
37898,10
37899,13
37900,22
37901,13
37902,19
37903,13
37904,15
37905,13
37906,15
37907,22
37908,15
37909,4
37910,4
37911,19
37912,15
37913,15
37914,22
37915,4
37916,15
37917,19
37918,15
37919,13
37920,4
37921,15
37922,6
37923,15
37924,13
37925,18
37926,22
37927,22
37928,5
37929,15
37930,4
37931,15
37932,4
37933,15
37934,15
37935,18
37936,0
37937,19
37938,19
37939,4
37940,16
37941,13
37942,18
37943,15
37944,6
37945,19
37946,6
37947,15
37948,13
37949,23
37950,23
37951,4
37952,15
37953,15
37954,15
37955,11
37956,19
37957,15
37958,13
37959,19
37960,14
37961,22
37962,13
37963,15
37964,19
37965,13
37966,15
37967,23
37968,15
37969,15
37970,22
37971,15
37972,1
37973,15
37974,13
37975,15
37976,10
37977,4
37978,22
37979,15
37980,15
37981,23
37982,19
37983,15
37984,10
37985,4
37986,23
37987,15
37988,22
37989,15
37990,22
37991,4
37992,4
37993,4
37994,15
37995,18
37996,12
37997,19
37998,15
37999,15
38000,15
38001,10
38002,15
38003,5
38004,13
38005,15
38006,2
38007,13
38008,18
38009,15
38010,9
38011,15
38012,23
38013,15
38014,12
38015,19
38016,19
38017,4
38018,15
38019,4
38020,13
38021,19
38022,19
38023,13
38024,10
38025,4
38026,19
38027,15
38028,19
38029,15
38030,19
38031,12
38032,19
38033,15
38034,4
38035,23
38036,1
38037,10
38038,23
38039,15
38040,22
38041,23
38042,19
38043,22
38044,15
38045,15
38046,19
38047,15
38048,19
38049,4
38050,15
38051,19
38052,13
38053,4
38054,15
38055,4
38056,4
38057,6
38058,19
38059,15
38060,15
38061,15
38062,4
38063,10
38064,12
38065,15
38066,15
38067,4
38068,15
38069,15
38070,13
38071,13
38072,9
38073,3
38074,19
38075,5
38076,4
38077,15
38078,15
38079,19
38080,19
38081,1
38082,13
38083,18
38084,15
38085,15
38086,15
38087,15
38088,4
38089,8
38090,19
38091,19
38092,13
38093,15
38094,22
38095,4
38096,19
38097,16
38098,22
38099,13
38100,4
38101,4
38102,13
38103,15
38104,10
38105,19
38106,22
38107,23
38108,15
38109,6
38110,15
38111,4
38112,13
38113,4
38114,4
38115,15
38116,15
38117,15
38118,19
38119,15
38120,15
38121,22
38122,19
38123,15
38124,15
38125,19
38126,15
38127,3
38128,15
38129,4
38130,9
38131,22
38132,19
38133,6
38134,15
38135,19
38136,4
38137,4
38138,4
38139,4
38140,19
38141,15
38142,22
38143,15
38144,12
38145,4
38146,4
38147,15
38148,19
38149,15
38150,4
38151,15
38152,15
38153,4
38154,13
38155,22
38156,13
38157,6
38158,4
38159,15
38160,4
38161,4
38162,15
38163,13
38164,15
38165,22
38166,10
38167,4
38168,13
38169,23
38170,22
38171,4
38172,13
38173,22
38174,13
38175,19
38176,13
38177,22
38178,18
38179,9
38180,19
38181,19
38182,6
38183,4
38184,19
38185,15
38186,4
38187,22
38188,4
38189,10
38190,4
38191,12
38192,15
38193,15
38194,15
38195,4
38196,4
38197,19
38198,15
38199,4
38200,22
38201,4
38202,15
38203,19
38204,19
38205,4
38206,15
38207,15
38208,5
38209,15
38210,13
38211,15
38212,19
38213,4
38214,18
38215,4
38216,15
38217,15
38218,15
38219,15
38220,4
38221,19
38222,16
38223,18
38224,4
38225,22
38226,5
38227,4
38228,18
38229,15
38230,15
38231,15
38232,19
38233,10
38234,15
38235,13
38236,3
38237,19
38238,13
38239,15
38240,15
38241,15
38242,15
38243,22
38244,23
38245,9
38246,4
38247,13
38248,6
38249,13
38250,15
38251,18
38252,23
38253,14
38254,19
38255,22
38256,23
38257,15
38258,15
38259,15
38260,22
38261,16
38262,19
38263,19
38264,4
38265,22
38266,15
38267,15
38268,6
38269,19
38270,13
38271,15
38272,23
38273,4
38274,19
38275,15
38276,13
38277,13
38278,4
38279,22
38280,22
38281,19
38282,23
38283,22
38284,15
38285,19
38286,22
38287,4
38288,16
38289,15
38290,10
38291,4
38292,19
38293,18
38294,15
38295,15
38296,10
38297,4
38298,23
38299,4
38300,10
38301,23
38302,19
38303,19
38304,19
38305,13
38306,15
38307,13
38308,4
38309,15
38310,15
38311,10
38312,2
38313,10
38314,19
38315,4
38316,15
38317,4
38318,15
38319,19
38320,19
38321,15
38322,13
38323,15
38324,15
38325,23
38326,22
38327,4
38328,15
38329,5
38330,22
38331,13
38332,15
38333,11
38334,4
38335,15
38336,13
38337,22
38338,23
38339,19
38340,19
38341,19
38342,13
38343,19
38344,15
38345,22
38346,15
38347,19
38348,13
38349,15
38350,18
38351,15
38352,19
38353,6
38354,4
38355,13
38356,22
38357,15
38358,15
38359,13
38360,5
38361,15
38362,10
38363,4
38364,19
38365,4
38366,5
38367,23
38368,1
38369,15
38370,15
38371,4
38372,4
38373,22
38374,4
38375,15
38376,22
38377,13
38378,15
38379,4
38380,4
38381,22
38382,22
38383,10
38384,15
38385,15
38386,19
38387,14
38388,19
38389,19
38390,19
38391,15
38392,4
38393,22
38394,22
38395,23
38396,13
38397,15
38398,19
38399,19
38400,15
38401,13
38402,15
38403,13
38404,15
38405,15
38406,4
38407,15
38408,15
38409,4
38410,15
38411,23
38412,15
38413,19
38414,13
38415,18
38416,19
38417,16
38418,4
38419,15
38420,15
38421,2
38422,18
38423,15
38424,23
38425,6
38426,22
38427,22
38428,15
38429,19
38430,4
38431,23
38432,15
38433,19
38434,19
38435,9
38436,22
38437,4
38438,13
38439,15
38440,23
38441,15
38442,0
38443,13
38444,15
38445,15
38446,19
38447,4
38448,15
38449,4
38450,6
38451,15
38452,11
38453,22
38454,4
38455,4
38456,22
38457,4
38458,19
38459,15
38460,0
38461,15
38462,1
38463,0
38464,15
38465,15
38466,15
38467,15
38468,15
38469,15
38470,4
38471,10
38472,19
38473,19
38474,13
38475,22
38476,23
38477,9
38478,13
38479,15
38480,1
38481,4
38482,2
38483,5
38484,15
38485,15
38486,19
38487,15
38488,4
38489,15
38490,15
38491,10
38492,19
38493,19
38494,4
38495,14
38496,15
38497,15
38498,22
38499,15
38500,15
38501,19
38502,19
38503,15
38504,19
38505,19
38506,15
38507,15
38508,23
38509,22
38510,23
38511,22
38512,13
38513,10
38514,18
38515,15
38516,15
38517,19
38518,15
38519,19
38520,15
38521,15
38522,13
38523,15
38524,19
38525,4
38526,19
38527,15
38528,13
38529,4
38530,19
38531,19
38532,11
38533,4
38534,15
38535,4
38536,15
38537,15
38538,15
38539,15
38540,13
38541,15
38542,4
38543,6
38544,4
38545,15
38546,23
38547,22
38548,15
38549,4
38550,15
38551,19
38552,15
38553,23
38554,22
38555,19
38556,15
38557,19
38558,4
38559,19
38560,13
38561,15
38562,13
38563,22
38564,23
38565,19
38566,15
38567,19
38568,15
38569,15
38570,15
38571,18
38572,19
38573,23
38574,22
38575,6
38576,11
38577,15
38578,18
38579,4
38580,15
38581,22
38582,15
38583,19
38584,15
38585,15
38586,18
38587,15
38588,23
38589,15
38590,6
38591,15
38592,15
38593,18
38594,19
38595,18
38596,19
38597,5
38598,19
38599,19
38600,18
38601,19
38602,15
38603,6
38604,4
38605,3
38606,19
38607,4
38608,19
38609,15
38610,4
38611,18
38612,15
38613,19
38614,15
38615,10
38616,22
38617,15
38618,19
38619,15
38620,13
38621,4
38622,16
38623,15
38624,19
38625,15
38626,15
38627,4
38628,15
38629,2
38630,19
38631,13
38632,15
38633,15
38634,18
38635,19
38636,19
38637,4
38638,22
38639,23
38640,23
38641,22
38642,23
38643,13
38644,15
38645,15
38646,13
38647,19
38648,23
38649,13
38650,4
38651,4
38652,19
38653,15
38654,19
38655,4
38656,15
38657,22
38658,13
38659,6
38660,13
38661,15
38662,15
38663,13
38664,19
38665,15
38666,19
38667,15
38668,23
38669,18
38670,11
38671,19
38672,13
38673,15
38674,2
38675,19
38676,5
38677,10
38678,15
38679,9
38680,15
38681,18
38682,23
38683,22
38684,10
38685,19
38686,22
38687,15
38688,13
38689,6
38690,4
38691,19
38692,18
38693,22
38694,4
38695,18
38696,4
38697,15
38698,15
38699,19
38700,13
38701,15
38702,13
38703,15
38704,15
38705,10
38706,5
38707,15
38708,19
38709,19
38710,15
38711,15
38712,23
38713,4
38714,15
38715,19
38716,19
38717,15
38718,19
38719,11
38720,13
38721,4
38722,19
38723,23
38724,4
38725,4
38726,22
38727,15
38728,19
38729,6
38730,10
38731,4
38732,15
38733,4
38734,15
38735,13
38736,10
38737,15
38738,12
38739,19
38740,19
38741,22
38742,22
38743,22
38744,18
38745,6
38746,18
38747,13
38748,13
38749,4
38750,4
38751,19
38752,4
38753,4
38754,13
38755,19
38756,13
38757,15
38758,15
38759,19
38760,19
38761,23
38762,19
38763,15
38764,14
38765,1
38766,22
38767,3
38768,22
38769,22
38770,4
38771,4
38772,13
38773,15
38774,13
38775,15
38776,13
38777,13
38778,15
38779,12
38780,4
38781,14
38782,19
38783,19
38784,9
38785,15
38786,19
38787,4
38788,4
38789,1
38790,6
38791,14
38792,19
38793,22
38794,15
38795,19
38796,12
38797,15
38798,10
38799,15
38800,19
38801,4
38802,15
38803,9
38804,11
38805,15
38806,19
38807,19
38808,15
38809,15
38810,16
38811,19
38812,19
38813,13
38814,4
38815,22
38816,6
38817,13
38818,22
38819,15
38820,10
38821,4
38822,13
38823,19
38824,13
38825,19
38826,2
38827,15
38828,19
38829,13
38830,19
38831,22
38832,19
38833,1
38834,15
38835,19
38836,22
38837,19
38838,15
38839,15
38840,13
38841,13
38842,15
38843,23
38844,19
38845,15
38846,15
38847,19
38848,19
38849,14
38850,10
38851,12
38852,13
38853,18
38854,15
38855,15
38856,13
38857,15
38858,13
38859,10
38860,4
38861,15
38862,5
38863,15
38864,13
38865,18
38866,1
38867,15
38868,10
38869,14
38870,19
38871,22
38872,4
38873,15
38874,6
38875,19
38876,19
38877,15
38878,15
38879,15
38880,4
38881,4
38882,19
38883,4
38884,15
38885,15
38886,15
38887,18
38888,16
38889,11
38890,13
38891,15
38892,15
38893,15
38894,15
38895,22
38896,4
38897,4
38898,15
38899,23
38900,11
38901,15
38902,9
38903,23
38904,22
38905,19
38906,15
38907,10
38908,13
38909,13
38910,4
38911,18
38912,15
38913,13
38914,15
38915,18
38916,4
38917,19
38918,22
38919,15
38920,15
38921,4
38922,18
38923,15
38924,4
38925,13
38926,15
38927,19
38928,23
38929,23
38930,11
38931,13
38932,4
38933,19
38934,9
38935,15
38936,15
38937,4
38938,23
38939,22
38940,15
38941,19
38942,5
38943,18
38944,15
38945,19
38946,4
38947,6
38948,15
38949,0
38950,13
38951,15
38952,18
38953,4
38954,4
38955,6
38956,15
38957,15
38958,13
38959,15
38960,5
38961,4
38962,15
38963,22
38964,13
38965,19
38966,4
38967,15
38968,13
38969,4
38970,22
38971,19
38972,19
38973,12
38974,4
38975,12
38976,13
38977,13
38978,23
38979,1
38980,22
38981,4
38982,15
38983,9
38984,15
38985,15
38986,22
38987,15
38988,4
38989,4
38990,19
38991,4
38992,15
38993,18
38994,15
38995,15
38996,19
38997,15
38998,15
38999,2
39000,15
39001,13
39002,19
39003,5
39004,16
39005,15
39006,15
39007,4
39008,5
39009,13
39010,19
39011,15
39012,12
39013,4
39014,22
39015,15
39016,19
39017,15
39018,4
39019,15
39020,6
39021,23
39022,15
39023,4
39024,9
39025,10
39026,15
39027,15
39028,19
39029,9
39030,22
39031,15
39032,15
39033,4
39034,15
39035,15
39036,19
39037,15
39038,12
39039,9
39040,13
39041,15
39042,4
39043,13
39044,13
39045,13
39046,4
39047,15
39048,19
39049,19
39050,4
39051,4
39052,4
39053,4
39054,18
39055,10
39056,12
39057,4
39058,15
39059,4
39060,15
39061,4
39062,5
39063,19
39064,4
39065,15
39066,4
39067,6
39068,6
39069,15
39070,19
39071,18
39072,15
39073,4
39074,10
39075,15
39076,19
39077,23
39078,15
39079,12
39080,15
39081,19
39082,19
39083,4
39084,19
39085,15
39086,22
39087,19
39088,15
39089,15
39090,4
39091,4
39092,15
39093,4
39094,4
39095,4
39096,22
39097,15
39098,19
39099,23
39100,4
39101,15
39102,19
39103,4
39104,23
39105,15
39106,0
39107,15
39108,1
39109,15
39110,19
39111,5
39112,22
39113,19
39114,19
39115,15
39116,15
39117,23
39118,4
39119,23
39120,19
39121,15
39122,10
39123,15
39124,15
39125,15
39126,13
39127,19
39128,19
39129,19
39130,23
39131,14
39132,9
39133,19
39134,12
39135,4
39136,4
39137,15
39138,15
39139,15
39140,15
39141,19
39142,13
39143,19
39144,2
39145,15
39146,15
39147,19
39148,15
39149,19
39150,15
39151,13
39152,15
39153,4
39154,19
39155,10
39156,15
39157,15
39158,15
39159,15
39160,19
39161,19
39162,15
39163,15
39164,15
39165,19
39166,19
39167,15
39168,15
39169,23
39170,15
39171,22
39172,9
39173,15
39174,15
39175,22
39176,13
39177,15
39178,19
39179,15
39180,15
39181,15
39182,22
39183,19
39184,15
39185,23
39186,6
39187,23
39188,5
39189,15
39190,15
39191,15
39192,22
39193,11
39194,15
39195,22
39196,15
39197,6
39198,10
39199,13
39200,4
39201,4
39202,15
39203,19
39204,19
39205,19
39206,15
39207,15
39208,13
39209,15
39210,13
39211,13
39212,13
39213,19
39214,15
39215,15
39216,19
39217,15
39218,4
39219,13
39220,15
39221,4
39222,15
39223,4
39224,19
39225,19
39226,22
39227,10
39228,13
39229,19
39230,15
39231,13
39232,4
39233,13
39234,4
39235,11
39236,15
39237,5
39238,19
39239,18
39240,14
39241,13
39242,14
39243,10
39244,4
39245,16
39246,15
39247,13
39248,15
39249,15
39250,4
39251,4
39252,15
39253,15
39254,15
39255,15
39256,13
39257,15
39258,4
39259,15
39260,23
39261,4
39262,19
39263,13
39264,4
39265,23
39266,15
39267,15
39268,9
39269,19
39270,18
39271,4
39272,10
39273,19
39274,16
39275,15
39276,19
39277,15
39278,22
39279,15
39280,15
39281,1
39282,4
39283,10
39284,19
39285,18
39286,15
39287,18
39288,15
39289,10
39290,4
39291,19
39292,19
39293,6
39294,18
39295,19
39296,22
39297,4
39298,19
39299,15
39300,4
39301,19
39302,4
39303,10
39304,15
39305,19
39306,15
39307,19
39308,15
39309,22
39310,15
39311,15
39312,15
39313,15
39314,13
39315,15
39316,13
39317,11
39318,15
39319,13
39320,15
39321,15
39322,22
39323,4
39324,10
39325,19
39326,19
39327,15
39328,15
39329,4
39330,19
39331,19
39332,15
39333,22
39334,18
39335,4
39336,15
39337,15
39338,4
39339,4
39340,6
39341,19
39342,23
39343,18
39344,15
39345,22
39346,4
39347,15
39348,13
39349,19
39350,19
39351,4
39352,15
39353,15
39354,11
39355,19
39356,22
39357,15
39358,13
39359,13
39360,19
39361,5
39362,22
39363,4
39364,4
39365,9
39366,15
39367,13
39368,4
39369,19
39370,23
39371,11
39372,19
39373,15
39374,15
39375,4
39376,15
39377,15
39378,18
39379,19
39380,13
39381,19
39382,15
39383,15
39384,15
39385,15
39386,15
39387,15
39388,15
39389,9
39390,5
39391,4
39392,13
39393,4
39394,19
39395,19
39396,4
39397,19
39398,4
39399,10
39400,13
39401,15
39402,15
39403,15
39404,13
39405,4
39406,13
39407,13
39408,15
39409,14
39410,15
39411,6
39412,23
39413,13
39414,19
39415,19
39416,18
39417,15
39418,15
39419,4
39420,4
39421,19
39422,15
39423,13
39424,13
39425,4
39426,12
39427,10
39428,1
39429,15
39430,23
39431,4
39432,22
39433,15
39434,15
39435,15
39436,4
39437,15
39438,13
39439,15
39440,20
39441,23
39442,15
39443,19
39444,15
39445,13
39446,22
39447,15
39448,4
39449,15
39450,6
39451,13
39452,15
39453,18
39454,3
39455,19
39456,15
39457,13
39458,17
39459,15
39460,4
39461,15
39462,19
39463,18
39464,4
39465,15
39466,10
39467,0
39468,15
39469,22
39470,13
39471,19
39472,15
39473,15
39474,13
39475,19
39476,15
39477,19
39478,18
39479,4
39480,23
39481,23
39482,2
39483,0
39484,19
39485,4
39486,22
39487,15
39488,22
39489,15
39490,4
39491,4
39492,4
39493,19
39494,22
39495,22
39496,22
39497,4
39498,15
39499,15
39500,15
39501,15
39502,15
39503,4
39504,15
39505,4
39506,19
39507,15
39508,15
39509,15
39510,15
39511,15
39512,15
39513,13
39514,13
39515,6
39516,13
39517,18
39518,4
39519,2
39520,6
39521,19
39522,4
39523,22
39524,4
39525,10
39526,19
39527,22
39528,6
39529,19
39530,13
39531,22
39532,13
39533,15
39534,4
39535,15
39536,13
39537,15
39538,13
39539,18
39540,13
39541,13
39542,6
39543,19
39544,13
39545,15
39546,4
39547,15
39548,15
39549,4
39550,11
39551,15
39552,19
39553,4
39554,13
39555,19
39556,15
39557,19
39558,15
39559,12
39560,0
39561,10
39562,15
39563,19
39564,22
39565,19
39566,4
39567,15
39568,19
39569,19
39570,4
39571,13
39572,19
39573,15
39574,15
39575,10
39576,15
39577,13
39578,16
39579,19
39580,15
39581,15
39582,4
39583,15
39584,15
39585,15
39586,4
39587,15
39588,13
39589,15
39590,13
39591,4
39592,4
39593,22
39594,15
39595,4
39596,6
39597,4
39598,11
39599,19
39600,10
39601,15
39602,15
39603,22
39604,22
39605,13
39606,1
39607,19
39608,10
39609,19
39610,9
39611,9
39612,15
39613,22
39614,15
39615,15
39616,15
39617,15
39618,23
39619,13
39620,19
39621,19
39622,19
39623,12
39624,13
39625,19
39626,13
39627,13
39628,15
39629,13
39630,4
39631,22
39632,19
39633,15
39634,10
39635,15
39636,19
39637,15
39638,23
39639,4
39640,19
39641,15
39642,10
39643,15
39644,22
39645,4
39646,22
39647,4
39648,15
39649,19
39650,4
39651,23
39652,18
39653,13
39654,13
39655,15
39656,15
39657,10
39658,4
39659,15
39660,18
39661,4
39662,13
39663,13
39664,4
39665,19
39666,9
39667,15
39668,15
39669,23
39670,19
39671,13
39672,15
39673,19
39674,15
39675,13
39676,15
39677,15
39678,9
39679,15
39680,19
39681,15
39682,13
39683,4
39684,4
39685,15
39686,22
39687,19
39688,13
39689,13
39690,13
39691,4
39692,15
39693,4
39694,15
39695,15
39696,13
39697,4
39698,15
39699,4
39700,13
39701,10
39702,13
39703,22
39704,5
39705,15
39706,22
39707,15
39708,4
39709,22
39710,18
39711,15
39712,13
39713,10
39714,12
39715,19
39716,15
39717,15
39718,15
39719,22
39720,4
39721,1
39722,19
39723,15
39724,10
39725,23
39726,4
39727,19
39728,13
39729,8
39730,4
39731,1
39732,15
39733,15
39734,15
39735,15
39736,4
39737,22
39738,19
39739,13
39740,4
39741,6
39742,15
39743,9
39744,15
39745,19
39746,14
39747,19
39748,15
39749,22
39750,4
39751,13
39752,19
39753,4
39754,15
39755,15
39756,15
39757,13
39758,19
39759,23
39760,9
39761,4
39762,22
39763,22
39764,15
39765,22
39766,22
39767,22
39768,23
39769,19
39770,15
39771,13
39772,4
39773,10
39774,19
39775,15
39776,4
39777,15
39778,15
39779,11
39780,4
39781,15
39782,4
39783,5
39784,15
39785,4
39786,5
39787,4
39788,19
39789,15
39790,15
39791,22
39792,15
39793,15
39794,10
39795,15
39796,19
39797,16
39798,15
39799,18
39800,4
39801,4
39802,13
39803,15
39804,19
39805,4
39806,13
39807,19
39808,10
39809,13
39810,13
39811,15
39812,11
39813,15
39814,19
39815,23
39816,4
39817,13
39818,14
39819,15
39820,22
39821,15
39822,15
39823,13
39824,19
39825,18
39826,23
39827,4
39828,10
39829,14
39830,13
39831,4
39832,22
39833,15
39834,15
39835,22
39836,15
39837,15
39838,4
39839,19
39840,19
39841,15
39842,18
39843,19
39844,15
39845,15
39846,22
39847,15
39848,4
39849,19
39850,4
39851,6
39852,15
39853,13
39854,14
39855,19
39856,19
39857,10
39858,1
39859,15
39860,13
39861,4
39862,15
39863,15
39864,19
39865,15
39866,19
39867,4
39868,15
39869,4
39870,19
39871,19
39872,19
39873,19
39874,22
39875,15
39876,22
39877,15
39878,15
39879,4
39880,13
39881,15
39882,4
39883,15
39884,15
39885,22
39886,4
39887,6
39888,15
39889,22
39890,4
39891,15
39892,15
39893,18
39894,15
39895,15
39896,19
39897,15
39898,13
39899,19
39900,15
39901,15
39902,10
39903,15
39904,15
39905,4
39906,4
39907,23
39908,4
39909,2
39910,19
39911,15
39912,4
39913,15
39914,15
39915,22
39916,15
39917,15
39918,15
39919,15
39920,15
39921,10
39922,15
39923,4
39924,4
39925,4
39926,15
39927,19
39928,15
39929,19
39930,15
39931,4
39932,15
39933,10
39934,4
39935,22
39936,15
39937,15
39938,16
39939,19
39940,7
39941,18
39942,4
39943,15
39944,18
39945,22
39946,19
39947,10
39948,15
39949,15
39950,19
39951,13
39952,19
39953,22
39954,15
39955,22
39956,13
39957,15
39958,15
39959,15
39960,4
39961,4
39962,15
39963,4
39964,15
39965,22
39966,4
39967,15
39968,22
39969,19
39970,15
39971,9
39972,9
39973,16
39974,4
39975,19
39976,4
39977,15
39978,18
39979,15
39980,10
39981,5
39982,4
39983,13
39984,15
39985,19
39986,13
39987,4
39988,15
39989,4
39990,23
39991,19
39992,18
39993,15
39994,15
39995,19
39996,19
39997,15
39998,12
39999,19
40000,14
40001,6
40002,15
40003,22
40004,14
40005,22
40006,15
40007,19
40008,19
40009,22
40010,15
40011,13
40012,10
40013,9
40014,13
40015,4
40016,18
40017,15
40018,23
40019,15
40020,6
40021,16
40022,15
40023,15
40024,23
40025,11
40026,15
40027,19
40028,0
40029,4
40030,15
40031,19
40032,14
40033,15
40034,19
40035,2
40036,23
40037,12
40038,4
40039,15
40040,22
40041,15
40042,4
40043,15
40044,15
40045,15
40046,22
40047,19
40048,22
40049,19
40050,13
40051,4
40052,4
40053,19
40054,19
40055,15
40056,18
40057,4
40058,0
40059,15
40060,15
40061,15
40062,15
40063,15
40064,15
40065,22
40066,15
40067,15
40068,2
40069,15
40070,4
40071,15
40072,15
40073,4
40074,10
40075,22
40076,19
40077,4
40078,15
40079,18
40080,4
40081,16
40082,22
40083,4
40084,15
40085,19
40086,19
40087,20
40088,19
40089,15
40090,6
40091,19
40092,15
40093,10
40094,18
40095,15
40096,15
40097,15
40098,13
40099,15
40100,15
40101,15
40102,13
40103,19
40104,15
40105,4
40106,4
40107,19
40108,15
40109,12
40110,22
40111,22
40112,13
40113,4
40114,15
40115,15
40116,0
40117,19
40118,13
40119,15
40120,19
40121,13
40122,15
40123,19
40124,22
40125,15
40126,19
40127,13
40128,19
40129,15
40130,22
40131,13
40132,15
40133,22
40134,23
40135,15
40136,16
40137,23
40138,2
40139,19
40140,18
40141,15
40142,15
40143,4
40144,22
40145,15
40146,4
40147,22
40148,23
40149,4
40150,13
40151,15
40152,4
40153,15
40154,23
40155,4
40156,15
40157,15
40158,15
40159,4
40160,10
40161,10
40162,15
40163,15
40164,13
40165,15
40166,23
40167,4
40168,4
40169,19
40170,15
40171,14
40172,22
40173,22
40174,15
40175,15
40176,23
40177,13
40178,4
40179,15
40180,4
40181,4
40182,13
40183,22
40184,9
40185,0
40186,19
40187,15
40188,15
40189,13
40190,13
40191,22
40192,18
40193,4
40194,2
40195,15
40196,14
40197,12
40198,4
40199,13
40200,15
40201,15
40202,2
40203,23
40204,4
40205,15
40206,18
40207,19
40208,19
40209,19
40210,19
40211,4
40212,4
40213,22
40214,15
40215,19
40216,15
40217,15
40218,13
40219,19
40220,23
40221,4
40222,15
40223,13
40224,4
40225,15
40226,22
40227,15
40228,15
40229,13
40230,10
40231,5
40232,19
40233,22
40234,10
40235,10
40236,13
40237,15
40238,4
40239,15
40240,13
40241,15
40242,19
40243,19
40244,15
40245,18
40246,23
40247,18
40248,19
40249,19
40250,22
40251,13
40252,10
40253,13
40254,15
40255,4
40256,19
40257,14
40258,22
40259,15
40260,5
40261,6
40262,15
40263,22
40264,15
40265,10
40266,15
40267,4
40268,23
40269,15
40270,15
40271,4
40272,14
40273,23
40274,19
40275,19
40276,23
40277,19
40278,12
40279,18
40280,4
40281,19
40282,15
40283,19
40284,5
40285,14
40286,4
40287,15
40288,4
40289,22
40290,15
40291,13
40292,19
40293,4
40294,15
40295,11
40296,15
40297,19
40298,14
40299,19
40300,15
40301,15
40302,19
40303,4
40304,18
40305,15
40306,4
40307,13
40308,19
40309,6
40310,10
40311,14
40312,23
40313,14
40314,4
40315,13
40316,15
40317,13
40318,15
40319,15
40320,4
40321,15
40322,4
40323,12
40324,15
40325,15
40326,10
40327,2
40328,15
40329,15
40330,15
40331,19
40332,13
40333,18
40334,15
40335,22
40336,13
40337,19
40338,18
40339,4
40340,22
40341,15
40342,19
40343,19
40344,12
40345,10
40346,22
40347,15
40348,13
40349,23
40350,4
40351,15
40352,15
40353,19
40354,4
40355,19
40356,15
40357,23
40358,13
40359,4
40360,4
40361,15
40362,15
40363,19
40364,13
40365,15
40366,13
40367,5
40368,15
40369,19
40370,15
40371,15
40372,13
40373,22
40374,6
40375,18
40376,15
40377,19
40378,15
40379,15
40380,15
40381,4
40382,4
40383,11
40384,15
40385,4
40386,15
40387,19
40388,18
40389,15
40390,15
40391,13
40392,15
40393,15
40394,11
40395,15
40396,15
40397,15
40398,15
40399,15
40400,19
40401,19
40402,19
40403,15
40404,15
40405,15
40406,15
40407,15
40408,4
40409,13
40410,19
40411,1
40412,19
40413,15
40414,15
40415,13
40416,15
40417,4
40418,10
40419,19
40420,15
40421,10
40422,15
40423,15
40424,23
40425,15
40426,19
40427,22
40428,22
40429,22
40430,13
40431,15
40432,19
40433,19
40434,13
40435,15
40436,15
40437,11
40438,4
40439,23
40440,15
40441,4
40442,15
40443,13
40444,15
40445,15
40446,10
40447,4
40448,4
40449,15
40450,15
40451,15
40452,14
40453,22
40454,19
40455,15
40456,19
40457,15
40458,4
40459,15
40460,11
40461,15
40462,15
40463,19
40464,4
40465,4
40466,13
40467,4
40468,13
40469,15
40470,15
40471,4
40472,13
40473,4
40474,19
40475,19
40476,4
40477,15
40478,23
40479,4
40480,4
40481,14
40482,19
40483,15
40484,4
40485,15
40486,19
40487,14
40488,10
40489,4
40490,13
40491,13
40492,5
40493,10
40494,15
40495,13
40496,19
40497,4
40498,18
40499,4
40500,10
40501,4
40502,10
40503,22
40504,15
40505,15
40506,15
40507,15
40508,19
40509,4
40510,4
40511,19
40512,19
40513,4
40514,15
40515,19
40516,4
40517,19
40518,4
40519,15
40520,15
40521,15
40522,15
40523,15
40524,4
40525,18
40526,23
40527,19
40528,4
40529,10
40530,4
40531,15
40532,15
40533,15
40534,13
40535,15
40536,13
40537,15
40538,22
40539,4
40540,4
40541,19
40542,13
40543,19
40544,15
40545,15
40546,15
40547,23
40548,19
40549,15
40550,12
40551,15
40552,13
40553,15
40554,19
40555,19
40556,6
40557,19
40558,13
40559,4
40560,19
40561,18
40562,18
40563,4
40564,15
40565,15
40566,4
40567,15
40568,15
40569,1
40570,15
40571,15
40572,22
40573,22
40574,13
40575,19
40576,19
40577,22
40578,5
40579,15
40580,15
40581,23
40582,15
40583,13
40584,15
40585,4
40586,15
40587,19
40588,13
40589,4
40590,19
40591,15
40592,10
40593,18
40594,10
40595,15
40596,1
40597,13
40598,19
40599,4
40600,15
40601,19
40602,14
40603,13
40604,11
40605,13
40606,4
40607,4
40608,4
40609,4
40610,4
40611,5
40612,4
40613,15
40614,15
40615,4
40616,13
40617,15
40618,4
40619,4
40620,15
40621,15
40622,18
40623,23
40624,22
40625,9
40626,19
40627,19
40628,10
40629,15
40630,13
40631,19
40632,13
40633,9
40634,15
40635,10
40636,11
40637,5
40638,4
40639,19
40640,4
40641,15
40642,19
40643,13
40644,18
40645,15
40646,4
40647,19
40648,19
40649,15
40650,15
40651,10
40652,12
40653,19
40654,2
40655,13
40656,19
40657,15
40658,9
40659,22
40660,15
40661,4
40662,22
40663,4
40664,19
40665,0
40666,22
40667,10
40668,15
40669,15
40670,12
40671,23
40672,22
40673,15
40674,4
40675,4
40676,4
40677,4
40678,13
40679,4
40680,12
40681,5
40682,18
40683,15
40684,19
40685,5
40686,13
40687,19
40688,13
40689,15
40690,13
40691,19
40692,10
40693,18
40694,9
40695,22
40696,6
40697,4
40698,4
40699,19
40700,0
40701,22
40702,9
40703,22
40704,4
40705,19
40706,23
40707,15
40708,3
40709,15
40710,2
40711,15
40712,12
40713,10
40714,15
40715,19
40716,22
40717,15
40718,19
40719,10
40720,15
40721,9
40722,13
40723,4
40724,19
40725,15
40726,15
40727,19
40728,15
40729,4
40730,4
40731,18
40732,4
40733,0
40734,13
40735,13
40736,15
40737,15
40738,15
40739,4
40740,23
40741,14
40742,4
40743,19
40744,19
40745,4
40746,19
40747,4
40748,15
40749,4
40750,15
40751,23
40752,4
40753,15
40754,19
40755,15
40756,4
40757,1
40758,15
40759,15
40760,15
40761,15
40762,23
40763,4
40764,19
40765,15
40766,15
40767,15
40768,4
40769,15
40770,9
40771,19
40772,22
40773,15
40774,15
40775,15
40776,15
40777,22
40778,13
40779,18
40780,13
40781,19
40782,19
40783,15
40784,19
40785,13
40786,4
40787,4
40788,19
40789,15
40790,15
40791,4
40792,4
40793,22
40794,14
40795,19
40796,15
40797,10
40798,19
40799,4
40800,19
40801,19
40802,22
40803,18
40804,18
40805,19
40806,4
40807,14
40808,15
40809,22
40810,19
40811,15
40812,4
40813,10
40814,19
40815,19
40816,4
40817,1
40818,15
40819,19
40820,22
40821,13
40822,15
40823,23
40824,18
40825,15
40826,4
40827,22
40828,16
40829,18
40830,22
40831,15
40832,4
40833,4
40834,15
40835,13
40836,15
40837,15
40838,14
40839,19
40840,13
40841,5
40842,6
40843,4
40844,4
40845,4
40846,19
40847,22
40848,4
40849,4
40850,10
40851,4
40852,19
40853,15
40854,13
40855,15
40856,10
40857,4
40858,13
40859,9
40860,19
40861,15
40862,15
40863,22
40864,15
40865,15
40866,22
40867,22
40868,12
40869,15
40870,13
40871,12
40872,15
40873,19
40874,10
40875,13
40876,19
40877,4
40878,15
40879,15
40880,22
40881,15
40882,4
40883,15
40884,4
40885,15
40886,4
40887,23
40888,10
40889,4
40890,19
40891,9
40892,19
40893,12
40894,15
40895,13
40896,19
40897,19
40898,19
40899,22
40900,22
40901,19
40902,4
40903,19
40904,15
40905,19
40906,10
40907,4
40908,4
40909,19
40910,5
40911,23
40912,15
40913,15
40914,18
40915,18
40916,15
40917,13
40918,15
40919,11
40920,15
40921,19
40922,10
40923,23
40924,4
40925,15
40926,23
40927,22
40928,4
40929,15
40930,4
40931,15
40932,15
40933,11
40934,15
40935,19
40936,13
40937,15
40938,13
40939,4
40940,19
40941,18
40942,23
40943,22
40944,15
40945,15
40946,4
40947,4
40948,4
40949,15
40950,9
40951,13
40952,15
40953,19
40954,13
40955,19
40956,15
40957,4
40958,22
40959,23
40960,10
40961,13
40962,4
40963,4
40964,13
40965,22
40966,10
40967,10
40968,19
40969,19
40970,6
40971,15
40972,2
40973,19
40974,15
40975,23
40976,15
40977,22
40978,4
40979,18
40980,15
40981,15
40982,4
40983,4
40984,4
40985,15
40986,15
40987,22
40988,15
40989,23
40990,15
40991,15
40992,4
40993,15
40994,15
40995,23
40996,18
40997,11
40998,13
40999,15
41000,22
41001,15
41002,13
41003,4
41004,22
41005,19
41006,16
41007,15
41008,18
41009,1
41010,18
41011,19
41012,4
41013,15
41014,1
41015,6
41016,13
41017,6
41018,15
41019,19
41020,4
41021,13
41022,22
41023,22
41024,22
41025,19
41026,6
41027,15
41028,15
41029,13
41030,22
41031,14
41032,13
41033,18
41034,15
41035,15
41036,9
41037,10
41038,10
41039,15
41040,13
41041,19
41042,13
41043,13
41044,15
41045,15
41046,15
41047,13
41048,15
41049,15
41050,15
41051,15
41052,13
41053,13
41054,19
41055,4
41056,19
41057,15
41058,2
41059,22
41060,18
41061,4
41062,18
41063,4
41064,22
41065,15
41066,1
41067,13
41068,22
41069,23
41070,15
41071,4
41072,15
41073,15
41074,15
41075,15
41076,0
41077,21
41078,15
41079,13
41080,4
41081,15
41082,15
41083,4
41084,19
41085,15
41086,19
41087,4
41088,19
41089,15
41090,19
41091,12
41092,4
41093,15
41094,15
41095,4
41096,15
41097,14
41098,19
41099,2
41100,15
41101,13
41102,19
41103,15
41104,4
41105,4
41106,4
41107,19
41108,15
41109,15
41110,4
41111,18
41112,15
41113,15
41114,1
41115,15
41116,5
41117,19
41118,6
41119,4
41120,15
41121,23
41122,15
41123,15
41124,15
41125,23
41126,19
41127,15
41128,12
41129,22
41130,19
41131,19
41132,4
41133,15
41134,19
41135,15
41136,5
41137,15
41138,15
41139,22
41140,15
41141,15
41142,13
41143,19
41144,19
41145,15
41146,15
41147,15
41148,4
41149,15
41150,15
41151,15
41152,4
41153,15
41154,15
41155,4
41156,13
41157,4
41158,10
41159,4
41160,15
41161,15
41162,19
41163,15
41164,15
41165,15
41166,4
41167,13
41168,4
41169,19
41170,19
41171,10
41172,13
41173,23
41174,15
41175,4
41176,10
41177,15
41178,13
41179,4
41180,13
41181,1
41182,15
41183,4
41184,15
41185,19
41186,13
41187,4
41188,11
41189,4
41190,18
41191,15
41192,22
41193,2
41194,4
41195,19
41196,15
41197,22
41198,15
41199,15
41200,15
41201,22
41202,19
41203,4
41204,4
41205,15
41206,13
41207,19
41208,15
41209,22
41210,15
41211,13
41212,13
41213,18
41214,15
41215,19
41216,15
41217,15
41218,23
41219,4
41220,11
41221,4
41222,19
41223,19
41224,18
41225,10
41226,13
41227,4
41228,15
41229,15
41230,19
41231,23
41232,6
41233,22
41234,4
41235,15
41236,6
41237,13
41238,19
41239,15
41240,14
41241,19
41242,10
41243,13
41244,19
41245,22
41246,15
41247,22
41248,15
41249,15
41250,13
41251,19
41252,9
41253,4
41254,15
41255,15
41256,10
41257,15
41258,15
41259,13
41260,15
41261,19
41262,18
41263,13
41264,4
41265,4
41266,4
41267,15
41268,4
41269,23
41270,15
41271,15
41272,23
41273,19
41274,15
41275,0
41276,19
41277,22
41278,9
41279,4
41280,14
41281,20
41282,15
41283,4
41284,10
41285,13
41286,4
41287,23
41288,22
41289,18
41290,9
41291,15
41292,22
41293,18
41294,15
41295,19
41296,4
41297,22
41298,4
41299,15
41300,9
41301,19
41302,4
41303,19
41304,15
41305,19
41306,15
41307,15
41308,4
41309,15
41310,15
41311,4
41312,9
41313,18
41314,15
41315,15
41316,22
41317,19
41318,15
41319,15
41320,19
41321,19
41322,15
41323,3
41324,6
41325,4
41326,22
41327,22
41328,15
41329,9
41330,15
41331,15
41332,10
41333,4
41334,15
41335,4
41336,4
41337,15
41338,10
41339,15
41340,10
41341,4
41342,15
41343,9
41344,16
41345,23
41346,15
41347,4
41348,4
41349,19
41350,19
41351,4
41352,18
41353,15
41354,19
41355,19
41356,15
41357,14
41358,9
41359,1
41360,19
41361,15
41362,10
41363,15
41364,23
41365,15
41366,15
41367,22
41368,15
41369,4
41370,15
41371,0
41372,19
41373,15
41374,10
41375,15
41376,22
41377,14
41378,9
41379,4
41380,14
41381,9
41382,15
41383,9
41384,13
41385,10
41386,19
41387,9
41388,3
41389,13
41390,11
41391,6
41392,23
41393,23
41394,9
41395,14
41396,1
41397,15
41398,18
41399,15
41400,19
41401,15
41402,4
41403,15
41404,11
41405,15
41406,22
41407,0
41408,15
41409,4
41410,15
41411,10
41412,13
41413,14
41414,22
41415,23
41416,4
41417,5
41418,19
41419,9
41420,13
41421,19
41422,15
41423,13
41424,15
41425,13
41426,15
41427,4
41428,1
41429,15
41430,15
41431,15
41432,15
41433,23
41434,15
41435,15
41436,4
41437,9
41438,10
41439,4
41440,15
41441,19
41442,14
41443,19
41444,19
41445,15
41446,15
41447,15
41448,15
41449,22
41450,9
41451,15
41452,19
41453,15
41454,10
41455,15
41456,19
41457,13
41458,5
41459,15
41460,4
41461,19
41462,15
41463,15
41464,15
41465,4
41466,15
41467,15
41468,19
41469,23
41470,15
41471,4
41472,13
41473,22
41474,15
41475,15
41476,18
41477,15
41478,10
41479,4
41480,4
41481,4
41482,19
41483,19
41484,10
41485,19
41486,4
41487,4
41488,15
41489,4
41490,19
41491,19
41492,19
41493,4
41494,4
41495,4
41496,4
41497,13
41498,22
41499,22
41500,16
41501,15
41502,15
41503,22
41504,13
41505,15
41506,12
41507,19
41508,23
41509,4
41510,15
41511,19
41512,15
41513,13
41514,8
41515,4
41516,2
41517,12
41518,18
41519,15
41520,15
41521,10
41522,15
41523,15
41524,15
41525,13
41526,4
41527,15
41528,15
41529,13
41530,15
41531,22
41532,19
41533,15
41534,1
41535,19
41536,19
41537,15
41538,13
41539,13
41540,12
41541,19
41542,23
41543,15
41544,15
41545,15
41546,22
41547,19
41548,15
41549,19
41550,22
41551,23
41552,4
41553,4
41554,12
41555,15
41556,22
41557,13
41558,15
41559,4
41560,13
41561,4
41562,4
41563,15
41564,4
41565,4
41566,15
41567,23
41568,19
41569,15
41570,4
41571,18
41572,4
41573,15
41574,19
41575,6
41576,4
41577,15
41578,15
41579,9
41580,19
41581,15
41582,19
41583,19
41584,13
41585,15
41586,15
41587,19
41588,4
41589,15
41590,15
41591,14
41592,13
41593,15
41594,15
41595,4
41596,15
41597,15
41598,15
41599,11
41600,10
41601,2
41602,15
41603,15
41604,6
41605,4
41606,4
41607,13
41608,15
41609,15
41610,19
41611,22
41612,15
41613,15
41614,0
41615,10
41616,15
41617,15
41618,13
41619,23
41620,19
41621,13
41622,4
41623,18
41624,22
41625,18
41626,22
41627,19
41628,18
41629,23
41630,15
41631,4
41632,4
41633,22
41634,19
41635,4
41636,1
41637,15
41638,22
41639,6
41640,4
41641,22
41642,1
41643,15
41644,15
41645,15
41646,22
41647,11
41648,15
41649,22
41650,4
41651,15
41652,15
41653,4
41654,19
41655,4
41656,4
41657,4
41658,13
41659,15
41660,4
41661,10
41662,15
41663,6
41664,19
41665,13
41666,9
41667,15
41668,15
41669,4
41670,13
41671,13
41672,15
41673,19
41674,4
41675,5
41676,19
41677,19
41678,19
41679,22
41680,15
41681,19
41682,15
41683,22
41684,4
41685,15
41686,15
41687,13
41688,15
41689,4
41690,14
41691,13
41692,15
41693,19
41694,4
41695,15
41696,15
41697,6
41698,15
41699,15
41700,15
41701,15
41702,22
41703,18
41704,13
41705,15
41706,15
41707,4
41708,23
41709,4
41710,6
41711,19
41712,10
41713,15
41714,19
41715,4
41716,22
41717,4
41718,19
41719,16
41720,23
41721,11
41722,15
41723,15
41724,15
41725,15
41726,15
41727,15
41728,15
41729,15
41730,23
41731,15
41732,11
41733,15
41734,4
41735,15
41736,12
41737,18
41738,9
41739,15
41740,15
41741,12
41742,19
41743,15
41744,4
41745,4
41746,15
41747,4
41748,13
41749,19
41750,5
41751,14
41752,15
41753,15
41754,19
41755,15
41756,23
41757,6
41758,11
41759,15
41760,19
41761,5
41762,2
41763,23
41764,19
41765,13
41766,22
41767,15
41768,22
41769,22
41770,16
41771,23
41772,12
41773,19
41774,19
41775,19
41776,19
41777,15
41778,15
41779,13
41780,1
41781,15
41782,15
41783,15
41784,19
41785,4
41786,15
41787,15
41788,13
41789,4
41790,15
41791,19
41792,23
41793,15
41794,6
41795,15
41796,15
41797,4
41798,19
41799,22
41800,15
41801,23
41802,13
41803,22
41804,4
41805,15
41806,15
41807,22
41808,15
41809,4
41810,4
41811,10
41812,19
41813,4
41814,4
41815,10
41816,15
41817,15
41818,4
41819,15
41820,15
41821,4
41822,15
41823,15
41824,19
41825,15
41826,19
41827,15
41828,19
41829,22
41830,18
41831,13
41832,4
41833,15
41834,15
41835,15
41836,15
41837,13
41838,15
41839,13
41840,22
41841,15
41842,15
41843,4
41844,13
41845,15
41846,22
41847,15
41848,15
41849,13
41850,13
41851,15
41852,15
41853,15
41854,15
41855,18
41856,12
41857,15
41858,15
41859,15
41860,12
41861,6
41862,4
41863,19
41864,13
41865,15
41866,15
41867,15
41868,19
41869,13
41870,13
41871,4
41872,15
41873,4
41874,22
41875,13
41876,5
41877,22
41878,16
41879,4
41880,10
41881,19
41882,4
41883,22
41884,6
41885,4
41886,13
41887,13
41888,4
41889,9
41890,15
41891,15
41892,18
41893,15
41894,13
41895,18
41896,5
41897,4
41898,4
41899,15
41900,19
41901,13
41902,15
41903,15
41904,13
41905,4
41906,13
41907,0
41908,15
41909,15
41910,19
41911,22
41912,19
41913,10
41914,4
41915,4
41916,15
41917,19
41918,22
41919,15
41920,0
41921,19
41922,22
41923,4
41924,19
41925,19
41926,22
41927,1
41928,19
41929,4
41930,22
41931,22
41932,13
41933,4
41934,13
41935,10
41936,15
41937,15
41938,23
41939,4
41940,18
41941,15
41942,3
41943,4
41944,13
41945,4
41946,15
41947,22
41948,18
41949,4
41950,19
41951,18
41952,15
41953,15
41954,5
41955,19
41956,6
41957,15
41958,23
41959,13
41960,15
41961,19
41962,6
41963,19
41964,19
41965,13
41966,13
41967,19
41968,10
41969,13
41970,15
41971,15
41972,4
41973,9
41974,15
41975,15
41976,9
41977,10
41978,22
41979,4
41980,23
41981,15
41982,15
41983,4
41984,4
41985,19
41986,4
41987,12
41988,15
41989,19
41990,15
41991,4
41992,19
41993,15
41994,23
41995,19
41996,15
41997,19
41998,13
41999,22
42000,19
42001,19
42002,13
42003,4
42004,15
42005,16
42006,19
42007,22
42008,15
42009,4
42010,15
42011,15
42012,9
42013,22
42014,6
42015,15
42016,13
42017,19
42018,1
42019,19
42020,15
42021,22
42022,15
42023,23
42024,22
42025,15
42026,15
42027,15
42028,19
42029,15
42030,13
42031,13
42032,1
42033,15
42034,15
42035,15
42036,15
42037,19
42038,15
42039,22
42040,15
42041,19
42042,15
42043,19
42044,18
42045,15
42046,9
42047,4
42048,15
42049,14
42050,10
42051,15
42052,6
42053,19
42054,6
42055,2
42056,2
42057,19
42058,1
42059,4
42060,15
42061,23
42062,15
42063,13
42064,23
42065,15
42066,13
42067,4
42068,4
42069,13
42070,19
42071,4
42072,19
42073,4
42074,15
42075,15
42076,13
42077,13
42078,15
42079,23
42080,10
42081,15
42082,19
42083,13
42084,18
42085,22
42086,22
42087,15
42088,23
42089,13
42090,15
42091,4
42092,4
42093,4
42094,4
42095,13
42096,4
42097,19
42098,13
42099,15
42100,22
42101,4
42102,15
42103,15
42104,15
42105,18
42106,19
42107,13
42108,5
42109,4
42110,15
42111,9
42112,6
42113,19
42114,15
42115,15
42116,4
42117,13
42118,4
42119,2
42120,15
42121,15
42122,12
42123,13
42124,15
42125,4
42126,15
42127,19
42128,18
42129,5
42130,11
42131,4
42132,4
42133,13
42134,19
42135,19
42136,4
42137,15
42138,22
42139,4
42140,15
42141,19
42142,15
42143,13
42144,15
42145,15
42146,1
42147,19
42148,15
42149,22
42150,19
42151,15
42152,15
42153,4
42154,19
42155,13
42156,13
42157,4
42158,4
42159,10
42160,15
42161,22
42162,13
42163,19
42164,22
42165,19
42166,23
42167,15
42168,22
42169,18
42170,13
42171,9
42172,15
42173,15
42174,15
42175,15
42176,13
42177,15
42178,4
42179,15
42180,23
42181,15
42182,15
42183,15
42184,18
42185,15
42186,23
42187,13
42188,19
42189,19
42190,13
42191,15
42192,1
42193,10
42194,19
42195,23
42196,23
42197,16
42198,18
42199,4
42200,15
42201,15
42202,19
42203,9
42204,19
42205,0
42206,19
42207,22
42208,15
42209,4
42210,15
42211,1
42212,15
42213,13
42214,15
42215,19
42216,19
42217,4
42218,19
42219,15
42220,15
42221,4
42222,13
42223,13
42224,19
42225,13
42226,15
42227,22
42228,19
42229,19
42230,15
42231,19
42232,3
42233,2
42234,19
42235,19
42236,15
42237,15
42238,22
42239,10
42240,15
42241,1
42242,4
42243,6
42244,15
42245,19
42246,15
42247,23
42248,13
42249,13
42250,22
42251,15
42252,15
42253,4
42254,18
42255,15
42256,13
42257,19
42258,16
42259,15
42260,15
42261,15
42262,22
42263,15
42264,15
42265,4
42266,3
42267,13
42268,4
42269,4
42270,15
42271,19
42272,6
42273,4
42274,15
42275,22
42276,12
42277,9
42278,15
42279,4
42280,4
42281,4
42282,4
42283,15
42284,19
42285,12
42286,18
42287,15
42288,4
42289,15
42290,19
42291,4
42292,19
42293,4
42294,15
42295,0
42296,16
42297,22
42298,10
42299,4
42300,1
42301,4
42302,15
42303,15
42304,13
42305,4
42306,22
42307,5
42308,13
42309,15
42310,15
42311,13
42312,13
42313,15
42314,13
42315,15
42316,15
42317,15
42318,22
42319,19
42320,15
42321,15
42322,4
42323,4
42324,13
42325,13
42326,15
42327,4
42328,0
42329,15
42330,22
42331,4
42332,2
42333,19
42334,13
42335,9
42336,4
42337,22
42338,15
42339,15
42340,15
42341,15
42342,15
42343,15
42344,13
42345,23
42346,14
42347,4
42348,15
42349,19
42350,6
42351,22
42352,15
42353,4
42354,19
42355,15
42356,19
42357,14
42358,13
42359,15
42360,15
42361,22
42362,4
42363,15
42364,22
42365,10
42366,19
42367,15
42368,4
42369,15
42370,22
42371,4
42372,15
42373,4
42374,15
42375,15
42376,22
42377,19
42378,0
42379,15
42380,15
42381,13
42382,4
42383,1
42384,4
42385,15
42386,15
42387,15
42388,15
42389,19
42390,15
42391,19
42392,22
42393,13
42394,19
42395,13
42396,4
42397,4
42398,19
42399,9
42400,6
42401,13
42402,11
42403,13
42404,18
42405,15
42406,19
42407,18
42408,23
42409,9
42410,19
42411,15
42412,4
42413,16
42414,23
42415,15
42416,15
42417,4
42418,15
42419,13
42420,15
42421,22
42422,4
42423,18
42424,15
42425,4
42426,4
42427,4
42428,19
42429,4
42430,4
42431,15
42432,15
42433,19
42434,4
42435,22
42436,15
42437,4
42438,18
42439,10
42440,22
42441,19
42442,19
42443,10
42444,19
42445,2
42446,15
42447,15
42448,15
42449,9
42450,15
42451,22
42452,4
42453,13
42454,15
42455,5
42456,23
42457,4
42458,22
42459,19
42460,15
42461,9
42462,15
42463,10
42464,13
42465,15
42466,15
42467,11
42468,18
42469,22
42470,0
42471,15
42472,15
42473,22
42474,4
42475,22
42476,13
42477,19
42478,13
42479,6
42480,18
42481,22
42482,15
42483,15
42484,15
42485,9
42486,15
42487,15
42488,4
42489,9
42490,14
42491,15
42492,18
42493,16
42494,18
42495,11
42496,22
42497,23
42498,15
42499,13
42500,22
42501,15
42502,22
42503,15
42504,4
42505,19
42506,4
42507,4
42508,22
42509,19
42510,15
42511,13
42512,15
42513,4
42514,18
42515,19
42516,19
42517,15
42518,19
42519,4
42520,4
42521,13
42522,19
42523,15
42524,15
42525,15
42526,15
42527,6
42528,4
42529,15
42530,19
42531,22
42532,19
42533,22
42534,19
42535,13
42536,13
42537,15
42538,4
42539,16
42540,15
42541,2
42542,5
42543,15
42544,4
42545,15
42546,6
42547,13
42548,12
42549,15
42550,15
42551,10
42552,23
42553,5
42554,0
42555,22
42556,10
42557,19
42558,18
42559,13
42560,22
42561,4
42562,10
42563,4
42564,4
42565,15
42566,15
42567,15
42568,4
42569,3
42570,19
42571,15
42572,4
42573,15
42574,23
42575,19
42576,4
42577,19
42578,4
42579,13
42580,23
42581,4
42582,5
42583,22
42584,18
42585,15
42586,15
42587,6
42588,4
42589,12
42590,4
42591,0
42592,19
42593,4
42594,19
42595,15
42596,13
42597,10
42598,13
42599,15
42600,15
42601,13
42602,13
42603,22
42604,19
42605,13
42606,15
42607,4
42608,15
42609,10
42610,13
42611,13
42612,15
42613,15
42614,4
42615,13
42616,15
42617,4
42618,13
42619,13
42620,15
42621,4
42622,15
42623,22
42624,15
42625,4
42626,12
42627,19
42628,15
42629,15
42630,15
42631,15
42632,19
42633,15
42634,15
42635,13
42636,15
42637,4
42638,22
42639,13
42640,19
42641,19
42642,14
42643,13
42644,4
42645,13
42646,15
42647,4
42648,11
42649,15
42650,15
42651,9
42652,13
42653,15
42654,15
42655,15
42656,4
42657,22
42658,15
42659,13
42660,4
42661,4
42662,18
42663,4
42664,19
42665,15
42666,19
42667,15
42668,15
42669,10
42670,19
42671,4
42672,14
42673,22
42674,4
42675,4
42676,19
42677,13
42678,19
42679,19
42680,15
42681,4
42682,5
42683,7
42684,15
42685,15
42686,15
42687,13
42688,18
42689,13
42690,15
42691,10
42692,15
42693,15
42694,19
42695,15
42696,19
42697,15
42698,15
42699,15
42700,15
42701,13
42702,15
42703,13
42704,22
42705,6
42706,4
42707,15
42708,18
42709,19
42710,9
42711,22
42712,14
42713,10
42714,4
42715,19
42716,19
42717,23
42718,18
42719,6
42720,4
42721,15
42722,15
42723,15
42724,13
42725,12
42726,15
42727,13
42728,22
42729,23
42730,4
42731,12
42732,15
42733,22
42734,22
42735,15
42736,19
42737,15
42738,13
42739,15
42740,15
42741,13
42742,15
42743,15
42744,15
42745,15
42746,19
42747,14
42748,15
42749,19
42750,15
42751,2
42752,19
42753,19
42754,4
42755,10
42756,19
42757,2
42758,6
42759,23
42760,15
42761,4
42762,22
42763,15
42764,22
42765,18
42766,4
42767,9
42768,15
42769,18
42770,4
42771,18
42772,15
42773,15
42774,15
42775,15
42776,15
42777,19
42778,23
42779,13
42780,15
42781,19
42782,15
42783,9
42784,19
42785,15
42786,6
42787,13
42788,15
42789,4
42790,19
42791,19
42792,19
42793,13
42794,1
42795,4
42796,15
42797,15
42798,19
42799,15
42800,15
42801,6
42802,9
42803,10
42804,15
42805,0
42806,4
42807,15
42808,15
42809,4
42810,19
42811,13
42812,19
42813,11
42814,15
42815,15
42816,19
42817,19
42818,15
42819,11
42820,9
42821,4
42822,13
42823,5
42824,19
42825,19
42826,20
42827,19
42828,4
42829,10
42830,4
42831,19
42832,15
42833,15
42834,19
42835,4
42836,18
42837,15
42838,13
42839,4
42840,13
42841,12
42842,10
42843,15
42844,19
42845,15
42846,13
42847,14
42848,12
42849,9
42850,15
42851,19
42852,15
42853,1
42854,4
42855,22
42856,22
42857,13
42858,15
42859,19
42860,19
42861,4
42862,6
42863,13
42864,0
42865,12
42866,18
42867,19
42868,3
42869,15
42870,22
42871,13
42872,19
42873,15
42874,15
42875,23
42876,15
42877,15
42878,13
42879,15
42880,15
42881,19
42882,15
42883,19
42884,15
42885,15
42886,19
42887,15
42888,22
42889,1
42890,23
42891,13
42892,19
42893,15
42894,15
42895,18
42896,15
42897,13
42898,15
42899,15
42900,4
42901,22
42902,13
42903,18
42904,4
42905,13
42906,19
42907,4
42908,19
42909,1
42910,15
42911,19
42912,13
42913,22
42914,13
42915,15
42916,18
42917,23
42918,15
42919,4
42920,19
42921,11
42922,15
42923,15
42924,13
42925,4
42926,15
42927,13
42928,19
42929,4
42930,4
42931,4
42932,15
42933,19
42934,15
42935,11
42936,15
42937,19
42938,4
42939,23
42940,15
42941,5
42942,19
42943,19
42944,15
42945,13
42946,4
42947,13
42948,23
42949,15
42950,19
42951,12
42952,13
42953,15
42954,23
42955,4
42956,19
42957,23
42958,19
42959,12
42960,19
42961,4
42962,14
42963,19
42964,4
42965,18
42966,4
42967,22
42968,15
42969,18
42970,4
42971,15
42972,4
42973,22
42974,18
42975,19
42976,15
42977,19
42978,22
42979,1
42980,19
42981,15
42982,15
42983,15
42984,15
42985,15
42986,15
42987,15
42988,15
42989,4
42990,4
42991,15
42992,13
42993,15
42994,13
42995,15
42996,15
42997,0
42998,19
42999,10
43000,13
43001,15
43002,4
43003,15
43004,15
43005,22
43006,15
43007,22
43008,18
43009,19
43010,9
43011,13
43012,19
43013,19
43014,13
43015,15
43016,14
43017,23
43018,10
43019,4
43020,18
43021,15
43022,19
43023,15
43024,15
43025,22
43026,15
43027,22
43028,15
43029,18
43030,19
43031,13
43032,19
43033,4
43034,19
43035,18
43036,10
43037,18
43038,15
43039,23
43040,22
43041,19
43042,15
43043,15
43044,19
43045,19
43046,15
43047,4
43048,22
43049,4
43050,19
43051,15
43052,15
43053,19
43054,9
43055,1
43056,22
43057,15
43058,1
43059,4
43060,22
43061,18
43062,19
43063,15
43064,4
43065,19
43066,4
43067,13
43068,6
43069,22
43070,15
43071,22
43072,15
43073,19
43074,4
43075,19
43076,19
43077,12
43078,15
43079,4
43080,1
43081,13
43082,15
43083,5
43084,4
43085,6
43086,15
43087,14
43088,15
43089,13
43090,4
43091,11
43092,15
43093,15
43094,15
43095,10
43096,15
43097,11
43098,22
43099,13
43100,15
43101,19
43102,19
43103,4
43104,4
43105,2
43106,13
43107,19
43108,19
43109,23
43110,15
43111,13
43112,15
43113,15
43114,4
43115,19
43116,15
43117,22
43118,10
43119,15
43120,19
43121,19
43122,15
43123,19
43124,18
43125,23
43126,15
43127,13
43128,4
43129,10
43130,15
43131,18
43132,2
43133,15
43134,13
43135,22
43136,15
43137,4
43138,15
43139,13
43140,15
43141,15
43142,15
43143,15
43144,15
43145,18
43146,22
43147,18
43148,13
43149,9
43150,15
43151,15
43152,15
43153,15
43154,13
43155,19
43156,22
43157,4
43158,19
43159,14
43160,15
43161,9
43162,19
43163,4
43164,4
43165,10
43166,15
43167,15
43168,15
43169,15
43170,23
43171,4
43172,19
43173,19
43174,4
43175,4
43176,19
43177,19
43178,4
43179,9
43180,19
43181,19
43182,10
43183,19
43184,18
43185,19
43186,19
43187,23
43188,4
43189,5
43190,15
43191,18
43192,0
43193,15
43194,15
43195,15
43196,15
43197,13
43198,15
43199,4
43200,4
43201,4
43202,19
43203,15
43204,18
43205,13
43206,15
43207,4
43208,1
43209,15
43210,10
43211,13
43212,15
43213,15
43214,15
43215,23
43216,16
43217,23
43218,18
43219,12
43220,15
43221,15
43222,15
43223,4
43224,22
43225,15
43226,4
43227,19
43228,4
43229,15
43230,15
43231,12
43232,19
43233,4
43234,15
43235,23
43236,10
43237,15
43238,4
43239,15
43240,4
43241,15
43242,4
43243,23
43244,15
43245,4
43246,15
43247,19
43248,4
43249,18
43250,4
43251,13
43252,18
43253,15
43254,13
43255,15
43256,5
43257,15
43258,15
43259,6
43260,4
43261,15
43262,15
43263,5
43264,18
43265,18
43266,13
43267,15
43268,15
43269,19
43270,22
43271,18
43272,15
43273,15
43274,12
43275,19
43276,15
43277,13
43278,19
43279,22
43280,23
43281,4
43282,15
43283,13
43284,19
43285,15
43286,5
43287,4
43288,22
43289,22
43290,2
43291,13
43292,4
43293,13
43294,6
43295,4
43296,15
43297,18
43298,15
43299,9
43300,22
43301,10
43302,13
43303,15
43304,12
43305,5
43306,22
43307,15
43308,6
43309,15
43310,4
43311,13
43312,4
43313,10
43314,13
43315,15
43316,4
43317,15
43318,15
43319,13
43320,19
43321,13
43322,15
43323,15
43324,15
43325,15
43326,15
43327,6
43328,15
43329,15
43330,19
43331,18
43332,4
43333,15
43334,23
43335,15
43336,4
43337,22
43338,22
43339,12
43340,15
43341,4
43342,10
43343,15
43344,14
43345,19
43346,18
43347,19
43348,15
43349,4
43350,15
43351,19
43352,6
43353,19
43354,15
43355,15
43356,15
43357,19
43358,23
43359,4
43360,19
43361,18
43362,4
43363,15
43364,11
43365,15
43366,4
43367,6
43368,22
43369,23
43370,23
43371,19
43372,14
43373,23
43374,19
43375,19
43376,13
43377,19
43378,13
43379,0
43380,10
43381,15
43382,15
43383,4
43384,4
43385,4
43386,16
43387,14
43388,15
43389,13
43390,4
43391,4
43392,15
43393,10
43394,4
43395,15
43396,15
43397,13
43398,15
43399,15
43400,15
43401,19
43402,19
43403,15
43404,23
43405,4
43406,22
43407,15
43408,19
43409,19
43410,19
43411,10
43412,19
43413,15
43414,4
43415,22
43416,13
43417,19
43418,4
43419,15
43420,15
43421,15
43422,6
43423,15
43424,15
43425,13
43426,13
43427,4
43428,4
43429,13
43430,6
43431,19
43432,16
43433,12
43434,13
43435,4
43436,19
43437,13
43438,4
43439,13
43440,23
43441,15
43442,0
43443,19
43444,22
43445,4
43446,22
43447,19
43448,15
43449,22
43450,18
43451,15
43452,15
43453,15
43454,15
43455,4
43456,4
43457,5
43458,16
43459,15
43460,15
43461,15
43462,13
43463,15
43464,15
43465,4
43466,15
43467,13
43468,15
43469,18
43470,4
43471,2
43472,15
43473,19
43474,13
43475,15
43476,22
43477,13
43478,19
43479,15
43480,22
43481,11
43482,15
43483,15
43484,11
43485,15
43486,18
43487,15
43488,19
43489,15
43490,15
43491,15
43492,15
43493,4
43494,15
43495,15
43496,4
43497,19
43498,15
43499,15
43500,15
43501,11
43502,11
43503,19
43504,19
43505,4
43506,4
43507,19
43508,15
43509,4
43510,12
43511,15
43512,14
43513,4
43514,15
43515,22
43516,13
43517,10
43518,15
43519,15
43520,23
43521,4
43522,6
43523,18
43524,13
43525,23
43526,13
43527,15
43528,10
43529,14
43530,4
43531,4
43532,4
43533,4
43534,15
43535,15
43536,15
43537,19
43538,13
43539,19
43540,2
43541,15
43542,19
43543,23
43544,22
43545,15
43546,15
43547,13
43548,4
43549,15
43550,15
43551,19
43552,19
43553,22
43554,15
43555,19
43556,15
43557,19
43558,19
43559,15
43560,4
43561,4
43562,4
43563,15
43564,15
43565,18
43566,4
43567,15
43568,22
43569,23
43570,4
43571,22
43572,19
43573,23
43574,15
43575,13
43576,4
43577,22
43578,0
43579,14
43580,19
43581,4
43582,15
43583,4
43584,4
43585,10
43586,15
43587,19
43588,19
43589,10
43590,15
43591,19
43592,15
43593,19
43594,13
43595,15
43596,13
43597,15
43598,19
43599,15
43600,4
43601,4
43602,10
43603,19
43604,13
43605,22
43606,15
43607,4
43608,13
43609,13
43610,19
43611,4
43612,18
43613,13
43614,19
43615,19
43616,12
43617,15
43618,23
43619,19
43620,15
43621,15
43622,15
43623,13
43624,15
43625,22
43626,19
43627,13
43628,22
43629,4
43630,15
43631,19
43632,13
43633,19
43634,15
43635,13
43636,13
43637,4
43638,13
43639,4
43640,15
43641,19
43642,15
43643,22
43644,4
43645,4
43646,9
43647,13
43648,4
43649,4
43650,15
43651,19
43652,15
43653,15
43654,4
43655,19
43656,22
43657,6
43658,4
43659,4
43660,4
43661,15
43662,4
43663,19
43664,15
43665,4
43666,19
43667,4
43668,18
43669,4
43670,15
43671,4
43672,13
43673,10
43674,19
43675,4
43676,22
43677,13
43678,15
43679,4
43680,19
43681,15
43682,19
43683,4
43684,6
43685,10
43686,4
43687,15
43688,15
43689,23
43690,5
43691,4
43692,4
43693,18
43694,23
43695,19
43696,13
43697,23
43698,4
43699,19
43700,19
43701,18
43702,4
43703,15
43704,19
43705,15
43706,15
43707,4
43708,19
43709,15
43710,19
43711,13
43712,14
43713,22
43714,15
43715,0
43716,19
43717,15
43718,10
43719,4
43720,4
43721,15
43722,15
43723,6
43724,15
43725,15
43726,15
43727,4
43728,5
43729,15
43730,4
43731,4
43732,5
43733,15
43734,15
43735,23
43736,13
43737,4
43738,15
43739,15
43740,15
43741,4
43742,13
43743,15
43744,14
43745,23
43746,15
43747,15
43748,19
43749,19
43750,19
43751,19
43752,13
43753,15
43754,2
43755,4
43756,10
43757,15
43758,15
43759,12
43760,15
43761,15
43762,15
43763,23
43764,15
43765,15
43766,15
43767,19
43768,19
43769,4
43770,15
43771,15
43772,19
43773,4
43774,23
43775,19
43776,18
43777,22
43778,15
43779,10
43780,15
43781,15
43782,15
43783,4
43784,9
43785,13
43786,15
43787,11
43788,19
43789,23
43790,15
43791,13
43792,18
43793,13
43794,19
43795,4
43796,15
43797,22
43798,19
43799,18
43800,2
43801,15
43802,15
43803,15
43804,15
43805,13
43806,15
43807,18
43808,22
43809,15
43810,15
43811,23
43812,15
43813,19
43814,19
43815,4
43816,19
43817,13
43818,19
43819,13
43820,4
43821,16
43822,15
43823,19
43824,15
43825,4
43826,15
43827,23
43828,15
43829,15
43830,4
43831,19
43832,15
43833,15
43834,19
43835,13
43836,22
43837,15
43838,15
43839,1
43840,15
43841,6
43842,4
43843,23
43844,18
43845,19
43846,15
43847,15
43848,9
43849,15
43850,4
43851,15
43852,11
43853,19
43854,15
43855,15
43856,9
43857,12
43858,15
43859,19
43860,4
43861,15
43862,13
43863,19
43864,15
43865,15
43866,13
43867,15
43868,14
43869,4
43870,4
43871,6
43872,15
43873,15
43874,15
43875,18
43876,22
43877,10
43878,19
43879,13
43880,15
43881,15
43882,4
43883,15
43884,19
43885,15
43886,4
43887,4
43888,15
43889,15
43890,15
43891,15
43892,9
43893,19
43894,22
43895,15
43896,19
43897,4
43898,13
43899,22
43900,13
43901,15
43902,13
43903,13
43904,4
43905,4
43906,19
43907,22
43908,4
43909,4
43910,15
43911,4
43912,15
43913,19
43914,0
43915,10
43916,6
43917,9
43918,13
43919,19
43920,15
43921,15
43922,19
43923,22
43924,22
43925,15
43926,4
43927,19
43928,15
43929,15
43930,13
43931,4
43932,15
43933,13
43934,15
43935,22
43936,4
43937,12
43938,15
43939,6
43940,10
43941,15
43942,5
43943,15
43944,15
43945,19
43946,23
43947,19
43948,18
43949,4
43950,19
43951,19
43952,4
43953,15
43954,4
43955,15
43956,18
43957,4
43958,19
43959,15
43960,22
43961,4
43962,9
43963,15
43964,15
43965,15
43966,15
43967,22
43968,13
43969,4
43970,23
43971,15
43972,22
43973,5
43974,15
43975,4
43976,13
43977,19
43978,13
43979,15
43980,13
43981,19
43982,15
43983,15
43984,6
43985,19
43986,15
43987,4
43988,19
43989,15
43990,13
43991,15
43992,13
43993,19
43994,6
43995,15
43996,18
43997,19
43998,4
43999,13
44000,6
44001,16
44002,15
44003,15
44004,15
44005,4
44006,18
44007,15
44008,9
44009,15
44010,19
44011,4
44012,15
44013,15
44014,15
44015,13
44016,4
44017,9
44018,4
44019,13
44020,4
44021,10
44022,23
44023,4
44024,15
44025,19
44026,15
44027,19
44028,10
44029,22
44030,19
44031,15
44032,12
44033,15
44034,15
44035,10
44036,4
44037,15
44038,18
44039,19
44040,15
44041,5
44042,15
44043,15
44044,15
44045,19
44046,15
44047,19
44048,9
44049,19
44050,15
44051,15
44052,13
44053,19
44054,15
44055,22
44056,15
44057,4
44058,15
44059,19
44060,13
44061,13
44062,13
44063,4
44064,18
44065,15
44066,15
44067,9
44068,22
44069,4
44070,15
44071,19
44072,4
44073,13
44074,15
44075,22
44076,13
44077,19
44078,15
44079,15
44080,4
44081,19
44082,5
44083,22
44084,13
44085,15
44086,9
44087,1
44088,15
44089,19
44090,19
44091,15
44092,4
44093,15
44094,15
44095,4
44096,22
44097,18
44098,4
44099,10
44100,15
44101,22
44102,19
44103,15
44104,15
44105,23
44106,19
44107,19
44108,4
44109,15
44110,15
44111,15
44112,15
44113,13
44114,12
44115,4
44116,15
44117,15
44118,4
44119,15
44120,23
44121,18
44122,10
44123,18
44124,19
44125,15
44126,19
44127,15
44128,15
44129,23
44130,9
44131,19
44132,15
44133,19
44134,10
44135,10
44136,7
44137,15
44138,4
44139,13
44140,22
44141,15
44142,13
44143,15
44144,19
44145,19
44146,9
44147,14
44148,15
44149,15
44150,4
44151,15
44152,15
44153,19
44154,13
44155,15
44156,13
44157,13
44158,4
44159,22
44160,4
44161,6
44162,19
44163,4
44164,13
44165,15
44166,15
44167,4
44168,15
44169,13
44170,4
44171,15
44172,22
44173,22
44174,13
44175,4
44176,15
44177,15
44178,12
44179,22
44180,13
44181,4
44182,15
44183,10
44184,15
44185,13
44186,4
44187,13
44188,11
44189,1
44190,23
44191,19
44192,19
44193,23
44194,23
44195,15
44196,12
44197,4
44198,22
44199,0
44200,15
44201,19
44202,22
44203,0
44204,19
44205,15
44206,19
44207,15
44208,22
44209,19
44210,15
44211,22
44212,19
44213,19
44214,13
44215,15
44216,19
44217,15
44218,15
44219,15
44220,19
44221,15
44222,23
44223,15
44224,12
44225,9
44226,15
44227,15
44228,13
44229,9
44230,15
44231,22
44232,13
44233,1
44234,6
44235,6
44236,23
44237,19
44238,13
44239,4
44240,22
44241,13
44242,16
44243,13
44244,15
44245,18
44246,13
44247,12
44248,15
44249,19
44250,15
44251,23
44252,4
44253,15
44254,4
44255,18
44256,19
44257,15
44258,4
44259,4
44260,15
44261,15
44262,1
44263,23
44264,15
44265,4
44266,23
44267,15
44268,19
44269,4
44270,4
44271,4
44272,15
44273,19
44274,19
44275,13
44276,19
44277,9
44278,10
44279,15
44280,4
44281,4
44282,15
44283,15
44284,15
44285,15
44286,4
44287,22
44288,18
44289,4
44290,15
44291,4
44292,19
44293,10
44294,15
44295,15
44296,10
44297,19
44298,19
44299,13
44300,4
44301,22
44302,15
44303,15
44304,19
44305,15
44306,4
44307,12
44308,19
44309,19
44310,15
44311,4
44312,10
44313,15
44314,12
44315,15
44316,4
44317,13
44318,15
44319,19
44320,23
44321,15
44322,13
44323,4
44324,15
44325,4
44326,15
44327,15
44328,4
44329,15
44330,15
44331,11
44332,19
44333,19
44334,19
44335,5
44336,19
44337,19
44338,15
44339,11
44340,4
44341,22
44342,15
44343,18
44344,12
44345,13
44346,6
44347,15
44348,15
44349,13
44350,13
44351,13
44352,11
44353,15
44354,11
44355,15
44356,18
44357,4
44358,13
44359,23
44360,13
44361,4
44362,10
44363,13
44364,10
44365,15
44366,4
44367,15
44368,15
44369,4
44370,10
44371,0
44372,0
44373,22
44374,19
44375,4
44376,14
44377,14
44378,15
44379,15
44380,15
44381,22
44382,15
44383,9
44384,11
44385,19
44386,22
44387,4
44388,4
44389,15
44390,19
44391,22
44392,15
44393,15
44394,10
44395,15
44396,15
44397,15
44398,19
44399,15
44400,15
44401,23
44402,4
44403,15
44404,19
44405,13
44406,15
44407,10
44408,4
44409,4
44410,15
44411,15
44412,6
44413,22
44414,15
44415,4
44416,1
44417,22
44418,10
44419,15
44420,11
44421,16
44422,15
44423,4
44424,4
44425,19
44426,4
44427,13
44428,19
44429,13
44430,13
44431,19
44432,19
44433,13
44434,15
44435,13
44436,15
44437,15
44438,1
44439,13
44440,19
44441,10
44442,4
44443,15
44444,15
44445,22
44446,22
44447,22
44448,15
44449,4
44450,19
44451,4
44452,10
44453,15
44454,13
44455,4
44456,15
44457,19
44458,15
44459,19
44460,10
44461,9
44462,15
44463,22
44464,9
44465,4
44466,18
44467,15
44468,22
44469,15
44470,19
44471,13
44472,15
44473,19
44474,15
44475,23
44476,15
44477,15
44478,9
44479,15
44480,10
44481,15
44482,22
44483,23
44484,15
44485,15
44486,22
44487,4
44488,4
44489,15
44490,12
44491,15
44492,15
44493,10
44494,15
44495,23
44496,19
44497,11
44498,15
44499,15
44500,4
44501,13
44502,15
44503,4
44504,14
44505,10
44506,4
44507,19
44508,13
44509,9
44510,13
44511,18
44512,15
44513,4
44514,4
44515,15
44516,15
44517,2
44518,15
44519,19
44520,22
44521,19
44522,4
44523,4
44524,15
44525,15
44526,15
44527,23
44528,4
44529,13
44530,22
44531,22
44532,23
44533,13
44534,10
44535,15
44536,15
44537,22
44538,19
44539,15
44540,15
44541,15
44542,15
44543,15
44544,19
44545,22
44546,19
44547,15
44548,2
44549,13
44550,16
44551,1
44552,14
44553,15
44554,14
44555,15
44556,15
44557,4
44558,15
44559,13
44560,15
44561,18
44562,4
44563,9
44564,19
44565,10
44566,9
44567,4
44568,6
44569,11
44570,19
44571,22
44572,4
44573,19
44574,19
44575,4
44576,1
44577,15
44578,23
44579,22
44580,19
44581,19
44582,15
44583,15
44584,22
44585,23
44586,13
44587,15
44588,2
44589,13
44590,6
44591,1
44592,15
44593,10
44594,19
44595,23
44596,15
44597,4
44598,15
44599,19
44600,19
44601,19
44602,5
44603,23
44604,19
44605,16
44606,23
44607,19
44608,15
44609,2
44610,15
44611,22
44612,11
44613,19
44614,10
44615,15
44616,19
44617,19
44618,4
44619,22
44620,15
44621,15
44622,15
44623,13
44624,23
44625,12
44626,4
44627,19
44628,15
44629,6
44630,4
44631,4
44632,4
44633,15
44634,19
44635,18
44636,4
44637,6
44638,23
44639,15
44640,4
44641,4
44642,19
44643,4
44644,13
44645,20
44646,13
44647,15
44648,2
44649,15
44650,15
44651,15
44652,15
44653,22
44654,22
44655,15
44656,13
44657,13
44658,15
44659,18
44660,22
44661,15
44662,2
44663,15
44664,19
44665,4
44666,22
44667,4
44668,19
44669,15
44670,10
44671,19
44672,19
44673,15
44674,10
44675,15
44676,19
44677,15
44678,19
44679,15
44680,15
44681,15
44682,19
44683,19
44684,15
44685,0
44686,13
44687,15
44688,15
44689,10
44690,13
44691,14
44692,19
44693,23
44694,4
44695,15
44696,15
44697,15
44698,18
44699,13
44700,4
44701,22
44702,19
44703,5
44704,2
44705,19
44706,23
44707,19
44708,22
44709,15
44710,12
44711,4
44712,4
44713,1
44714,9
44715,15
44716,4
44717,15
44718,4
44719,15
44720,15
44721,15
44722,15
44723,4
44724,22
44725,4
44726,1
44727,22
44728,13
44729,12
44730,13
44731,15
44732,19
44733,15
44734,19
44735,4
44736,19
44737,15
44738,15
44739,23
44740,22
44741,11
44742,13
44743,19
44744,10
44745,19
44746,15
44747,2
44748,19
44749,4
44750,15
44751,4
44752,15
44753,15
44754,19
44755,18
44756,15
44757,15
44758,15
44759,10
44760,15
44761,18
44762,22
44763,13
44764,10
44765,15
44766,23
44767,4
44768,13
44769,19
44770,15
44771,15
44772,15
44773,19
44774,22
44775,23
44776,15
44777,15
44778,15
44779,4
44780,15
44781,15
44782,15
44783,22
44784,15
44785,4
44786,2
44787,4
44788,15
44789,15
44790,19
44791,15
44792,0
44793,15
44794,15
44795,23
44796,4
44797,15
44798,15
44799,4
44800,19
44801,13
44802,15
44803,19
44804,15
44805,15
44806,19
44807,19
44808,19
44809,19
44810,15
44811,4
44812,15
44813,23
44814,15
44815,22
44816,13
44817,15
44818,13
44819,15
44820,4
44821,15
44822,19
44823,15
44824,13
44825,19
44826,4
44827,11
44828,4
44829,13
44830,22
44831,15
44832,15
44833,22
44834,15
44835,15
44836,5
44837,15
44838,13
44839,19
44840,13
44841,13
44842,4
44843,10
44844,19
44845,15
44846,13
44847,22
44848,15
44849,22
44850,10
44851,15
44852,13
44853,15
44854,4
44855,15
44856,15
44857,22
44858,0
44859,4
44860,15
44861,15
44862,4
44863,15
44864,14
44865,13
44866,15
44867,4
44868,15
44869,12
44870,15
44871,13
44872,15
44873,4
44874,19
44875,15
44876,4
44877,4
44878,15
44879,23
44880,5
44881,19
44882,22
44883,15
44884,15
44885,15
44886,19
44887,19
44888,15
44889,10
44890,4
44891,23
44892,15
44893,18
44894,13
44895,22
44896,4
44897,4
44898,1
44899,22
44900,13
44901,13
44902,16
44903,15
44904,19
44905,15
44906,4
44907,15
44908,19
44909,15
44910,15
44911,19
44912,12
44913,18
44914,4
44915,15
44916,15
44917,15
44918,13
44919,15
44920,23
44921,15
44922,4
44923,19
44924,4
44925,13
44926,4
44927,15
44928,9
44929,15
44930,13
44931,15
44932,10
44933,15
44934,19
44935,15
44936,19
44937,13
44938,15
44939,15
44940,19
44941,6
44942,15
44943,13
44944,15
44945,4
44946,15
44947,11
44948,19
44949,19
44950,19
44951,13
44952,15
44953,0
44954,15
44955,15
44956,19
44957,4
44958,18
44959,15
44960,15
44961,13
44962,22
44963,13
44964,13
44965,4
44966,15
44967,13
44968,4
44969,14
44970,15
44971,19
44972,15
44973,15
44974,19
44975,15
44976,15
44977,4
44978,15
44979,4
44980,15
44981,15
44982,19
44983,22
44984,15
44985,15
44986,15
44987,2
44988,19
44989,15
44990,19
44991,1
44992,19
44993,22
44994,15
44995,9
44996,19
44997,15
44998,13
44999,15
45000,23
45001,15
45002,4
45003,4
45004,4
45005,4
45006,15
45007,18
45008,13
45009,15
45010,23
45011,19
45012,19
45013,15
45014,19
45015,19
45016,15
45017,18
45018,15
45019,13
45020,13
45021,22
45022,13
45023,15
45024,10
45025,13
45026,13
45027,13
45028,18
45029,12
45030,18
45031,15
45032,15
45033,15
45034,22
45035,13
45036,6
45037,4
45038,19
45039,15
45040,10
45041,15
45042,19
45043,13
45044,18
45045,4
45046,6
45047,15
45048,15
45049,15
45050,15
45051,15
45052,13
45053,13
45054,19
45055,13
45056,4
45057,19
45058,19
45059,15
45060,15
45061,1
45062,15
45063,13
45064,23
45065,4
45066,4
45067,15
45068,5
45069,15
45070,4
45071,15
45072,11
45073,10
45074,15
45075,13
45076,4
45077,15
45078,6
45079,19
45080,15
45081,22
45082,13
45083,10
45084,1
45085,13
45086,4
45087,15
45088,15
45089,23
45090,19
45091,15
45092,4
45093,4
45094,9
45095,23
45096,15
45097,19
45098,18
45099,9
45100,22
45101,14
45102,14
45103,13
45104,4
45105,15
45106,19
45107,15
45108,15
45109,19
45110,4
45111,12
45112,6
45113,4
45114,13
45115,13
45116,19
45117,1
45118,4
45119,4
45120,4
45121,4
45122,18
45123,15
45124,6
45125,15
45126,13
45127,4
45128,15
45129,15
45130,13
45131,22
45132,19
45133,18
45134,4
45135,6
45136,4
45137,22
45138,15
45139,23
45140,15
45141,19
45142,19
45143,6
45144,15
45145,15
45146,19
45147,0
45148,4
45149,13
45150,10
45151,4
45152,13
45153,19
45154,19
45155,15
45156,15
45157,15
45158,15
45159,15
45160,4
45161,15
45162,15
45163,19
45164,6
45165,15
45166,15
45167,19
45168,4
45169,15
45170,10
45171,15
45172,15
45173,4
45174,9
45175,18
45176,6
45177,18
45178,22
45179,4
45180,15
45181,11
45182,15
45183,4
45184,13
45185,13
45186,22
45187,4
45188,15
45189,18
45190,4
45191,4
45192,10
45193,15
45194,15
45195,13
45196,15
45197,15
45198,4
45199,15
45200,4
45201,4
45202,19
45203,15
45204,15
45205,15
45206,15
45207,15
45208,4
45209,15
45210,15
45211,4
45212,4
45213,19
45214,4
45215,19
45216,15
45217,13
45218,15
45219,4
45220,13
45221,15
45222,19
45223,4
45224,15
45225,4
45226,4
45227,15
45228,15
45229,19
45230,22
45231,19
45232,23
45233,12
45234,19
45235,19
45236,15
45237,4
45238,15
45239,0
45240,15
45241,16
45242,19
45243,23
45244,23
45245,18
45246,14
45247,10
45248,19
45249,4
45250,13
45251,22
45252,13
45253,4
45254,22
45255,22
45256,4
45257,5
45258,13
45259,15
45260,15
45261,19
45262,13
45263,1
45264,13
45265,15
45266,22
45267,22
45268,5
45269,15
45270,6
45271,4
45272,23
45273,10
45274,13
45275,15
45276,15
45277,15
45278,13
45279,23
45280,13
45281,6
45282,15
45283,14
45284,13
45285,19
45286,10
45287,15
45288,23
45289,19
45290,15
45291,13
45292,22
45293,15
45294,15
45295,13
45296,15
45297,19
45298,19
45299,19
45300,15
45301,13
45302,19
45303,15
45304,15
45305,19
45306,19
45307,15
45308,10
45309,15
45310,19
45311,4
45312,22
45313,19
45314,23
45315,22
45316,22
45317,15
45318,13
45319,4
45320,15
45321,15
45322,19
45323,23
45324,13
45325,19
45326,15
45327,15
45328,13
45329,13
45330,22
45331,19
45332,15
45333,4
45334,22
45335,13
45336,15
45337,15
45338,22
45339,22
45340,4
45341,4
45342,4
45343,19
45344,19
45345,23
45346,22
45347,15
45348,12
45349,15
45350,19
45351,22
45352,19
45353,23
45354,22
45355,0
45356,22
45357,4
45358,19
45359,18
45360,15
45361,10
45362,4
45363,4
45364,23
45365,15
45366,6
45367,11
45368,15
45369,15
45370,6
45371,15
45372,13
45373,15
45374,19
45375,4
45376,15
45377,13
45378,15
45379,15
45380,13
45381,4
45382,19
45383,10
45384,4
45385,11
45386,15
45387,13
45388,22
45389,4
45390,15
45391,4
45392,4
45393,15
45394,15
45395,22
45396,22
45397,23
45398,19
45399,15
45400,19
45401,18
45402,5
45403,19
45404,22
45405,16
45406,4
45407,10
45408,15
45409,5
45410,4
45411,15
45412,15
45413,4
45414,19
45415,4
45416,19
45417,4
45418,4
45419,22
45420,22
45421,13
45422,15
45423,22
45424,19
45425,13
45426,12
45427,4
45428,10
45429,2
45430,0
45431,23
45432,19
45433,15
45434,19
45435,15
45436,9
45437,19
45438,15
45439,4
45440,15
45441,23
45442,15
45443,18
45444,5
45445,23
45446,4
45447,4
45448,4
45449,22
45450,12
45451,16
45452,16
45453,15
45454,13
45455,13
45456,19
45457,13
45458,19
45459,15
45460,4
45461,15
45462,4
45463,19
45464,10
45465,15
45466,15
45467,6
45468,6
45469,15
45470,18
45471,15
45472,18
45473,18
45474,13
45475,15
45476,19
45477,15
45478,15
45479,15
45480,15
45481,15
45482,23
45483,15
45484,15
45485,19
45486,4
45487,4
45488,4
45489,4
45490,19
45491,4
45492,19
45493,19
45494,10
45495,4
45496,22
45497,18
45498,15
45499,4
45500,4
45501,4
45502,15
45503,4
45504,15
45505,13
45506,4
45507,15
45508,6
45509,15
45510,5
45511,15
45512,19
45513,4
45514,15
45515,19
45516,19
45517,15
45518,22
45519,10
45520,4
45521,6
45522,22
45523,18
45524,5
45525,4
45526,6
45527,4
45528,19
45529,19
45530,5
45531,18
45532,19
45533,4
45534,15
45535,4
45536,19
45537,12
45538,15
45539,15
45540,15
45541,14
45542,19
45543,4
45544,12
45545,22
45546,4
45547,22
45548,13
45549,13
45550,4
45551,15
45552,2
45553,15
45554,7
45555,15
45556,23
45557,22
45558,19
45559,22
45560,23
45561,4
45562,19
45563,22
45564,13
45565,13
45566,19
45567,9
45568,19
45569,13
45570,23
45571,4
45572,6
45573,18
45574,15
45575,15
45576,4
45577,6
45578,15
45579,15
45580,19
45581,15
45582,4
45583,15
45584,13
45585,15
45586,15
45587,4
45588,19
45589,19
45590,22
45591,23
45592,15
45593,0
45594,19
45595,15
45596,15
45597,15
45598,13
45599,1
45600,19
45601,15
45602,22
45603,15
45604,6
45605,10
45606,4
45607,11
45608,15
45609,4
45610,23
45611,15
45612,15
45613,22
45614,15
45615,10
45616,4
45617,4
45618,15
45619,4
45620,19
45621,15
45622,15
45623,22
45624,10
45625,19
45626,6
45627,15
45628,23
45629,15
45630,13
45631,19
45632,6
45633,22
45634,19
45635,4
45636,15
45637,19
45638,18
45639,22
45640,19
45641,19
45642,22
45643,4
45644,13
45645,4
45646,10
45647,15
45648,16
45649,19
45650,19
45651,19
45652,14
45653,19
45654,13
45655,4
45656,15
45657,19
45658,10
45659,15
45660,22
45661,4
45662,15
45663,4
45664,4
45665,19
45666,22
45667,19
45668,15
45669,4
45670,15
45671,4
45672,15
45673,9
45674,18
45675,10
45676,19
45677,15
45678,5
45679,15
45680,15
45681,23
45682,4
45683,13
45684,2
45685,4
45686,15
45687,18
45688,4
45689,4
45690,13
45691,15
45692,15
45693,4
45694,19
45695,15
45696,22
45697,4
45698,22
45699,10
45700,4
45701,4
45702,4
45703,15
45704,19
45705,22
45706,15
45707,15
45708,4
45709,0
45710,4
45711,19
45712,19
45713,19
45714,19
45715,2
45716,22
45717,18
45718,6
45719,15
45720,6
45721,4
45722,10
45723,15
45724,15
45725,4
45726,13
45727,15
45728,15
45729,15
45730,15
45731,23
45732,15
45733,19
45734,13
45735,15
45736,15
45737,22
45738,15
45739,18
45740,15
45741,10
45742,19
45743,19
45744,4
45745,19
45746,9
45747,23
45748,19
45749,15
45750,15
45751,4
45752,4
45753,4
45754,15
45755,19
45756,15
45757,0
45758,4
45759,4
45760,19
45761,4
45762,15
45763,10
45764,15
45765,23
45766,23
45767,15
45768,19
45769,19
45770,4
45771,15
45772,22
45773,4
45774,4
45775,4
45776,22
45777,15
45778,15
45779,15
45780,22
45781,4
45782,13
45783,10
45784,15
45785,19
45786,22
45787,22
45788,15
45789,4
45790,5
45791,4
45792,4
45793,18
45794,12
45795,13
45796,19
45797,22
45798,10
45799,4
45800,19
45801,14
45802,4
45803,13
45804,18
45805,15
45806,14
45807,4
45808,19
45809,4
45810,15
45811,19
45812,13
45813,19
45814,11
45815,11
45816,4
45817,15
45818,13
45819,15
45820,4
45821,15
45822,19
45823,19
45824,19
45825,19
45826,19
45827,19
45828,19
45829,13
45830,4
45831,4
45832,19
45833,4
45834,4
45835,22
45836,19
45837,15
45838,15
45839,15
45840,15
45841,4
45842,13
45843,9
45844,4
45845,13
45846,22
45847,4
45848,6
45849,15
45850,9
45851,15
45852,13
45853,19
45854,22
45855,12
45856,10
45857,15
45858,4
45859,19
45860,19
45861,12
45862,15
45863,19
45864,9
45865,19
45866,13
45867,9
45868,15
45869,19
45870,19
45871,13
45872,11
45873,19
45874,22
45875,15
45876,1
45877,13
45878,15
45879,18
45880,19
45881,13
45882,15
45883,15
45884,4
45885,19
45886,15
45887,15
45888,5
45889,10
45890,22
45891,4
45892,4
45893,5
45894,15
45895,15
45896,22
45897,13
45898,15
45899,15
45900,10
45901,13
45902,4
45903,22
45904,11
45905,10
45906,4
45907,15
45908,4
45909,15
45910,13
45911,22
45912,19
45913,15
45914,13
45915,4
45916,19
45917,4
45918,13
45919,15
45920,2
45921,23
45922,15
45923,18
45924,15
45925,4
45926,15
45927,15
45928,1
45929,19
45930,4
45931,13
45932,13
45933,22
45934,11
45935,4
45936,4
45937,19
45938,4
45939,9
45940,15
45941,12
45942,22
45943,15
45944,19
45945,13
45946,15
45947,15
45948,19
45949,4
45950,22
45951,15
45952,19
45953,13
45954,4
45955,14
45956,11
45957,15
45958,15
45959,4
45960,13
45961,22
45962,19
45963,19
45964,19
45965,13
45966,23
45967,15
45968,4
45969,15
45970,15
45971,19
45972,22
45973,15
45974,10
45975,15
45976,15
45977,10
45978,15
45979,4
45980,5
45981,4
45982,15
45983,4
45984,19
45985,22
45986,1
45987,19
45988,19
45989,9
45990,15
45991,13
45992,13
45993,13
45994,3
45995,15
45996,19
45997,19
45998,15
45999,15
46000,15
46001,15
46002,6
46003,15
46004,18
46005,22
46006,15
46007,22
46008,13
46009,19
46010,13
46011,15
46012,13
46013,4
46014,15
46015,20
46016,4
46017,19
46018,18
46019,15
46020,9
46021,22
46022,10
46023,15
46024,1
46025,15
46026,15
46027,18
46028,15
46029,15
46030,13
46031,4
46032,15
46033,18
46034,13
46035,19
46036,4
46037,1
46038,19
46039,15
46040,4
46041,15
46042,10
46043,23
46044,15
46045,4
46046,15
46047,12
46048,16
46049,15
46050,15
46051,13
46052,19
46053,15
46054,15
46055,15
46056,19
46057,19
46058,23
46059,4
46060,15
46061,11
46062,4
46063,15
46064,4
46065,23
46066,19
46067,11
46068,15
46069,18
46070,15
46071,13
46072,22
46073,23
46074,15
46075,13
46076,19
46077,15
46078,19
46079,19
46080,23
46081,13
46082,15
46083,4
46084,23
46085,15
46086,19
46087,22
46088,4
46089,19
46090,4
46091,4
46092,23
46093,19
46094,13
46095,4
46096,22
46097,19
46098,6
46099,19
46100,4
46101,22
46102,19
46103,15
46104,15
46105,19
46106,19
46107,4
46108,15
46109,13
46110,13
46111,10
46112,19
46113,19
46114,19
46115,4
46116,4
46117,19
46118,15
46119,22
46120,19
46121,9
46122,15
46123,4
46124,4
46125,4
46126,23
46127,19
46128,19
46129,15
46130,9
46131,19
46132,15
46133,15
46134,4
46135,15
46136,19
46137,13
46138,15
46139,4
46140,19
46141,15
46142,4
46143,13
46144,19
46145,4
46146,22
46147,19
46148,19
46149,19
46150,22
46151,15
46152,15
46153,19
46154,13
46155,15
46156,4
46157,19
46158,15
46159,4
46160,19
46161,13
46162,15
46163,15
46164,7
46165,15
46166,22
46167,15
46168,15
46169,13
46170,19
46171,15
46172,10
46173,15
46174,15
46175,13
46176,19
46177,18
46178,15
46179,22
46180,16
46181,15
46182,6
46183,4
46184,15
46185,4
46186,15
46187,22
46188,15
46189,13
46190,4
46191,19
46192,15
46193,18
46194,4
46195,4
46196,15
46197,6
46198,15
46199,4
46200,15
46201,18
46202,4
46203,4
46204,15
46205,13
46206,19
46207,13
46208,13
46209,19
46210,10
46211,19
46212,15
46213,4
46214,15
46215,4
46216,15
46217,4
46218,4
46219,4
46220,15
46221,13
46222,4
46223,19
46224,15
46225,13
46226,4
46227,19
46228,15
46229,19
46230,13
46231,15
46232,4
46233,15
46234,15
46235,13
46236,15
46237,15
46238,19
46239,13
46240,5
46241,4
46242,19
46243,9
46244,15
46245,2
46246,19
46247,15
46248,10
46249,15
46250,4
46251,22
46252,15
46253,19
46254,15
46255,19
46256,4
46257,15
46258,13
46259,15
46260,21
46261,18
46262,22
46263,19
46264,1
46265,4
46266,22
46267,13
46268,12
46269,19
46270,4
46271,13
46272,15
46273,15
46274,4
46275,15
46276,23
46277,19
46278,23
46279,4
46280,19
46281,15
46282,15
46283,22
46284,15
46285,15
46286,15
46287,11
46288,15
46289,6
46290,23
46291,13
46292,4
46293,4
46294,15
46295,19
46296,19
46297,15
46298,23
46299,23
46300,10
46301,15
46302,15
46303,4
46304,4
46305,13
46306,15
46307,15
46308,6
46309,4
46310,4
46311,15
46312,23
46313,15
46314,15
46315,9
46316,13
46317,22
46318,13
46319,4
46320,15
46321,19
46322,15
46323,23
46324,13
46325,15
46326,4
46327,13
46328,4
46329,4
46330,2
46331,13
46332,13
46333,15
46334,15
46335,15
46336,13
46337,15
46338,15
46339,14
46340,4
46341,13
46342,15
46343,19
46344,19
46345,15
46346,4
46347,19
46348,15
46349,15
46350,15
46351,19
46352,13
46353,19
46354,15
46355,15
46356,15
46357,22
46358,15
46359,15
46360,11
46361,5
46362,19
46363,4
46364,15
46365,15
46366,15
46367,15
46368,15
46369,4
46370,13
46371,10
46372,18
46373,15
46374,15
46375,19
46376,15
46377,23
46378,4
46379,4
46380,13
46381,15
46382,13
46383,15
46384,18
46385,18
46386,18
46387,15
46388,13
46389,10
46390,15
46391,10
46392,4
46393,4
46394,13
46395,15
46396,15
46397,15
46398,19
46399,19
46400,4
46401,15
46402,19
46403,10
46404,13
46405,16
46406,4
46407,15
46408,19
46409,22
46410,15
46411,13
46412,15
46413,15
46414,15
46415,15
46416,13
46417,22
46418,4
46419,15
46420,15
46421,4
46422,19
46423,19
46424,4
46425,13
46426,15
46427,19
46428,19
46429,15
46430,19
46431,15
46432,15
46433,22
46434,19
46435,22
46436,15
46437,15
46438,15
46439,19
46440,15
46441,17
46442,4
46443,5
46444,15
46445,12
46446,6
46447,15
46448,15
46449,4
46450,4
46451,5
46452,15
46453,4
46454,19
46455,4
46456,19
46457,15
46458,15
46459,19
46460,15
46461,6
46462,18
46463,19
46464,13
46465,13
46466,19
46467,15
46468,13
46469,15
46470,19
46471,15
46472,13
46473,13
46474,13
46475,15
46476,13
46477,15
46478,15
46479,4
46480,13
46481,15
46482,4
46483,19
46484,15
46485,19
46486,4
46487,14
46488,10
46489,15
46490,19
46491,4
46492,8
46493,14
46494,19
46495,15
46496,18
46497,15
46498,22
46499,4
46500,4
46501,19
46502,15
46503,19
46504,22
46505,15
46506,15
46507,19
46508,13
46509,10
46510,18
46511,13
46512,18
46513,23
46514,15
46515,19
46516,1
46517,15
46518,13
46519,4
46520,19
46521,22
46522,22
46523,15
46524,19
46525,13
46526,19
46527,15
46528,4
46529,4
46530,15
46531,12
46532,4
46533,4
46534,19
46535,4
46536,12
46537,14
46538,23
46539,13
46540,18
46541,22
46542,13
46543,19
46544,15
46545,15
46546,10
46547,19
46548,15
46549,19
46550,15
46551,15
46552,13
46553,22
46554,19
46555,15
46556,14
46557,15
46558,15
46559,13
46560,15
46561,15
46562,15
46563,22
46564,23
46565,13
46566,19
46567,15
46568,15
46569,10
46570,10
46571,13
46572,15
46573,15
46574,7
46575,6
46576,19
46577,15
46578,15
46579,14
46580,4
46581,4
46582,4
46583,18
46584,15
46585,15
46586,19
46587,22
46588,4
46589,15
46590,22
46591,19
46592,19
46593,4
46594,22
46595,23
46596,19
46597,1
46598,4
46599,15
46600,19
46601,15
46602,13
46603,13
46604,12
46605,4
46606,4
46607,4
46608,13
46609,15
46610,22
46611,15
46612,22
46613,15
46614,15
46615,13
46616,4
46617,19
46618,19
46619,9
46620,22
46621,22
46622,19
46623,19
46624,13
46625,13
46626,15
46627,18
46628,13
46629,19
46630,13
46631,15
46632,14
46633,15
46634,18
46635,4
46636,23
46637,4
46638,6
46639,13
46640,15
46641,19
46642,13
46643,10
46644,4
46645,14
46646,6
46647,13
46648,15
46649,1
46650,11
46651,15
46652,13
46653,15
46654,4
46655,22
46656,15
46657,15
46658,15
46659,4
46660,15
46661,15
46662,19
46663,15
46664,4
46665,4
46666,4
46667,4
46668,4
46669,13
46670,19
46671,22
46672,4
46673,15
46674,18
46675,19
46676,18
46677,18
46678,15
46679,11
46680,15
46681,15
46682,15
46683,6
46684,4
46685,13
46686,4
46687,22
46688,4
46689,4
46690,15
46691,15
46692,15
46693,19
46694,0
46695,19
46696,4
46697,15
46698,19
46699,15
46700,14
46701,22
46702,15
46703,15
46704,4
46705,4
46706,23
46707,18
46708,13
46709,13
46710,13
46711,4
46712,4
46713,19
46714,4
46715,15
46716,13
46717,15
46718,15
46719,15
46720,15
46721,13
46722,15
46723,13
46724,4
46725,23
46726,11
46727,4
46728,5
46729,19
46730,13
46731,13
46732,19
46733,6
46734,4
46735,22
46736,19
46737,10
46738,15
46739,4
46740,13
46741,22
46742,15
46743,15
46744,15
46745,19
46746,6
46747,19
46748,15
46749,18
46750,15
46751,15
46752,13
46753,4
46754,15
46755,15
46756,18
46757,19
46758,22
46759,15
46760,19
46761,4
46762,13
46763,15
46764,23
46765,23
46766,19
46767,15
46768,13
46769,18
46770,19
46771,19
46772,19
46773,18
46774,12
46775,4
46776,9
46777,18
46778,23
46779,19
46780,13
46781,15
46782,15
46783,13
46784,11
46785,4
46786,4
46787,4
46788,23
46789,13
46790,15
46791,15
46792,5
46793,23
46794,15
46795,15
46796,19
46797,10
46798,4
46799,10
46800,23
46801,15
46802,15
46803,19
46804,15
46805,15
46806,22
46807,22
46808,19
46809,19
46810,18
46811,15
46812,14
46813,15
46814,18
46815,15
46816,4
46817,23
46818,13
46819,23
46820,19
46821,23
46822,19
46823,23
46824,16
46825,19
46826,15
46827,15
46828,4
46829,2
46830,4
46831,15
46832,19
46833,19
46834,18
46835,15
46836,15
46837,22
46838,7
46839,4
46840,9
46841,22
46842,6
46843,15
46844,9
46845,15
46846,13
46847,4
46848,19
46849,19
46850,15
46851,15
46852,22
46853,15
46854,15
46855,9
46856,4
46857,4
46858,19
46859,22
46860,15
46861,19
46862,19
46863,13
46864,13
46865,22
46866,22
46867,3
46868,3
46869,19
46870,4
46871,18
46872,15
46873,15
46874,19
46875,15
46876,18
46877,5
46878,15
46879,22
46880,13
46881,19
46882,23
46883,19
46884,18
46885,4
46886,10
46887,2
46888,22
46889,10
46890,15
46891,19
46892,19
46893,22
46894,15
46895,9
46896,15
46897,4
46898,15
46899,22
46900,19
46901,15
46902,0
46903,15
46904,13
46905,4
46906,4
46907,15
46908,19
46909,19
46910,15
46911,13
46912,14
46913,22
46914,4
46915,15
46916,4
46917,15
46918,13
46919,15
46920,18
46921,15
46922,13
46923,4
46924,15
46925,22
46926,22
46927,4
46928,23
46929,22
46930,9
46931,4
46932,4
46933,15
46934,15
46935,4
46936,4
46937,15
46938,19
46939,19
46940,15
46941,22
46942,15
46943,11
46944,15
46945,13
46946,15
46947,13
46948,13
46949,13
46950,13
46951,4
46952,12
46953,15
46954,15
46955,4
46956,15
46957,4
46958,15
46959,4
46960,19
46961,9
46962,4
46963,23
46964,15
46965,4
46966,1
46967,23
46968,22
46969,15
46970,0
46971,15
46972,14
46973,22
46974,13
46975,4
46976,4
46977,19
46978,15
46979,15
46980,19
46981,13
46982,22
46983,15
46984,4
46985,15
46986,2
46987,15
46988,11
46989,16
46990,15
46991,4
46992,15
46993,15
46994,15
46995,15
46996,15
46997,4
46998,15
46999,4
47000,2
47001,15
47002,4
47003,22
47004,13
47005,4
47006,15
47007,6
47008,15
47009,18
47010,4
47011,19
47012,9
47013,15
47014,15
47015,19
47016,13
47017,15
47018,15
47019,15
47020,13
47021,15
47022,22
47023,12
47024,19
47025,9
47026,19
47027,4
47028,15
47029,15
47030,15
47031,15
47032,4
47033,13
47034,4
47035,4
47036,10
47037,6
47038,15
47039,15
47040,4
47041,13
47042,15
47043,9
47044,4
47045,19
47046,22
47047,19
47048,22
47049,23
47050,15
47051,19
47052,4
47053,19
47054,9
47055,15
47056,18
47057,5
47058,15
47059,22
47060,19
47061,15
47062,15
47063,13
47064,15
47065,9
47066,4
47067,22
47068,23
47069,5
47070,15
47071,4
47072,13
47073,15
47074,15
47075,15
47076,4
47077,4
47078,4
47079,4
47080,14
47081,4
47082,4
47083,10
47084,11
47085,1
47086,13
47087,15
47088,2
47089,16
47090,19
47091,15
47092,15
47093,10
47094,4
47095,15
47096,13
47097,4
47098,19
47099,13
47100,15
47101,13
47102,19
47103,4
47104,19
47105,15
47106,15
47107,19
47108,15
47109,15
47110,19
47111,13
47112,15
47113,4
47114,4
47115,15
47116,15
47117,13
47118,4
47119,15
47120,15
47121,19
47122,19
47123,13
47124,15
47125,15
47126,19
47127,15
47128,19
47129,13
47130,15
47131,19
47132,15
47133,19
47134,22
47135,15
47136,4
47137,15
47138,23
47139,9
47140,4
47141,23
47142,15
47143,4
47144,15
47145,15
47146,22
47147,2
47148,4
47149,15
47150,4
47151,18
47152,13
47153,19
47154,13
47155,19
47156,22
47157,4
47158,15
47159,18
47160,13
47161,19
47162,13
47163,23
47164,4
47165,23
47166,10
47167,13
47168,19
47169,13
47170,15
47171,15
47172,15
47173,15
47174,5
47175,18
47176,13
47177,15
47178,4
47179,19
47180,13
47181,11
47182,0
47183,15
47184,23
47185,10
47186,22
47187,13
47188,4
47189,4
47190,10
47191,15
47192,15
47193,15
47194,15
47195,19
47196,4
47197,0
47198,4
47199,10
47200,19
47201,4
47202,22
47203,15
47204,18
47205,22
47206,22
47207,19
47208,15
47209,19
47210,4
47211,15
47212,15
47213,15
47214,4
47215,15
47216,15
47217,23
47218,22
47219,15
47220,15
47221,22
47222,1
47223,19
47224,4
47225,22
47226,22
47227,19
47228,15
47229,4
47230,22
47231,23
47232,9
47233,15
47234,15
47235,4
47236,15
47237,22
47238,15
47239,13
47240,13
47241,13
47242,15
47243,10
47244,22
47245,19
47246,15
47247,19
47248,15
47249,15
47250,18
47251,19
47252,18
47253,19
47254,15
47255,11
47256,15
47257,4
47258,20
47259,15
47260,13
47261,13
47262,4
47263,15
47264,4
47265,4
47266,15
47267,4
47268,13
47269,22
47270,9
47271,13
47272,15
47273,6
47274,19
47275,19
47276,13
47277,15
47278,15
47279,15
47280,12
47281,4
47282,4
47283,4
47284,2
47285,15
47286,15
47287,15
47288,13
47289,4
47290,15
47291,10
47292,4
47293,4
47294,19
47295,23
47296,15
47297,4
47298,10
47299,13
47300,15
47301,15
47302,13
47303,2
47304,7
47305,19
47306,4
47307,15
47308,15
47309,4
47310,15
47311,15
47312,6
47313,15
47314,15
47315,9
47316,5
47317,13
47318,14
47319,19
47320,4
47321,22
47322,4
47323,15
47324,13
47325,15
47326,11
47327,4
47328,19
47329,4
47330,13
47331,19
47332,4
47333,13
47334,13
47335,15
47336,18
47337,15
47338,4
47339,19
47340,5
47341,13
47342,4
47343,7
47344,15
47345,15
47346,15
47347,5
47348,15
47349,15
47350,18
47351,15
47352,15
47353,19
47354,19
47355,23
47356,15
47357,19
47358,19
47359,15
47360,15
47361,15
47362,4
47363,4
47364,19
47365,18
47366,15
47367,6
47368,22
47369,4
47370,19
47371,15
47372,15
47373,15
47374,15
47375,15
47376,5
47377,10
47378,23
47379,11
47380,23
47381,15
47382,13
47383,13
47384,19
47385,15
47386,4
47387,6
47388,4
47389,10
47390,13
47391,11
47392,19
47393,13
47394,22
47395,15
47396,4
47397,19
47398,19
47399,15
47400,15
47401,9
47402,10
47403,15
47404,4
47405,15
47406,15
47407,9
47408,19
47409,23
47410,4
47411,23
47412,18
47413,13
47414,18
47415,10
47416,15
47417,19
47418,4
47419,22
47420,15
47421,4
47422,19
47423,6
47424,22
47425,23
47426,15
47427,15
47428,13
47429,19
47430,4
47431,15
47432,15
47433,12
47434,2
47435,12
47436,23
47437,23
47438,13
47439,18
47440,19
47441,19
47442,4
47443,22
47444,13
47445,15
47446,14
47447,15
47448,16
47449,4
47450,4
47451,15
47452,19
47453,19
47454,15
47455,4
47456,15
47457,18
47458,2
47459,2
47460,16
47461,19
47462,15
47463,6
47464,15
47465,19
47466,10
47467,13
47468,15
47469,15
47470,15
47471,19
47472,19
47473,19
47474,15
47475,0
47476,15
47477,15
47478,15
47479,15
47480,6
47481,23
47482,18
47483,15
47484,10
47485,4
47486,15
47487,15
47488,4
47489,4
47490,15
47491,15
47492,19
47493,19
47494,19
47495,4
47496,19
47497,19
47498,4
47499,0
47500,0
47501,15
47502,15
47503,19
47504,4
47505,19
47506,13
47507,12
47508,15
47509,19
47510,22
47511,22
47512,22
47513,18
47514,4
47515,19
47516,18
47517,10
47518,19
47519,13
47520,15
47521,4
47522,19
47523,10
47524,13
47525,18
47526,13
47527,4
47528,19
47529,19
47530,22
47531,19
47532,22
47533,15
47534,19
47535,4
47536,4
47537,15
47538,13
47539,0
47540,12
47541,15
47542,4
47543,15
47544,22
47545,23
47546,4
47547,13
47548,19
47549,18
47550,4
47551,9
47552,15
47553,15
47554,13
47555,22
47556,4
47557,15
47558,15
47559,4
47560,15
47561,22
47562,15
47563,15
47564,19
47565,4
47566,4
47567,10
47568,15
47569,4
47570,19
47571,15
47572,19
47573,13
47574,19
47575,15
47576,5
47577,13
47578,15
47579,15
47580,13
47581,15
47582,15
47583,13
47584,15
47585,6
47586,15
47587,1
47588,15
47589,15
47590,11
47591,19
47592,10
47593,9
47594,15
47595,10
47596,1
47597,4
47598,22
47599,15
47600,4
47601,4
47602,15
47603,19
47604,13
47605,15
47606,18
47607,15
47608,15
47609,19
47610,9
47611,22
47612,22
47613,15
47614,10
47615,15
47616,19
47617,10
47618,19
47619,13
47620,19
47621,23
47622,4
47623,9
47624,15
47625,15
47626,22
47627,19
47628,19
47629,23
47630,22
47631,13
47632,19
47633,19
47634,4
47635,4
47636,4
47637,13
47638,13
47639,4
47640,22
47641,4
47642,9
47643,10
47644,22
47645,4
47646,11
47647,19
47648,19
47649,13
47650,13
47651,15
47652,15
47653,4
47654,19
47655,22
47656,19
47657,13
47658,15
47659,15
47660,10
47661,14
47662,15
47663,15
47664,13
47665,15
47666,15
47667,4
47668,19
47669,19
47670,19
47671,4
47672,4
47673,18
47674,18
47675,13
47676,19
47677,22
47678,4
47679,15
47680,15
47681,15
47682,15
47683,12
47684,16
47685,5
47686,4
47687,13
47688,13
47689,15
47690,23
47691,15
47692,19
47693,19
47694,15
47695,13
47696,4
47697,15
47698,13
47699,15
47700,16
47701,12
47702,19
47703,15
47704,4
47705,22
47706,19
47707,22
47708,15
47709,23
47710,4
47711,4
47712,11
47713,15
47714,15
47715,22
47716,4
47717,15
47718,19
47719,13
47720,15
47721,11
47722,15
47723,19
47724,15
47725,15
47726,15
47727,4
47728,4
47729,22
47730,12
47731,4
47732,15
47733,18
47734,15
47735,15
47736,15
47737,15
47738,19
47739,4
47740,4
47741,22
47742,6
47743,4
47744,13
47745,15
47746,15
47747,13
47748,15
47749,19
47750,4
47751,15
47752,4
47753,4
47754,9
47755,23
47756,16
47757,19
47758,19
47759,19
47760,19
47761,15
47762,15
47763,13
47764,23
47765,15
47766,6
47767,4
47768,18
47769,18
47770,23
47771,15
47772,23
47773,22
47774,12
47775,15
47776,22
47777,22
47778,13
47779,10
47780,22
47781,10
47782,13
47783,13
47784,19
47785,4
47786,22
47787,22
47788,2
47789,10
47790,15
47791,15
47792,15
47793,4
47794,15
47795,22
47796,15
47797,15
47798,22
47799,10
47800,15
47801,6
47802,23
47803,13
47804,19
47805,4
47806,23
47807,4
47808,15
47809,19
47810,15
47811,15
47812,22
47813,16
47814,4
47815,15
47816,23
47817,15
47818,19
47819,4
47820,15
47821,13
47822,22
47823,19
47824,15
47825,4
47826,4
47827,4
47828,5
47829,15
47830,13
47831,13
47832,4
47833,19
47834,19
47835,15
47836,19
47837,15
47838,4
47839,23
47840,15
47841,23
47842,22
47843,4
47844,4
47845,15
47846,15
47847,19
47848,19
47849,15
47850,4
47851,4
47852,19
47853,15
47854,19
47855,22
47856,15
47857,19
47858,19
47859,15
47860,23
47861,13
47862,13
47863,9
47864,19
47865,18
47866,15
47867,22
47868,13
47869,15
47870,4
47871,22
47872,19
47873,11
47874,19
47875,15
47876,2
47877,13
47878,15
47879,4
47880,19
47881,4
47882,4
47883,19
47884,15
47885,13
47886,4
47887,15
47888,19
47889,4
47890,12
47891,23
47892,4
47893,15
47894,4
47895,6
47896,4
47897,13
47898,15
47899,4
47900,15
47901,15
47902,10
47903,15
47904,4
47905,19
47906,15
47907,11
47908,15
47909,9
47910,15
47911,18
47912,19
47913,19
47914,5
47915,19
47916,4
47917,22
47918,11
47919,4
47920,15
47921,15
47922,15
47923,13
47924,4
47925,4
47926,15
47927,15
47928,4
47929,15
47930,19
47931,13
47932,10
47933,4
47934,4
47935,15
47936,19
47937,19
47938,4
47939,10
47940,16
47941,15
47942,4
47943,19
47944,15
47945,14
47946,19
47947,14
47948,19
47949,15
47950,14
47951,4
47952,4
47953,18
47954,4
47955,15
47956,19
47957,18
47958,4
47959,15
47960,13
47961,15
47962,4
47963,13
47964,4
47965,15
47966,15
47967,15
47968,2
47969,22
47970,4
47971,4
47972,19
47973,23
47974,4
47975,15
47976,13
47977,22
47978,22
47979,15
47980,19
47981,4
47982,15
47983,19
47984,23
47985,15
47986,19
47987,19
47988,15
47989,15
47990,19
47991,15
47992,15
47993,8
47994,23
47995,13
47996,15
47997,4
47998,10
47999,9
48000,19
48001,15
48002,4
48003,12
48004,23
48005,18
48006,15
48007,4
48008,15
48009,4
48010,19
48011,15
48012,15
48013,15
48014,15
48015,15
48016,4
48017,15
48018,15
48019,10
48020,22
48021,13
48022,15
48023,13
48024,13
48025,13
48026,15
48027,15
48028,18
48029,15
48030,19
48031,19
48032,4
48033,4
48034,15
48035,4
48036,19
48037,4
48038,19
48039,15
48040,4
48041,15
48042,15
48043,19
48044,10
48045,19
48046,19
48047,15
48048,15
48049,9
48050,19
48051,13
48052,13
48053,15
48054,10
48055,15
48056,15
48057,19
48058,18
48059,13
48060,18
48061,18
48062,15
48063,15
48064,18
48065,19
48066,23
48067,13
48068,15
48069,15
48070,15
48071,10
48072,18
48073,15
48074,15
48075,15
48076,19
48077,15
48078,15
48079,15
48080,12
48081,15
48082,4
48083,4
48084,13
48085,15
48086,15
48087,15
48088,4
48089,2
48090,13
48091,23
48092,10
48093,19
48094,4
48095,4
48096,15
48097,13
48098,4
48099,23
48100,10
48101,16
48102,15
48103,13
48104,18
48105,15
48106,4
48107,13
48108,19
48109,9
48110,9
48111,23
48112,22
48113,15
48114,15
48115,19
48116,15
48117,13
48118,19
48119,13
48120,15
48121,13
48122,15
48123,22
48124,19
48125,15
48126,13
48127,19
48128,10
48129,15
48130,23
48131,15
48132,22
48133,15
48134,18
48135,22
48136,15
48137,6
48138,4
48139,10
48140,22
48141,19
48142,19
48143,12
48144,4
48145,19
48146,13
48147,15
48148,19
48149,15
48150,13
48151,15
48152,15
48153,15
48154,15
48155,19
48156,13
48157,4
48158,19
48159,15
48160,15
48161,4
48162,15
48163,15
48164,4
48165,15
48166,4
48167,13
48168,22
48169,11
48170,22
48171,13
48172,10
48173,22
48174,22
48175,11
48176,19
48177,15
48178,19
48179,13
48180,4
48181,4
48182,15
48183,23
48184,4
48185,4
48186,15
48187,4
48188,15
48189,4
48190,22
48191,22
48192,15
48193,1
48194,15
48195,19
48196,10
48197,21
48198,4
48199,4
48200,10
48201,4
48202,15
48203,13
48204,19
48205,19
48206,15
48207,12
48208,15
48209,15
48210,15
48211,15
48212,13
48213,15
48214,5
48215,1
48216,13
48217,19
48218,9
48219,4
48220,11
48221,23
48222,15
48223,19
48224,4
48225,15
48226,4
48227,19
48228,13
48229,13
48230,22
48231,4
48232,15
48233,15
48234,18
48235,19
48236,13
48237,10
48238,19
48239,15
48240,19
48241,10
48242,4
48243,20
48244,4
48245,10
48246,22
48247,18
48248,15
48249,15
48250,4
48251,23
48252,4
48253,4
48254,19
48255,15
48256,4
48257,15
48258,15
48259,19
48260,12
48261,15
48262,15
48263,4
48264,4
48265,19
48266,23
48267,13
48268,13
48269,15
48270,22
48271,15
48272,22
48273,22
48274,10
48275,15
48276,4
48277,15
48278,15
48279,15
48280,19
48281,19
48282,13
48283,18
48284,15
48285,4
48286,19
48287,13
48288,19
48289,18
48290,13
48291,4
48292,15
48293,15
48294,19
48295,15
48296,15
48297,15
48298,15
48299,15
48300,12
48301,15
48302,15
48303,13
48304,19
48305,15
48306,13
48307,15
48308,13
48309,6
48310,9
48311,15
48312,4
48313,15
48314,15
48315,19
48316,17
48317,13
48318,4
48319,13
48320,4
48321,13
48322,15
48323,19
48324,19
48325,15
48326,15
48327,13
48328,18
48329,12
48330,4
48331,4
48332,4
48333,13
48334,15
48335,15
48336,13
48337,23
48338,19
48339,22
48340,6
48341,19
48342,18
48343,15
48344,15
48345,15
48346,19
48347,19
48348,15
48349,9
48350,12
48351,22
48352,4
48353,19
48354,13
48355,15
48356,15
48357,4
48358,15
48359,15
48360,13
48361,15
48362,22
48363,22
48364,4
48365,4
48366,4
48367,15
48368,18
48369,11
48370,9
48371,23
48372,13
48373,19
48374,15
48375,4
48376,13
48377,4
48378,4
48379,15
48380,13
48381,15
48382,19
48383,15
48384,19
48385,15
48386,18
48387,15
48388,15
48389,15
48390,14
48391,15
48392,19
48393,19
48394,22
48395,15
48396,16
48397,22
48398,19
48399,15
48400,15
48401,15
48402,19
48403,19
48404,18
48405,23
48406,15
48407,4
48408,15
48409,4
48410,19
48411,15
48412,4
48413,15
48414,15
48415,19
48416,15
48417,4
48418,4
48419,4
48420,19
48421,6
48422,19
48423,15
48424,19
48425,15
48426,23
48427,22
48428,4
48429,15
48430,15
48431,15
48432,19
48433,22
48434,15
48435,19
48436,18
48437,15
48438,15
48439,15
48440,15
48441,15
48442,15
48443,13
48444,4
48445,22
48446,4
48447,18
48448,13
48449,23
48450,10
48451,22
48452,15
48453,15
48454,22
48455,4
48456,19
48457,22
48458,4
48459,19
48460,15
48461,4
48462,4
48463,15
48464,23
48465,4
48466,19
48467,13
48468,15
48469,4
48470,19
48471,22
48472,19
48473,15
48474,4
48475,19
48476,18
48477,22
48478,12
48479,4
48480,5
48481,11
48482,22
48483,22
48484,15
48485,10
48486,13
48487,4
48488,15
48489,15
48490,4
48491,15
48492,15
48493,4
48494,10
48495,5
48496,19
48497,13
48498,4
48499,15
48500,4
48501,10
48502,14
48503,23
48504,19
48505,15
48506,13
48507,15
48508,10
48509,19
48510,15
48511,19
48512,19
48513,19
48514,23
48515,15
48516,11
48517,23
48518,13
48519,4
48520,15
48521,19
48522,5
48523,4
48524,19
48525,4
48526,19
48527,6
48528,15
48529,2
48530,18
48531,15
48532,4
48533,15
48534,15
48535,15
48536,10
48537,23
48538,15
48539,15
48540,18
48541,13
48542,23
48543,13
48544,13
48545,15
48546,15
48547,13
48548,4
48549,11
48550,15
48551,23
48552,19
48553,15
48554,19
48555,15
48556,4
48557,13
48558,15
48559,13
48560,15
48561,19
48562,4
48563,18
48564,4
48565,4
48566,4
48567,23
48568,19
48569,13
48570,4
48571,15
48572,4
48573,15
48574,13
48575,15
48576,15
48577,19
48578,0
48579,15
48580,15
48581,15
48582,15
48583,9
48584,22
48585,4
48586,19
48587,15
48588,4
48589,4
48590,15
48591,15
48592,4
48593,4
48594,19
48595,19
48596,19
48597,13
48598,15
48599,19
48600,15
48601,15
48602,13
48603,22
48604,18
48605,4
48606,19
48607,19
48608,15
48609,19
48610,13
48611,6
48612,4
48613,13
48614,19
48615,10
48616,15
48617,10
48618,13
48619,15
48620,6
48621,4
48622,10
48623,4
48624,15
48625,15
48626,15
48627,13
48628,4
48629,19
48630,9
48631,4
48632,15
48633,13
48634,4
48635,15
48636,4
48637,18
48638,23
48639,12
48640,14
48641,19
48642,4
48643,18
48644,15
48645,19
48646,13
48647,15
48648,15
48649,15
48650,19
48651,14
48652,19
48653,15
48654,22
48655,5
48656,13
48657,9
48658,15
48659,23
48660,13
48661,15
48662,18
48663,4
48664,13
48665,4
48666,15
48667,19
48668,4
48669,15
48670,10
48671,12
48672,23
48673,15
48674,15
48675,15
48676,15
48677,9
48678,5
48679,11
48680,4
48681,15
48682,19
48683,22
48684,13
48685,23
48686,18
48687,19
48688,19
48689,13
48690,10
48691,15
48692,15
48693,19
48694,19
48695,13
48696,15
48697,5
48698,15
48699,12
48700,4
48701,15
48702,4
48703,15
48704,15
48705,4
48706,15
48707,15
48708,15
48709,4
48710,15
48711,15
48712,19
48713,15
48714,4
48715,14
48716,6
48717,19
48718,4
48719,23
48720,19
48721,15
48722,4
48723,23
48724,4
48725,19
48726,22
48727,15
48728,13
48729,15
48730,19
48731,15
48732,15
48733,15
48734,19
48735,22
48736,4
48737,15
48738,13
48739,15
48740,15
48741,15
48742,15
48743,6
48744,15
48745,18
48746,4
48747,15
48748,15
48749,19
48750,15
48751,4
48752,19
48753,19
48754,4
48755,5
48756,15
48757,15
48758,10
48759,4
48760,15
48761,22
48762,6
48763,4
48764,13
48765,4
48766,13
48767,15
48768,19
48769,4
48770,15
48771,15
48772,15
48773,16
48774,22
48775,13
48776,15
48777,15
48778,19
48779,15
48780,4
48781,4
48782,4
48783,13
48784,4
48785,4
48786,13
48787,15
48788,15
48789,19
48790,19
48791,19
48792,22
48793,6
48794,15
48795,15
48796,15
48797,19
48798,19
48799,10
48800,15
48801,15
48802,15
48803,19
48804,15
48805,15
48806,15
48807,1
48808,15
48809,15
48810,15
48811,22
48812,4
48813,15
48814,6
48815,13
48816,15
48817,4
48818,13
48819,2
48820,13
48821,0
48822,15
48823,15
48824,12
48825,19
48826,15
48827,4
48828,23
48829,13
48830,15
48831,19
48832,4
48833,10
48834,19
48835,15
48836,15
48837,19
48838,4
48839,13
48840,15
48841,18
48842,19
48843,4
48844,19
48845,15
48846,4
48847,23
48848,15
48849,15
48850,4
48851,19
48852,15
48853,23
48854,19
48855,9
48856,15
48857,23
48858,11
48859,22
48860,15
48861,19
48862,15
48863,13
48864,19
48865,12
48866,15
48867,19
48868,15
48869,4
48870,4
48871,19
48872,15
48873,6
48874,23
48875,15
48876,15
48877,5
48878,13
48879,10
48880,19
48881,13
48882,13
48883,4
48884,4
48885,19
48886,18
48887,15
48888,23
48889,15
48890,15
48891,15
48892,15
48893,23
48894,2
48895,22
48896,0
48897,9
48898,22
48899,14
48900,23
48901,4
48902,19
48903,19
48904,22
48905,4
48906,15
48907,13
48908,10
48909,22
48910,11
48911,6
48912,22
48913,15
48914,19
48915,15
48916,13
48917,4
48918,13
48919,22
48920,9
48921,14
48922,23
48923,15
48924,10
48925,4
48926,14
48927,5
48928,15
48929,19
48930,15
48931,22
48932,15
48933,7
48934,4
48935,19
48936,15
48937,15
48938,15
48939,9
48940,4
48941,23
48942,9
48943,19
48944,15
48945,19
48946,13
48947,11
48948,13
48949,19
48950,4
48951,15
48952,19
48953,15
48954,5
48955,15
48956,15
48957,23
48958,15
48959,15
48960,19
48961,4
48962,15
48963,15
48964,19
48965,22
48966,15
48967,4
48968,13
48969,18
48970,22
48971,10
48972,19
48973,15
48974,13
48975,20
48976,15
48977,18
48978,15
48979,22
48980,13
48981,15
48982,14
48983,19
48984,13
48985,5
48986,13
48987,10
48988,15
48989,15
48990,23
48991,19
48992,13
48993,19
48994,4
48995,4
48996,13
48997,15
48998,13
48999,4
49000,22
49001,13
49002,15
49003,15
49004,4
49005,15
49006,13
49007,4
49008,18
49009,4
49010,10
49011,15
49012,6
49013,19
49014,15
49015,19
49016,4
49017,15
49018,15
49019,15
49020,22
49021,4
49022,19
49023,19
49024,19
49025,15
49026,4
49027,4
49028,15
49029,19
49030,15
49031,4
49032,15
49033,12
49034,15
49035,15
49036,4
49037,15
49038,19
49039,19
49040,22
49041,15
49042,4
49043,15
49044,15
49045,15
49046,15
49047,4
49048,13
49049,4
49050,15
49051,13
49052,15
49053,19
49054,4
49055,4
49056,15
49057,19
49058,15
49059,19
49060,13
49061,15
49062,15
49063,4
49064,15
49065,4
49066,4
49067,13
49068,18
49069,19
49070,19
49071,19
49072,19
49073,9
49074,15
49075,19
49076,15
49077,15
49078,13
49079,13
49080,19
49081,22
49082,18
49083,15
49084,19
49085,19
49086,4
49087,4
49088,23
49089,14
49090,4
49091,22
49092,15
49093,15
49094,4
49095,19
49096,15
49097,14
49098,19
49099,4
49100,4
49101,22
49102,13
49103,13
49104,19
49105,13
49106,23
49107,4
49108,4
49109,19
49110,15
49111,22
49112,4
49113,19
49114,19
49115,15
49116,4
49117,19
49118,15
49119,15
49120,19
49121,13
49122,15
49123,19
49124,14
49125,19
49126,22
49127,15
49128,15
49129,19
49130,22
49131,6
49132,15
49133,15
49134,15
49135,4
49136,16
49137,4
49138,4
49139,15
49140,15
49141,15
49142,16
49143,4
49144,19
49145,10
49146,15
49147,15
49148,15
49149,13
49150,4
49151,15
49152,15
49153,4
49154,15
49155,15
49156,5
49157,10
49158,9
49159,15
49160,4
49161,19
49162,19
49163,15
49164,9
49165,4
49166,15
49167,4
49168,22
49169,9
49170,23
49171,13
49172,4
49173,4
49174,13
49175,4
49176,4
49177,4
49178,10
49179,4
49180,1
49181,13
49182,13
49183,15
49184,19
49185,15
49186,4
49187,15
49188,15
49189,19
49190,18
49191,6
49192,10
49193,13
49194,4
49195,19
49196,19
49197,13
49198,15
49199,19
49200,15
49201,5
49202,15
49203,22
49204,15
49205,4
49206,5
49207,13
49208,22
49209,22
49210,6
49211,20
49212,9
49213,4
49214,6
49215,15
49216,12
49217,4
49218,15
49219,15
49220,15
49221,4
49222,4
49223,15
49224,22
49225,13
49226,15
49227,15
49228,15
49229,10
49230,22
49231,10
49232,15
49233,15
49234,22
49235,15
49236,19
49237,23
49238,18
49239,6
49240,19
49241,15
49242,9
49243,4
49244,19
49245,4
49246,4
49247,4
49248,15
49249,13
49250,22
49251,19
49252,4
49253,19
49254,4
49255,22
49256,19
49257,14
49258,15
49259,15
49260,15
49261,13
49262,10
49263,4
49264,22
49265,13
49266,19
49267,18
49268,15
49269,18
49270,4
49271,23
49272,18
49273,13
49274,19
49275,4
49276,15
49277,6
49278,22
49279,15
49280,22
49281,1
49282,15
49283,15
49284,19
49285,5
49286,15
49287,22
49288,19
49289,15
49290,15
49291,22
49292,15
49293,15
49294,15
49295,15
49296,15
49297,4
49298,11
49299,15
49300,19
49301,10
49302,4
49303,13
49304,4
49305,12
49306,15
49307,4
49308,23
49309,4
49310,4
49311,19
49312,19
49313,15
49314,15
49315,19
49316,15
49317,19
49318,10
49319,15
49320,6
49321,15
49322,15
49323,22
49324,15
49325,4
49326,15
49327,23
49328,13
49329,15
49330,4
49331,15
49332,14
49333,10
49334,18
49335,4
49336,4
49337,0
49338,9
49339,23
49340,15
49341,13
49342,15
49343,15
49344,10
49345,19
49346,22
49347,4
49348,19
49349,4
49350,18
49351,15
49352,15
49353,22
49354,4
49355,4
49356,4
49357,15
49358,15
49359,15
49360,4
49361,13
49362,4
49363,19
49364,13
49365,4
49366,13
49367,15
49368,18
49369,15
49370,13
49371,15
49372,22
49373,15
49374,11
49375,19
49376,15
49377,15
49378,15
49379,22
49380,19
49381,13
49382,15
49383,18
49384,22
49385,13
49386,15
49387,4
49388,13
49389,4
49390,4
49391,15
49392,4
49393,14
49394,2
49395,19
49396,19
49397,15
49398,9
49399,22
49400,15
49401,15
49402,15
49403,14
49404,19
49405,18
49406,19
49407,11
49408,4
49409,23
49410,15
49411,5
49412,15
49413,6
49414,15
49415,13
49416,15
49417,19
49418,5
49419,22
49420,15
49421,15
49422,12
49423,19
49424,19
49425,4
49426,15
49427,23
49428,15
49429,6
49430,13
49431,23
49432,10
49433,13
49434,15
49435,4
49436,22
49437,13
49438,18
49439,4
49440,4
49441,15
49442,15
49443,19
49444,15
49445,12
49446,13
49447,15
49448,15
49449,10
49450,15
49451,19
49452,15
49453,13
49454,23
49455,4
49456,19
49457,19
49458,19
49459,15
49460,4
49461,15
49462,15
49463,11
49464,15
49465,13
49466,10
49467,15
49468,4
49469,4
49470,4
49471,19
49472,19
49473,5
49474,13
49475,4
49476,4
49477,9
49478,4
49479,4
49480,15
49481,19
49482,15
49483,15
49484,19
49485,15
49486,13
49487,19
49488,10
49489,15
49490,10
49491,13
49492,10
49493,15
49494,18
49495,22
49496,22
49497,15
49498,15
49499,15
49500,19
49501,14
49502,15
49503,15
49504,22
49505,14
49506,4
49507,9
49508,19
49509,15
49510,19
49511,15
49512,4
49513,15
49514,15
49515,22
49516,15
49517,15
49518,18
49519,15
49520,19
49521,4
49522,16
49523,4
49524,15
49525,10
49526,15
49527,6
49528,15
49529,15
49530,15
49531,15
49532,15
49533,15
49534,10
49535,15
49536,15
49537,15
49538,13
49539,19
49540,9
49541,3
49542,4
49543,23
49544,15
49545,15
49546,19
49547,19
49548,15
49549,16
49550,0
49551,19
49552,23
49553,10
49554,15
49555,19
49556,22
49557,15
49558,15
49559,1
49560,15
49561,19
49562,2
49563,22
49564,4
49565,15
49566,4
49567,15
49568,15
49569,4
49570,15
49571,15
49572,15
49573,13
49574,13
49575,13
49576,14
49577,13
49578,4
49579,15
49580,15
49581,4
49582,13
49583,15
49584,4
49585,13
49586,13
49587,4
49588,15
49589,4
49590,15
49591,22
49592,13
49593,15
49594,15
49595,22
49596,19
49597,22
49598,23
49599,9
49600,4
49601,19
49602,4
49603,15
49604,10
49605,15
49606,13
49607,19
49608,13
49609,15
49610,15
49611,15
49612,4
49613,15
49614,23
49615,10
49616,4
49617,15
49618,15
49619,15
49620,19
49621,13
49622,19
49623,18
49624,15
49625,15
49626,15
49627,15
49628,19
49629,13
49630,4
49631,15
49632,15
49633,19
49634,4
49635,23
49636,22
49637,15
49638,11
49639,13
49640,19
49641,9
49642,4
49643,15
49644,4
49645,4
49646,4
49647,14
49648,4
49649,15
49650,15
49651,15
49652,15
49653,4
49654,15
49655,4
49656,13
49657,11
49658,19
49659,12
49660,22
49661,15
49662,12
49663,10
49664,4
49665,19
49666,19
49667,15
49668,22
49669,13
49670,19
49671,15
49672,15
49673,15
49674,13
49675,15
49676,23
49677,19
49678,4
49679,15
49680,15
49681,19
49682,4
49683,13
49684,15
49685,19
49686,1
49687,4
49688,15
49689,11
49690,15
49691,13
49692,4
49693,19
49694,22
49695,4
49696,19
49697,11
49698,15
49699,22
49700,15
49701,4
49702,4
49703,15
49704,15
49705,15
49706,22
49707,15
49708,15
49709,4
49710,15
49711,11
49712,6
49713,15
49714,19
49715,4
49716,1
49717,15
49718,4
49719,15
49720,22
49721,23
49722,4
49723,15
49724,18
49725,18
49726,19
49727,23
49728,19
49729,5
49730,15
49731,4
49732,10
49733,19
49734,22
49735,22
49736,15
49737,15
49738,15
49739,15
49740,4
49741,19
49742,14
49743,15
49744,15
49745,13
49746,13
49747,13
49748,23
49749,15
49750,19
49751,15
49752,15
49753,22
49754,4
49755,19
49756,4
49757,19
49758,11
49759,4
49760,15
49761,15
49762,15
49763,15
49764,15
49765,19
49766,15
49767,22
49768,15
49769,13
49770,22
49771,15
49772,15
49773,15
49774,4
49775,23
49776,15
49777,15
49778,4
49779,15
49780,15
49781,4
49782,4
49783,15
49784,15
49785,23
49786,4
49787,23
49788,15
49789,19
49790,15
49791,15
49792,12
49793,15
49794,19
49795,15
49796,15
49797,19
49798,15
49799,15
49800,15
49801,15
49802,4
49803,13
49804,23
49805,4
49806,4
49807,4
49808,4
49809,15
49810,15
49811,6
49812,13
49813,15
49814,4
49815,15
49816,22
49817,10
49818,12
49819,15
49820,10
49821,4
49822,10
49823,12
49824,10
49825,15
49826,19
49827,19
49828,15
49829,15
49830,15
49831,13
49832,4
49833,15
49834,4
49835,19
49836,15
49837,15
49838,15
49839,19
49840,15
49841,13
49842,14
49843,4
49844,22
49845,19
49846,19
49847,4
49848,18
49849,15
49850,4
49851,13
49852,13
49853,15
49854,2
49855,1
49856,23
49857,19
49858,19
49859,4
49860,4
49861,6
49862,4
49863,18
49864,15
49865,13
49866,13
49867,19
49868,4
49869,9
49870,15
49871,13
49872,9
49873,13
49874,13
49875,18
49876,9
49877,4
49878,15
49879,15
49880,18
49881,15
49882,19
49883,19
49884,15
49885,13
49886,15
49887,13
49888,18
49889,13
49890,15
49891,15
49892,1
49893,18
49894,10
49895,4
49896,15
49897,18
49898,9
49899,23
49900,19
49901,15
49902,23
49903,4
49904,13
49905,19
49906,19
49907,9
49908,4
49909,1
49910,15
49911,4
49912,23
49913,13
49914,19
49915,16
49916,4
49917,15
49918,2
49919,6
49920,18
49921,19
49922,15
49923,15
49924,10
49925,22
49926,19
49927,14
49928,10
49929,19
49930,4
49931,4
49932,19
49933,23
49934,23
49935,15
49936,4
49937,2
49938,4
49939,15
49940,19
49941,15
49942,19
49943,19
49944,23
49945,15
49946,15
49947,19
49948,19
49949,15
49950,11
49951,15
49952,15
49953,19
49954,15
49955,19
49956,4
49957,15
49958,15
49959,15
49960,4
49961,9
49962,4
49963,19
49964,15
49965,23
49966,15
49967,19
49968,15
49969,15
49970,4
49971,15
49972,4
49973,15
49974,19
49975,15
49976,15
49977,13
49978,19
49979,13
49980,15
49981,15
49982,15
49983,19
49984,5
49985,15
49986,19
49987,16
49988,19
49989,19
49990,19
49991,4
49992,15
49993,13
49994,12
49995,22
49996,15
49997,15
49998,13
49999,15
50000,15
50001,4
50002,19
50003,15
50004,19
50005,13
50006,19
50007,15
50008,15
50009,23
50010,15
50011,15
50012,4
50013,15
50014,15
50015,19
50016,19
50017,15
50018,19
50019,15
50020,19
50021,19
50022,4
50023,15
50024,15
50025,22
50026,19
50027,19
50028,22
50029,15
50030,4
50031,15
50032,4
50033,15
50034,19
50035,4
50036,13
50037,19
50038,15
50039,23
50040,13
50041,15
50042,14
50043,6
50044,19
50045,13
50046,15
50047,15
50048,13
50049,9
50050,15
50051,15
50052,15
50053,15
50054,19
50055,19
50056,4
50057,23
50058,15
50059,19
50060,11
50061,13
50062,4
50063,22
50064,4
50065,15
50066,4
50067,15
50068,4
50069,18
50070,15
50071,15
50072,19
50073,15
50074,15
50075,13
50076,13
50077,15
50078,13
50079,23
50080,4
50081,15
50082,13
50083,4
50084,15
50085,13
50086,13
50087,4
50088,15
50089,15
50090,19
50091,19
50092,23
50093,13
50094,19
50095,15
50096,15
50097,4
50098,15
50099,15
50100,15
50101,15
50102,19
50103,6
50104,4
50105,22
50106,13
50107,13
50108,4
50109,19
50110,16
50111,15
50112,22
50113,15
50114,5
50115,19
50116,18
50117,4
50118,4
50119,4
50120,4
50121,10
50122,13
50123,10
50124,22
50125,22
50126,10
50127,22
50128,19
50129,19
50130,4
50131,18
50132,22
50133,19
50134,15
50135,15
50136,4
50137,19
50138,15
50139,15
50140,18
50141,13
50142,1
50143,4
50144,15
50145,19
50146,4
50147,4
50148,15
50149,15
50150,13
50151,15
50152,13
50153,15
50154,4
50155,19
50156,15
50157,4
50158,6
50159,15
50160,10
50161,15
50162,15
50163,18
50164,15
50165,15
50166,13
50167,9
50168,13
50169,22
50170,15
50171,19
50172,4
50173,1
50174,15
50175,15
50176,22
50177,19
50178,12
50179,19
50180,15
50181,15
50182,13
50183,15
50184,16
50185,2
50186,22
50187,15
50188,15
50189,15
50190,23
50191,19
50192,15
50193,22
50194,15
50195,19
50196,22
50197,23
50198,1
50199,23
50200,15
50201,18
50202,23
50203,15
50204,19
50205,15
50206,15
50207,20
50208,19
50209,10
50210,9
50211,15
50212,15
50213,19
50214,22
50215,4
50216,22
50217,4
50218,15
50219,4
50220,12
50221,2
50222,15
50223,2
50224,13
50225,4
50226,14
50227,15
50228,13
50229,15
50230,15
50231,10
50232,15
50233,15
50234,10
50235,15
50236,4
50237,1
50238,15
50239,10
50240,15
50241,4
50242,13
50243,15
50244,4
50245,15
50246,4
50247,19
50248,15
50249,22
50250,15
50251,15
50252,19
50253,4
50254,13
50255,19
50256,22
50257,10
50258,4
50259,19
50260,4
50261,4
50262,19
50263,22
50264,22
50265,4
50266,15
50267,12
50268,10
50269,13
50270,6
50271,15
50272,15
50273,15
50274,4
50275,15
50276,15
50277,15
50278,15
50279,20
50280,9
50281,13
50282,1
50283,19
50284,11
50285,13
50286,18
50287,19
50288,10
50289,22
50290,4
50291,19
50292,22
50293,4
50294,15
50295,15
50296,15
50297,13
50298,19
50299,5
50300,13
50301,15
50302,22
50303,23
50304,15
50305,15
50306,15
50307,19
50308,4
50309,13
50310,15
50311,4
50312,15
50313,23
50314,22
50315,15
50316,4
50317,14
50318,15
50319,15
50320,15
50321,13
50322,18
50323,5
50324,4
50325,4
50326,19
50327,4
50328,15
50329,13
50330,15
50331,2
50332,13
50333,4
50334,6
50335,19
50336,15
50337,4
50338,15
50339,4
50340,13
50341,19
50342,19
50343,23
50344,1
50345,19
50346,4
50347,15
50348,23
50349,10
50350,4
50351,15
50352,4
50353,15
50354,15
50355,15
50356,15
50357,13
50358,22
50359,13
50360,19
50361,18
50362,10
50363,15
50364,15
50365,19
50366,15
50367,15
50368,4
50369,15
50370,23
50371,13
50372,15
50373,13
50374,22
50375,18
50376,10
50377,13
50378,15
50379,13
50380,18
50381,4
50382,15
50383,15
50384,19
50385,10
50386,15
50387,10
50388,15
50389,10
50390,15
50391,4
50392,15
50393,13
50394,15
50395,6
50396,15
50397,15
50398,4
50399,13
50400,22
50401,15
50402,4
50403,15
50404,13
50405,19
50406,15
50407,19
50408,15
50409,15
50410,19
50411,15
50412,15
50413,13
50414,13
50415,22
50416,15
50417,19
50418,5
50419,6
50420,19
50421,22
50422,6
50423,19
50424,4
50425,23
50426,12
50427,15
50428,19
50429,19
50430,15
50431,18
50432,19
50433,15
50434,15
50435,20
50436,23
50437,13
50438,15
50439,22
50440,15
50441,18
50442,4
50443,4
50444,19
50445,9
50446,13
50447,10
50448,4
50449,5
50450,22
50451,22
50452,15
50453,15
50454,19
50455,14
50456,19
50457,4
50458,15
50459,19
50460,4
50461,4
50462,15
50463,15
50464,19
50465,15
50466,4
50467,6
50468,4
50469,15
50470,4
50471,15
50472,19
50473,0
50474,15
50475,13
50476,15
50477,23
50478,2
50479,15
50480,4
50481,4
50482,19
50483,15
50484,10
50485,18
50486,15
50487,15
50488,4
50489,4
50490,5
50491,15
50492,4
50493,13
50494,17
50495,19
50496,18
50497,15
50498,15
50499,19
50500,19
50501,4
50502,11
50503,15
50504,15
50505,10
50506,19
50507,18
50508,6
50509,19
50510,19
50511,4
50512,15
50513,10
50514,4
50515,15
50516,4
50517,4
50518,18
50519,19
50520,5
50521,9
50522,22
50523,22
50524,10
50525,10
50526,22
50527,4
50528,15
50529,19
50530,19
50531,19
50532,13
50533,15
50534,18
50535,15
50536,13
50537,19
50538,15
50539,15
50540,15
50541,13
50542,9
50543,4
50544,1
50545,23
50546,4
50547,18
50548,4
50549,4
50550,6
50551,13
50552,15
50553,15
50554,23
50555,11
50556,15
50557,13
50558,15
50559,4
50560,23
50561,15
50562,4
50563,23
50564,19
50565,18
50566,15
50567,1
50568,4
50569,4
50570,15
50571,13
50572,15
50573,15
50574,4
50575,4
50576,23
50577,18
50578,15
50579,22
50580,19
50581,13
50582,4
50583,18
50584,15
50585,13
50586,13
50587,19
50588,4
50589,15
50590,15
50591,13
50592,15
50593,19
50594,15
50595,4
50596,5
50597,15
50598,15
50599,9
50600,23
50601,1
50602,15
50603,19
50604,6
50605,19
50606,4
50607,13
50608,15
50609,15
50610,4
50611,15
50612,14
50613,15
50614,22
50615,11
50616,15
50617,19
50618,10
50619,15
50620,6
50621,13
50622,18
50623,19
50624,15
50625,22
50626,5
50627,13
50628,13
50629,18
50630,4
50631,4
50632,6
50633,15
50634,4
50635,15
50636,15
50637,4
50638,9
50639,4
50640,15
50641,14
50642,23
50643,18
50644,13
50645,4
50646,15
50647,23
50648,4
50649,18
50650,19
50651,4
50652,4
50653,15
50654,22
50655,15
50656,19
50657,13
50658,19
50659,4
50660,19
50661,15
50662,4
50663,15
50664,4
50665,13
50666,15
50667,4
50668,9
50669,13
50670,4
50671,15
50672,4
50673,13
50674,15
50675,15
50676,15
50677,15
50678,15
50679,19
50680,15
50681,10
50682,22
50683,13
50684,12
50685,22
50686,10
50687,15
50688,19
50689,10
50690,16
50691,15
50692,15
50693,15
50694,15
50695,22
50696,14
50697,18
50698,13
50699,15
50700,19
50701,13
50702,13
50703,15
50704,19
50705,18
50706,15
50707,10
50708,15
50709,15
50710,15
50711,22
50712,11
50713,15
50714,5
50715,0
50716,4
50717,10
50718,15
50719,23
50720,22
50721,10
50722,4
50723,15
50724,18
50725,15
50726,4
50727,4
50728,22
50729,13
50730,4
50731,19
50732,4
50733,19
50734,19
50735,15
50736,4
50737,15
50738,19
50739,4
50740,11
50741,4
50742,19
50743,15
50744,15
50745,3
50746,13
50747,19
50748,15
50749,19
50750,15
50751,4
50752,11
50753,10
50754,19
50755,19
50756,15
50757,4
50758,15
50759,15
50760,4
50761,15
50762,22
50763,13
50764,23
50765,15
50766,15
50767,13
50768,18
50769,13
50770,15
50771,0
50772,2
50773,10
50774,19
50775,22
50776,15
50777,13
50778,19
50779,15
50780,13
50781,5
50782,15
50783,22
50784,4
50785,13
50786,4
50787,19
50788,0
50789,15
50790,15
50791,13
50792,19
50793,15
50794,22
50795,15
50796,15
50797,22
50798,22
50799,13
50800,13
50801,23
50802,23
50803,13
50804,13
50805,22
50806,15
50807,10
50808,19
50809,15
50810,13
50811,15
50812,19
50813,15
50814,4
50815,18
50816,15
50817,19
50818,15
50819,13
50820,22
50821,13
50822,4
50823,19
50824,15
50825,4
50826,15
50827,19
50828,15
50829,4
50830,2
50831,15
50832,4
50833,4
50834,12
50835,19
50836,15
50837,19
50838,19
50839,4
50840,15
50841,18
50842,13
50843,15
50844,19
50845,15
50846,22
50847,15
50848,15
50849,12
50850,15
50851,15
50852,2
50853,4
50854,12
50855,19
50856,15
50857,13
50858,15
50859,15
50860,19
50861,13
50862,4
50863,15
50864,15
50865,15
50866,19
50867,6
50868,19
50869,4
50870,15
50871,4
50872,18
50873,19
50874,15
50875,15
50876,4
50877,9
50878,16
50879,15
50880,16
50881,15
50882,22
50883,15
50884,15
50885,13
50886,19
50887,19
50888,19
50889,23
50890,22
50891,10
50892,15
50893,15
50894,4
50895,15
50896,15
50897,14
50898,15
50899,15
50900,22
50901,19
50902,18
50903,4
50904,19
50905,18
50906,19
50907,19
50908,19
50909,2
50910,13
50911,15
50912,4
50913,19
50914,15
50915,15
50916,5
50917,4
50918,10
50919,15
50920,15
50921,19
50922,15
50923,4
50924,0
50925,13
50926,13
50927,19
50928,19
50929,15
50930,13
50931,23
50932,13
50933,19
50934,15
50935,15
50936,15
50937,4
50938,19
50939,15
50940,4
50941,22
50942,13
50943,15
50944,15
50945,4
50946,10
50947,15
50948,15
50949,15
50950,19
50951,4
50952,15
50953,23
50954,19
50955,10
50956,23
50957,19
50958,15
50959,18
50960,4
50961,13
50962,16
50963,4
50964,4
50965,22
50966,15
50967,15
50968,19
50969,22
50970,4
50971,13
50972,4
50973,15
50974,12
50975,4
50976,15
50977,13
50978,2
50979,14
50980,4
50981,15
50982,15
50983,23
50984,15
50985,15
50986,4
50987,4
50988,4
50989,19
50990,15
50991,13
50992,15
50993,5
50994,15
50995,19
50996,23
50997,15
50998,19
50999,15
51000,19
51001,15
51002,15
51003,4
51004,9
51005,13
51006,19
51007,23
51008,19
51009,15
51010,4
51011,19
51012,19
51013,13
51014,19
51015,13
51016,19
51017,13
51018,15
51019,15
51020,4
51021,13
51022,22
51023,15
51024,15
51025,4
51026,23
51027,4
51028,22
51029,4
51030,15
51031,15
51032,4
51033,10
51034,18
51035,15
51036,15
51037,4
51038,13
51039,19
51040,23
51041,10
51042,13
51043,5
51044,15
51045,13
51046,19
51047,4
51048,15
51049,19
51050,22
51051,19
51052,4
51053,19
51054,1
51055,10
51056,15
51057,23
51058,15
51059,15
51060,23
51061,6
51062,12
51063,18
51064,10
51065,15
51066,22
51067,4
51068,13
51069,6
51070,10
51071,19
51072,19
51073,4
51074,15
51075,19
51076,15
51077,4
51078,22
51079,23
51080,15
51081,15
51082,13
51083,22
51084,2
51085,4
51086,22
51087,13
51088,13
51089,19
51090,15
51091,4
51092,22
51093,13
51094,15
51095,15
51096,19
51097,15
51098,5
51099,15
51100,4
51101,4
51102,15
51103,6
51104,15
51105,19
51106,10
51107,19
51108,18
51109,4
51110,15
51111,4
51112,19
51113,19
51114,12
51115,19
51116,13
51117,4
51118,14
51119,13
51120,12
51121,19
51122,19
51123,13
51124,15
51125,4
51126,4
51127,15
51128,15
51129,13
51130,22
51131,6
51132,4
51133,15
51134,13
51135,13
51136,15
51137,22
51138,11
51139,10
51140,15
51141,19
51142,15
51143,15
51144,15
51145,15
51146,13
51147,15
51148,15
51149,19
51150,15
51151,22
51152,19
51153,13
51154,13
51155,15
51156,4
51157,15
51158,15
51159,4
51160,15
51161,13
51162,18
51163,15
51164,22
51165,13
51166,6
51167,13
51168,15
51169,14
51170,15
51171,15
51172,15
51173,4
51174,22
51175,15
51176,23
51177,13
51178,4
51179,5
51180,15
51181,15
51182,23
51183,13
51184,19
51185,15
51186,10
51187,4
51188,4
51189,4
51190,15
51191,13
51192,13
51193,18
51194,12
51195,14
51196,4
51197,15
51198,15
51199,19
51200,4
51201,19
51202,1
51203,10
51204,19
51205,13
51206,13
51207,19
51208,22
51209,15
51210,15
51211,19
51212,15
51213,22
51214,15
51215,15
51216,4
51217,19
51218,19
51219,15
51220,15
51221,15
51222,4
51223,23
51224,22
51225,15
51226,4
51227,4
51228,15
51229,13
51230,4
51231,15
51232,4
51233,15
51234,15
51235,18
51236,23
51237,4
51238,12
51239,15
51240,4
51241,6
51242,19
51243,18
51244,19
51245,13
51246,4
51247,0
51248,15
51249,22
51250,22
51251,15
51252,19
51253,15
51254,19
51255,19
51256,19
51257,15
51258,22
51259,10
51260,13
51261,4
51262,15
51263,15
51264,19
51265,15
51266,13
51267,13
51268,15
51269,13
51270,22
51271,19
51272,18
51273,19
51274,23
51275,4
51276,15
51277,15
51278,15
51279,15
51280,14
51281,4
51282,4
51283,15
51284,9
51285,15
51286,13
51287,15
51288,15
51289,15
51290,19
51291,23
51292,16
51293,10
51294,15
51295,15
51296,0
51297,15
51298,19
51299,22
51300,13
51301,19
51302,15
51303,15
51304,13
51305,5
51306,10
51307,16
51308,4
51309,15
51310,4
51311,4
51312,15
51313,4
51314,10
51315,19
51316,13
51317,4
51318,19
51319,15
51320,4
51321,22
51322,12
51323,3
51324,12
51325,9
51326,15
51327,19
51328,15
51329,16
51330,19
51331,19
51332,15
51333,4
51334,4
51335,19
51336,15
51337,4
51338,15
51339,4
51340,15
51341,19
51342,13
51343,15
51344,15
51345,13
51346,4
51347,19
51348,4
51349,13
51350,15
51351,15
51352,15
51353,15
51354,4
51355,15
51356,5
51357,19
51358,10
51359,4
51360,15
51361,22
51362,23
51363,13
51364,9
51365,16
51366,19
51367,19
51368,19
51369,9
51370,15
51371,22
51372,4
51373,15
51374,4
51375,10
51376,15
51377,4
51378,1
51379,19
51380,4
51381,19
51382,4
51383,12
51384,22
51385,15
51386,19
51387,15
51388,4
51389,19
51390,15
51391,15
51392,15
51393,22
51394,10
51395,15
51396,4
51397,19
51398,19
51399,19
51400,4
51401,15
51402,11
51403,23
51404,12
51405,19
51406,19
51407,15
51408,10
51409,19
51410,6
51411,10
51412,13
51413,22
51414,4
51415,4
51416,19
51417,11
51418,18
51419,19
51420,4
51421,15
51422,4
51423,22
51424,19
51425,22
51426,22
51427,15
51428,1
51429,15
51430,19
51431,19
51432,13
51433,19
51434,13
51435,13
51436,15
51437,15
51438,19
51439,4
51440,23
51441,14
51442,15
51443,15
51444,15
51445,6
51446,15
51447,15
51448,4
51449,4
51450,15
51451,10
51452,22
51453,13
51454,4
51455,19
51456,15
51457,4
51458,14
51459,19
51460,19
51461,15
51462,9
51463,13
51464,15
51465,22
51466,4
51467,4
51468,15
51469,22
51470,5
51471,15
51472,15
51473,15
51474,4
51475,4
51476,18
51477,15
51478,15
51479,16
51480,13
51481,9
51482,22
51483,19
51484,16
51485,22
51486,15
51487,5
51488,12
51489,18
51490,4
51491,19
51492,10
51493,22
51494,19
51495,15
51496,4
51497,15
51498,19
51499,23
51500,15
51501,4
51502,10
51503,15
51504,10
51505,15
51506,4
51507,4
51508,18
51509,15
51510,9
51511,13
51512,15
51513,4
51514,4
51515,4
51516,23
51517,22
51518,19
51519,5
51520,15
51521,11
51522,10
51523,15
51524,4
51525,15
51526,15
51527,4
51528,2
51529,15
51530,15
51531,15
51532,10
51533,4
51534,15
51535,11
51536,19
51537,13
51538,19
51539,15
51540,5
51541,19
51542,15
51543,23
51544,4
51545,19
51546,1
51547,4
51548,22
51549,19
51550,15
51551,19
51552,10
51553,18
51554,15
51555,15
51556,11
51557,19
51558,15
51559,15
51560,22
51561,5
51562,4
51563,15
51564,19
51565,4
51566,6
51567,19
51568,19
51569,4
51570,15
51571,15
51572,15
51573,23
51574,15
51575,4
51576,19
51577,6
51578,9
51579,19
51580,10
51581,4
51582,13
51583,4
51584,15
51585,15
51586,4
51587,13
51588,15
51589,4
51590,15
51591,15
51592,15
51593,2
51594,4
51595,19
51596,15
51597,15
51598,19
51599,13
51600,10
51601,19
51602,2
51603,15
51604,19
51605,15
51606,15
51607,15
51608,19
51609,15
51610,4
51611,19
51612,15
51613,13
51614,19
51615,18
51616,15
51617,9
51618,13
51619,19
51620,15
51621,15
51622,19
51623,1
51624,15
51625,15
51626,6
51627,13
51628,15
51629,13
51630,13
51631,15
51632,23
51633,15
51634,15
51635,4
51636,23
51637,15
51638,4
51639,19
51640,22
51641,22
51642,11
51643,19
51644,15
51645,4
51646,18
51647,19
51648,4
51649,12
51650,15
51651,15
51652,15
51653,13
51654,13
51655,15
51656,4
51657,19
51658,4
51659,4
51660,18
51661,4
51662,22
51663,14
51664,15
51665,15
51666,15
51667,4
51668,22
51669,13
51670,1
51671,1
51672,15
51673,15
51674,15
51675,15
51676,13
51677,19
51678,13
51679,13
51680,19
51681,5
51682,15
51683,15
51684,4
51685,10
51686,13
51687,0
51688,23
51689,13
51690,5
51691,5
51692,15
51693,4
51694,19
51695,15
51696,22
51697,15
51698,15
51699,19
51700,15
51701,19
51702,5
51703,13
51704,4
51705,4
51706,13
51707,19
51708,15
51709,15
51710,6
51711,15
51712,15
51713,22
51714,13
51715,18
51716,19
51717,22
51718,18
51719,13
51720,4
51721,18
51722,13
51723,19
51724,15
51725,13
51726,4
51727,4
51728,4
51729,15
51730,23
51731,13
51732,15
51733,15
51734,4
51735,19
51736,15
51737,15
51738,15
51739,18
51740,14
51741,4
51742,15
51743,15
51744,22
51745,15
51746,15
51747,15
51748,9
51749,15
51750,15
51751,15
51752,4
51753,19
51754,23
51755,19
51756,10
51757,15
51758,4
51759,22
51760,6
51761,15
51762,4
51763,13
51764,6
51765,19
51766,15
51767,11
51768,9
51769,1
51770,23
51771,4
51772,19
51773,15
51774,15
51775,4
51776,19
51777,15
51778,15
51779,18
51780,19
51781,15
51782,19
51783,15
51784,22
51785,23
51786,4
51787,15
51788,22
51789,13
51790,15
51791,4
51792,15
51793,19
51794,14
51795,15
51796,4
51797,15
51798,4
51799,15
51800,15
51801,4
51802,15
51803,22
51804,15
51805,19
51806,15
51807,15
51808,23
51809,15
51810,19
51811,19
51812,18
51813,5
51814,15
51815,19
51816,15
51817,14
51818,4
51819,15
51820,19
51821,4
51822,22
51823,23
51824,19
51825,10
51826,15
51827,13
51828,15
51829,13
51830,15
51831,15
51832,12
51833,15
51834,4
51835,4
51836,4
51837,19
51838,15
51839,4
51840,19
51841,10
51842,15
51843,6
51844,15
51845,23
51846,10
51847,4
51848,4
51849,13
51850,15
51851,13
51852,19
51853,15
51854,15
51855,22
51856,15
51857,18
51858,19
51859,22
51860,23
51861,15
51862,4
51863,19
51864,22
51865,19
51866,4
51867,18
51868,15
51869,15
51870,15
51871,15
51872,15
51873,15
51874,23
51875,15
51876,18
51877,18
51878,15
51879,4
51880,15
51881,1
51882,15
51883,15
51884,1
51885,4
51886,13
51887,13
51888,1
51889,4
51890,11
51891,19
51892,18
51893,15
51894,15
51895,11
51896,15
51897,15
51898,4
51899,15
51900,4
51901,19
51902,19
51903,13
51904,15
51905,1
51906,15
51907,15
51908,2
51909,4
51910,11
51911,19
51912,19
51913,18
51914,0
51915,19
51916,12
51917,13
51918,15
51919,19
51920,5
51921,13
51922,19
51923,19
51924,15
51925,23
51926,10
51927,15
51928,19
51929,15
51930,15
51931,4
51932,4
51933,18
51934,13
51935,4
51936,11
51937,23
51938,22
51939,4
51940,15
51941,15
51942,15
51943,15
51944,9
51945,22
51946,23
51947,22
51948,23
51949,22
51950,22
51951,13
51952,19
51953,1
51954,4
51955,18
51956,4
51957,4
51958,19
51959,4
51960,15
51961,19
51962,15
51963,19
51964,19
51965,4
51966,15
51967,19
51968,15
51969,23
51970,4
51971,15
51972,22
51973,13
51974,4
51975,6
51976,11
51977,13
51978,15
51979,19
51980,4
51981,18
51982,4
51983,15
51984,19
51985,13
51986,9
51987,15
51988,19
51989,15
51990,15
51991,5
51992,4
51993,10
51994,15
51995,15
51996,22
51997,15
51998,19
51999,15
52000,4
52001,4
52002,15
52003,19
52004,15
52005,4
52006,15
52007,15
52008,19
52009,4
52010,15
52011,15
52012,15
52013,19
52014,13
52015,23
52016,14
52017,13
52018,6
52019,4
52020,15
52021,15
52022,11
52023,15
52024,15
52025,0
52026,22
52027,4
52028,15
52029,19
52030,10
52031,15
52032,4
52033,15
52034,15
52035,9
52036,19
52037,13
52038,19
52039,0
52040,6
52041,18
52042,4
52043,19
52044,19
52045,22
52046,4
52047,15
52048,15
52049,6
52050,4
52051,15
52052,15
52053,15
52054,13
52055,22
52056,22
52057,13
52058,15
52059,4
52060,19
52061,13
52062,15
52063,15
52064,4
52065,15
52066,15
52067,10
52068,19
52069,15
52070,4
52071,14
52072,4
52073,13
52074,4
52075,15
52076,19
52077,23
52078,4
52079,15
52080,19
52081,22
52082,15
52083,15
52084,19
52085,15
52086,13
52087,15
52088,4
52089,4
52090,19
52091,15
52092,15
52093,15
52094,15
52095,14
52096,15
52097,4
52098,19
52099,15
52100,19
52101,4
52102,19
52103,15
52104,22
52105,4
52106,4
52107,15
52108,4
52109,4
52110,23
52111,15
52112,4
52113,19
52114,4
52115,12
52116,9
52117,14
52118,4
52119,9
52120,4
52121,23
52122,9
52123,22
52124,15
52125,19
52126,22
52127,4
52128,15
52129,15
52130,19
52131,22
52132,18
52133,15
52134,16
52135,4
52136,19
52137,13
52138,15
52139,15
52140,4
52141,19
52142,4
52143,19
52144,10
52145,19
52146,19
52147,13
52148,15
52149,19
52150,4
52151,22
52152,23
52153,4
52154,16
52155,15
52156,15
52157,15
52158,4
52159,19
52160,13
52161,10
52162,15
52163,19
52164,6
52165,13
52166,22
52167,12
52168,19
52169,22
52170,4
52171,19
52172,13
52173,4
52174,22
52175,4
52176,14
52177,19
52178,19
52179,22
52180,4
52181,4
52182,18
52183,4
52184,10
52185,10
52186,1
52187,15
52188,13
52189,22
52190,15
52191,10
52192,22
52193,13
52194,15
52195,19
52196,13
52197,19
52198,19
52199,22
52200,18
52201,10
52202,4
52203,23
52204,13
52205,19
52206,15
52207,16
52208,18
52209,15
52210,23
52211,19
52212,12
52213,4
52214,15
52215,15
52216,15
52217,13
52218,15
52219,5
52220,19
52221,19
52222,19
52223,15
52224,15
52225,10
52226,15
52227,22
52228,15
52229,15
52230,22
52231,4
52232,6
52233,15
52234,4
52235,19
52236,15
52237,15
52238,15
52239,15
52240,15
52241,15
52242,15
52243,4
52244,15
52245,15
52246,4
52247,19
52248,13
52249,13
52250,4
52251,15
52252,15
52253,4
52254,15
52255,22
52256,19
52257,15
52258,15
52259,22
52260,23
52261,19
52262,15
52263,15
52264,5
52265,22
52266,13
52267,15
52268,15
52269,15
52270,0
52271,22
52272,15
52273,15
52274,5
52275,15
52276,18
52277,15
52278,19
52279,19
52280,4
52281,19
52282,15
52283,14
52284,5
52285,4
52286,22
52287,4
52288,4
52289,16
52290,23
52291,15
52292,13
52293,23
52294,15
52295,15
52296,2
52297,15
52298,4
52299,15
52300,4
52301,15
52302,13
52303,15
52304,15
52305,18
52306,15
52307,15
52308,15
52309,4
52310,15
52311,3
52312,15
52313,22
52314,19
52315,19
52316,6
52317,22
52318,15
52319,15
52320,13
52321,13
52322,15
52323,13
52324,23
52325,15
52326,4
52327,19
52328,15
52329,4
52330,19
52331,19
52332,19
52333,13
52334,15
52335,19
52336,6
52337,5
52338,4
52339,15
52340,19
52341,15
52342,15
52343,15
52344,15
52345,15
52346,19
52347,15
52348,15
52349,4
52350,15
52351,15
52352,19
52353,15
52354,4
52355,23
52356,4
52357,22
52358,15
52359,4
52360,13
52361,4
52362,15
52363,15
52364,19
52365,13
52366,18
52367,13
52368,19
52369,10
52370,13
52371,19
52372,15
52373,4
52374,15
52375,15
52376,15
52377,15
52378,19
52379,13
52380,13
52381,15
52382,10
52383,15
52384,19
52385,10
52386,6
52387,15
52388,4
52389,4
52390,15
52391,15
52392,15
52393,4
52394,22
52395,22
52396,15
52397,19
52398,22
52399,22
52400,4
52401,22
52402,15
52403,4
52404,15
52405,13
52406,10
52407,15
52408,19
52409,13
52410,15
52411,15
52412,15
52413,19
52414,4
52415,19
52416,4
52417,13
52418,4
52419,19
52420,15
52421,19
52422,14
52423,13
52424,15
52425,19
52426,19
52427,13
52428,19
52429,4
52430,23
52431,4
52432,15
52433,4
52434,15
52435,18
52436,15
52437,15
52438,4
52439,18
52440,15
52441,15
52442,5
52443,15
52444,13
52445,11
52446,4
52447,4
52448,18
52449,15
52450,4
52451,22
52452,6
52453,23
52454,19
52455,15
52456,15
52457,4
52458,15
52459,13
52460,13
52461,4
52462,4
52463,4
52464,19
52465,20
52466,6
52467,6
52468,15
52469,10
52470,15
52471,15
52472,5
52473,23
52474,10
52475,15
52476,15
52477,4
52478,15
52479,13
52480,18
52481,15
52482,13
52483,4
52484,0
52485,19
52486,15
52487,23
52488,2
52489,4
52490,19
52491,6
52492,4
52493,19
52494,18
52495,22
52496,19
52497,15
52498,22
52499,19
52500,15
52501,4
52502,19
52503,15
52504,19
52505,15
52506,22
52507,19
52508,23
52509,13
52510,15
52511,15
52512,13
52513,15
52514,22
52515,16
52516,15
52517,19
52518,22
52519,15
52520,18
52521,14
52522,22
52523,13
52524,4
52525,2
52526,19
52527,4
52528,15
52529,15
52530,15
52531,13
52532,23
52533,11
52534,12
52535,15
52536,23
52537,15
52538,15
52539,23
52540,4
52541,15
52542,11
52543,15
52544,4
52545,15
52546,19
52547,19
52548,10
52549,6
52550,15
52551,23
52552,19
52553,18
52554,22
52555,13
52556,15
52557,23
52558,4
52559,23
52560,15
52561,15
52562,13
52563,4
52564,15
52565,19
52566,15
52567,19
52568,18
52569,2
52570,15
52571,23
52572,4
52573,15
52574,19
52575,15
52576,13
52577,18
52578,15
52579,15
52580,6
52581,9
52582,18
52583,9
52584,19
52585,22
52586,19
52587,13
52588,23
52589,15
52590,16
52591,14
52592,15
52593,22
52594,18
52595,15
52596,15
52597,4
52598,4
52599,13
52600,15
52601,15
52602,15
52603,4
52604,19
52605,4
52606,4
52607,4
52608,15
52609,4
52610,4
52611,19
52612,19
52613,15
52614,15
52615,19
52616,10
52617,15
52618,15
52619,19
52620,4
52621,5
52622,15
52623,13
52624,15
52625,15
52626,13
52627,19
52628,22
52629,19
52630,13
52631,19
52632,15
52633,4
52634,22
52635,10
52636,4
52637,19
52638,6
52639,19
52640,4
52641,15
52642,13
52643,22
52644,10
52645,9
52646,4
52647,11
52648,4
52649,4
52650,15
52651,4
52652,10
52653,22
52654,13
52655,4
52656,23
52657,9
52658,15
52659,15
52660,15
52661,15
52662,15
52663,15
52664,4
52665,15
52666,4
52667,19
52668,19
52669,23
52670,23
52671,10
52672,4
52673,15
52674,4
52675,10
52676,15
52677,4
52678,15
52679,4
52680,13
52681,13
52682,4
52683,10
52684,4
52685,22
52686,9
52687,15
52688,15
52689,19
52690,13
52691,19
52692,5
52693,11
52694,15
52695,15
52696,15
52697,13
52698,7
52699,19
52700,5
52701,10
52702,15
52703,12
52704,13
52705,15
52706,4
52707,13
52708,4
52709,15
52710,13
52711,6
52712,15
52713,18
52714,15
52715,4
52716,15
52717,4
52718,4
52719,18
52720,15
52721,18
52722,15
52723,15
52724,13
52725,15
52726,23
52727,19
52728,13
52729,10
52730,15
52731,15
52732,23
52733,22
52734,4
52735,11
52736,13
52737,22
52738,19
52739,19
52740,19
52741,4
52742,4
52743,22
52744,15
52745,2
52746,4
52747,4
52748,19
52749,23
52750,4
52751,4
52752,19
52753,22
52754,15
52755,5
52756,13
52757,22
52758,19
52759,19
52760,4
52761,13
52762,22
52763,23
52764,19
52765,15
52766,15
52767,14
52768,13
52769,13
52770,4
52771,15
52772,15
52773,13
52774,4
52775,15
52776,0
52777,15
52778,4
52779,15
52780,11
52781,15
52782,15
52783,15
52784,4
52785,15
52786,4
52787,15
52788,15
52789,23
52790,13
52791,15
52792,23
52793,15
52794,15
52795,15
52796,22
52797,22
52798,13
52799,13
52800,9
52801,13
52802,4
52803,15
52804,13
52805,22
52806,15
52807,4
52808,19
52809,6
52810,15
52811,4
52812,15
52813,22
52814,12
52815,6
52816,23
52817,15
52818,15
52819,15
52820,15
52821,19
52822,15
52823,15
52824,4
52825,14
52826,23
52827,4
52828,19
52829,6
52830,10
52831,15
52832,4
52833,19
52834,22
52835,15
52836,19
52837,15
52838,15
52839,4
52840,13
52841,4
52842,15
52843,4
52844,23
52845,19
52846,15
52847,15
52848,13
52849,19
52850,4
52851,15
52852,16
52853,19
52854,19
52855,19
52856,15
52857,13
52858,22
52859,15
52860,15
52861,15
52862,4
52863,4
52864,4
52865,15
52866,15
52867,19
52868,19
52869,15
52870,19
52871,19
52872,19
52873,6
52874,10
52875,22
52876,19
52877,4
52878,23
52879,4
52880,11
52881,19
52882,13
52883,13
52884,23
52885,19
52886,4
52887,2
52888,22
52889,15
52890,10
52891,15
52892,19
52893,15
52894,13
52895,15
52896,0
52897,1
52898,19
52899,15
52900,15
52901,15
52902,15
52903,19
52904,15
52905,4
52906,23
52907,19
52908,19
52909,23
52910,4
52911,15
52912,15
52913,15
52914,18
52915,15
52916,19
52917,19
52918,15
52919,4
52920,15
52921,23
52922,9
52923,1
52924,13
52925,4
52926,6
52927,4
52928,23
52929,23
52930,9
52931,4
52932,19
52933,13
52934,13
52935,15
52936,13
52937,19
52938,12
52939,15
52940,15
52941,15
52942,6
52943,15
52944,15
52945,13
52946,15
52947,15
52948,13
52949,23
52950,22
52951,15
52952,4
52953,18
52954,6
52955,1
52956,15
52957,15
52958,19
52959,15
52960,23
52961,19
52962,15
52963,15
52964,19
52965,5
52966,19
52967,1
52968,11
52969,22
52970,19
52971,15
52972,15
52973,12
52974,15
52975,4
52976,19
52977,4
52978,19
52979,13
52980,15
52981,1
52982,13
52983,15
52984,23
52985,22
52986,4
52987,13
52988,4
52989,19
52990,10
52991,10
52992,15
52993,4
52994,18
52995,4
52996,13
52997,22
52998,15
52999,15
53000,15
53001,23
53002,9
53003,19
53004,15
53005,23
53006,15
53007,4
53008,19
53009,22
53010,18
53011,23
53012,4
53013,19
53014,14
53015,15
53016,4
53017,23
53018,15
53019,17
53020,19
53021,15
53022,4
53023,9
53024,15
53025,15
53026,15
53027,19
53028,22
53029,1
53030,14
53031,15
53032,15
53033,22
53034,14
53035,19
53036,19
53037,19
53038,15
53039,15
53040,4
53041,23
53042,15
53043,4
53044,4
53045,1
53046,4
53047,10
53048,4
53049,15
53050,23
53051,5
53052,13
53053,9
53054,13
53055,4
53056,4
53057,4
53058,4
53059,13
53060,22
53061,19
53062,23
53063,15
53064,19
53065,4
53066,9
53067,15
53068,22
53069,4
53070,15
53071,16
53072,4
53073,9
53074,4
53075,22
53076,14
53077,15
53078,22
53079,19
53080,4
53081,4
53082,4
53083,13
53084,15
53085,19
53086,10
53087,6
53088,4
53089,15
53090,4
53091,14
53092,15
53093,18
53094,23
53095,13
53096,15
53097,4
53098,18
53099,15
53100,15
53101,18
53102,15
53103,18
53104,19
53105,15
53106,15
53107,2
53108,13
53109,22
53110,13
53111,19
53112,19
53113,19
53114,22
53115,15
53116,11
53117,13
53118,23
53119,22
53120,9
53121,6
53122,19
53123,19
53124,13
53125,19
53126,4
53127,15
53128,15
53129,17
53130,6
53131,4
53132,19
53133,4
53134,4
53135,15
53136,15
53137,19
53138,15
53139,4
53140,15
53141,15
53142,15
53143,4
53144,23
53145,15
53146,4
53147,15
53148,19
53149,22
53150,19
53151,7
53152,15
53153,22
53154,15
53155,4
53156,3
53157,10
53158,18
53159,15
53160,2
53161,15
53162,15
53163,15
53164,22
53165,19
53166,5
53167,15
53168,4
53169,13
53170,4
53171,22
53172,15
53173,4
53174,19
53175,22
53176,13
53177,13
53178,19
53179,4
53180,4
53181,9
53182,15
53183,15
53184,12
53185,15
53186,15
53187,10
53188,15
53189,15
53190,4
53191,15
53192,4
53193,15
53194,15
53195,15
53196,15
53197,4
53198,13
53199,19
53200,22
53201,8
53202,15
53203,15
53204,19
53205,16
53206,22
53207,0
53208,19
53209,4
53210,15
53211,19
53212,4
53213,15
53214,1
53215,22
53216,15
53217,18
53218,9
53219,12
53220,6
53221,19
53222,15
53223,4
53224,14
53225,15
53226,15
53227,13
53228,5
53229,15
53230,4
53231,13
53232,15
53233,13
53234,11
53235,19
53236,19
53237,22
53238,15
53239,4
53240,15
53241,19
53242,22
53243,15
53244,15
53245,15
53246,13
53247,15
53248,13
53249,19
53250,4
53251,13
53252,22
53253,15
53254,13
53255,6
53256,13
53257,4
53258,10
53259,9
53260,15
53261,1
53262,15
53263,13
53264,14
53265,22
53266,13
53267,15
53268,13
53269,13
53270,4
53271,15
53272,4
53273,15
53274,19
53275,15
53276,14
53277,4
53278,0
53279,4
53280,4
53281,19
53282,22
53283,15
53284,22
53285,15
53286,4
53287,22
53288,4
53289,15
53290,12
53291,23
53292,19
53293,4
53294,10
53295,14
53296,19
53297,13
53298,15
53299,15
53300,15
53301,5
53302,4
53303,19
53304,15
53305,4
53306,13
53307,15
53308,4
53309,4
53310,15
53311,4
53312,4
53313,19
53314,19
53315,19
53316,15
53317,23
53318,15
53319,22
53320,4
53321,22
53322,23
53323,4
53324,19
53325,15
53326,15
53327,15
53328,13
53329,4
53330,19
53331,4
53332,19
53333,22
53334,19
53335,15
53336,22
53337,13
53338,15
53339,4
53340,11
53341,15
53342,4
53343,15
53344,15
53345,13
53346,13
53347,18
53348,19
53349,12
53350,15
53351,4
53352,15
53353,19
53354,4
53355,4
53356,15
53357,15
53358,19
53359,13
53360,4
53361,19
53362,15
53363,19
53364,19
53365,15
53366,22
53367,19
53368,9
53369,15
53370,15
53371,9
53372,4
53373,4
53374,15
53375,2
53376,13
53377,15
53378,15
53379,15
53380,15
53381,22
53382,15
53383,18
53384,13
53385,15
53386,15
53387,13
53388,16
53389,22
53390,4
53391,11
53392,19
53393,15
53394,1
53395,15
53396,4
53397,19
53398,19
53399,19
53400,15
53401,19
53402,5
53403,18
53404,13
53405,15
53406,15
53407,15
53408,19
53409,4
53410,13
53411,14
53412,4
53413,6
53414,18
53415,4
53416,15
53417,10
53418,15
53419,13
53420,13
53421,15
53422,15
53423,15
53424,18
53425,4
53426,15
53427,4
53428,4
53429,4
53430,1
53431,9
53432,13
53433,22
53434,13
53435,19
53436,15
53437,13
53438,10
53439,1
53440,23
53441,10
53442,19
53443,15
53444,6
53445,22
53446,4
53447,2
53448,15
53449,19
53450,19
53451,1
53452,23
53453,15
53454,23
53455,10
53456,10
53457,15
53458,4
53459,13
53460,4
53461,22
53462,13
53463,15
53464,15
53465,6
53466,15
53467,19
53468,15
53469,15
53470,6
53471,15
53472,15
53473,11
53474,23
53475,4
53476,22
53477,0
53478,15
53479,22
53480,18
53481,15
53482,15
53483,4
53484,22
53485,15
53486,18
53487,13
53488,3
53489,4
53490,4
53491,19
53492,19
53493,19
53494,23
53495,15
53496,15
53497,15
53498,19
53499,15
53500,22
53501,13
53502,15
53503,4
53504,13
53505,15
53506,14
53507,4
53508,19
53509,15
53510,4
53511,22
53512,5
53513,15
53514,15
53515,15
53516,19
53517,22
53518,11
53519,19
53520,15
53521,22
53522,13
53523,6
53524,4
53525,10
53526,15
53527,15
53528,6
53529,15
53530,15
53531,11
53532,15
53533,4
53534,22
53535,15
53536,10
53537,19
53538,15
53539,22
53540,15
53541,15
53542,15
53543,15
53544,10
53545,15
53546,15
53547,4
53548,15
53549,22
53550,22
53551,11
53552,4
53553,19
53554,10
53555,15
53556,4
53557,13
53558,22
53559,4
53560,19
53561,4
53562,8
53563,10
53564,13
53565,19
53566,4
53567,23
53568,9
53569,22
53570,19
53571,19
53572,13
53573,15
53574,19
53575,23
53576,18
53577,19
53578,10
53579,19
53580,13
53581,23
53582,15
53583,13
53584,15
53585,13
53586,18
53587,15
53588,15
53589,15
53590,15
53591,19
53592,4
53593,15
53594,4
53595,4
53596,4
53597,4
53598,13
53599,15
53600,15
53601,15
53602,13
53603,10
53604,18
53605,15
53606,15
53607,15
53608,4
53609,19
53610,22
53611,15
53612,14
53613,10
53614,23
53615,18
53616,22
53617,15
53618,13
53619,4
53620,13
53621,18
53622,15
53623,13
53624,4
53625,19
53626,4
53627,4
53628,23
53629,22
53630,15
53631,4
53632,19
53633,15
53634,13
53635,15
53636,13
53637,22
53638,9
53639,4
53640,19
53641,19
53642,15
53643,14
53644,15
53645,23
53646,23
53647,15
53648,15
53649,16
53650,15
53651,13
53652,10
53653,15
53654,13
53655,13
53656,4
53657,13
53658,13
53659,4
53660,4
53661,13
53662,19
53663,4
53664,22
53665,9
53666,22
53667,19
53668,4
53669,11
53670,15
53671,18
53672,4
53673,2
53674,13
53675,19
53676,15
53677,19
53678,15
53679,13
53680,4
53681,18
53682,13
53683,13
53684,19
53685,10
53686,14
53687,5
53688,15
53689,13
53690,15
53691,14
53692,4
53693,4
53694,15
53695,4
53696,15
53697,19
53698,19
53699,4
53700,15
53701,16
53702,13
53703,15
53704,4
53705,15
53706,15
53707,19
53708,19
53709,19
53710,19
53711,1
53712,15
53713,15
53714,19
53715,19
53716,11
53717,19
53718,18
53719,13
53720,4
53721,4
53722,22
53723,4
53724,9
53725,19
53726,15
53727,4
53728,15
53729,15
53730,15
53731,15
53732,15
53733,19
53734,15
53735,19
53736,4
53737,19
53738,15
53739,15
53740,9
53741,15
53742,19
53743,10
53744,13
53745,6
53746,15
53747,18
53748,15
53749,19
53750,13
53751,13
53752,6
53753,18
53754,19
53755,11
53756,15
53757,4
53758,22
53759,19
53760,13
53761,22
53762,15
53763,15
53764,15
53765,15
53766,10
53767,15
53768,13
53769,19
53770,19
53771,10
53772,15
53773,18
53774,23
53775,4
53776,12
53777,19
53778,15
53779,15
53780,6
53781,4
53782,10
53783,10
53784,15
53785,10
53786,19
53787,13
53788,18
53789,15
53790,15
53791,15
53792,4
53793,9
53794,15
53795,13
53796,22
53797,15
53798,19
53799,4
53800,23
53801,15
53802,11
53803,19
53804,22
53805,4
53806,13
53807,22
53808,15
53809,4
53810,22
53811,10
53812,4
53813,15
53814,1
53815,15
53816,15
53817,15
53818,19
53819,22
53820,19
53821,11
53822,10
53823,22
53824,19
53825,12
53826,15
53827,22
53828,15
53829,15
53830,23
53831,22
53832,15
53833,23
53834,19
53835,4
53836,22
53837,5
53838,19
53839,4
53840,4
53841,15
53842,15
53843,19
53844,13
53845,4
53846,4
53847,15
53848,4
53849,15
53850,19
53851,15
53852,15
53853,19
53854,15
53855,15
53856,23
53857,4
53858,19
53859,15
53860,4
53861,10
53862,10
53863,19
53864,4
53865,22
53866,4
53867,13
53868,19
53869,10
53870,15
53871,16
53872,18
53873,15
53874,15
53875,22
53876,15
53877,14
53878,13
53879,10
53880,14
53881,4
53882,15
53883,19
53884,11
53885,22
53886,4
53887,15
53888,4
53889,19
53890,19
53891,19
53892,9
53893,13
53894,19
53895,19
53896,15
53897,15
53898,13
53899,19
53900,15
53901,15
53902,15
53903,4
53904,15
53905,22
53906,12
53907,13
53908,23
53909,9
53910,13
53911,4
53912,23
53913,4
53914,6
53915,15
53916,15
53917,19
53918,19
53919,15
53920,15
53921,19
53922,13
53923,13
53924,19
53925,19
53926,15
53927,18
53928,15
53929,19
53930,22
53931,4
53932,11
53933,13
53934,13
53935,23
53936,15
53937,15
53938,19
53939,19
53940,15
53941,15
53942,4
53943,4
53944,19
53945,18
53946,0
53947,19
53948,12
53949,15
53950,4
53951,19
53952,19
53953,13
53954,15
53955,4
53956,15
53957,9
53958,19
53959,18
53960,9
53961,19
53962,4
53963,19
53964,4
53965,15
53966,18
53967,19
53968,19
53969,19
53970,19
53971,4
53972,13
53973,9
53974,23
53975,15
53976,4
53977,6
53978,4
53979,6
53980,19
53981,15
53982,9
53983,4
53984,4
53985,23
53986,22
53987,4
53988,6
53989,15
53990,15
53991,13
53992,4
53993,19
53994,15
53995,22
53996,15
53997,13
53998,19
53999,4
54000,15
54001,19
54002,13
54003,15
54004,13
54005,22
54006,15
54007,10
54008,10
54009,10
54010,22
54011,15
54012,11
54013,19
54014,15
54015,15
54016,10
54017,1
54018,13
54019,22
54020,22
54021,13
54022,10
54023,18
54024,15
54025,15
54026,22
54027,18
54028,15
54029,15
54030,4
54031,6
54032,4
54033,19
54034,15
54035,4
54036,13
54037,4
54038,15
54039,15
54040,19
54041,13
54042,15
54043,10
54044,4
54045,15
54046,23
54047,4
54048,4
54049,8
54050,19
54051,15
54052,15
54053,22
54054,15
54055,4
54056,15
54057,4
54058,22
54059,10
54060,19
54061,4
54062,18
54063,22
54064,19
54065,10
54066,19
54067,15
54068,15
54069,15
54070,15
54071,13
54072,15
54073,4
54074,15
54075,4
54076,4
54077,4
54078,22
54079,2
54080,15
54081,19
54082,0
54083,13
54084,13
54085,15
54086,15
54087,15
54088,19
54089,15
54090,15
54091,4
54092,19
54093,15
54094,15
54095,18
54096,4
54097,4
54098,22
54099,4
54100,22
54101,15
54102,4
54103,13
54104,13
54105,19
54106,15
54107,19
54108,13
54109,9
54110,15
54111,13
54112,23
54113,15
54114,15
54115,4
54116,5
54117,19
54118,22
54119,19
54120,4
54121,15
54122,22
54123,22
54124,15
54125,23
54126,19
54127,15
54128,13
54129,4
54130,4
54131,23
54132,15
54133,4
54134,4
54135,15
54136,15
54137,23
54138,19
54139,13
54140,18
54141,9
54142,15
54143,13
54144,15
54145,19
54146,15
54147,13
54148,15
54149,19
54150,15
54151,19
54152,22
54153,23
54154,19
54155,15
54156,13
54157,15
54158,15
54159,2
54160,19
54161,19
54162,23
54163,5
54164,22
54165,15
54166,15
54167,4
54168,14
54169,23
54170,15
54171,4
54172,22
54173,15
54174,15
54175,4
54176,15
54177,15
54178,10
54179,4
54180,15
54181,19
54182,15
54183,15
54184,2
54185,13
54186,6
54187,13
54188,4
54189,15
54190,15
54191,13
54192,19
54193,15
54194,4
54195,4
54196,12
54197,19
54198,10
54199,15
54200,15
54201,22
54202,15
54203,15
54204,19
54205,18
54206,15
54207,15
54208,15
54209,4
54210,19
54211,4
54212,15
54213,6
54214,15
54215,15
54216,19
54217,13
54218,4
54219,4
54220,4
54221,23
54222,4
54223,13
54224,15
54225,23
54226,13
54227,23
54228,15
54229,15
54230,22
54231,15
54232,15
54233,4
54234,22
54235,13
54236,15
54237,4
54238,19
54239,4
54240,15
54241,23
54242,4
54243,13
54244,15
54245,22
54246,23
54247,15
54248,13
54249,18
54250,19
54251,18
54252,15
54253,22
54254,15
54255,15
54256,4
54257,15
54258,15
54259,23
54260,13
54261,4
54262,13
54263,15
54264,11
54265,4
54266,4
54267,4
54268,22
54269,15
54270,19
54271,15
54272,22
54273,15
54274,15
54275,10
54276,19
54277,13
54278,10
54279,19
54280,19
54281,19
54282,13
54283,4
54284,10
54285,2
54286,4
54287,18
54288,19
54289,11
54290,19
54291,0
54292,15
54293,19
54294,15
54295,15
54296,5
54297,11
54298,18
54299,13
54300,15
54301,12
54302,4
54303,9
54304,19
54305,19
54306,19
54307,1
54308,15
54309,15
54310,15
54311,23
54312,4
54313,19
54314,19
54315,4
54316,9
54317,15
54318,15
54319,19
54320,4
54321,18
54322,23
54323,15
54324,19
54325,18
54326,22
54327,4
54328,10
54329,11
54330,15
54331,23
54332,13
54333,11
54334,15
54335,19
54336,15
54337,23
54338,15
54339,4
54340,6
54341,19
54342,18
54343,4
54344,4
54345,9
54346,19
54347,14
54348,4
54349,4
54350,13
54351,13
54352,10
54353,15
54354,13
54355,15
54356,4
54357,15
54358,15
54359,6
54360,9
54361,15
54362,15
54363,4
54364,19
54365,15
54366,15
54367,19
54368,15
54369,15
54370,4
54371,13
54372,4
54373,4
54374,4
54375,4
54376,4
54377,12
54378,19
54379,19
54380,19
54381,15
54382,13
54383,15
54384,15
54385,15
54386,13
54387,15
54388,19
54389,15
54390,15
54391,22
54392,9
54393,4
54394,15
54395,15
54396,19
54397,9
54398,19
54399,11
54400,13
54401,15
54402,14
54403,13
54404,19
54405,19
54406,19
54407,23
54408,13
54409,9
54410,22
54411,22
54412,10
54413,4
54414,19
54415,4
54416,15
54417,11
54418,15
54419,18
54420,15
54421,15
54422,22
54423,15
54424,19
54425,23
54426,19
54427,22
54428,4
54429,15
54430,22
54431,15
54432,22
54433,22
54434,23
54435,4
54436,15
54437,15
54438,4
54439,16
54440,18
54441,4
54442,18
54443,15
54444,15
54445,9
54446,19
54447,22
54448,4
54449,15
54450,13
54451,15
54452,19
54453,13
54454,13
54455,4
54456,15
54457,19
54458,4
54459,4
54460,4
54461,15
54462,4
54463,19
54464,22
54465,4
54466,19
54467,4
54468,4
54469,15
54470,15
54471,15
54472,10
54473,15
54474,15
54475,15
54476,15
54477,4
54478,10
54479,18
54480,19
54481,15
54482,13
54483,4
54484,15
54485,15
54486,15
54487,15
54488,10
54489,19
54490,15
54491,19
54492,0
54493,19
54494,15
54495,13
54496,15
54497,15
54498,13
54499,15
54500,15
54501,0
54502,19
54503,15
54504,23
54505,4
54506,15
54507,15
54508,13
54509,15
54510,4
54511,23
54512,4
54513,15
54514,4
54515,19
54516,4
54517,15
54518,15
54519,15
54520,15
54521,13
54522,4
54523,15
54524,15
54525,19
54526,13
54527,15
54528,15
54529,22
54530,19
54531,13
54532,15
54533,18
54534,13
54535,15
54536,19
54537,13
54538,15
54539,19
54540,23
54541,4
54542,13
54543,19
54544,13
54545,15
54546,4
54547,22
54548,13
54549,9
54550,15
54551,19
54552,22
54553,22
54554,4
54555,13
54556,15
54557,13
54558,13
54559,15
54560,4
54561,19
54562,23
54563,2
54564,4
54565,13
54566,13
54567,22
54568,15
54569,19
54570,22
54571,4
54572,4
54573,15
54574,14
54575,4
54576,15
54577,15
54578,15
54579,19
54580,10
54581,19
54582,1
54583,9
54584,19
54585,22
54586,15
54587,13
54588,4
54589,1
54590,6
54591,13
54592,15
54593,15
54594,19
54595,15
54596,23
54597,13
54598,22
54599,15
54600,12
54601,15
54602,4
54603,13
54604,15
54605,18
54606,4
54607,4
54608,4
54609,15
54610,15
54611,19
54612,15
54613,13
54614,15
54615,4
54616,19
54617,15
54618,5
54619,4
54620,15
54621,19
54622,13
54623,13
54624,19
54625,15
54626,16
54627,15
54628,4
54629,15
54630,16
54631,19
54632,15
54633,15
54634,15
54635,19
54636,13
54637,5
54638,15
54639,12
54640,22
54641,19
54642,19
54643,15
54644,13
54645,15
54646,15
54647,15
54648,15
54649,18
54650,19
54651,4
54652,19
54653,19
54654,13
54655,9
54656,15
54657,19
54658,15
54659,18
54660,12
54661,4
54662,6
54663,15
54664,19
54665,10
54666,22
54667,13
54668,23
54669,4
54670,19
54671,15
54672,2
54673,19
54674,19
54675,22
54676,23
54677,4
54678,15
54679,15
54680,15
54681,19
54682,15
54683,4
54684,23
54685,22
54686,10
54687,5
54688,19
54689,18
54690,15
54691,15
54692,4
54693,15
54694,22
54695,10
54696,22
54697,19
54698,10
54699,19
54700,22
54701,10
54702,13
54703,4
54704,10
54705,16
54706,15
54707,15
54708,15
54709,15
54710,15
54711,4
54712,19
54713,15
54714,15
54715,15
54716,4
54717,19
54718,4
54719,12
54720,19
54721,4
54722,18
54723,19
54724,13
54725,15
54726,19
54727,15
54728,15
54729,12
54730,4
54731,15
54732,13
54733,10
54734,15
54735,4
54736,22
54737,1
54738,22
54739,15
54740,15
54741,19
54742,15
54743,13
54744,19
54745,4
54746,23
54747,15
54748,18
54749,19
54750,15
54751,4
54752,4
54753,4
54754,15
54755,15
54756,13
54757,22
54758,15
54759,19
54760,14
54761,5
54762,13
54763,13
54764,15
54765,13
54766,19
54767,19
54768,0
54769,1
54770,13
54771,19
54772,19
54773,13
54774,15
54775,13
54776,15
54777,19
54778,19
54779,10
54780,11
54781,19
54782,19
54783,15
54784,14
54785,5
54786,4
54787,15
54788,22
54789,19
54790,0
54791,23
54792,19
54793,15
54794,4
54795,19
54796,15
54797,13
54798,13
54799,4
54800,4
54801,13
54802,4
54803,18
54804,15
54805,19
54806,15
54807,22
54808,22
54809,19
54810,19
54811,15
54812,15
54813,15
54814,15
54815,15
54816,6
54817,15
54818,4
54819,6
54820,13
54821,18
54822,13
54823,15
54824,4
54825,9
54826,4
54827,15
54828,4
54829,15
54830,15
54831,4
54832,4
54833,5
54834,20
54835,15
54836,13
54837,4
54838,4
54839,15
54840,4
54841,13
54842,15
54843,4
54844,15
54845,5
54846,13
54847,23
54848,18
54849,4
54850,1
54851,13
54852,15
54853,19
54854,13
54855,4
54856,4
54857,4
54858,10
54859,5
54860,19
54861,19
54862,18
54863,18
54864,13
54865,19
54866,4
54867,13
54868,15
54869,15
54870,19
54871,16
54872,23
54873,22
54874,13
54875,13
54876,0
54877,19
54878,22
54879,22
54880,15
54881,19
54882,19
54883,9
54884,13
54885,4
54886,15
54887,11
54888,15
54889,9
54890,4
54891,13
54892,19
54893,4
54894,19
54895,22
54896,15
54897,16
54898,15
54899,4
54900,15
54901,15
54902,19
54903,4
54904,15
54905,4
54906,15
54907,4
54908,4
54909,15
54910,15
54911,13
54912,19
54913,13
54914,12
54915,23
54916,4
54917,13
54918,15
54919,19
54920,22
54921,4
54922,15
54923,19
54924,15
54925,19
54926,22
54927,13
54928,19
54929,6
54930,15
54931,4
54932,19
54933,13
54934,15
54935,15
54936,12
54937,15
54938,15
54939,18
54940,11
54941,19
54942,13
54943,5
54944,15
54945,22
54946,13
54947,15
54948,18
54949,10
54950,15
54951,19
54952,15
54953,10
54954,4
54955,15
54956,13
54957,19
54958,4
54959,22
54960,19
54961,19
54962,15
54963,22
54964,13
54965,13
54966,19
54967,15
54968,15
54969,2
54970,15
54971,22
54972,19
54973,15
54974,15
54975,6
54976,13
54977,4
54978,13
54979,15
54980,6
54981,5
54982,19
54983,4
54984,19
54985,22
54986,23
54987,13
54988,13
54989,19
54990,15
54991,19
54992,15
54993,15
54994,18
54995,13
54996,4
54997,11
54998,19
54999,15
55000,15
55001,4
55002,13
55003,23
55004,23
55005,4
55006,13
55007,23
55008,18
55009,19
55010,15
55011,15
55012,15
55013,15
55014,22
55015,4
55016,15
55017,18
55018,1
55019,15
55020,4
55021,6
55022,15
55023,23
55024,15
55025,15
55026,15
55027,4
55028,15
55029,4
55030,19
55031,19
55032,12
55033,23
55034,4
55035,23
55036,4
55037,19
55038,18
55039,15
55040,4
55041,13
55042,15
55043,4
55044,15
55045,22
55046,15
55047,4
55048,22
55049,15
55050,19
55051,4
55052,19
55053,4
55054,15
55055,22
55056,19
55057,4
55058,19
55059,23
55060,19
55061,4
55062,4
55063,4
55064,4
55065,18
55066,15
55067,13
55068,22
55069,19
55070,19
55071,13
55072,15
55073,13
55074,19
55075,15
55076,23
55077,15
55078,4
55079,12
55080,15
55081,4
55082,19
55083,15
55084,22
55085,15
55086,22
55087,13
55088,22
55089,12
55090,15
55091,4
55092,1
55093,12
55094,4
55095,13
55096,13
55097,4
55098,4
55099,15
55100,15
55101,2
55102,15
55103,15
55104,22
55105,9
55106,15
55107,15
55108,15
55109,15
55110,19
55111,19
55112,15
55113,15
55114,5
55115,4
55116,4
55117,19
55118,22
55119,23
55120,4
55121,18
55122,4
55123,19
55124,22
55125,15
55126,19
55127,23
55128,23
55129,15
55130,15
55131,23
55132,15
55133,13
55134,19
55135,4
55136,10
55137,4
55138,19
55139,5
55140,19
55141,13
55142,15
55143,4
55144,19
55145,15
55146,19
55147,4
55148,19
55149,19
55150,15
55151,15
55152,10
55153,1
55154,15
55155,18
55156,19
55157,13
55158,15
55159,19
55160,13
55161,4
55162,19
55163,18
55164,15
55165,4
55166,15
55167,19
55168,15
55169,13
55170,22
55171,15
55172,18
55173,15
55174,4
55175,13
55176,4
55177,15
55178,22
55179,19
55180,15
55181,1
55182,13
55183,12
55184,15
55185,4
55186,19
55187,15
55188,15
55189,19
55190,22
55191,18
55192,15
55193,15
55194,12
55195,22
55196,13
55197,19
55198,22
55199,1
55200,15
55201,4
55202,15
55203,4
55204,19
55205,10
55206,13
55207,15
55208,9
55209,4
55210,15
55211,13
55212,19
55213,19
55214,13
55215,4
55216,9
55217,22
55218,15
55219,5
55220,4
55221,15
55222,15
55223,6
55224,4
55225,13
55226,15
55227,15
55228,19
55229,13
55230,15
55231,10
55232,19
55233,2
55234,22
55235,13
55236,15
55237,4
55238,15
55239,4
55240,23
55241,13
55242,13
55243,4
55244,22
55245,6
55246,1
55247,19
55248,4
55249,15
55250,4
55251,15
55252,13
55253,22
55254,15
55255,4
55256,15
55257,4
55258,6
55259,4
55260,19
55261,13
55262,10
55263,15
55264,23
55265,19
55266,15
55267,19
55268,19
55269,4
55270,15
55271,9
55272,15
55273,19
55274,15
55275,15
55276,4
55277,15
55278,15
55279,15
55280,19
55281,15
55282,19
55283,10
55284,4
55285,15
55286,19
55287,15
55288,4
55289,15
55290,15
55291,19
55292,15
55293,19
55294,11
55295,23
55296,15
55297,6
55298,19
55299,5
55300,15
55301,4
55302,15
55303,13
55304,9
55305,9
55306,15
55307,15
55308,15
55309,6
55310,4
55311,15
55312,13
55313,22
55314,13
55315,4
55316,19
55317,22
55318,15
55319,15
55320,23
55321,13
55322,15
55323,19
55324,23
55325,22
55326,15
55327,13
55328,22
55329,15
55330,15
55331,9
55332,19
55333,15
55334,15
55335,22
55336,19
55337,15
55338,4
55339,6
55340,15
55341,13
55342,15
55343,15
55344,15
55345,4
55346,13
55347,15
55348,4
55349,11
55350,19
55351,15
55352,4
55353,13
55354,15
55355,4
55356,1
55357,4
55358,4
55359,4
55360,6
55361,4
55362,4
55363,2
55364,15
55365,15
55366,15
55367,10
55368,13
55369,4
55370,15
55371,19
55372,22
55373,10
55374,19
55375,15
55376,15
55377,2
55378,13
55379,15
55380,5
55381,9
55382,4
55383,2
55384,22
55385,4
55386,15
55387,19
55388,15
55389,13
55390,15
55391,4
55392,13
55393,15
55394,15
55395,23
55396,15
55397,15
55398,22
55399,23
55400,22
55401,19
55402,19
55403,19
55404,15
55405,4
55406,4
55407,19
55408,15
55409,4
55410,13
55411,15
55412,4
55413,15
55414,15
55415,4
55416,9
55417,15
55418,15
55419,19
55420,15
55421,13
55422,19
55423,2
55424,19
55425,19
55426,19
55427,15
55428,15
55429,0
55430,15
55431,4
55432,15
55433,15
55434,9
55435,23
55436,15
55437,15
55438,15
55439,15
55440,15
55441,13
55442,18
55443,22
55444,13
55445,15
55446,14
55447,10
55448,4
55449,18
55450,6
55451,15
55452,11
55453,15
55454,19
55455,22
55456,13
55457,15
55458,22
55459,22
55460,4
55461,6
55462,15
55463,22
55464,23
55465,19
55466,15
55467,4
55468,19
55469,4
55470,13
55471,15
55472,15
55473,10
55474,9
55475,15
55476,18
55477,15
55478,4
55479,15
55480,4
55481,19
55482,10
55483,15
55484,19
55485,19
55486,4
55487,4
55488,19
55489,19
55490,23
55491,23
55492,18
55493,19
55494,15
55495,13
55496,15
55497,10
55498,13
55499,15
55500,1
55501,4
55502,11
55503,4
55504,13
55505,15
55506,15
55507,15
55508,15
55509,19
55510,15
55511,19
55512,13
55513,15
55514,13
55515,19
55516,15
55517,6
55518,13
55519,13
55520,19
55521,18
55522,15
55523,4
55524,23
55525,6
55526,19
55527,4
55528,4
55529,15
55530,22
55531,4
55532,4
55533,15
55534,19
55535,15
55536,15
55537,19
55538,9
55539,13
55540,15
55541,13
55542,23
55543,15
55544,23
55545,13
55546,4
55547,9
55548,4
55549,13
55550,13
55551,15
55552,13
55553,13
55554,15
55555,15
55556,4
55557,15
55558,15
55559,22
55560,15
55561,15
55562,15
55563,15
55564,4
55565,16
55566,15
55567,15
55568,4
55569,15
55570,12
55571,18
55572,19
55573,18
55574,10
55575,15
55576,15
55577,15
55578,13
55579,15
55580,4
55581,18
55582,15
55583,12
55584,4
55585,15
55586,15
55587,19
55588,15
55589,4
55590,13
55591,4
55592,15
55593,15
55594,15
55595,13
55596,19
55597,4
55598,4
55599,19
55600,15
55601,22
55602,4
55603,19
55604,10
55605,13
55606,15
55607,13
55608,4
55609,4
55610,4
55611,22
55612,19
55613,15
55614,15
55615,4
55616,4
55617,19
55618,4
55619,12
55620,19
55621,15
55622,18
55623,15
55624,19
55625,4
55626,4
55627,19
55628,19
55629,6
55630,23
55631,15
55632,18
55633,4
55634,4
55635,2
55636,18
55637,13
55638,11
55639,15
55640,15
55641,15
55642,15
55643,23
55644,13
55645,15
55646,10
55647,15
55648,1
55649,4
55650,4
55651,15
55652,4
55653,15
55654,4
55655,18
55656,13
55657,22
55658,10
55659,13
55660,15
55661,15
55662,15
55663,15
55664,22
55665,13
55666,19
55667,15
55668,15
55669,4
55670,15
55671,19
55672,6
55673,15
55674,4
55675,22
55676,10
55677,15
55678,23
55679,4
55680,15
55681,19
55682,15
55683,4
55684,23
55685,19
55686,4
55687,19
55688,9
55689,22
55690,10
55691,17
55692,23
55693,15
55694,19
55695,19
55696,15
55697,19
55698,22
55699,4
55700,4
55701,6
55702,15
55703,19
55704,19
55705,4
55706,22
55707,19
55708,23
55709,4
55710,13
55711,4
55712,15
55713,15
55714,4
55715,15
55716,15
55717,15
55718,15
55719,10
55720,22
55721,13
55722,15
55723,4
55724,15
55725,4
55726,22
55727,15
55728,13
55729,4
55730,10
55731,15
55732,19
55733,15
55734,4
55735,15
55736,15
55737,15
55738,22
55739,15
55740,13
55741,19
55742,15
55743,15
55744,19
55745,18
55746,13
55747,15
55748,13
55749,12
55750,19
55751,15
55752,16
55753,10
55754,1
55755,5
55756,19
55757,19
55758,15
55759,4
55760,15
55761,4
55762,19
55763,18
55764,13
55765,4
55766,12
55767,4
55768,15
55769,19
55770,22
55771,4
55772,15
55773,15
55774,4
55775,18
55776,13
55777,15
55778,4
55779,19
55780,18
55781,20
55782,15
55783,15
55784,9
55785,15
55786,23
55787,10
55788,19
55789,4
55790,18
55791,19
55792,15
55793,13
55794,13
55795,15
55796,9
55797,19
55798,12
55799,15
55800,19
55801,13
55802,15
55803,9
55804,13
55805,15
55806,13
55807,13
55808,19
55809,4
55810,15
55811,15
55812,22
55813,19
55814,15
55815,13
55816,19
55817,15
55818,19
55819,15
55820,15
55821,15
55822,4
55823,19
55824,15
55825,15
55826,15
55827,4
55828,15
55829,15
55830,1
55831,19
55832,4
55833,15
55834,22
55835,10
55836,15
55837,19
55838,15
55839,22
55840,9
55841,15
55842,23
55843,13
55844,15
55845,19
55846,15
55847,19
55848,9
55849,5
55850,13
55851,15
55852,13
55853,10
55854,19
55855,15
55856,4
55857,19
55858,4
55859,19
55860,4
55861,15
55862,22
55863,22
55864,6
55865,19
55866,4
55867,15
55868,15
55869,4
55870,5
55871,13
55872,23
55873,13
55874,15
55875,22
55876,4
55877,14
55878,15
55879,15
55880,19
55881,15
55882,15
55883,15
55884,22
55885,9
55886,13
55887,15
55888,23
55889,15
55890,4
55891,15
55892,15
55893,15
55894,16
55895,19
55896,22
55897,15
55898,23
55899,15
55900,9
55901,15
55902,4
55903,13
55904,19
55905,9
55906,13
55907,15
55908,15
55909,4
55910,15
55911,4
55912,19
55913,15
55914,12
55915,19
55916,22
55917,15
55918,10
55919,15
55920,19
55921,15
55922,15
55923,22
55924,19
55925,18
55926,4
55927,19
55928,4
55929,13
55930,19
55931,19
55932,15
55933,15
55934,4
55935,15
55936,15
55937,13
55938,4
55939,13
55940,19
55941,15
55942,22
55943,18
55944,15
55945,4
55946,15
55947,22
55948,15
55949,23
55950,15
55951,19
55952,15
55953,15
55954,4
55955,13
55956,15
55957,13
55958,15
55959,15
55960,15
55961,15
55962,15
55963,11
55964,15
55965,19
55966,4
55967,19
55968,15
55969,22
55970,15
55971,9
55972,4
55973,19
55974,18
55975,19
55976,15
55977,16
55978,4
55979,15
55980,4
55981,15
55982,4
55983,10
55984,22
55985,19
55986,15
55987,15
55988,22
55989,19
55990,4
55991,22
55992,15
55993,15
55994,10
55995,15
55996,15
55997,15
55998,23
55999,10
56000,15
56001,15
56002,15
56003,22
56004,19
56005,10
56006,5
56007,15
56008,15
56009,19
56010,22
56011,22
56012,10
56013,15
56014,14
56015,19
56016,16
56017,18
56018,6
56019,4
56020,15
56021,13
56022,15
56023,4
56024,15
56025,9
56026,4
56027,22
56028,9
56029,23
56030,15
56031,22
56032,4
56033,9
56034,13
56035,13
56036,22
56037,15
56038,19
56039,15
56040,22
56041,15
56042,19
56043,4
56044,4
56045,15
56046,4
56047,22
56048,19
56049,15
56050,13
56051,19
56052,19
56053,22
56054,10
56055,19
56056,15
56057,15
56058,0
56059,22
56060,15
56061,15
56062,13
56063,15
56064,15
56065,10
56066,23
56067,13
56068,15
56069,13
56070,4
56071,15
56072,2
56073,10
56074,15
56075,4
56076,13
56077,18
56078,19
56079,10
56080,15
56081,18
56082,13
56083,15
56084,19
56085,15
56086,19
56087,15
56088,4
56089,15
56090,15
56091,4
56092,12
56093,4
56094,16
56095,23
56096,23
56097,19
56098,6
56099,13
56100,4
56101,4
56102,4
56103,11
56104,13
56105,13
56106,15
56107,15
56108,15
56109,15
56110,19
56111,4
56112,19
56113,15
56114,13
56115,15
56116,15
56117,4
56118,19
56119,15
56120,9
56121,13
56122,15
56123,19
56124,13
56125,15
56126,15
56127,15
56128,13
56129,6
56130,15
56131,15
56132,22
56133,19
56134,23
56135,19
56136,4
56137,10
56138,15
56139,13
56140,15
56141,19
56142,1
56143,4
56144,15
56145,19
56146,15
56147,10
56148,15
56149,16
56150,22
56151,19
56152,15
56153,15
56154,19
56155,19
56156,15
56157,19
56158,23
56159,19
56160,19
56161,13
56162,15
56163,4
56164,19
56165,13
56166,22
56167,22
56168,15
56169,0
56170,13
56171,11
56172,19
56173,15
56174,4
56175,15
56176,23
56177,23
56178,15
56179,15
56180,22
56181,15
56182,4
56183,4
56184,15
56185,15
56186,15
56187,15
56188,4
56189,15
56190,4
56191,23
56192,19
56193,4
56194,4
56195,4
56196,4
56197,15
56198,11
56199,19
56200,15
56201,15
56202,19
56203,10
56204,15
56205,10
56206,19
56207,15
56208,13
56209,15
56210,15
56211,2
56212,15
56213,23
56214,15
56215,15
56216,19
56217,13
56218,15
56219,23
56220,6
56221,4
56222,15
56223,15
56224,15
56225,10
56226,13
56227,22
56228,15
56229,15
56230,22
56231,4
56232,18
56233,19
56234,4
56235,4
56236,19
56237,15
56238,4
56239,15
56240,4
56241,15
56242,15
56243,15
56244,19
56245,19
56246,15
56247,15
56248,12
56249,15
56250,15
56251,18
56252,15
56253,22
56254,9
56255,15
56256,4
56257,4
56258,19
56259,15
56260,6
56261,15
56262,4
56263,19
56264,19
56265,16
56266,22
56267,13
56268,15
56269,15
56270,13
56271,23
56272,22
56273,4
56274,6
56275,18
56276,23
56277,19
56278,2
56279,14
56280,19
56281,19
56282,13
56283,15
56284,15
56285,4
56286,15
56287,15
56288,15
56289,14
56290,23
56291,13
56292,15
56293,4
56294,18
56295,13
56296,19
56297,15
56298,15
56299,4
56300,19
56301,15
56302,14
56303,19
56304,22
56305,4
56306,19
56307,15
56308,15
56309,22
56310,13
56311,12
56312,10
56313,15
56314,4
56315,13
56316,15
56317,10
56318,15
56319,15
56320,23
56321,23
56322,13
56323,15
56324,19
56325,15
56326,4
56327,15
56328,6
56329,15
56330,5
56331,23
56332,19
56333,19
56334,18
56335,19
56336,6
56337,19
56338,23
56339,4
56340,4
56341,15
56342,15
56343,19
56344,15
56345,15
56346,13
56347,19
56348,19
56349,13
56350,15
56351,23
56352,19
56353,10
56354,9
56355,9
56356,19
56357,13
56358,15
56359,19
56360,19
56361,4
56362,19
56363,15
56364,19
56365,4
56366,15
56367,15
56368,15
56369,22
56370,15
56371,15
56372,4
56373,11
56374,19
56375,15
56376,18
56377,15
56378,18
56379,15
56380,15
56381,19
56382,12
56383,0
56384,15
56385,4
56386,22
56387,15
56388,15
56389,4
56390,13
56391,6
56392,13
56393,15
56394,4
56395,19
56396,18
56397,4
56398,13
56399,23
56400,15
56401,15
56402,15
56403,13
56404,15
56405,15
56406,19
56407,15
56408,18
56409,13
56410,15
56411,4
56412,13
56413,19
56414,22
56415,15
56416,12
56417,10
56418,4
56419,4
56420,15
56421,22
56422,15
56423,15
56424,1
56425,10
56426,13
56427,15
56428,4
56429,18
56430,19
56431,4
56432,19
56433,15
56434,13
56435,22
56436,19
56437,19
56438,4
56439,16
56440,11
56441,19
56442,13
56443,4
56444,13
56445,22
56446,15
56447,19
56448,19
56449,4
56450,15
56451,13
56452,22
56453,19
56454,15
56455,15
56456,15
56457,22
56458,15
56459,15
56460,19
56461,9
56462,13
56463,18
56464,4
56465,13
56466,15
56467,10
56468,4
56469,15
56470,15
56471,23
56472,4
56473,4
56474,19
56475,4
56476,22
56477,13
56478,4
56479,15
56480,18
56481,22
56482,19
56483,15
56484,15
56485,15
56486,10
56487,15
56488,19
56489,15
56490,22
56491,11
56492,13
56493,15
56494,13
56495,19
56496,19
56497,19
56498,15
56499,15
56500,9
56501,15
56502,13
56503,15
56504,19
56505,19
56506,22
56507,13
56508,15
56509,19
56510,6
56511,4
56512,15
56513,13
56514,15
56515,15
56516,15
56517,19
56518,13
56519,4
56520,15
56521,15
56522,9
56523,4
56524,10
56525,15
56526,15
56527,19
56528,15
56529,13
56530,19
56531,22
56532,13
56533,19
56534,15
56535,0
56536,22
56537,19
56538,15
56539,9
56540,22
56541,19
56542,19
56543,15
56544,15
56545,22
56546,23
56547,23
56548,22
56549,4
56550,4
56551,15
56552,19
56553,13
56554,4
56555,10
56556,12
56557,4
56558,13
56559,18
56560,13
56561,15
56562,15
56563,6
56564,4
56565,15
56566,22
56567,15
56568,19
56569,10
56570,19
56571,15
56572,19
56573,10
56574,15
56575,13
56576,22
56577,19
56578,4
56579,18
56580,15
56581,4
56582,9
56583,19
56584,13
56585,15
56586,4
56587,15
56588,19
56589,15
56590,15
56591,9
56592,18
56593,19
56594,4
56595,15
56596,4
56597,15
56598,10
56599,13
56600,15
56601,4
56602,4
56603,23
56604,18
56605,19
56606,9
56607,15
56608,22
56609,19
56610,15
56611,15
56612,13
56613,4
56614,15
56615,5
56616,18
56617,15
56618,15
56619,4
56620,4
56621,19
56622,12
56623,13
56624,6
56625,19
56626,14
56627,10
56628,19
56629,15
56630,19
56631,4
56632,20
56633,15
56634,22
56635,15
56636,19
56637,18
56638,19
56639,13
56640,10
56641,13
56642,4
56643,10
56644,19
56645,18
56646,19
56647,15
56648,13
56649,13
56650,15
56651,13
56652,15
56653,10
56654,19
56655,15
56656,15
56657,15
56658,10
56659,9
56660,4
56661,4
56662,15
56663,13
56664,4
56665,4
56666,22
56667,13
56668,19
56669,22
56670,15
56671,4
56672,10
56673,15
56674,19
56675,4
56676,15
56677,20
56678,23
56679,15
56680,13
56681,5
56682,15
56683,0
56684,1
56685,14
56686,13
56687,4
56688,6
56689,15
56690,4
56691,23
56692,4
56693,15
56694,15
56695,4
56696,10
56697,19
56698,15
56699,4
56700,4
56701,5
56702,10
56703,15
56704,19
56705,15
56706,19
56707,13
56708,19
56709,4
56710,13
56711,19
56712,15
56713,9
56714,19
56715,15
56716,10
56717,19
56718,12
56719,13
56720,18
56721,15
56722,15
56723,13
56724,11
56725,19
56726,15
56727,19
56728,19
56729,13
56730,15
56731,15
56732,15
56733,15
56734,19
56735,19
56736,15
56737,15
56738,5
56739,22
56740,15
56741,15
56742,19
56743,15
56744,4
56745,19
56746,4
56747,15
56748,14
56749,19
56750,15
56751,23
56752,15
56753,4
56754,4
56755,18
56756,4
56757,19
56758,15
56759,13
56760,4
56761,15
56762,15
56763,19
56764,19
56765,15
56766,13
56767,10
56768,15
56769,13
56770,15
56771,15
56772,15
56773,10
56774,15
56775,4
56776,19
56777,4
56778,15
56779,15
56780,4
56781,4
56782,4
56783,15
56784,10
56785,15
56786,10
56787,15
56788,15
56789,15
56790,15
56791,10
56792,15
56793,4
56794,11
56795,15
56796,14
56797,15
56798,13
56799,12
56800,19
56801,19
56802,13
56803,4
56804,4
56805,19
56806,13
56807,9
56808,19
56809,13
56810,12
56811,15
56812,10
56813,13
56814,4
56815,10
56816,15
56817,9
56818,15
56819,4
56820,22
56821,22
56822,18
56823,23
56824,19
56825,13
56826,15
56827,15
56828,15
56829,19
56830,22
56831,10
56832,18
56833,15
56834,19
56835,15
56836,15
56837,15
56838,15
56839,15
56840,4
56841,14
56842,15
56843,4
56844,22
56845,19
56846,4
56847,15
56848,19
56849,15
56850,19
56851,19
56852,19
56853,13
56854,19
56855,22
56856,16
56857,15
56858,15
56859,13
56860,10
56861,15
56862,22
56863,9
56864,19
56865,4
56866,9
56867,13
56868,15
56869,15
56870,13
56871,23
56872,22
56873,15
56874,19
56875,15
56876,15
56877,13
56878,15
56879,4
56880,18
56881,22
56882,15
56883,11
56884,19
56885,22
56886,18
56887,15
56888,22
56889,22
56890,15
56891,22
56892,19
56893,15
56894,19
56895,13
56896,4
56897,19
56898,23
56899,15
56900,13
56901,15
56902,4
56903,5
56904,4
56905,4
56906,12
56907,4
56908,4
56909,15
56910,10
56911,23
56912,19
56913,4
56914,19
56915,13
56916,15
56917,4
56918,15
56919,2
56920,19
56921,15
56922,4
56923,15
56924,13
56925,15
56926,23
56927,15
56928,19
56929,13
56930,15
56931,13
56932,1
56933,15
56934,12
56935,15
56936,13
56937,15
56938,15
56939,1
56940,19
56941,16
56942,22
56943,15
56944,15
56945,12
56946,15
56947,4
56948,15
56949,22
56950,10
56951,15
56952,4
56953,19
56954,15
56955,4
56956,15
56957,15
56958,15
56959,4
56960,15
56961,15
56962,15
56963,10
56964,15
56965,15
56966,22
56967,15
56968,15
56969,13
56970,15
56971,15
56972,22
56973,19
56974,22
56975,15
56976,23
56977,12
56978,15
56979,13
56980,19
56981,13
56982,19
56983,19
56984,19
56985,23
56986,13
56987,4
56988,10
56989,15
56990,4
56991,10
56992,4
56993,23
56994,19
56995,22
56996,13
56997,19
56998,19
56999,13
57000,15
57001,4
57002,15
57003,19
57004,19
57005,13
57006,15
57007,19
57008,15
57009,22
57010,15
57011,15
57012,15
57013,15
57014,23
57015,19
57016,1
57017,19
57018,13
57019,15
57020,18
57021,15
57022,13
57023,15
57024,22
57025,18
57026,4
57027,15
57028,15
57029,0
57030,4
57031,13
57032,19
57033,15
57034,4
57035,23
57036,15
57037,4
57038,22
57039,22
57040,13
57041,4
57042,10
57043,10
57044,15
57045,19
57046,4
57047,15
57048,15
57049,4
57050,13
57051,15
57052,15
57053,22
57054,15
57055,19
57056,4
57057,15
57058,13
57059,22
57060,13
57061,4
57062,15
57063,13
57064,15
57065,15
57066,15
57067,15
57068,15
57069,5
57070,4
57071,4
57072,4
57073,15
57074,13
57075,13
57076,13
57077,23
57078,15
57079,15
57080,15
57081,15
57082,15
57083,13
57084,15
57085,19
57086,4
57087,4
57088,7
57089,19
57090,15
57091,19
57092,11
57093,15
57094,22
57095,19
57096,4
57097,4
57098,19
57099,23
57100,15
57101,18
57102,10
57103,19
57104,15
57105,10
57106,13
57107,23
57108,13
57109,22
57110,15
57111,15
57112,19
57113,19
57114,4
57115,23
57116,15
57117,13
57118,12
57119,6
57120,19
57121,19
57122,15
57123,4
57124,9
57125,19
57126,15
57127,15
57128,15
57129,13
57130,13
57131,13
57132,11
57133,15
57134,15
57135,22
57136,20
57137,4
57138,19
57139,19
57140,23
57141,4
57142,15
57143,15
57144,15
57145,13
57146,4
57147,19
57148,18
57149,22
57150,19
57151,4
57152,10
57153,15
57154,15
57155,23
57156,22
57157,15
57158,23
57159,19
57160,19
57161,15
57162,19
57163,14
57164,19
57165,1
57166,19
57167,4
57168,4
57169,19
57170,23
57171,19
57172,15
57173,4
57174,22
57175,13
57176,15
57177,4
57178,10
57179,18
57180,4
57181,4
57182,19
57183,19
57184,22
57185,18
57186,15
57187,2
57188,19
57189,11
57190,15
57191,18
57192,15
57193,15
57194,15
57195,4
57196,12
57197,13
57198,22
57199,15
57200,1
57201,22
57202,15
57203,15
57204,19
57205,15
57206,4
57207,23
57208,19
57209,15
57210,5
57211,19
57212,15
57213,15
57214,15
57215,4
57216,15
57217,18
57218,19
57219,13
57220,13
57221,19
57222,15
57223,23
57224,4
57225,19
57226,15
57227,22
57228,19
57229,10
57230,4
57231,4
57232,15
57233,4
57234,15
57235,4
57236,15
57237,15
57238,4
57239,15
57240,14
57241,22
57242,23
57243,15
57244,13
57245,22
57246,22
57247,22
57248,15
57249,4
57250,18
57251,15
57252,6
57253,19
57254,4
57255,20
57256,15
57257,19
57258,4
57259,19
57260,4
57261,13
57262,10
57263,4
57264,15
57265,19
57266,15
57267,10
57268,19
57269,22
57270,4
57271,13
57272,15
57273,13
57274,13
57275,19
57276,4
57277,13
57278,15
57279,19
57280,22
57281,15
57282,15
57283,1
57284,4
57285,15
57286,10
57287,19
57288,13
57289,10
57290,15
57291,10
57292,19
57293,13
57294,5
57295,4
57296,5
57297,18
57298,19
57299,13
57300,4
57301,15
57302,13
57303,15
57304,4
57305,19
57306,4
57307,23
57308,15
57309,4
57310,4
57311,16
57312,19
57313,15
57314,13
57315,22
57316,4
57317,4
57318,19
57319,22
57320,15
57321,10
57322,15
57323,15
57324,13
57325,10
57326,13
57327,15
57328,6
57329,15
57330,15
57331,13
57332,15
57333,6
57334,15
57335,22
57336,10
57337,15
57338,15
57339,4
57340,4
57341,15
57342,19
57343,15
57344,19
57345,19
57346,13
57347,13
57348,13
57349,4
57350,22
57351,22
57352,15
57353,15
57354,22
57355,10
57356,10
57357,23
57358,4
57359,22
57360,19
57361,10
57362,15
57363,19
57364,9
57365,13
57366,14
57367,19
57368,18
57369,2
57370,15
57371,19
57372,1
57373,15
57374,22
57375,19
57376,15
57377,13
57378,10
57379,10
57380,4
57381,15
57382,13
57383,9
57384,22
57385,13
57386,15
57387,19
57388,10
57389,4
57390,10
57391,18
57392,13
57393,15
57394,15
57395,23
57396,23
57397,5
57398,4
57399,15
57400,15
57401,10
57402,15
57403,10
57404,4
57405,4
57406,4
57407,16
57408,4
57409,9
57410,15
57411,19
57412,4
57413,1
57414,11
57415,4
57416,13
57417,13
57418,4
57419,15
57420,13
57421,19
57422,22
57423,4
57424,18
57425,15
57426,18
57427,19
57428,15
57429,22
57430,6
57431,15
57432,18
57433,23
57434,9
57435,19
57436,22
57437,15
57438,9
57439,15
57440,10
57441,13
57442,19
57443,23
57444,14
57445,15
57446,11
57447,15
57448,22
57449,15
57450,4
57451,14
57452,11
57453,4
57454,19
57455,18
57456,10
57457,13
57458,4
57459,6
57460,22
57461,15
57462,13
57463,11
57464,19
57465,4
57466,22
57467,23
57468,22
57469,15
57470,13
57471,15
57472,13
57473,13
57474,22
57475,15
57476,19
57477,22
57478,22
57479,19
57480,19
57481,15
57482,18
57483,4
57484,10
57485,15
57486,16
57487,19
57488,13
57489,19
57490,4
57491,6
57492,4
57493,19
57494,22
57495,11
57496,13
57497,22
57498,19
57499,11
57500,22
57501,15
57502,9
57503,15
57504,15
57505,15
57506,15
57507,1
57508,4
57509,4
57510,5
57511,4
57512,19
57513,22
57514,4
57515,15
57516,4
57517,19
57518,22
57519,19
57520,13
57521,22
57522,4
57523,4
57524,15
57525,15
57526,19
57527,4
57528,22
57529,19
57530,4
57531,4
57532,10
57533,15
57534,18
57535,15
57536,15
57537,10
57538,4
57539,4
57540,19
57541,22
57542,15
57543,13
57544,19
57545,15
57546,19
57547,15
57548,15
57549,18
57550,15
57551,22
57552,18
57553,19
57554,19
57555,13
57556,4
57557,19
57558,23
57559,9
57560,9
57561,19
57562,12
57563,13
57564,15
57565,19
57566,19
57567,6
57568,4
57569,13
57570,19
57571,15
57572,4
57573,19
57574,13
57575,15
57576,13
57577,19
57578,10
57579,4
57580,15
57581,15
57582,19
57583,15
57584,22
57585,15
57586,4
57587,15
57588,10
57589,22
57590,4
57591,4
57592,4
57593,19
57594,15
57595,13
57596,22
57597,18
57598,15
57599,9
57600,22
57601,15
57602,19
57603,15
57604,10
57605,22
57606,4
57607,15
57608,19
57609,15
57610,10
57611,2
57612,18
57613,13
57614,15
57615,4
57616,16
57617,13
57618,4
57619,15
57620,13
57621,15
57622,15
57623,15
57624,19
57625,15
57626,4
57627,15
57628,4
57629,4
57630,19
57631,15
57632,15
57633,4
57634,15
57635,15
57636,15
57637,15
57638,15
57639,4
57640,22
57641,4
57642,4
57643,13
57644,13
57645,15
57646,6
57647,13
57648,15
57649,13
57650,15
57651,19
57652,15
57653,13
57654,15
57655,22
57656,15
57657,4
57658,19
57659,11
57660,15
57661,2
57662,4
57663,9
57664,15
57665,4
57666,6
57667,15
57668,15
57669,19
57670,15
57671,15
57672,15
57673,12
57674,15
57675,19
57676,15
57677,4
57678,15
57679,15
57680,15
57681,15
57682,15
57683,15
57684,4
57685,4
57686,13
57687,15
57688,4
57689,1
57690,11
57691,9
57692,22
57693,19
57694,23
57695,4
57696,22
57697,10
57698,19
57699,4
57700,9
57701,15
57702,15
57703,19
57704,19
57705,15
57706,22
57707,13
57708,19
57709,15
57710,15
57711,10
57712,19
57713,22
57714,19
57715,4
57716,5
57717,23
57718,5
57719,10
57720,15
57721,13
57722,19
57723,22
57724,4
57725,4
57726,18
57727,15
57728,22
57729,15
57730,22
57731,23
57732,13
57733,15
57734,19
57735,18
57736,4
57737,15
57738,15
57739,15
57740,13
57741,23
57742,4
57743,22
57744,4
57745,13
57746,15
57747,15
57748,23
57749,4
57750,18
57751,22
57752,19
57753,12
57754,19
57755,11
57756,0
57757,11
57758,13
57759,19
57760,22
57761,15
57762,18
57763,4
57764,23
57765,15
57766,15
57767,2
57768,15
57769,13
57770,2
57771,19
57772,19
57773,18
57774,23
57775,15
57776,13
57777,13
57778,15
57779,9
57780,13
57781,15
57782,15
57783,19
57784,4
57785,19
57786,15
57787,15
57788,13
57789,15
57790,4
57791,9
57792,23
57793,15
57794,19
57795,23
57796,15
57797,19
57798,11
57799,23
57800,13
57801,1
57802,13
57803,4
57804,15
57805,4
57806,18
57807,15
57808,4
57809,23
57810,15
57811,10
57812,4
57813,15
57814,15
57815,15
57816,15
57817,22
57818,10
57819,22
57820,22
57821,4
57822,19
57823,15
57824,17
57825,15
57826,4
57827,15
57828,5
57829,19
57830,4
57831,13
57832,9
57833,9
57834,15
57835,22
57836,15
57837,18
57838,4
57839,10
57840,19
57841,5
57842,15
57843,15
57844,15
57845,6
57846,15
57847,19
57848,19
57849,6
57850,15
57851,15
57852,15
57853,15
57854,15
57855,10
57856,13
57857,19
57858,5
57859,22
57860,19
57861,15
57862,15
57863,23
57864,15
57865,4
57866,18
57867,23
57868,4
57869,19
57870,18
57871,13
57872,15
57873,19
57874,19
57875,13
57876,13
57877,13
57878,6
57879,23
57880,4
57881,19
57882,11
57883,22
57884,4
57885,13
57886,15
57887,15
57888,15
57889,15
57890,15
57891,15
57892,22
57893,13
57894,15
57895,15
57896,23
57897,22
57898,15
57899,23
57900,15
57901,23
57902,19
57903,15
57904,18
57905,15
57906,2
57907,19
57908,15
57909,11
57910,10
57911,0
57912,15
57913,15
57914,15
57915,22
57916,10
57917,15
57918,19
57919,5
57920,1
57921,15
57922,22
57923,18
57924,23
57925,19
57926,4
57927,19
57928,15
57929,13
57930,10
57931,13
57932,4
57933,19
57934,4
57935,22
57936,9
57937,22
57938,19
57939,19
57940,4
57941,19
57942,13
57943,10
57944,15
57945,15
57946,15
57947,15
57948,23
57949,23
57950,22
57951,15
57952,15
57953,18
57954,11
57955,22
57956,4
57957,4
57958,13
57959,19
57960,12
57961,15
57962,15
57963,4
57964,22
57965,4
57966,15
57967,22
57968,22
57969,5
57970,15
57971,4
57972,22
57973,13
57974,9
57975,4
57976,13
57977,15
57978,16
57979,23
57980,4
57981,15
57982,15
57983,15
57984,4
57985,15
57986,4
57987,15
57988,4
57989,15
57990,6
57991,1
57992,15
57993,15
57994,19
57995,15
57996,4
57997,6
57998,19
57999,15
58000,4
58001,15
58002,10
58003,4
58004,15
58005,4
58006,2
58007,19
58008,15
58009,19
58010,7
58011,10
58012,22
58013,15
58014,19
58015,15
58016,13
58017,15
58018,4
58019,13
58020,15
58021,13
58022,13
58023,19
58024,6
58025,15
58026,15
58027,15
58028,19
58029,15
58030,15
58031,4
58032,15
58033,15
58034,10
58035,23
58036,15
58037,19
58038,4
58039,15
58040,15
58041,15
58042,15
58043,15
58044,13
58045,15
58046,19
58047,18
58048,4
58049,15
58050,18
58051,13
58052,4
58053,19
58054,15
58055,18
58056,19
58057,4
58058,15
58059,15
58060,15
58061,13
58062,4
58063,4
58064,19
58065,15
58066,15
58067,22
58068,13
58069,15
58070,4
58071,4
58072,4
58073,4
58074,13
58075,15
58076,15
58077,15
58078,4
58079,15
58080,23
58081,9
58082,15
58083,19
58084,22
58085,15
58086,19
58087,13
58088,19
58089,5
58090,19
58091,15
58092,4
58093,15
58094,13
58095,15
58096,5
58097,15
58098,15
58099,19
58100,13
58101,4
58102,4
58103,4
58104,15
58105,15
58106,19
58107,22
58108,10
58109,6
58110,6
58111,13
58112,15
58113,15
58114,23
58115,15
58116,4
58117,10
58118,13
58119,13
58120,15
58121,4
58122,15
58123,15
58124,15
58125,19
58126,15
58127,19
58128,13
58129,4
58130,22
58131,22
58132,4
58133,10
58134,22
58135,13
58136,13
58137,4
58138,10
58139,15
58140,15
58141,4
58142,15
58143,4
58144,15
58145,4
58146,22
58147,13
58148,19
58149,4
58150,15
58151,15
58152,10
58153,19
58154,23
58155,15
58156,19
58157,19
58158,15
58159,4
58160,4
58161,18
58162,19
58163,19
58164,15
58165,19
58166,4
58167,19
58168,5
58169,23
58170,15
58171,15
58172,23
58173,13
58174,22
58175,4
58176,10
58177,15
58178,13
58179,19
58180,15
58181,4
58182,23
58183,18
58184,22
58185,19
58186,15
58187,19
58188,13
58189,19
58190,13
58191,19
58192,6
58193,2
58194,15
58195,10
58196,13
58197,19
58198,1
58199,22
58200,22
58201,13
58202,15
58203,4
58204,19
58205,4
58206,15
58207,15
58208,1
58209,15
58210,15
58211,22
58212,4
58213,15
58214,13
58215,4
58216,15
58217,13
58218,4
58219,4
58220,19
58221,19
58222,4
58223,10
58224,13
58225,23
58226,4
58227,13
58228,15
58229,11
58230,5
58231,4
58232,19
58233,10
58234,11
58235,4
58236,15
58237,18
58238,15
58239,15
58240,23
58241,23
58242,13
58243,15
58244,23
58245,10
58246,10
58247,19
58248,15
58249,14
58250,15
58251,15
58252,4
58253,22
58254,19
58255,13
58256,23
58257,19
58258,4
58259,13
58260,4
58261,15
58262,4
58263,22
58264,15
58265,15
58266,15
58267,22
58268,15
58269,15
58270,22
58271,19
58272,22
58273,15
58274,10
58275,19
58276,15
58277,13
58278,15
58279,13
58280,4
58281,13
58282,13
58283,9
58284,22
58285,15
58286,4
58287,15
58288,15
58289,19
58290,15
58291,19
58292,15
58293,19
58294,15
58295,15
58296,15
58297,1
58298,15
58299,15
58300,15
58301,15
58302,19
58303,4
58304,22
58305,4
58306,10
58307,15
58308,15
58309,4
58310,15
58311,19
58312,4
58313,13
58314,5
58315,4
58316,22
58317,15
58318,15
58319,13
58320,15
58321,19
58322,14
58323,13
58324,13
58325,15
58326,18
58327,23
58328,6
58329,15
58330,4
58331,15
58332,23
58333,15
58334,22
58335,15
58336,23
58337,19
58338,15
58339,19
58340,19
58341,15
58342,23
58343,4
58344,1
58345,15
58346,19
58347,15
58348,19
58349,13
58350,19
58351,15
58352,10
58353,4
58354,15
58355,19
58356,15
58357,19
58358,22
58359,15
58360,22
58361,19
58362,15
58363,15
58364,19
58365,18
58366,4
58367,15
58368,15
58369,4
58370,4
58371,13
58372,22
58373,15
58374,15
58375,15
58376,22
58377,6
58378,15
58379,4
58380,15
58381,13
58382,6
58383,23
58384,4
58385,22
58386,13
58387,15
58388,15
58389,15
58390,15
58391,13
58392,4
58393,22
58394,6
58395,4
58396,4
58397,10
58398,6
58399,9
58400,15
58401,15
58402,15
58403,22
58404,4
58405,22
58406,13
58407,19
58408,19
58409,13
58410,18
58411,9
58412,19
58413,15
58414,22
58415,22
58416,5
58417,15
58418,13
58419,15
58420,15
58421,16
58422,19
58423,22
58424,15
58425,22
58426,11
58427,22
58428,4
58429,19
58430,19
58431,19
58432,15
58433,15
58434,4
58435,4
58436,15
58437,13
58438,4
58439,22
58440,19
58441,18
58442,19
58443,4
58444,19
58445,4
58446,15
58447,15
58448,19
58449,6
58450,10
58451,13
58452,13
58453,4
58454,4
58455,4
58456,16
58457,15
58458,4
58459,19
58460,19
58461,4
58462,6
58463,19
58464,23
58465,15
58466,19
58467,4
58468,18
58469,4
58470,23
58471,15
58472,13
58473,10
58474,19
58475,18
58476,15
58477,11
58478,4
58479,4
58480,4
58481,4
58482,13
58483,15
58484,15
58485,4
58486,19
58487,4
58488,4
58489,15
58490,4
58491,13
58492,13
58493,4
58494,19
58495,19
58496,5
58497,5
58498,19
58499,15
58500,22
58501,15
58502,14
58503,15
58504,23
58505,13
58506,4
58507,15
58508,9
58509,22
58510,4
58511,12
58512,18
58513,22
58514,4
58515,23
58516,23
58517,15
58518,13
58519,15
58520,4
58521,4
58522,18
58523,15
58524,4
58525,22
58526,13
58527,15
58528,13
58529,19
58530,18
58531,15
58532,15
58533,4
58534,15
58535,19
58536,15
58537,19
58538,15
58539,4
58540,15
58541,15
58542,11
58543,19
58544,15
58545,15
58546,15
58547,1
58548,4
58549,18
58550,15
58551,1
58552,23
58553,13
58554,13
58555,19
58556,6
58557,11
58558,16
58559,15
58560,4
58561,9
58562,22
58563,15
58564,4
58565,4
58566,15
58567,19
58568,4
58569,19
58570,15
58571,15
58572,15
58573,23
58574,13
58575,15
58576,15
58577,13
58578,12
58579,23
58580,15
58581,15
58582,22
58583,15
58584,19
58585,2
58586,15
58587,15
58588,15
58589,22
58590,15
58591,16
58592,19
58593,18
58594,15
58595,4
58596,22
58597,15
58598,10
58599,4
58600,15
58601,9
58602,15
58603,13
58604,22
58605,9
58606,4
58607,15
58608,15
58609,14
58610,4
58611,4
58612,15
58613,22
58614,22
58615,15
58616,4
58617,13
58618,4
58619,4
58620,18
58621,15
58622,6
58623,19
58624,15
58625,15
58626,18
58627,15
58628,15
58629,4
58630,13
58631,13
58632,4
58633,4
58634,15
58635,22
58636,15
58637,4
58638,13
58639,22
58640,4
58641,15
58642,9
58643,23
58644,15
58645,13
58646,19
58647,15
58648,22
58649,19
58650,2
58651,15
58652,4
58653,15
58654,19
58655,15
58656,4
58657,10
58658,4
58659,2
58660,19
58661,22
58662,12
58663,19
58664,15
58665,4
58666,19
58667,5
58668,15
58669,19
58670,15
58671,15
58672,18
58673,10
58674,10
58675,4
58676,18
58677,19
58678,19
58679,15
58680,13
58681,4
58682,15
58683,22
58684,23
58685,15
58686,18
58687,11
58688,19
58689,4
58690,13
58691,15
58692,10
58693,10
58694,15
58695,13
58696,18
58697,22
58698,15
58699,19
58700,15
58701,18
58702,4
58703,19
58704,22
58705,9
58706,1
58707,22
58708,4
58709,19
58710,15
58711,4
58712,19
58713,4
58714,13
58715,6
58716,4
58717,22
58718,19
58719,15
58720,19
58721,15
58722,23
58723,15
58724,18
58725,13
58726,19
58727,15
58728,11
58729,15
58730,4
58731,10
58732,11
58733,15
58734,3
58735,4
58736,13
58737,4
58738,22
58739,19
58740,1
58741,4
58742,15
58743,15
58744,4
58745,19
58746,13
58747,22
58748,15
58749,13
58750,22
58751,19
58752,19
58753,15
58754,15
58755,15
58756,22
58757,19
58758,15
58759,15
58760,15
58761,4
58762,15
58763,15
58764,13
58765,15
58766,22
58767,15
58768,19
58769,13
58770,4
58771,4
58772,15
58773,19
58774,11
58775,15
58776,9
58777,15
58778,12
58779,4
58780,4
58781,15
58782,23
58783,13
58784,19
58785,19
58786,15
58787,15
58788,19
58789,18
58790,4
58791,13
58792,15
58793,23
58794,23
58795,4
58796,22
58797,22
58798,4
58799,23
58800,19
58801,19
58802,15
58803,19
58804,18
58805,19
58806,15
58807,15
58808,12
58809,22
58810,15
58811,22
58812,13
58813,4
58814,15
58815,4
58816,22
58817,15
58818,9
58819,4
58820,22
58821,19
58822,15
58823,15
58824,15
58825,13
58826,6
58827,15
58828,23
58829,22
58830,15
58831,15
58832,22
58833,22
58834,19
58835,18
58836,19
58837,4
58838,5
58839,19
58840,15
58841,19
58842,15
58843,14
58844,19
58845,15
58846,13
58847,4
58848,4
58849,22
58850,15
58851,4
58852,15
58853,13
58854,4
58855,9
58856,22
58857,19
58858,13
58859,23
58860,10
58861,6
58862,2
58863,19
58864,13
58865,15
58866,15
58867,4
58868,9
58869,15
58870,3
58871,15
58872,15
58873,12
58874,23
58875,10
58876,18
58877,15
58878,10
58879,1
58880,4
58881,4
58882,19
58883,15
58884,4
58885,23
58886,15
58887,23
58888,19
58889,19
58890,19
58891,4
58892,13
58893,22
58894,11
58895,15
58896,15
58897,4
58898,18
58899,15
58900,23
58901,13
58902,19
58903,4
58904,15
58905,19
58906,18
58907,23
58908,22
58909,23
58910,4
58911,23
58912,15
58913,0
58914,4
58915,23
58916,19
58917,23
58918,23
58919,15
58920,10
58921,15
58922,12
58923,22
58924,10
58925,19
58926,15
58927,15
58928,15
58929,13
58930,2
58931,23
58932,10
58933,19
58934,19
58935,19
58936,19
58937,19
58938,15
58939,19
58940,9
58941,23
58942,13
58943,19
58944,19
58945,6
58946,13
58947,19
58948,15
58949,15
58950,15
58951,0
58952,6
58953,19
58954,19
58955,1
58956,15
58957,19
58958,10
58959,13
58960,12
58961,19
58962,15
58963,4
58964,18
58965,19
58966,19
58967,4
58968,15
58969,19
58970,15
58971,18
58972,15
58973,9
58974,1
58975,19
58976,15
58977,13
58978,13
58979,19
58980,19
58981,15
58982,13
58983,13
58984,15
58985,19
58986,19
58987,19
58988,15
58989,15
58990,15
58991,19
58992,15
58993,23
58994,4
58995,19
58996,15
58997,18
58998,10
58999,15
59000,13
59001,15
59002,23
59003,6
59004,19
59005,4
59006,22
59007,13
59008,19
59009,13
59010,19
59011,19
59012,4
59013,15
59014,10
59015,15
59016,15
59017,2
59018,4
59019,15
59020,22
59021,19
59022,15
59023,4
59024,15
59025,22
59026,10
59027,13
59028,15
59029,19
59030,4
59031,15
59032,14
59033,15
59034,15
59035,19
59036,19
59037,1
59038,15
59039,22
59040,5
59041,13
59042,4
59043,0
59044,15
59045,13
59046,19
59047,10
59048,22
59049,18
59050,23
59051,23
59052,13
59053,19
59054,13
59055,15
59056,4
59057,10
59058,15
59059,18
59060,4
59061,15
59062,22
59063,22
59064,4
59065,19
59066,6
59067,15
59068,22
59069,19
59070,22
59071,22
59072,15
59073,15
59074,15
59075,4
59076,15
59077,15
59078,4
59079,19
59080,18
59081,13
59082,9
59083,15
59084,19
59085,19
59086,15
59087,9
59088,15
59089,15
59090,19
59091,15
59092,19
59093,10
59094,19
59095,15
59096,4
59097,4
59098,15
59099,15
59100,15
59101,4
59102,13
59103,15
59104,19
59105,4
59106,10
59107,13
59108,19
59109,19
59110,15
59111,15
59112,15
59113,19
59114,19
59115,15
59116,4
59117,6
59118,15
59119,19
59120,4
59121,15
59122,19
59123,4
59124,4
59125,15
59126,15
59127,15
59128,9
59129,9
59130,15
59131,15
59132,15
59133,13
59134,13
59135,15
59136,1
59137,19
59138,15
59139,23
59140,13
59141,22
59142,23
59143,15
59144,19
59145,23
59146,15
59147,15
59148,15
59149,15
59150,6
59151,15
59152,6
59153,13
59154,13
59155,19
59156,23
59157,15
59158,5
59159,15
59160,4
59161,10
59162,15
59163,19
59164,19
59165,19
59166,15
59167,22
59168,15
59169,19
59170,19
59171,19
59172,15
59173,14
59174,12
59175,4
59176,19
59177,6
59178,15
59179,4
59180,10
59181,15
59182,15
59183,4
59184,15
59185,19
59186,15
59187,19
59188,4
59189,23
59190,19
59191,15
59192,22
59193,15
59194,4
59195,15
59196,15
59197,13
59198,23
59199,23
59200,4
59201,15
59202,1
59203,4
59204,15
59205,19
59206,15
59207,4
59208,2
59209,15
59210,13
59211,19
59212,4
59213,15
59214,15
59215,9
59216,1
59217,18
59218,15
59219,15
59220,23
59221,19
59222,10
59223,15
59224,13
59225,15
59226,15
59227,15
59228,15
59229,15
59230,19
59231,19
59232,4
59233,2
59234,23
59235,19
59236,4
59237,15
59238,5
59239,15
59240,4
59241,19
59242,23
59243,19
59244,10
59245,15
59246,13
59247,19
59248,15
59249,13
59250,15
59251,13
59252,10
59253,2
59254,4
59255,15
59256,5
59257,1
59258,23
59259,15
59260,15
59261,4
59262,15
59263,19
59264,4
59265,15
59266,19
59267,19
59268,2
59269,22
59270,23
59271,15
59272,19
59273,15
59274,19
59275,19
59276,19
59277,15
59278,15
59279,15
59280,18
59281,22
59282,15
59283,19
59284,19
59285,9
59286,19
59287,5
59288,22
59289,9
59290,13
59291,15
59292,4
59293,15
59294,15
59295,15
59296,15
59297,22
59298,15
59299,22
59300,15
59301,15
59302,19
59303,4
59304,15
59305,15
59306,15
59307,4
59308,6
59309,15
59310,15
59311,15
59312,15
59313,22
59314,13
59315,22
59316,4
59317,15
59318,19
59319,13
59320,19
59321,15
59322,19
59323,19
59324,15
59325,19
59326,19
59327,15
59328,4
59329,10
59330,10
59331,22
59332,13
59333,15
59334,19
59335,4
59336,6
59337,15
59338,16
59339,11
59340,18
59341,4
59342,4
59343,19
59344,7
59345,15
59346,19
59347,4
59348,15
59349,10
59350,15
59351,12
59352,13
59353,4
59354,4
59355,22
59356,5
59357,4
59358,13
59359,9
59360,4
59361,19
59362,4
59363,23
59364,4
59365,15
59366,19
59367,4
59368,10
59369,4
59370,9
59371,18
59372,13
59373,22
59374,9
59375,15
59376,15
59377,19
59378,18
59379,15
59380,15
59381,15
59382,4
59383,4
59384,6
59385,8
59386,23
59387,15
59388,4
59389,19
59390,4
59391,13
59392,15
59393,13
59394,13
59395,4
59396,13
59397,13
59398,13
59399,19
59400,19
59401,19
59402,15
59403,6
59404,15
59405,22
59406,15
59407,15
59408,4
59409,13
59410,10
59411,10
59412,13
59413,14
59414,5
59415,4
59416,22
59417,13
59418,4
59419,23
59420,10
59421,2
59422,19
59423,15
59424,19
59425,15
59426,15
59427,4
59428,22
59429,22
59430,4
59431,18
59432,19
59433,23
59434,23
59435,15
59436,15
59437,15
59438,10
59439,19
59440,15
59441,15
59442,10
59443,22
59444,15
59445,19
59446,13
59447,19
59448,22
59449,4
59450,13
59451,13
59452,4
59453,15
59454,4
59455,15
59456,13
59457,15
59458,22
59459,15
59460,9
59461,4
59462,4
59463,15
59464,4
59465,0
59466,15
59467,5
59468,22
59469,13
59470,19
59471,19
59472,19
59473,2
59474,19
59475,12
59476,1
59477,18
59478,13
59479,15
59480,6
59481,19
59482,4
59483,15
59484,15
59485,19
59486,15
59487,4
59488,15
59489,22
59490,13
59491,15
59492,15
59493,4
59494,15
59495,4
59496,4
59497,10
59498,13
59499,15
59500,15
59501,1
59502,13
59503,23
59504,19
59505,4
59506,19
59507,4
59508,15
59509,15
59510,19
59511,14
59512,15
59513,4
59514,13
59515,13
59516,15
59517,13
59518,15
59519,15
59520,19
59521,10
59522,15
59523,19
59524,15
59525,19
59526,15
59527,15
59528,15
59529,13
59530,12
59531,4
59532,19
59533,15
59534,15
59535,4
59536,15
59537,19
59538,16
59539,2
59540,19
59541,19
59542,11
59543,4
59544,14
59545,9
59546,22
59547,15
59548,4
59549,15
59550,4
59551,22
59552,18
59553,15
59554,18
59555,19
59556,15
59557,15
59558,4
59559,22
59560,23
59561,15
59562,9
59563,4
59564,22
59565,22
59566,10
59567,14
59568,15
59569,19
59570,15
59571,22
59572,19
59573,19
59574,15
59575,19
59576,4
59577,15
59578,4
59579,22
59580,4
59581,13
59582,4
59583,22
59584,4
59585,23
59586,6
59587,13
59588,13
59589,19
59590,0
59591,15
59592,15
59593,10
59594,15
59595,18
59596,22
59597,19
59598,15
59599,15
59600,13
59601,19
59602,22
59603,19
59604,9
59605,15
59606,6
59607,22
59608,15
59609,15
59610,11
59611,19
59612,15
59613,19
59614,4
59615,15
59616,15
59617,10
59618,13
59619,4
59620,4
59621,4
59622,4
59623,19
59624,18
59625,19
59626,23
59627,11
59628,4
59629,19
59630,19
59631,4
59632,15
59633,4
59634,4
59635,12
59636,15
59637,19
59638,19
59639,13
59640,4
59641,15
59642,12
59643,13
59644,19
59645,19
59646,19
59647,10
59648,10
59649,19
59650,15
59651,15
59652,15
59653,23
59654,19
59655,19
59656,15
59657,13
59658,19
59659,4
59660,23
59661,15
59662,13
59663,15
59664,15
59665,15
59666,22
59667,18
59668,15
59669,1
59670,19
59671,15
59672,4
59673,14
59674,22
59675,12
59676,4
59677,23
59678,22
59679,13
59680,15
59681,13
59682,19
59683,13
59684,15
59685,13
59686,19
59687,23
59688,10
59689,15
59690,10
59691,19
59692,15
59693,19
59694,15
59695,10
59696,15
59697,13
59698,15
59699,19
59700,19
59701,15
59702,4
59703,15
59704,4
59705,4
59706,5
59707,22
59708,4
59709,1
59710,13
59711,22
59712,15
59713,22
59714,13
59715,15
59716,19
59717,19
59718,13
59719,15
59720,15
59721,13
59722,19
59723,15
59724,15
59725,23
59726,10
59727,4
59728,15
59729,19
59730,6
59731,9
59732,15
59733,15
59734,13
59735,22
59736,13
59737,4
59738,15
59739,15
59740,4
59741,15
59742,11
59743,4
59744,15
59745,15
59746,4
59747,13
59748,4
59749,10
59750,4
59751,19
59752,10
59753,13
59754,15
59755,13
59756,0
59757,9
59758,15
59759,15
59760,13
59761,9
59762,4
59763,15
59764,15
59765,19
59766,15
59767,10
59768,9
59769,13
59770,15
59771,14
59772,22
59773,10
59774,4
59775,15
59776,15
59777,4
59778,6
59779,18
59780,23
59781,15
59782,15
59783,15
59784,4
59785,15
59786,19
59787,15
59788,10
59789,19
59790,13
59791,13
59792,15
59793,15
59794,13
59795,4
59796,4
59797,19
59798,19
59799,4
59800,15
59801,19
59802,18
59803,22
59804,4
59805,5
59806,15
59807,10
59808,15
59809,23
59810,10
59811,15
59812,13
59813,15
59814,13
59815,9
59816,19
59817,13
59818,1
59819,4
59820,15
59821,15
59822,13
59823,15
59824,15
59825,15
59826,4
59827,19
59828,19
59829,23
59830,9
59831,19
59832,20
59833,19
59834,4
59835,15
59836,13
59837,4
59838,11
59839,22
59840,4
59841,15
59842,19
59843,0
59844,13
59845,22
59846,13
59847,18
59848,10
59849,4
59850,15
59851,19
59852,10
59853,4
59854,15
59855,4
59856,4
59857,15
59858,4
59859,15
59860,15
59861,15
59862,15
59863,4
59864,15
59865,13
59866,15
59867,13
59868,18
59869,15
59870,10
59871,18
59872,22
59873,4
59874,19
59875,16
59876,19
59877,19
59878,15
59879,13
59880,15
59881,22
59882,19
59883,13
59884,5
59885,19
59886,13
59887,4
59888,15
59889,11
59890,22
59891,22
59892,15
59893,19
59894,22
59895,12
59896,19
59897,4
59898,10
59899,15
59900,18
59901,13
59902,16
59903,23
59904,19
59905,16
59906,18
59907,19
59908,11
59909,23
59910,4
59911,13
59912,4
59913,13
59914,19
59915,4
59916,12
59917,6
59918,22
59919,22
59920,15
59921,4
59922,23
59923,19
59924,19
59925,15
59926,6
59927,19
59928,22
59929,15
59930,15
59931,15
59932,13
59933,23
59934,13
59935,15
59936,15
59937,23
59938,15
59939,13
59940,19
59941,15
59942,19
59943,15
59944,6
59945,19
59946,13
59947,15
59948,19
59949,5
59950,11
59951,15
59952,13
59953,13
59954,15
59955,19
59956,22
59957,19
59958,15
59959,15
59960,10
59961,19
59962,4
59963,15
59964,19
59965,19
59966,15
59967,15
59968,14
59969,18
59970,19
59971,19
59972,19
59973,15
59974,4
59975,19
59976,4
59977,15
59978,13
59979,22
59980,4
59981,19
59982,4
59983,19
59984,19
59985,18
59986,4
59987,15
59988,15
59989,19
59990,4
59991,4
59992,15
59993,4
59994,22
59995,15
59996,15
59997,19
59998,15
59999,4
60000,15
60001,22
60002,13
60003,15
60004,4
60005,4
60006,9
60007,15
60008,4
60009,15
60010,15
60011,15
60012,13
60013,19
60014,19
60015,10
60016,15
60017,13
60018,5
60019,15
60020,4
60021,10
60022,4
60023,15
60024,15
60025,15
60026,23
60027,4
60028,10
60029,23
60030,13
60031,15
60032,6
60033,19
60034,15
60035,15
60036,19
60037,19
60038,13
60039,4
60040,19
60041,15
60042,13
60043,4
60044,5
60045,15
60046,4
60047,15
60048,19
60049,4
60050,19
60051,4
60052,15
60053,19
60054,22
60055,6
60056,4
60057,19
60058,4
60059,13
60060,13
60061,15
60062,15
60063,22
60064,15
60065,13
60066,4
60067,15
60068,15
60069,19
60070,14
60071,9
60072,5
60073,22
60074,4
60075,4
60076,15
60077,15
60078,19
60079,19
60080,15
60081,13
60082,15
60083,19
60084,4
60085,15
60086,19
60087,15
60088,15
60089,13
60090,11
60091,4
60092,15
60093,0
60094,23
60095,13
60096,4
60097,22
60098,15
60099,18
60100,15
60101,19
60102,15
60103,15
60104,4
60105,13
60106,19
60107,22
60108,13
60109,19
60110,4
60111,4
60112,19
60113,4
60114,2
60115,19
60116,15
60117,15
60118,19
60119,23
60120,23
60121,18
60122,13
60123,18
60124,18
60125,15
60126,6
60127,11
60128,15
60129,5
60130,15
60131,19
60132,15
60133,15
60134,4
60135,15
60136,4
60137,22
60138,10
60139,13
60140,13
60141,1
60142,15
60143,15
60144,15
60145,4
60146,18
60147,19
60148,15
60149,13
60150,18
60151,15
60152,15
60153,14
60154,15
60155,10
60156,15
60157,22
60158,19
60159,19
60160,13
60161,1
60162,22
60163,4
60164,4
60165,19
60166,4
60167,22
60168,15
60169,19
60170,15
60171,15
60172,10
60173,23
60174,1
60175,4
60176,15
60177,13
60178,15
60179,14
60180,4
60181,15
60182,15
60183,18
60184,19
60185,10
60186,15
60187,15
60188,22
60189,18
60190,19
60191,22
60192,13
60193,15
60194,11
60195,19
60196,15
60197,4
60198,13
60199,13
60200,13
60201,1
60202,4
60203,15
60204,19
60205,15
60206,19
60207,11
60208,4
60209,22
60210,22
60211,4
60212,4
60213,23
60214,11
60215,15
60216,15
60217,4
60218,15
60219,19
60220,13
60221,15
60222,23
60223,15
60224,4
60225,19
60226,13
60227,15
60228,12
60229,15
60230,22
60231,22
60232,13
60233,4
60234,4
60235,9
60236,15
60237,14
60238,10
60239,15
60240,19
60241,15
60242,22
60243,2
60244,15
60245,15
60246,23
60247,15
60248,18
60249,22
60250,19
60251,13
60252,13
60253,19
60254,18
60255,15
60256,11
60257,19
60258,4
60259,13
60260,4
60261,23
60262,15
60263,15
60264,19
60265,19
60266,4
60267,13
60268,19
60269,22
60270,19
60271,15
60272,13
60273,13
60274,15
60275,15
60276,22
60277,13
60278,13
60279,15
60280,15
60281,18
60282,1
60283,15
60284,13
60285,4
60286,5
60287,22
60288,13
60289,19
60290,19
60291,15
60292,23
60293,15
60294,15
60295,4
60296,15
60297,5
60298,22
60299,13
60300,15
60301,15
60302,3
60303,19
60304,22
60305,18
60306,6
60307,15
60308,22
60309,22
60310,19
60311,19
60312,19
60313,15
60314,22
60315,4
60316,15
60317,15
60318,10
60319,10
60320,13
60321,15
60322,15
60323,19
60324,19
60325,15
60326,23
60327,4
60328,23
60329,23
60330,13
60331,19
60332,15
60333,23
60334,13
60335,4
60336,15
60337,13
60338,13
60339,22
60340,19
60341,19
60342,15
60343,15
60344,19
60345,15
60346,19
60347,19
60348,15
60349,19
60350,19
60351,15
60352,18
60353,15
60354,9
60355,15
60356,4
60357,15
60358,15
60359,11
60360,15
60361,7
60362,13
60363,19
60364,11
60365,19
60366,15
60367,23
60368,19
60369,15
60370,19
60371,12
60372,15
60373,6
60374,15
60375,4
60376,19
60377,9
60378,15
60379,15
60380,15
60381,15
60382,19
60383,4
60384,19
60385,13
60386,19
60387,4
60388,15
60389,15
60390,9
60391,4
60392,15
60393,22
60394,13
60395,13
60396,22
60397,19
60398,23
60399,23
60400,13
60401,15
60402,4
60403,19
60404,18
60405,13
60406,2
60407,8
60408,22
60409,13
60410,4
60411,15
60412,10
60413,15
60414,15
60415,22
60416,15
60417,15
60418,13
60419,10
60420,19
60421,4
60422,0
60423,23
60424,23
60425,13
60426,12
60427,15
60428,13
60429,15
60430,15
60431,23
60432,15
60433,4
60434,0
60435,4
60436,1
60437,22
60438,15
60439,4
60440,15
60441,19
60442,22
60443,13
60444,15
60445,15
60446,15
60447,23
60448,10
60449,3
60450,4
60451,10
60452,4
60453,15
60454,15
60455,19
60456,19
60457,5
60458,15
60459,23
60460,4
60461,4
60462,15
60463,19
60464,4
60465,15
60466,15
60467,15
60468,4
60469,13
60470,19
60471,4
60472,15
60473,22
60474,19
60475,19
60476,15
60477,19
60478,14
60479,18
60480,22
60481,15
60482,22
60483,10
60484,5
60485,4
60486,15
60487,4
60488,15
60489,14
60490,12
60491,10
60492,4
60493,15
60494,9
60495,15
60496,15
60497,19
60498,15
60499,13
60500,4
60501,18
60502,5
60503,13
60504,4
60505,23
60506,19
60507,23
60508,9
60509,15
60510,22
60511,5
60512,19
60513,13
60514,15
60515,15
60516,13
60517,10
60518,23
60519,22
60520,4
60521,4
60522,9
60523,4
60524,18
60525,13
60526,4
60527,15
60528,6
60529,10
60530,19
60531,19
60532,4
60533,23
60534,15
60535,23
60536,10
60537,12
60538,15
60539,4
60540,15
60541,5
60542,18
60543,2
60544,5
60545,19
60546,4
60547,13
60548,22
60549,15
60550,19
60551,19
60552,13
60553,13
60554,15
60555,4
60556,15
60557,19
60558,23
60559,15
60560,23
60561,15
60562,23
60563,4
60564,15
60565,22
60566,19
60567,15
60568,4
60569,4
60570,19
60571,12
60572,19
60573,11
60574,18
60575,19
60576,18
60577,6
60578,13
60579,19
60580,13
60581,13
60582,22
60583,19
60584,9
60585,22
60586,15
60587,9
60588,23
60589,15
60590,19
60591,13
60592,15
60593,4
60594,15
60595,4
60596,11
60597,19
60598,23
60599,15
60600,18
60601,22
60602,13
60603,14
60604,4
60605,19
60606,22
60607,22
60608,15
60609,18
60610,15
60611,22
60612,15
60613,15
60614,19
60615,5
60616,10
60617,4
60618,15
60619,19
60620,23
60621,15
60622,18
60623,4
60624,15
60625,4
60626,4
60627,19
60628,13
60629,23
60630,15
60631,22
60632,15
60633,19
60634,15
60635,13
60636,15
60637,6
60638,10
60639,10
60640,22
60641,19
60642,15
60643,22
60644,10
60645,4
60646,19
60647,13
60648,15
60649,19
60650,4
60651,15
60652,15
60653,15
60654,19
60655,4
60656,15
60657,15
60658,4
60659,15
60660,23
60661,12
60662,15
60663,15
60664,23
60665,15
60666,15
60667,19
60668,15
60669,18
60670,4
60671,13
60672,18
60673,23
60674,19
60675,10
60676,15
60677,19
60678,13
60679,4
60680,13
60681,22
60682,15
60683,4
60684,15
60685,15
60686,15
60687,9
60688,0
60689,19
60690,15
60691,15
60692,15
60693,19
60694,15
60695,19
60696,4
60697,19
60698,15
60699,15
60700,15
60701,15
60702,4
60703,15
60704,23
60705,22
60706,19
60707,4
60708,15
60709,15
60710,4
60711,22
60712,13
60713,15
60714,15
60715,22
60716,15
60717,2
60718,5
60719,22
60720,15
60721,10
60722,4
60723,19
60724,23
60725,4
60726,15
60727,13
60728,10
60729,15
60730,13
60731,15
60732,13
60733,4
60734,19
60735,13
60736,9
60737,9
60738,4
60739,19
60740,4
60741,15
60742,19
60743,22
60744,15
60745,15
60746,19
60747,4
60748,19
60749,15
60750,15
60751,19
60752,19
60753,19
60754,14
60755,15
60756,15
60757,15
60758,9
60759,13
60760,23
60761,19
60762,15
60763,15
60764,18
60765,18
60766,15
60767,22
60768,4
60769,1
60770,15
60771,10
60772,3
60773,4
60774,15
60775,22
60776,19
60777,15
60778,13
60779,4
60780,15
60781,19
60782,15
60783,2
60784,15
60785,15
60786,15
60787,23
60788,10
60789,15
60790,13
60791,15
60792,15
60793,15
60794,23
60795,19
60796,19
60797,4
60798,15
60799,15
60800,10
60801,15
60802,22
60803,15
60804,15
60805,22
60806,15
60807,10
60808,19
60809,19
60810,19
60811,6
60812,15
60813,4
60814,4
60815,6
60816,13
60817,19
60818,4
60819,15
60820,13
60821,19
60822,19
60823,19
60824,4
60825,22
60826,15
60827,4
60828,19
60829,13
60830,15
60831,19
60832,19
60833,15
60834,15
60835,15
60836,19
60837,19
60838,19
60839,4
60840,4
60841,15
60842,1
60843,15
60844,13
60845,15
60846,15
60847,6
60848,4
60849,15
60850,11
60851,22
60852,13
60853,13
60854,19
60855,4
60856,4
60857,19
60858,4
60859,15
60860,23
60861,9
60862,16
60863,9
60864,9
60865,4
60866,2
60867,15
60868,4
60869,19
60870,9
60871,15
60872,10
60873,13
60874,13
60875,23
60876,4
60877,15
60878,15
60879,18
60880,10
60881,15
60882,15
60883,19
60884,4
60885,15
60886,15
60887,23
60888,4
60889,15
60890,4
60891,4
60892,4
60893,4
60894,15
60895,15
60896,15
60897,22
60898,15
60899,4
60900,4
60901,15
60902,4
60903,18
60904,18
60905,22
60906,4
60907,15
60908,4
60909,19
60910,14
60911,1
60912,15
60913,19
60914,10
60915,1
60916,15
60917,4
60918,15
60919,22
60920,15
60921,23
60922,18
60923,15
60924,13
60925,13
60926,18
60927,4
60928,4
60929,19
60930,4
60931,13
60932,10
60933,15
60934,19
60935,15
60936,15
60937,15
60938,22
60939,15
60940,19
60941,9
60942,15
60943,23
60944,15
60945,15
60946,19
60947,19
60948,15
60949,22
60950,14
60951,13
60952,19
60953,22
60954,19
60955,13
60956,15
60957,15
60958,4
60959,15
60960,15
60961,18
60962,19
60963,22
60964,13
60965,12
60966,4
60967,15
60968,4
60969,4
60970,18
60971,22
60972,23
60973,19
60974,15
60975,14
60976,18
60977,19
60978,19
60979,18
60980,13
60981,6
60982,10
60983,15
60984,15
60985,15
60986,15
60987,15
60988,4
60989,23
60990,13
60991,13
60992,19
60993,18
60994,19
60995,15
60996,1
60997,15
60998,15
60999,19
61000,4
61001,23
61002,13
61003,18
61004,4
61005,15
61006,19
61007,13
61008,13
61009,15
61010,4
61011,15
61012,15
61013,15
61014,15
61015,19
61016,4
61017,22
61018,22
61019,19
61020,19
61021,15
61022,13
61023,4
61024,23
61025,4
61026,5
61027,19
61028,15
61029,15
61030,4
61031,15
61032,9
61033,4
61034,13
61035,11
61036,13
61037,13
61038,15
61039,19
61040,13
61041,4
61042,4
61043,12
61044,4
61045,22
61046,14
61047,15
61048,19
61049,15
61050,18
61051,19
61052,19
61053,13
61054,15
61055,19
61056,15
61057,15
61058,19
61059,4
61060,4
61061,15
61062,23
61063,15
61064,19
61065,13
61066,13
61067,22
61068,19
61069,15
61070,15
61071,4
61072,15
61073,10
61074,15
61075,4
61076,13
61077,6
61078,4
61079,19
61080,19
61081,15
61082,11
61083,16
61084,19
61085,10
61086,15
61087,18
61088,15
61089,19
61090,10
61091,13
61092,4
61093,23
61094,4
61095,15
61096,4
61097,19
61098,15
61099,13
61100,22
61101,15
61102,12
61103,19
61104,13
61105,10
61106,15
61107,13
61108,15
61109,15
61110,15
61111,15
61112,14
61113,23
61114,15
61115,15
61116,19
61117,13
61118,19
61119,22
61120,19
61121,15
61122,15
61123,19
61124,15
61125,23
61126,15
61127,19
61128,4
61129,19
61130,4
61131,9
61132,15
61133,4
61134,15
61135,15
61136,4
61137,19
61138,19
61139,15
61140,19
61141,4
61142,15
61143,15
61144,22
61145,15
61146,15
61147,4
61148,4
61149,15
61150,2
61151,4
61152,15
61153,5
61154,15
61155,4
61156,15
61157,4
61158,15
61159,6
61160,15
61161,4
61162,17
61163,19
61164,23
61165,15
61166,5
61167,15
61168,4
61169,13
61170,15
61171,13
61172,1
61173,19
61174,13
61175,13
61176,19
61177,15
61178,12
61179,15
61180,22
61181,19
61182,18
61183,15
61184,11
61185,5
61186,2
61187,4
61188,4
61189,18
61190,13
61191,15
61192,4
61193,19
61194,19
61195,23
61196,15
61197,15
61198,23
61199,15
61200,4
61201,15
61202,4
61203,6
61204,19
61205,15
61206,19
61207,4
61208,13
61209,4
61210,4
61211,15
61212,4
61213,15
61214,9
61215,13
61216,4
61217,19
61218,15
61219,15
61220,22
61221,19
61222,19
61223,19
61224,23
61225,10
61226,15
61227,15
61228,22
61229,15
61230,22
61231,23
61232,15
61233,19
61234,13
61235,22
61236,15
61237,15
61238,15
61239,13
61240,15
61241,15
61242,15
61243,19
61244,15
61245,22
61246,15
61247,13
61248,16
61249,4
61250,2
61251,22
61252,4
61253,4
61254,19
61255,19
61256,15
61257,15
61258,6
61259,15
61260,15
61261,23
61262,15
61263,15
61264,13
61265,19
61266,11
61267,15
61268,15
61269,15
61270,22
61271,4
61272,4
61273,4
61274,5
61275,16
61276,4
61277,23
61278,12
61279,15
61280,15
61281,19
61282,22
61283,19
61284,4
61285,13
61286,22
61287,5
61288,19
61289,19
61290,4
61291,15
61292,23
61293,15
61294,9
61295,6
61296,15
61297,19
61298,10
61299,19
61300,0
61301,13
61302,10
61303,15
61304,13
61305,7
61306,2
61307,15
61308,15
61309,15
61310,15
61311,13
61312,12
61313,19
61314,13
61315,19
61316,6
61317,9
61318,15
61319,18
61320,15
61321,4
61322,15
61323,22
61324,15
61325,15
61326,13
61327,15
61328,23
61329,15
61330,13
61331,23
61332,15
61333,18
61334,11
61335,22
61336,6
61337,22
61338,13
61339,19
61340,1
61341,15
61342,15
61343,10
61344,19
61345,19
61346,15
61347,13
61348,4
61349,4
61350,10
61351,13
61352,15
61353,15
61354,16
61355,5
61356,22
61357,23
61358,13
61359,4
61360,15
61361,15
61362,23
61363,10
61364,15
61365,22
61366,19
61367,4
61368,4
61369,4
61370,19
61371,15
61372,4
61373,4
61374,19
61375,19
61376,19
61377,13
61378,19
61379,15
61380,22
61381,15
61382,22
61383,22
61384,15
61385,15
61386,18
61387,13
61388,19
61389,4
61390,19
61391,6
61392,22
61393,4
61394,10
61395,13
61396,13
61397,18
61398,19
61399,9
61400,16
61401,23
61402,18
61403,15
61404,15
61405,4
61406,15
61407,4
61408,15
61409,1
61410,13
61411,19
61412,10
61413,19
61414,19
61415,15
61416,4
61417,4
61418,19
61419,22
61420,13
61421,15
61422,19
61423,15
61424,15
61425,13
61426,15
61427,19
61428,10
61429,2
61430,13
61431,13
61432,10
61433,4
61434,15
61435,4
61436,4
61437,4
61438,15
61439,12
61440,22
61441,22
61442,13
61443,4
61444,4
61445,19
61446,18
61447,4
61448,19
61449,10
61450,15
61451,13
61452,13
61453,15
61454,18
61455,3
61456,22
61457,13
61458,6
61459,15
61460,22
61461,15
61462,15
61463,4
61464,4
61465,15
61466,4
61467,9
61468,15
61469,1
61470,18
61471,18
61472,19
61473,15
61474,4
61475,15
61476,22
61477,15
61478,4
61479,13
61480,15
61481,12
61482,13
61483,19
61484,6
61485,15
61486,4
61487,15
61488,15
61489,19
61490,4
61491,5
61492,19
61493,4
61494,4
61495,15
61496,13
61497,13
61498,15
61499,4
61500,22
61501,18
61502,19
61503,15
61504,3
61505,15
61506,20
61507,9
61508,4
61509,22
61510,15
61511,22
61512,15
61513,22
61514,4
61515,22
61516,15
61517,15
61518,9
61519,4
61520,15
61521,13
61522,4
61523,4
61524,18
61525,15
61526,19
61527,23
61528,15
61529,15
61530,15
61531,4
61532,19
61533,18
61534,18
61535,6
61536,4
61537,15
61538,23
61539,18
61540,13
61541,15
61542,10
61543,19
61544,15
61545,13
61546,16
61547,15
61548,13
61549,15
61550,15
61551,19
61552,11
61553,16
61554,15
61555,19
61556,22
61557,15
61558,18
61559,13
61560,15
61561,15
61562,23
61563,22
61564,15
61565,15
61566,13
61567,11
61568,18
61569,4
61570,4
61571,23
61572,22
61573,13
61574,15
61575,22
61576,19
61577,22
61578,19
61579,5
61580,11
61581,19
61582,4
61583,4
61584,23
61585,15
61586,2
61587,19
61588,22
61589,22
61590,15
61591,19
61592,13
61593,19
61594,10
61595,22
61596,4
61597,4
61598,19
61599,15
61600,19
61601,15
61602,4
61603,22
61604,15
61605,19
61606,15
61607,4
61608,18
61609,19
61610,15
61611,18
61612,4
61613,15
61614,15
61615,15
61616,15
61617,5
61618,15
61619,15
61620,15
61621,4
61622,15
61623,4
61624,4
61625,4
61626,19
61627,23
61628,15
61629,19
61630,19
61631,19
61632,19
61633,14
61634,4
61635,19
61636,22
61637,10
61638,15
61639,11
61640,15
61641,19
61642,23
61643,19
61644,4
61645,15
61646,15
61647,12
61648,22
61649,19
61650,19
61651,4
61652,11
61653,22
61654,19
61655,1
61656,4
61657,15
61658,15
61659,13
61660,13
61661,4
61662,15
61663,23
61664,15
61665,19
61666,15
61667,15
61668,2
61669,10
61670,19
61671,15
61672,13
61673,15
61674,23
61675,13
61676,15
61677,15
61678,15
61679,4
61680,13
61681,15
61682,13
61683,22
61684,5
61685,22
61686,4
61687,15
61688,19
61689,15
61690,19
61691,15
61692,15
61693,6
61694,13
61695,12
61696,4
61697,19
61698,4
61699,23
61700,4
61701,10
61702,15
61703,6
61704,23
61705,13
61706,15
61707,6
61708,18
61709,15
61710,15
61711,13
61712,10
61713,4
61714,19
61715,15
61716,15
61717,19
61718,4
61719,4
61720,13
61721,4
61722,13
61723,19
61724,15
61725,19
61726,13
61727,15
61728,15
61729,4
61730,6
61731,13
61732,15
61733,15
61734,15
61735,1
61736,15
61737,13
61738,15
61739,13
61740,9
61741,19
61742,19
61743,4
61744,18
61745,13
61746,15
61747,15
61748,13
61749,1
61750,5
61751,2
61752,11
61753,15
61754,15
61755,13
61756,13
61757,19
61758,4
61759,15
61760,9
61761,13
61762,22
61763,12
61764,18
61765,19
61766,4
61767,19
61768,22
61769,15
61770,10
61771,4
61772,15
61773,15
61774,15
61775,13
61776,19
61777,15
61778,15
61779,19
61780,15
61781,4
61782,15
61783,18
61784,13
61785,4
61786,22
61787,13
61788,18
61789,4
61790,19
61791,4
61792,4
61793,18
61794,15
61795,15
61796,9
61797,19
61798,18
61799,15
61800,19
61801,15
61802,18
61803,9
61804,23
61805,15
61806,15
61807,4
61808,22
61809,23
61810,15
61811,10
61812,15
61813,4
61814,13
61815,15
61816,15
61817,4
61818,15
61819,13
61820,19
61821,22
61822,4
61823,19
61824,18
61825,15
61826,15
61827,18
61828,13
61829,4
61830,19
61831,19
61832,18
61833,13
61834,4
61835,15
61836,13
61837,22
61838,18
61839,19
61840,19
61841,23
61842,15
61843,23
61844,19
61845,13
61846,19
61847,13
61848,10
61849,15
61850,15
61851,15
61852,15
61853,23
61854,12
61855,4
61856,15
61857,13
61858,22
61859,15
61860,10
61861,16
61862,22
61863,19
61864,19
61865,15
61866,4
61867,15
61868,4
61869,15
61870,15
61871,19
61872,13
61873,15
61874,4
61875,23
61876,15
61877,15
61878,19
61879,4
61880,4
61881,19
61882,19
61883,15
61884,15
61885,19
61886,19
61887,19
61888,4
61889,19
61890,15
61891,13
61892,10
61893,1
61894,19
61895,10
61896,23
61897,19
61898,4
61899,4
61900,18
61901,15
61902,9
61903,13
61904,19
61905,15
61906,15
61907,19
61908,18
61909,19
61910,22
61911,13
61912,12
61913,19
61914,10
61915,4
61916,9
61917,15
61918,22
61919,4
61920,16
61921,15
61922,15
61923,15
61924,1
61925,4
61926,15
61927,23
61928,19
61929,15
61930,4
61931,4
61932,6
61933,13
61934,4
61935,19
61936,19
61937,15
61938,19
61939,22
61940,4
61941,5
61942,19
61943,6
61944,22
61945,13
61946,23
61947,18
61948,22
61949,19
61950,15
61951,18
61952,15
61953,22
61954,15
61955,15
61956,13
61957,22
61958,4
61959,4
61960,6
61961,18
61962,5
61963,19
61964,15
61965,15
61966,4
61967,22
61968,4
61969,15
61970,19
61971,18
61972,13
61973,15
61974,19
61975,14
61976,12
61977,23
61978,13
61979,10
61980,13
61981,1
61982,18
61983,18
61984,15
61985,15
61986,15
61987,4
61988,18
61989,15
61990,13
61991,13
61992,15
61993,15
61994,4
61995,15
61996,13
61997,18
61998,4
61999,19
62000,19
62001,15
62002,18
62003,19
62004,15
62005,15
62006,4
62007,19
62008,15
62009,10
62010,23
62011,18
62012,19
62013,13
62014,4
62015,18
62016,4
62017,7
62018,4
62019,10
62020,23
62021,14
62022,19
62023,4
62024,15
62025,22
62026,19
62027,23
62028,23
62029,19
62030,13
62031,4
62032,1
62033,4
62034,15
62035,15
62036,2
62037,15
62038,10
62039,15
62040,4
62041,19
62042,15
62043,15
62044,15
62045,15
62046,15
62047,4
62048,4
62049,1
62050,4
62051,9
62052,4
62053,4
62054,10
62055,19
62056,19
62057,10
62058,15
62059,19
62060,4
62061,0
62062,18
62063,4
62064,10
62065,9
62066,15
62067,11
62068,10
62069,1
62070,22
62071,1
62072,18
62073,15
62074,18
62075,12
62076,11
62077,19
62078,13
62079,4
62080,11
62081,11
62082,19
62083,7
62084,4
62085,15
62086,4
62087,4
62088,15
62089,4
62090,6
62091,15
62092,19
62093,4
62094,15
62095,15
62096,10
62097,4
62098,15
62099,22
62100,22
62101,15
62102,13
62103,15
62104,19
62105,22
62106,13
62107,4
62108,22
62109,13
62110,14
62111,13
62112,15
62113,13
62114,15
62115,23
62116,13
62117,13
62118,15
62119,15
62120,15
62121,19
62122,4
62123,15
62124,4
62125,5
62126,15
62127,4
62128,15
62129,9
62130,15
62131,4
62132,15
62133,13
62134,19
62135,15
62136,15
62137,15
62138,15
62139,22
62140,13
62141,13
62142,19
62143,15
62144,10
62145,2
62146,19
62147,18
62148,15
62149,15
62150,15
62151,4
62152,13
62153,4
62154,22
62155,19
62156,13
62157,4
62158,19
62159,15
62160,15
62161,22
62162,15
62163,15
62164,19
62165,22
62166,22
62167,23
62168,13
62169,13
62170,19
62171,13
62172,19
62173,15
62174,4
62175,13
62176,11
62177,22
62178,15
62179,4
62180,4
62181,15
62182,19
62183,4
62184,4
62185,18
62186,15
62187,10
62188,1
62189,15
62190,23
62191,15
62192,15
62193,9
62194,13
62195,4
62196,4
62197,15
62198,22
62199,15
62200,10
62201,15
62202,13
62203,10
62204,19
62205,15
62206,14
62207,22
62208,4
62209,10
62210,15
62211,19
62212,19
62213,10
62214,19
62215,4
62216,10
62217,4
62218,19
62219,23
62220,18
62221,13
62222,15
62223,15
62224,19
62225,1
62226,19
62227,19
62228,15
62229,13
62230,13
62231,13
62232,13
62233,4
62234,4
62235,13
62236,15
62237,18
62238,13
62239,19
62240,23
62241,10
62242,18
62243,22
62244,0
62245,23
62246,6
62247,15
62248,18
62249,13
62250,15
62251,4
62252,15
62253,19
62254,15
62255,13
62256,16
62257,15
62258,23
62259,15
62260,19
62261,15
62262,15
62263,22
62264,19
62265,19
62266,22
62267,15
62268,11
62269,13
62270,13
62271,15
62272,4
62273,15
62274,15
62275,22
62276,23
62277,15
62278,13
62279,22
62280,15
62281,19
62282,6
62283,15
62284,15
62285,23
62286,18
62287,15
62288,15
62289,12
62290,15
62291,4
62292,15
62293,4
62294,15
62295,22
62296,19
62297,19
62298,19
62299,15
62300,15
62301,15
62302,10
62303,22
62304,13
62305,15
62306,23
62307,15
62308,13
62309,15
62310,23
62311,4
62312,19
62313,15
62314,15
62315,15
62316,15
62317,5
62318,19
62319,13
62320,13
62321,13
62322,18
62323,13
62324,15
62325,15
62326,15
62327,4
62328,15
62329,18
62330,4
62331,15
62332,15
62333,23
62334,13
62335,4
62336,13
62337,10
62338,4
62339,22
62340,1
62341,19
62342,22
62343,4
62344,4
62345,13
62346,15
62347,15
62348,4
62349,15
62350,19
62351,4
62352,15
62353,13
62354,19
62355,22
62356,11
62357,15
62358,4
62359,15
62360,13
62361,4
62362,15
62363,15
62364,22
62365,1
62366,15
62367,18
62368,15
62369,15
62370,13
62371,22
62372,23
62373,9
62374,19
62375,15
62376,15
62377,22
62378,19
62379,15
62380,15
62381,19
62382,15
62383,15
62384,15
62385,23
62386,13
62387,10
62388,15
62389,13
62390,15
62391,15
62392,13
62393,15
62394,19
62395,5
62396,15
62397,13
62398,23
62399,4
62400,13
62401,15
62402,15
62403,15
62404,23
62405,4
62406,15
62407,14
62408,13
62409,5
62410,19
62411,19
62412,19
62413,4
62414,4
62415,15
62416,13
62417,10
62418,18
62419,15
62420,15
62421,4
62422,4
62423,22
62424,15
62425,4
62426,15
62427,19
62428,19
62429,19
62430,19
62431,5
62432,22
62433,4
62434,13
62435,16
62436,22
62437,19
62438,13
62439,11
62440,4
62441,4
62442,15
62443,15
62444,19
62445,15
62446,15
62447,22
62448,23
62449,19
62450,4
62451,15
62452,13
62453,4
62454,4
62455,22
62456,13
62457,4
62458,4
62459,19
62460,12
62461,6
62462,22
62463,1
62464,15
62465,19
62466,4
62467,18
62468,10
62469,19
62470,15
62471,13
62472,23
62473,15
62474,10
62475,15
62476,23
62477,15
62478,4
62479,15
62480,4
62481,19
62482,19
62483,18
62484,22
62485,15
62486,1
62487,15
62488,15
62489,19
62490,1
62491,22
62492,19
62493,18
62494,23
62495,19
62496,13
62497,22
62498,4
62499,19
62500,13
62501,15
62502,15
62503,22
62504,4
62505,13
62506,13
62507,18
62508,23
62509,15
62510,19
62511,4
62512,4
62513,15
62514,22
62515,6
62516,22
62517,7
62518,10
62519,19
62520,18
62521,15
62522,15
62523,1
62524,15
62525,15
62526,10
62527,23
62528,19
62529,15
62530,1
62531,15
62532,12
62533,19
62534,15
62535,13
62536,4
62537,12
62538,5
62539,19
62540,2
62541,13
62542,19
62543,6
62544,13
62545,15
62546,15
62547,16
62548,4
62549,1
62550,19
62551,19
62552,19
62553,13
62554,4
62555,19
62556,19
62557,18
62558,5
62559,18
62560,16
62561,15
62562,15
62563,23
62564,4
62565,15
62566,15
62567,4
62568,19
62569,15
62570,15
62571,15
62572,19
62573,18
62574,15
62575,10
62576,19
62577,15
62578,9
62579,15
62580,15
62581,15
62582,13
62583,4
62584,10
62585,13
62586,15
62587,0
62588,15
62589,23
62590,22
62591,22
62592,1
62593,15
62594,15
62595,18
62596,19
62597,4
62598,3
62599,10
62600,19
62601,13
62602,6
62603,10
62604,15
62605,15
62606,22
62607,4
62608,19
62609,13
62610,15
62611,15
62612,19
62613,15
62614,15
62615,15
62616,15
62617,15
62618,16
62619,23
62620,13
62621,15
62622,13
62623,15
62624,15
62625,4
62626,18
62627,22
62628,4
62629,22
62630,19
62631,15
62632,15
62633,22
62634,19
62635,15
62636,13
62637,19
62638,4
62639,4
62640,15
62641,22
62642,4
62643,10
62644,15
62645,15
62646,4
62647,3
62648,22
62649,4
62650,4
62651,13
62652,15
62653,4
62654,13
62655,11
62656,15
62657,22
62658,23
62659,14
62660,10
62661,13
62662,4
62663,15
62664,4
62665,19
62666,15
62667,15
62668,4
62669,1
62670,4
62671,10
62672,19
62673,22
62674,15
62675,15
62676,15
62677,22
62678,2
62679,19
62680,22
62681,15
62682,19
62683,11
62684,4
62685,22
62686,4
62687,15
62688,15
62689,10
62690,4
62691,18
62692,23
62693,4
62694,15
62695,19
62696,15
62697,10
62698,15
62699,4
62700,22
62701,4
62702,22
62703,4
62704,13
62705,13
62706,19
62707,22
62708,13
62709,13
62710,1
62711,19
62712,13
62713,9
62714,23
62715,4
62716,15
62717,15
62718,19
62719,4
62720,15
62721,13
62722,15
62723,15
62724,22
62725,15
62726,23
62727,15
62728,22
62729,13
62730,15
62731,19
62732,18
62733,4
62734,4
62735,15
62736,4
62737,4
62738,11
62739,15
62740,22
62741,4
62742,19
62743,19
62744,15
62745,15
62746,4
62747,13
62748,22
62749,19
62750,15
62751,4
62752,15
62753,10
62754,15
62755,11
62756,15
62757,4
62758,15
62759,6
62760,15
62761,22
62762,4
62763,6
62764,15
62765,4
62766,10
62767,19
62768,4
62769,15
62770,19
62771,15
62772,15
62773,15
62774,23
62775,15
62776,19
62777,4
62778,12
62779,15
62780,13
62781,13
62782,4
62783,15
62784,19
62785,15
62786,15
62787,4
62788,15
62789,4
62790,4
62791,15
62792,4
62793,15
62794,19
62795,13
62796,13
62797,15
62798,19
62799,15
62800,19
62801,15
62802,5
62803,14
62804,15
62805,22
62806,15
62807,19
62808,19
62809,18
62810,18
62811,10
62812,15
62813,19
62814,13
62815,15
62816,22
62817,4
62818,15
62819,15
62820,19
62821,23
62822,15
62823,19
62824,10
62825,15
62826,19
62827,19
62828,15
62829,13
62830,13
62831,19
62832,4
62833,4
62834,10
62835,15
62836,23
62837,15
62838,10
62839,13
62840,14
62841,19
62842,15
62843,15
62844,15
62845,15
62846,13
62847,11
62848,4
62849,15
62850,9
62851,15
62852,22
62853,18
62854,15
62855,13
62856,19
62857,4
62858,13
62859,19
62860,15
62861,10
62862,23
62863,15
62864,5
62865,22
62866,22
62867,4
62868,10
62869,13
62870,19
62871,15
62872,15
62873,13
62874,4
62875,15
62876,13
62877,22
62878,0
62879,22
62880,6
62881,13
62882,4
62883,13
62884,15
62885,19
62886,15
62887,15
62888,15
62889,15
62890,0
62891,4
62892,15
62893,15
62894,15
62895,4
62896,13
62897,13
62898,13
62899,15
62900,15
62901,4
62902,23
62903,15
62904,12
62905,4
62906,10
62907,1
62908,22
62909,1
62910,15
62911,15
62912,13
62913,10
62914,13
62915,15
62916,4
62917,13
62918,15
62919,22
62920,4
62921,22
62922,19
62923,15
62924,10
62925,4
62926,15
62927,15
62928,4
62929,15
62930,15
62931,10
62932,11
62933,19
62934,10
62935,4
62936,19
62937,15
62938,13
62939,15
62940,13
62941,13
62942,15
62943,15
62944,15
62945,19
62946,4
62947,4
62948,15
62949,19
62950,15
62951,18
62952,18
62953,19
62954,15
62955,4
62956,19
62957,15
62958,22
62959,4
62960,15
62961,4
62962,4
62963,22
62964,4
62965,19
62966,15
62967,2
62968,15
62969,13
62970,22
62971,15
62972,22
62973,1
62974,9
62975,23
62976,15
62977,19
62978,13
62979,15
62980,19
62981,2
62982,22
62983,6
62984,4
62985,4
62986,9
62987,4
62988,15
62989,19
62990,13
62991,15
62992,15
62993,19
62994,13
62995,19
62996,15
62997,4
62998,15
62999,22
63000,22
63001,15
63002,12
63003,15
63004,4
63005,15
63006,15
63007,15
63008,15
63009,13
63010,13
63011,15
63012,19
63013,13
63014,4
63015,4
63016,15
63017,15
63018,15
63019,13
63020,18
63021,4
63022,15
63023,4
63024,4
63025,4
63026,13
63027,23
63028,14
63029,6
63030,4
63031,22
63032,19
63033,19
63034,4
63035,19
63036,19
63037,19
63038,22
63039,19
63040,4
63041,9
63042,22
63043,13
63044,5
63045,11
63046,13
63047,4
63048,10
63049,22
63050,15
63051,15
63052,15
63053,4
63054,13
63055,13
63056,4
63057,15
63058,15
63059,15
63060,19
63061,19
63062,5
63063,4
63064,9
63065,15
63066,15
63067,4
63068,15
63069,15
63070,19
63071,19
63072,15
63073,4
63074,13
63075,15
63076,23
63077,15
63078,22
63079,13
63080,15
63081,15
63082,4
63083,5
63084,19
63085,19
63086,4
63087,15
63088,5
63089,19
63090,15
63091,4
63092,4
63093,4
63094,15
63095,11
63096,15
63097,19
63098,15
63099,5
63100,18
63101,13
63102,4
63103,4
63104,9
63105,6
63106,18
63107,19
63108,13
63109,22
63110,2
63111,19
63112,19
63113,19
63114,11
63115,10
63116,15
63117,15
63118,15
63119,13
63120,15
63121,18
63122,15
63123,19
63124,13
63125,4
63126,10
63127,15
63128,19
63129,15
63130,13
63131,19
63132,19
63133,4
63134,15
63135,4
63136,15
63137,15
63138,19
63139,15
63140,23
63141,13
63142,4
63143,22
63144,19
63145,23
63146,15
63147,5
63148,15
63149,4
63150,15
63151,15
63152,4
63153,13
63154,15
63155,15
63156,22
63157,15
63158,19
63159,4
63160,10
63161,15
63162,4
63163,19
63164,22
63165,4
63166,6
63167,22
63168,15
63169,22
63170,5
63171,22
63172,15
63173,13
63174,15
63175,19
63176,22
63177,15
63178,10
63179,19
63180,23
63181,19
63182,15
63183,13
63184,10
63185,18
63186,4
63187,18
63188,10
63189,15
63190,15
63191,23
63192,18
63193,4
63194,15
63195,13
63196,1
63197,19
63198,16
63199,6
63200,22
63201,22
63202,19
63203,15
63204,10
63205,23
63206,15
63207,4
63208,15
63209,13
63210,15
63211,4
63212,15
63213,4
63214,11
63215,22
63216,23
63217,15
63218,19
63219,11
63220,19
63221,15
63222,0
63223,4
63224,0
63225,4
63226,15
63227,22
63228,4
63229,6
63230,4
63231,13
63232,15
63233,15
63234,15
63235,22
63236,15
63237,15
63238,15
63239,15
63240,19
63241,15
63242,15
63243,13
63244,22
63245,0
63246,4
63247,15
63248,9
63249,13
63250,15
63251,13
63252,13
63253,4
63254,2
63255,15
63256,4
63257,15
63258,19
63259,2
63260,9
63261,13
63262,13
63263,6
63264,15
63265,5
63266,15
63267,15
63268,19
63269,4
63270,4
63271,12
63272,15
63273,22
63274,13
63275,15
63276,13
63277,13
63278,15
63279,22
63280,13
63281,4
63282,15
63283,15
63284,0
63285,15
63286,15
63287,18
63288,13
63289,15
63290,19
63291,15
63292,9
63293,1
63294,19
63295,19
63296,15
63297,10
63298,22
63299,22
63300,19
63301,22
63302,15
63303,22
63304,13
63305,15
63306,13
63307,22
63308,22
63309,23
63310,23
63311,10
63312,15
63313,18
63314,4
63315,15
63316,19
63317,2
63318,13
63319,15
63320,15
63321,13
63322,18
63323,15
63324,13
63325,15
63326,4
63327,15
63328,13
63329,4
63330,13
63331,15
63332,4
63333,22
63334,14
63335,4
63336,6
63337,15
63338,18
63339,19
63340,18
63341,15
63342,15
63343,19
63344,15
63345,19
63346,15
63347,15
63348,4
63349,15
63350,15
63351,10
63352,23
63353,15
63354,19
63355,19
63356,9
63357,4
63358,6
63359,19
63360,19
63361,13
63362,18
63363,4
63364,15
63365,13
63366,4
63367,13
63368,19
63369,22
63370,22
63371,15
63372,19
63373,10
63374,13
63375,23
63376,15
63377,4
63378,4
63379,19
63380,5
63381,15
63382,18
63383,15
63384,15
63385,23
63386,4
63387,20
63388,15
63389,15
63390,9
63391,4
63392,15
63393,13
63394,6
63395,15
63396,15
63397,15
63398,9
63399,16
63400,15
63401,15
63402,18
63403,4
63404,15
63405,4
63406,15
63407,15
63408,15
63409,5
63410,15
63411,19
63412,15
63413,15
63414,19
63415,15
63416,4
63417,15
63418,10
63419,4
63420,16
63421,22
63422,13
63423,5
63424,15
63425,4
63426,15
63427,19
63428,15
63429,22
63430,15
63431,15
63432,23
63433,19
63434,15
63435,15
63436,15
63437,15
63438,19
63439,15
63440,19
63441,13
63442,15
63443,15
63444,12
63445,12
63446,10
63447,15
63448,16
63449,19
63450,15
63451,15
63452,15
63453,6
63454,15
63455,4
63456,15
63457,4
63458,22
63459,19
63460,19
63461,18
63462,11
63463,13
63464,15
63465,6
63466,22
63467,15
63468,13
63469,15
63470,23
63471,23
63472,15
63473,19
63474,4
63475,6
63476,13
63477,18
63478,15
63479,23
63480,19
63481,19
63482,15
63483,15
63484,18
63485,15
63486,13
63487,16
63488,19
63489,13
63490,15
63491,13
63492,23
63493,23
63494,15
63495,15
63496,15
63497,13
63498,13
63499,15
63500,11
63501,6
63502,16
63503,23
63504,4
63505,15
63506,15
63507,4
63508,4
63509,15
63510,15
63511,9
63512,13
63513,4
63514,15
63515,13
63516,14
63517,18
63518,15
63519,4
63520,18
63521,0
63522,13
63523,15
63524,4
63525,15
63526,19
63527,15
63528,19
63529,15
63530,15
63531,4
63532,13
63533,15
63534,15
63535,4
63536,4
63537,2
63538,15
63539,23
63540,19
63541,13
63542,15
63543,19
63544,15
63545,4
63546,4
63547,4
63548,4
63549,15
63550,4
63551,15
63552,15
63553,15
63554,4
63555,15
63556,15
63557,4
63558,13
63559,14
63560,15
63561,4
63562,15
63563,4
63564,23
63565,22
63566,4
63567,18
63568,13
63569,23
63570,15
63571,23
63572,5
63573,4
63574,15
63575,15
63576,13
63577,4
63578,13
63579,9
63580,10
63581,23
63582,22
63583,19
63584,13
63585,15
63586,19
63587,15
63588,19
63589,4
63590,13
63591,10
63592,15
63593,18
63594,15
63595,1
63596,4
63597,19
63598,4
63599,15
63600,15
63601,12
63602,4
63603,15
63604,19
63605,4
63606,18
63607,23
63608,19
63609,19
63610,14
63611,19
63612,19
63613,19
63614,10
63615,15
63616,19
63617,13
63618,4
63619,22
63620,15
63621,13
63622,15
63623,14
63624,19
63625,15
63626,15
63627,19
63628,19
63629,15
63630,12
63631,19
63632,10
63633,13
63634,15
63635,0
63636,22
63637,15
63638,4
63639,5
63640,15
63641,19
63642,6
63643,13
63644,19
63645,4
63646,19
63647,22
63648,4
63649,4
63650,19
63651,19
63652,4
63653,15
63654,19
63655,23
63656,15
63657,11
63658,10
63659,10
63660,2
63661,15
63662,4
63663,4
63664,14
63665,15
63666,15
63667,13
63668,15
63669,23
63670,23
63671,15
63672,13
63673,9
63674,15
63675,15
63676,19
63677,19
63678,23
63679,4
63680,4
63681,22
63682,15
63683,19
63684,15
63685,19
63686,18
63687,10
63688,4
63689,22
63690,4
63691,15
63692,10
63693,15
63694,22
63695,19
63696,4
63697,22
63698,4
63699,22
63700,15
63701,15
63702,13
63703,15
63704,4
63705,23
63706,19
63707,9
63708,4
63709,15
63710,4
63711,15
63712,13
63713,18
63714,4
63715,5
63716,4
63717,13
63718,2
63719,0
63720,10
63721,11
63722,4
63723,22
63724,15
63725,22
63726,15
63727,19
63728,15
63729,1
63730,19
63731,11
63732,4
63733,13
63734,4
63735,15
63736,23
63737,15
63738,23
63739,19
63740,10
63741,18
63742,15
63743,15
63744,15
63745,15
63746,18
63747,4
63748,15
63749,15
63750,19
63751,15
63752,13
63753,4
63754,18
63755,22
63756,4
63757,23
63758,15
63759,19
63760,4
63761,15
63762,4
63763,15
63764,10
63765,19
63766,19
63767,15
63768,22
63769,19
63770,15
63771,10
63772,15
63773,13
63774,23
63775,4
63776,15
63777,15
63778,15
63779,13
63780,12
63781,19
63782,0
63783,4
63784,19
63785,15
63786,15
63787,19
63788,15
63789,15
63790,15
63791,15
63792,15
63793,15
63794,4
63795,13
63796,4
63797,19
63798,13
63799,23
63800,10
63801,4
63802,15
63803,19
63804,13
63805,13
63806,22
63807,19
63808,4
63809,15
63810,4
63811,23
63812,15
63813,13
63814,23
63815,15
63816,15
63817,13
63818,15
63819,22
63820,15
63821,14
63822,15
63823,19
63824,15
63825,19
63826,15
63827,23
63828,4
63829,4
63830,15
63831,15
63832,9
63833,15
63834,15
63835,15
63836,13
63837,12
63838,15
63839,19
63840,23
63841,13
63842,12
63843,13
63844,12
63845,4
63846,22
63847,15
63848,15
63849,15
63850,15
63851,4
63852,14
63853,4
63854,19
63855,18
63856,15
63857,3
63858,15
63859,19
63860,4
63861,23
63862,4
63863,22
63864,13
63865,4
63866,22
63867,13
63868,13
63869,20
63870,6
63871,12
63872,22
63873,19
63874,4
63875,15
63876,15
63877,15
63878,13
63879,2
63880,15
63881,13
63882,15
63883,15
63884,23
63885,15
63886,10
63887,5
63888,19
63889,19
63890,15
63891,19
63892,13
63893,13
63894,4
63895,22
63896,4
63897,19
63898,19
63899,3
63900,15
63901,6
63902,15
63903,4
63904,4
63905,15
63906,4
63907,15
63908,4
63909,12
63910,13
63911,19
63912,19
63913,5
63914,10
63915,5
63916,15
63917,19
63918,19
63919,23
63920,15
63921,19
63922,4
63923,4
63924,15
63925,18
63926,15
63927,4
63928,13
63929,10
63930,10
63931,13
63932,4
63933,15
63934,10
63935,19
63936,19
63937,13
63938,13
63939,15
63940,23
63941,22
63942,6
63943,15
63944,4
63945,15
63946,4
63947,10
63948,22
63949,13
63950,15
63951,4
63952,12
63953,15
63954,23
63955,15
63956,13
63957,11
63958,18
63959,15
63960,15
63961,1
63962,19
63963,4
63964,15
63965,10
63966,12
63967,15
63968,22
63969,10
63970,23
63971,22
63972,19
63973,15
63974,15
63975,18
63976,13
63977,1
63978,15
63979,15
63980,15
63981,18
63982,15
63983,12
63984,22
63985,13
63986,13
63987,4
63988,15
63989,22
63990,4
63991,23
63992,19
63993,4
63994,22
63995,19
63996,6
63997,15
63998,15
63999,19
64000,10
64001,15
64002,15
64003,19
64004,15
64005,13
64006,15
64007,19
64008,23
64009,12
64010,4
64011,22
64012,4
64013,22
64014,13
64015,15
64016,5
64017,19
64018,4
64019,15
64020,15
64021,4
64022,22
64023,19
64024,19
64025,15
64026,19
64027,19
64028,4
64029,15
64030,13
64031,18
64032,22
64033,15
64034,4
64035,4
64036,15
64037,13
64038,10
64039,1
64040,4
64041,13
64042,13
64043,15
64044,15
64045,19
64046,15
64047,18
64048,1
64049,22
64050,5
64051,10
64052,23
64053,15
64054,15
64055,4
64056,19
64057,0
64058,4
64059,15
64060,4
64061,19
64062,4
64063,22
64064,13
64065,19
64066,15
64067,13
64068,19
64069,4
64070,22
64071,19
64072,4
64073,4
64074,15
64075,6
64076,22
64077,22
64078,23
64079,13
64080,19
64081,15
64082,19
64083,22
64084,23
64085,19
64086,15
64087,13
64088,15
64089,19
64090,5
64091,22
64092,4
64093,19
64094,13
64095,15
64096,15
64097,22
64098,4
64099,4
64100,13
64101,15
64102,0
64103,4
64104,19
64105,15
64106,19
64107,15
64108,19
64109,6
64110,15
64111,12
64112,4
64113,4
64114,19
64115,15
64116,15
64117,15
64118,23
64119,4
64120,15
64121,19
64122,15
64123,4
64124,15
64125,4
64126,23
64127,4
64128,4
64129,15
64130,19
64131,4
64132,15
64133,4
64134,1
64135,4
64136,4
64137,15
64138,13
64139,15
64140,15
64141,18
64142,6
64143,15
64144,18
64145,15
64146,18
64147,18
64148,4
64149,11
64150,15
64151,6
64152,4
64153,15
64154,15
64155,23
64156,15
64157,19
64158,22
64159,19
64160,15
64161,13
64162,15
64163,23
64164,18
64165,4
64166,13
64167,4
64168,15
64169,11
64170,13
64171,22
64172,10
64173,4
64174,19
64175,18
64176,19
64177,19
64178,10
64179,15
64180,13
64181,15
64182,15
64183,23
64184,10
64185,15
64186,13
64187,4
64188,13
64189,10
64190,23
64191,22
64192,15
64193,10
64194,15
64195,15
64196,14
64197,4
64198,4
64199,22
64200,15
64201,4
64202,11
64203,18
64204,15
64205,4
64206,19
64207,15
64208,15
64209,4
64210,0
64211,22
64212,4
64213,19
64214,4
64215,23
64216,4
64217,12
64218,15
64219,15
64220,15
64221,15
64222,4
64223,4
64224,4
64225,19
64226,15
64227,15
64228,15
64229,19
64230,15
64231,15
64232,10
64233,15
64234,1
64235,19
64236,19
64237,22
64238,4
64239,23
64240,4
64241,13
64242,15
64243,15
64244,13
64245,15
64246,19
64247,9
64248,4
64249,4
64250,19
64251,22
64252,13
64253,15
64254,15
64255,4
64256,15
64257,13
64258,15
64259,15
64260,19
64261,19
64262,14
64263,13
64264,15
64265,15
64266,15
64267,15
64268,9
64269,15
64270,22
64271,15
64272,15
64273,19
64274,15
64275,23
64276,15
64277,2
64278,23
64279,15
64280,22
64281,22
64282,15
64283,13
64284,15
64285,15
64286,13
64287,23
64288,15
64289,4
64290,15
64291,15
64292,19
64293,19
64294,4
64295,4
64296,15
64297,4
64298,15
64299,15
64300,10
64301,23
64302,1
64303,14
64304,1
64305,15
64306,15
64307,13
64308,15
64309,1
64310,22
64311,19
64312,15
64313,13
64314,4
64315,3
64316,19
64317,4
64318,19
64319,22
64320,13
64321,19
64322,23
64323,15
64324,15
64325,15
64326,15
64327,15
64328,11
64329,4
64330,4
64331,15
64332,15
64333,19
64334,19
64335,15
64336,19
64337,0
64338,18
64339,15
64340,10
64341,23
64342,15
64343,15
64344,9
64345,15
64346,13
64347,6
64348,15
64349,19
64350,4
64351,11
64352,19
64353,19
64354,19
64355,22
64356,6
64357,17
64358,19
64359,14
64360,15
64361,15
64362,15
64363,23
64364,13
64365,13
64366,22
64367,4
64368,13
64369,15
64370,13
64371,15
64372,19
64373,13
64374,12
64375,19
64376,19
64377,4
64378,15
64379,22
64380,15
64381,15
64382,19
64383,4
64384,22
64385,2
64386,4
64387,2
64388,13
64389,15
64390,4
64391,15
64392,19
64393,15
64394,19
64395,15
64396,15
64397,12
64398,13
64399,15
64400,13
64401,1
64402,15
64403,15
64404,16
64405,13
64406,19
64407,15
64408,18
64409,4
64410,5
64411,22
64412,4
64413,15
64414,15
64415,15
64416,1
64417,10
64418,15
64419,22
64420,15
64421,14
64422,15
64423,13
64424,10
64425,23
64426,19
64427,18
64428,15
64429,15
64430,16
64431,15
64432,18
64433,19
64434,15
64435,23
64436,19
64437,23
64438,13
64439,4
64440,23
64441,4
64442,4
64443,19
64444,15
64445,19
64446,18
64447,0
64448,13
64449,15
64450,4
64451,22
64452,15
64453,23
64454,15
64455,4
64456,15
64457,22
64458,15
64459,15
64460,15
64461,23
64462,4
64463,22
64464,15
64465,4
64466,4
64467,19
64468,4
64469,15
64470,15
64471,22
64472,15
64473,13
64474,22
64475,15
64476,15
64477,15
64478,6
64479,15
64480,15
64481,15
64482,22
64483,10
64484,4
64485,19
64486,6
64487,19
64488,4
64489,4
64490,15
64491,23
64492,13
64493,4
64494,11
64495,15
64496,15
64497,15
64498,22
64499,11
64500,4
64501,15
64502,19
64503,19
64504,12
64505,10
64506,15
64507,19
64508,4
64509,13
64510,19
64511,19
64512,15
64513,23
64514,9
64515,15
64516,15
64517,15
64518,19
64519,12
64520,4
64521,19
64522,15
64523,15
64524,22
64525,13
64526,4
64527,19
64528,19
64529,15
64530,15
64531,13
64532,10
64533,1
64534,4
64535,19
64536,15
64537,15
64538,23
64539,15
64540,6
64541,1
64542,13
64543,18
64544,18
64545,13
64546,23
64547,22
64548,4
64549,15
64550,22
64551,4
64552,23
64553,15
64554,23
64555,13
64556,13
64557,15
64558,13
64559,19
64560,4
64561,15
64562,19
64563,10
64564,15
64565,4
64566,4
64567,19
64568,13
64569,15
64570,15
64571,13
64572,18
64573,19
64574,4
64575,19
64576,13
64577,15
64578,15
64579,4
64580,10
64581,19
64582,22
64583,4
64584,13
64585,4
64586,15
64587,22
64588,22
64589,13
64590,4
64591,22
64592,19
64593,22
64594,19
64595,15
64596,19
64597,19
64598,18
64599,19
64600,15
64601,15
64602,4
64603,4
64604,4
64605,4
64606,9
64607,19
64608,4
64609,22
64610,23
64611,15
64612,15
64613,15
64614,15
64615,15
64616,4
64617,15
64618,18
64619,22
64620,19
64621,19
64622,10
64623,15
64624,13
64625,22
64626,15
64627,4
64628,22
64629,13
64630,4
64631,10
64632,4
64633,4
64634,15
64635,18
64636,15
64637,4
64638,18
64639,15
64640,10
64641,22
64642,4
64643,23
64644,15
64645,4
64646,15
64647,13
64648,23
64649,19
64650,13
64651,15
64652,15
64653,9
64654,1
64655,22
64656,4
64657,15
64658,23
64659,13
64660,15
64661,15
64662,4
64663,10
64664,13
64665,15
64666,13
64667,4
64668,22
64669,4
64670,9
64671,15
64672,18
64673,11
64674,13
64675,16
64676,2
64677,15
64678,19
64679,15
64680,11
64681,13
64682,15
64683,15
64684,22
64685,12
64686,23
64687,15
64688,4
64689,15
64690,4
64691,22
64692,15
64693,12
64694,15
64695,4
64696,4
64697,15
64698,15
64699,4
64700,15
64701,23
64702,19
64703,4
64704,13
64705,23
64706,4
64707,4
64708,15
64709,4
64710,13
64711,4
64712,11
64713,15
64714,4
64715,23
64716,4
64717,19
64718,19
64719,15
64720,15
64721,22
64722,3
64723,15
64724,15
64725,5
64726,9
64727,10
64728,4
64729,1
64730,5
64731,5
64732,15
64733,19
64734,4
64735,19
64736,4
64737,19
64738,11
64739,15
64740,15
64741,13
64742,10
64743,19
64744,15
64745,15
64746,23
64747,1
64748,13
64749,17
64750,19
64751,19
64752,13
64753,19
64754,13
64755,19
64756,4
64757,22
64758,15
64759,13
64760,15
64761,13
64762,19
64763,22
64764,19
64765,4
64766,19
64767,19
64768,19
64769,15
64770,22
64771,15
64772,22
64773,15
64774,13
64775,19
64776,19
64777,15
64778,4
64779,4
64780,18
64781,23
64782,19
64783,15
64784,19
64785,15
64786,15
64787,19
64788,15
64789,15
64790,9
64791,19
64792,10
64793,22
64794,15
64795,19
64796,19
64797,19
64798,15
64799,4
64800,1
64801,4
64802,19
64803,4
64804,4
64805,19
64806,15
64807,13
64808,19
64809,19
64810,4
64811,19
64812,19
64813,4
64814,4
64815,13
64816,4
64817,22
64818,15
64819,15
64820,4
64821,15
64822,19
64823,15
64824,19
64825,4
64826,14
64827,23
64828,22
64829,15
64830,15
64831,15
64832,13
64833,10
64834,15
64835,15
64836,15
64837,22
64838,22
64839,22
64840,19
64841,15
64842,16
64843,4
64844,19
64845,15
64846,1
64847,19
64848,15
64849,22
64850,22
64851,18
64852,15
64853,19
64854,4
64855,13
64856,11
64857,13
64858,9
64859,10
64860,19
64861,22
64862,4
64863,15
64864,15
64865,13
64866,18
64867,13
64868,13
64869,4
64870,10
64871,10
64872,22
64873,4
64874,4
64875,22
64876,6
64877,15
64878,15
64879,4
64880,15
64881,15
64882,15
64883,10
64884,19
64885,13
64886,15
64887,2
64888,23
64889,22
64890,13
64891,5
64892,11
64893,15
64894,4
64895,19
64896,22
64897,19
64898,15
64899,15
64900,19
64901,15
64902,15
64903,15
64904,15
64905,19
64906,22
64907,19
64908,15
64909,4
64910,13
64911,4
64912,1
64913,10
64914,13
64915,23
64916,23
64917,15
64918,13
64919,19
64920,4
64921,19
64922,4
64923,4
64924,4
64925,15
64926,15
64927,15
64928,22
64929,15
64930,13
64931,15
64932,15
64933,15
64934,15
64935,18
64936,15
64937,23
64938,15
64939,19
64940,18
64941,10
64942,4
64943,2
64944,13
64945,19
64946,18
64947,15
64948,15
64949,5
64950,23
64951,9
64952,4
64953,15
64954,22
64955,1
64956,22
64957,15
64958,19
64959,19
64960,22
64961,23
64962,15
64963,15
64964,15
64965,4
64966,0
64967,15
64968,4
64969,19
64970,4
64971,4
64972,15
64973,15
64974,19
64975,19
64976,6
64977,13
64978,19
64979,10
64980,15
64981,10
64982,15
64983,13
64984,15
64985,4
64986,15
64987,0
64988,16
64989,4
64990,19
64991,15
64992,15
64993,13
64994,4
64995,15
64996,1
64997,15
64998,6
64999,1
65000,15
65001,19
65002,23
65003,15
65004,19
65005,13
65006,23
65007,22
65008,15
65009,15
65010,13
65011,22
65012,23
65013,15
65014,23
65015,4
65016,4
65017,19
65018,15
65019,9
65020,5
65021,15
65022,14
65023,15
65024,10
65025,22
65026,22
65027,4
65028,15
65029,13
65030,19
65031,15
65032,15
65033,19
65034,15
65035,4
65036,23
65037,13
65038,19
65039,15
65040,10
65041,10
65042,4
65043,15
65044,4
65045,15
65046,15
65047,15
65048,4
65049,19
65050,19
65051,4
65052,15
65053,19
65054,15
65055,13
65056,2
65057,15
65058,22
65059,19
65060,1
65061,11
65062,4
65063,13
65064,18
65065,12
65066,10
65067,4
65068,19
65069,15
65070,5
65071,15
65072,13
65073,15
65074,23
65075,15
65076,4
65077,15
65078,4
65079,15
65080,9
65081,13
65082,13
65083,13
65084,19
65085,19
65086,15
65087,22
65088,15
65089,4
65090,19
65091,6
65092,2
65093,13
65094,13
65095,22
65096,15
65097,15
65098,4
65099,4
65100,4
65101,15
65102,15
65103,1
65104,10
65105,4
65106,15
65107,15
65108,15
65109,19
65110,10
65111,15
65112,4
65113,22
65114,19
65115,4
65116,4
65117,13
65118,13
65119,15
65120,19
65121,18
65122,19
65123,19
65124,15
65125,19
65126,19
65127,19
65128,15
65129,19
65130,19
65131,15
65132,4
65133,23
65134,12
65135,19
65136,11
65137,15
65138,4
65139,13
65140,22
65141,15
65142,15
65143,13
65144,4
65145,9
65146,18
65147,15
65148,23
65149,15
65150,10
65151,13
65152,19
65153,13
65154,13
65155,15
65156,19
65157,15
65158,10
65159,4
65160,19
65161,13
65162,13
65163,15
65164,19
65165,19
65166,22
65167,18
65168,13
65169,6
65170,15
65171,13
65172,5
65173,4
65174,5
65175,4
65176,10
65177,15
65178,22
65179,13
65180,11
65181,4
65182,18
65183,19
65184,15
65185,15
65186,15
65187,15
65188,19
65189,9
65190,22
65191,12
65192,15
65193,23
65194,15
65195,19
65196,4
65197,14
65198,23
65199,19
65200,19
65201,15
65202,4
65203,5
65204,23
65205,15
65206,4
65207,15
65208,15
65209,22
65210,13
65211,10
65212,22
65213,22
65214,15
65215,5
65216,12
65217,15
65218,23
65219,4
65220,12
65221,12
65222,6
65223,15
65224,19
65225,1
65226,19
65227,22
65228,15
65229,4
65230,22
65231,13
65232,13
65233,13
65234,19
65235,16
65236,15
65237,4
65238,15
65239,5
65240,15
65241,15
65242,15
65243,23
65244,15
65245,13
65246,19
65247,15
65248,15
65249,15
65250,13
65251,23
65252,6
65253,4
65254,13
65255,15
65256,15
65257,19
65258,15
65259,15
65260,13
65261,1
65262,19
65263,15
65264,22
65265,19
65266,4
65267,15
65268,19
65269,13
65270,15
65271,6
65272,15
65273,6
65274,15
65275,4
65276,15
65277,15
65278,15
65279,19
65280,10
65281,13
65282,10
65283,16
65284,15
65285,22
65286,10
65287,13
65288,15
65289,18
65290,9
65291,19
65292,4
65293,23
65294,15
65295,13
65296,15
65297,22
65298,22
65299,4
65300,9
65301,4
65302,11
65303,15
65304,4
65305,4
65306,19
65307,15
65308,4
65309,15
65310,19
65311,23
65312,9
65313,15
65314,13
65315,14
65316,19
65317,15
65318,13
65319,13
65320,19
65321,15
65322,23
65323,4
65324,19
65325,22
65326,13
65327,11
65328,10
65329,19
65330,13
65331,15
65332,22
65333,15
65334,18
65335,4
65336,15
65337,15
65338,5
65339,19
65340,19
65341,6
65342,15
65343,22
65344,22
65345,15
65346,22
65347,4
65348,15
65349,4
65350,10
65351,13
65352,4
65353,15
65354,15
65355,6
65356,4
65357,19
65358,1
65359,4
65360,4
65361,15
65362,19
65363,4
65364,15
65365,13
65366,4
65367,4
65368,23
65369,12
65370,15
65371,15
65372,13
65373,15
65374,22
65375,10
65376,4
65377,15
65378,15
65379,18
65380,15
65381,23
65382,19
65383,19
65384,13
65385,13
65386,6
65387,15
65388,4
65389,15
65390,4
65391,15
65392,19
65393,15
65394,13
65395,22
65396,19
65397,4
65398,15
65399,13
65400,4
65401,15
65402,22
65403,4
65404,18
65405,15
65406,15
65407,19
65408,15
65409,15
65410,10
65411,18
65412,4
65413,10
65414,15
65415,15
65416,1
65417,19
65418,15
65419,4
65420,13
65421,13
65422,5
65423,15
65424,15
65425,19
65426,11
65427,22
65428,4
65429,4
65430,22
65431,19
65432,15
65433,15
65434,15
65435,13
65436,15
65437,13
65438,15
65439,19
65440,12
65441,22
65442,22
65443,13
65444,15
65445,15
65446,5
65447,19
65448,10
65449,13
65450,15
65451,15
65452,13
65453,15
65454,22
65455,17
65456,23
65457,4
65458,19
65459,5
65460,15
65461,15
65462,15
65463,13
65464,23
65465,15
65466,4
65467,4
65468,4
65469,22
65470,22
65471,16
65472,13
65473,19
65474,15
65475,4
65476,10
65477,10
65478,18
65479,19
65480,13
65481,22
65482,15
65483,4
65484,13
65485,13
65486,9
65487,18
65488,15
65489,15
65490,15
65491,4
65492,4
65493,19
65494,15
65495,10
65496,15
65497,10
65498,13
65499,19
65500,19
65501,4
65502,4
65503,19
65504,15
65505,15
65506,12
65507,15
65508,15
65509,22
65510,15
65511,15
65512,10
65513,15
65514,15
65515,15
65516,6
65517,22
65518,19
65519,19
65520,15
65521,18
65522,4
65523,15
65524,10
65525,19
65526,15
65527,9
65528,22
65529,15
65530,19
65531,10
65532,4
65533,19
65534,4
65535,19
65536,15
65537,5
65538,15
65539,19
65540,15
65541,15
65542,15
65543,13
65544,13
65545,4
65546,10
65547,15
65548,22
65549,4
65550,4
65551,22
65552,15
65553,18
65554,15
65555,22
65556,22
65557,12
65558,5
65559,19
65560,19
65561,23
65562,15
65563,22
65564,4
65565,19
65566,15
65567,19
65568,4
65569,15
65570,13
65571,3
65572,15
65573,19
65574,15
65575,15
65576,13
65577,4
65578,22
65579,19
65580,19
65581,4
65582,19
65583,22
65584,22
65585,4
65586,15
65587,18
65588,19
65589,15
65590,4
65591,22
65592,4
65593,9
65594,15
65595,15
65596,18
65597,15
65598,23
65599,23
65600,10
65601,15
65602,15
65603,18
65604,13
65605,15
65606,4
65607,4
65608,10
65609,6
65610,15
65611,19
65612,4
65613,4
65614,15
65615,19
65616,19
65617,15
65618,13
65619,13
65620,4
65621,15
65622,15
65623,2
65624,23
65625,4
65626,15
65627,10
65628,15
65629,19
65630,10
65631,19
65632,19
65633,4
65634,19
65635,18
65636,14
65637,15
65638,15
65639,15
65640,15
65641,13
65642,4
65643,15
65644,10
65645,15
65646,13
65647,15
65648,19
65649,23
65650,23
65651,15
65652,15
65653,22
65654,13
65655,19
65656,4
65657,4
65658,23
65659,11
65660,11
65661,16
65662,14
65663,15
65664,4
65665,6
65666,15
65667,4
65668,11
65669,15
65670,13
65671,15
65672,13
65673,4
65674,15
65675,4
65676,13
65677,14
65678,19
65679,15
65680,15
65681,12
65682,4
65683,4
65684,19
65685,13
65686,19
65687,19
65688,6
65689,10
65690,19
65691,15
65692,13
65693,9
65694,13
65695,6
65696,6
65697,4
65698,19
65699,22
65700,15
65701,4
65702,23
65703,4
65704,15
65705,13
65706,19
65707,13
65708,13
65709,23
65710,15
65711,0
65712,13
65713,15
65714,15
65715,19
65716,19
65717,4
65718,6
65719,4
65720,19
65721,10
65722,5
65723,19
65724,19
65725,15
65726,4
65727,15
65728,18
65729,23
65730,0
65731,5
65732,19
65733,15
65734,13
65735,10
65736,15
65737,15
65738,19
65739,15
65740,23
65741,22
65742,22
65743,4
65744,4
65745,4
65746,19
65747,19
65748,1
65749,13
65750,19
65751,15
65752,23
65753,15
65754,6
65755,4
65756,23
65757,19
65758,13
65759,23
65760,19
65761,4
65762,15
65763,15
65764,6
65765,10
65766,10
65767,4
65768,15
65769,15
65770,15
65771,4
65772,13
65773,12
65774,15
65775,15
65776,23
65777,10
65778,15
65779,3
65780,9
65781,10
65782,4
65783,0
65784,13
65785,13
65786,15
65787,9
65788,10
65789,12
65790,13
65791,19
65792,4
65793,13
65794,15
65795,13
65796,15
65797,4
65798,19
65799,10
65800,13
65801,15
65802,15
65803,4
65804,15
65805,15
65806,4
65807,19
65808,15
65809,15
65810,19
65811,19
65812,4
65813,19
65814,4
65815,10
65816,18
65817,13
65818,15
65819,15
65820,23
65821,9
65822,15
65823,10
65824,4
65825,15
65826,15
65827,15
65828,15
65829,15
65830,4
65831,19
65832,15
65833,19
65834,13
65835,19
65836,4
65837,15
65838,15
65839,4
65840,4
65841,19
65842,18
65843,13
65844,15
65845,16
65846,13
65847,13
65848,15
65849,15
65850,22
65851,19
65852,15
65853,22
65854,4
65855,22
65856,23
65857,11
65858,15
65859,19
65860,15
65861,2
65862,15
65863,15
65864,4
65865,10
65866,15
65867,4
65868,15
65869,13
65870,15
65871,22
65872,19
65873,19
65874,1
65875,15
65876,6
65877,11
65878,4
65879,15
65880,4
65881,18
65882,15
65883,19
65884,15
65885,15
65886,15
65887,22
65888,15
65889,14
65890,15
65891,22
65892,15
65893,19
65894,4
65895,13
65896,13
65897,4
65898,13
65899,19
65900,4
65901,15
65902,4
65903,15
65904,15
65905,15
65906,19
65907,15
65908,19
65909,22
65910,4
65911,5
65912,20
65913,15
65914,18
65915,15
65916,15
65917,15
65918,22
65919,6
65920,22
65921,18
65922,15
65923,13
65924,22
65925,4
65926,15
65927,19
65928,15
65929,13
65930,19
65931,15
65932,13
65933,10
65934,19
65935,22
65936,4
65937,15
65938,19
65939,15
65940,15
65941,15
65942,15
65943,23
65944,4
65945,15
65946,1
65947,22
65948,18
65949,19
65950,22
65951,23
65952,15
65953,23
65954,13
65955,19
65956,15
65957,15
65958,12
65959,4
65960,18
65961,4
65962,13
65963,13
65964,13
65965,4
65966,23
65967,22
65968,22
65969,15
65970,15
65971,15
65972,4
65973,15
65974,15
65975,13
65976,13
65977,4
65978,23
65979,4
65980,15
65981,4
65982,10
65983,22
65984,4
65985,4
65986,19
65987,18
65988,19
65989,15
65990,15
65991,19
65992,23
65993,4
65994,4
65995,4
65996,15
65997,14
65998,15
65999,4
66000,19
66001,19
66002,4
66003,15
66004,15
66005,22
66006,22
66007,19
66008,15
66009,22
66010,4
66011,15
66012,15
66013,13
66014,13
66015,15
66016,15
66017,22
66018,4
66019,15
66020,15
66021,0
66022,4
66023,22
66024,15
66025,15
66026,22
66027,13
66028,22
66029,15
66030,23
66031,4
66032,15
66033,15
66034,19
66035,15
66036,15
66037,10
66038,23
66039,15
66040,2
66041,15
66042,19
66043,15
66044,15
66045,22
66046,15
66047,15
66048,15
66049,4
66050,4
66051,15
66052,4
66053,4
66054,15
66055,16
66056,15
66057,15
66058,20
66059,15
66060,19
66061,15
66062,4
66063,10
66064,4
66065,19
66066,15
66067,15
66068,15
66069,19
66070,4
66071,4
66072,10
66073,15
66074,10
66075,16
66076,15
66077,4
66078,4
66079,15
66080,18
66081,13
66082,4
66083,22
66084,15
66085,4
66086,19
66087,1
66088,15
66089,15
66090,19
66091,10
66092,4
66093,15
66094,6
66095,22
66096,15
66097,18
66098,4
66099,4
66100,15
66101,10
66102,15
66103,15
66104,4
66105,0
66106,4
66107,15
66108,19
66109,15
66110,13
66111,15
66112,19
66113,18
66114,15
66115,15
66116,15
66117,4
66118,18
66119,19
66120,15
66121,0
66122,23
66123,4
66124,15
66125,15
66126,18
66127,4
66128,18
66129,13
66130,13
66131,15
66132,19
66133,13
66134,23
66135,13
66136,19
66137,4
66138,15
66139,2
66140,15
66141,19
66142,15
66143,15
66144,19
66145,15
66146,4
66147,19
66148,9
66149,19
66150,15
66151,13
66152,22
66153,22
66154,22
66155,4
66156,15
66157,13
66158,15
66159,15
66160,10
66161,15
66162,13
66163,19
66164,22
66165,4
66166,18
66167,15
66168,4
66169,15
66170,15
66171,19
66172,6
66173,10
66174,10
66175,19
66176,19
66177,4
66178,10
66179,10
66180,15
66181,15
66182,13
66183,14
66184,15
66185,1
66186,19
66187,11
66188,10
66189,9
66190,15
66191,15
66192,15
66193,15
66194,9
66195,13
66196,15
66197,13
66198,15
66199,19
66200,19
66201,15
66202,15
66203,19
66204,4
66205,18
66206,15
66207,18
66208,19
66209,10
66210,19
66211,23
66212,12
66213,4
66214,10
66215,23
66216,4
66217,15
66218,15
66219,19
66220,15
66221,4
66222,16
66223,15
66224,13
66225,15
66226,19
66227,22
66228,10
66229,13
66230,12
66231,15
66232,22
66233,22
66234,4
66235,10
66236,22
66237,19
66238,4
66239,19
66240,4
66241,19
66242,15
66243,4
66244,22
66245,19
66246,4
66247,1
66248,22
66249,22
66250,19
66251,15
66252,4
66253,15
66254,15
66255,15
66256,23
66257,13
66258,15
66259,19
66260,10
66261,22
66262,12
66263,15
66264,15
66265,19
66266,13
66267,4
66268,15
66269,22
66270,15
66271,15
66272,4
66273,10
66274,15
66275,22
66276,15
66277,14
66278,15
66279,4
66280,22
66281,15
66282,19
66283,15
66284,15
66285,19
66286,15
66287,15
66288,19
66289,15
66290,13
66291,23
66292,5
66293,15
66294,13
66295,4
66296,4
66297,13
66298,23
66299,14
66300,15
66301,13
66302,11
66303,15
66304,19
66305,19
66306,15
66307,22
66308,15
66309,22
66310,5
66311,18
66312,15
66313,13
66314,22
66315,15
66316,4
66317,19
66318,15
66319,22
66320,15
66321,15
66322,15
66323,4
66324,15
66325,4
66326,19
66327,13
66328,4
66329,13
66330,15
66331,22
66332,22
66333,15
66334,4
66335,15
66336,15
66337,19
66338,13
66339,23
66340,10
66341,4
66342,23
66343,1
66344,19
66345,22
66346,13
66347,23
66348,15
66349,19
66350,22
66351,18
66352,15
66353,13
66354,4
66355,22
66356,13
66357,4
66358,4
66359,15
66360,13
66361,15
66362,13
66363,22
66364,4
66365,15
66366,13
66367,15
66368,15
66369,4
66370,4
66371,15
66372,19
66373,10
66374,15
66375,10
66376,19
66377,4
66378,22
66379,15
66380,15
66381,19
66382,15
66383,19
66384,19
66385,15
66386,0
66387,2
66388,15
66389,15
66390,22
66391,15
66392,19
66393,19
66394,22
66395,13
66396,15
66397,22
66398,4
66399,18
66400,18
66401,19
66402,15
66403,15
66404,13
66405,15
66406,3
66407,0
66408,23
66409,15
66410,4
66411,4
66412,13
66413,15
66414,13
66415,4
66416,15
66417,23
66418,15
66419,4
66420,19
66421,18
66422,15
66423,4
66424,15
66425,4
66426,4
66427,15
66428,15
66429,15
66430,19
66431,18
66432,5
66433,15
66434,13
66435,15
66436,14
66437,4
66438,22
66439,9
66440,6
66441,10
66442,15
66443,4
66444,19
66445,19
66446,15
66447,4
66448,19
66449,19
66450,10
66451,4
66452,15
66453,15
66454,22
66455,15
66456,2
66457,15
66458,18
66459,4
66460,1
66461,15
66462,15
66463,15
66464,11
66465,12
66466,22
66467,15
66468,19
66469,4
66470,11
66471,15
66472,19
66473,15
66474,15
66475,4
66476,4
66477,6
66478,13
66479,13
66480,0
66481,16
66482,19
66483,11
66484,10
66485,15
66486,19
66487,11
66488,15
66489,4
66490,19
66491,4
66492,4
66493,13
66494,4
66495,15
66496,19
66497,9
66498,15
66499,15
66500,18
66501,4
66502,19
66503,15
66504,19
66505,13
66506,6
66507,19
66508,15
66509,6
66510,4
66511,15
66512,22
66513,9
66514,12
66515,15
66516,13
66517,22
66518,13
66519,15
66520,18
66521,3
66522,15
66523,15
66524,15
66525,4
66526,15
66527,4
66528,4
66529,19
66530,13
66531,13
66532,18
66533,19
66534,13
66535,22
66536,23
66537,15
66538,18
66539,9
66540,19
66541,4
66542,15
66543,9
66544,10
66545,4
66546,13
66547,13
66548,22
66549,15
66550,13
66551,15
66552,19
66553,18
66554,15
66555,4
66556,19
66557,15
66558,22
66559,4
66560,4
66561,13
66562,1
66563,15
66564,15
66565,4
66566,19
66567,10
66568,4
66569,16
66570,19
66571,4
66572,15
66573,22
66574,4
66575,5
66576,23
66577,15
66578,4
66579,12
66580,13
66581,12
66582,4
66583,1
66584,4
66585,13
66586,15
66587,13
66588,4
66589,1
66590,19
66591,4
66592,18
66593,15
66594,15
66595,19
66596,4
66597,23
66598,15
66599,15
66600,15
66601,15
66602,19
66603,4
66604,19
66605,15
66606,15
66607,15
66608,13
66609,4
66610,19
66611,15
66612,15
66613,15
66614,13
66615,19
66616,22
66617,15
66618,19
66619,15
66620,1
66621,23
66622,4
66623,15
66624,23
66625,15
66626,4
66627,15
66628,18
66629,19
66630,19
66631,13
66632,13
66633,4
66634,18
66635,1
66636,15
66637,15
66638,19
66639,6
66640,15
66641,12
66642,13
66643,15
66644,19
66645,15
66646,9
66647,15
66648,15
66649,18
66650,13
66651,22
66652,4
66653,4
66654,15
66655,15
66656,22
66657,19
66658,19
66659,19
66660,23
66661,13
66662,4
66663,22
66664,4
66665,22
66666,22
66667,18
66668,15
66669,4
66670,15
66671,15
66672,22
66673,4
66674,13
66675,22
66676,2
66677,15
66678,15
66679,15
66680,15
66681,22
66682,13
66683,22
66684,19
66685,19
66686,4
66687,15
66688,19
66689,19
66690,6
66691,19
66692,15
66693,4
66694,22
66695,22
66696,19
66697,4
66698,15
66699,15
66700,13
66701,13
66702,15
66703,15
66704,19
66705,10
66706,13
66707,15
66708,4
66709,19
66710,12
66711,15
66712,11
66713,15
66714,13
66715,22
66716,15
66717,15
66718,13
66719,4
66720,15
66721,19
66722,13
66723,4
66724,13
66725,22
66726,10
66727,15
66728,15
66729,19
66730,2
66731,22
66732,4
66733,4
66734,19
66735,15
66736,19
66737,22
66738,4
66739,19
66740,15
66741,18
66742,2
66743,12
66744,23
66745,4
66746,4
66747,4
66748,15
66749,15
66750,4
66751,15
66752,15
66753,4
66754,13
66755,15
66756,13
66757,15
66758,6
66759,15
66760,19
66761,14
66762,15
66763,23
66764,15
66765,19
66766,4
66767,4
66768,22
66769,4
66770,4
66771,19
66772,19
66773,13
66774,15
66775,4
66776,15
66777,15
66778,13
66779,15
66780,4
66781,4
66782,15
66783,22
66784,13
66785,9
66786,14
66787,22
66788,10
66789,13
66790,23
66791,15
66792,15
66793,22
66794,4
66795,10
66796,15
66797,15
66798,15
66799,15
66800,6
66801,15
66802,4
66803,19
66804,15
66805,23
66806,13
66807,2
66808,15
66809,15
66810,22
66811,15
66812,19
66813,19
66814,15
66815,15
66816,18
66817,18
66818,23
66819,13
66820,15
66821,15
66822,15
66823,19
66824,19
66825,15
66826,11
66827,19
66828,15
66829,13
66830,15
66831,13
66832,13
66833,15
66834,15
66835,18
66836,9
66837,22
66838,18
66839,15
66840,23
66841,15
66842,19
66843,15
66844,4
66845,2
66846,4
66847,22
66848,4
66849,13
66850,13
66851,22
66852,4
66853,15
66854,10
66855,4
66856,15
66857,23
66858,4
66859,10
66860,14
66861,13
66862,13
66863,23
66864,15
66865,13
66866,10
66867,15
66868,19
66869,18
66870,4
66871,15
66872,15
66873,13
66874,15
66875,13
66876,23
66877,15
66878,13
66879,18
66880,13
66881,13
66882,15
66883,15
66884,4
66885,13
66886,15
66887,13
66888,15
66889,15
66890,12
66891,4
66892,4
66893,15
66894,19
66895,4
66896,4
66897,14
66898,19
66899,15
66900,15
66901,15
66902,15
66903,4
66904,15
66905,13
66906,4
66907,15
66908,18
66909,4
66910,4
66911,22
66912,22
66913,12
66914,4
66915,5
66916,19
66917,10
66918,22
66919,15
66920,4
66921,13
66922,4
66923,23
66924,10
66925,19
66926,15
66927,22
66928,22
66929,19
66930,13
66931,15
66932,15
66933,13
66934,15
66935,9
66936,15
66937,15
66938,19
66939,19
66940,23
66941,10
66942,15
66943,15
66944,19
66945,15
66946,3
66947,19
66948,19
66949,18
66950,10
66951,22
66952,23
66953,10
66954,9
66955,4
66956,4
66957,4
66958,13
66959,10
66960,23
66961,9
66962,4
66963,2
66964,15
66965,15
66966,10
66967,19
66968,15
66969,4
66970,15
66971,15
66972,9
66973,13
66974,4
66975,2
66976,15
66977,13
66978,22
66979,19
66980,15
66981,19
66982,19
66983,15
66984,4
66985,4
66986,15
66987,15
66988,15
66989,13
66990,15
66991,23
66992,19
66993,19
66994,2
66995,15
66996,22
66997,4
66998,18
66999,13
67000,15
67001,18
67002,9
67003,23
67004,19
67005,15
67006,9
67007,19
67008,10
67009,4
67010,19
67011,22
67012,19
67013,15
67014,15
67015,4
67016,5
67017,19
67018,23
67019,13
67020,10
67021,4
67022,23
67023,15
67024,4
67025,15
67026,15
67027,13
67028,19
67029,13
67030,15
67031,15
67032,6
67033,4
67034,18
67035,16
67036,19
67037,4
67038,15
67039,13
67040,13
67041,23
67042,23
67043,19
67044,23
67045,4
67046,22
67047,4
67048,4
67049,15
67050,19
67051,23
67052,4
67053,22
67054,4
67055,19
67056,19
67057,4
67058,4
67059,15
67060,10
67061,5
67062,22
67063,15
67064,9
67065,22
67066,13
67067,13
67068,15
67069,15
67070,4
67071,19
67072,15
67073,4
67074,4
67075,3
67076,13
67077,15
67078,15
67079,19
67080,15
67081,22
67082,15
67083,15
67084,15
67085,13
67086,13
67087,19
67088,15
67089,18
67090,1
67091,13
67092,4
67093,15
67094,4
67095,22
67096,19
67097,15
67098,15
67099,22
67100,15
67101,4
67102,15
67103,4
67104,22
67105,13
67106,4
67107,4
67108,1
67109,15
67110,15
67111,22
67112,13
67113,6
67114,15
67115,4
67116,10
67117,15
67118,15
67119,23
67120,19
67121,19
67122,15
67123,19
67124,19
67125,10
67126,15
67127,15
67128,13
67129,13
67130,18
67131,10
67132,10
67133,4
67134,19
67135,22
67136,10
67137,4
67138,23
67139,4
67140,15
67141,10
67142,4
67143,15
67144,15
67145,15
67146,15
67147,13
67148,23
67149,19
67150,15
67151,19
67152,4
67153,15
67154,22
67155,15
67156,19
67157,18
67158,13
67159,15
67160,15
67161,23
67162,19
67163,10
67164,19
67165,23
67166,15
67167,15
67168,18
67169,19
67170,15
67171,19
67172,10
67173,13
67174,5
67175,15
67176,19
67177,13
67178,4
67179,10
67180,13
67181,4
67182,15
67183,15
67184,4
67185,15
67186,4
67187,15
67188,4
67189,15
67190,4
67191,15
67192,13
67193,4
67194,19
67195,15
67196,22
67197,4
67198,13
67199,15
67200,19
67201,10
67202,10
67203,19
67204,10
67205,15
67206,15
67207,22
67208,23
67209,13
67210,15
67211,23
67212,23
67213,15
67214,10
67215,18
67216,15
67217,15
67218,14
67219,15
67220,15
67221,4
67222,23
67223,22
67224,4
67225,4
67226,18
67227,10
67228,19
67229,22
67230,22
67231,12
67232,23
67233,19
67234,16
67235,6
67236,15
67237,15
67238,15
67239,15
67240,15
67241,22
67242,20
67243,5
67244,9
67245,4
67246,13
67247,4
67248,15
67249,19
67250,15
67251,19
67252,19
67253,13
67254,22
67255,15
67256,22
67257,4
67258,15
67259,22
67260,4
67261,4
67262,15
67263,22
67264,13
67265,4
67266,15
67267,9
67268,15
67269,4
67270,22
67271,4
67272,9
67273,15
67274,0
67275,13
67276,15
67277,19
67278,13
67279,15
67280,23
67281,15
67282,23
67283,22
67284,4
67285,19
67286,4
67287,19
67288,15
67289,6
67290,4
67291,19
67292,15
67293,23
67294,16
67295,13
67296,15
67297,10
67298,15
67299,15
67300,19
67301,13
67302,15
67303,13
67304,4
67305,22
67306,15
67307,15
67308,15
67309,15
67310,15
67311,23
67312,15
67313,19
67314,15
67315,22
67316,16
67317,15
67318,9
67319,15
67320,9
67321,15
67322,5
67323,15
67324,19
67325,4
67326,4
67327,15
67328,19
67329,13
67330,23
67331,15
67332,4
67333,22
67334,19
67335,19
67336,9
67337,15
67338,15
67339,15
67340,13
67341,19
67342,4
67343,19
67344,15
67345,18
67346,13
67347,10
67348,15
67349,19
67350,10
67351,13
67352,15
67353,10
67354,13
67355,13
67356,4
67357,4
67358,19
67359,15
67360,14
67361,18
67362,15
67363,13
67364,18
67365,15
67366,4
67367,18
67368,23
67369,13
67370,15
67371,18
67372,19
67373,10
67374,15
67375,19
67376,22
67377,4
67378,15
67379,19
67380,19
67381,13
67382,18
67383,19
67384,5
67385,15
67386,6
67387,6
67388,19
67389,15
67390,4
67391,15
67392,4
67393,22
67394,13
67395,14
67396,4
67397,22
67398,4
67399,15
67400,13
67401,4
67402,23
67403,19
67404,15
67405,19
67406,15
67407,13
67408,15
67409,15
67410,15
67411,19
67412,11
67413,22
67414,5
67415,19
67416,10
67417,19
67418,15
67419,4
67420,4
67421,16
67422,15
67423,15
67424,4
67425,18
67426,13
67427,15
67428,15
67429,15
67430,15
67431,4
67432,19
67433,19
67434,19
67435,13
67436,19
67437,15
67438,4
67439,15
67440,19
67441,15
67442,13
67443,15
67444,4
67445,15
67446,4
67447,4
67448,19
67449,19
67450,19
67451,15
67452,15
67453,19
67454,4
67455,15
67456,15
67457,4
67458,6
67459,15
67460,4
67461,15
67462,1
67463,4
67464,19
67465,13
67466,13
67467,4
67468,15
67469,16
67470,10
67471,19
67472,4
67473,4
67474,19
67475,19
67476,22
67477,15
67478,15
67479,4
67480,13
67481,13
67482,15
67483,15
67484,15
67485,15
67486,6
67487,15
67488,0
67489,5
67490,18
67491,15
67492,15
67493,13
67494,15
67495,15
67496,19
67497,15
67498,15
67499,4
67500,4
67501,15
67502,15
67503,15
67504,4
67505,19
67506,18
67507,19
67508,19
67509,15
67510,22
67511,4
67512,15
67513,18
67514,4
67515,19
67516,15
67517,23
67518,13
67519,19
67520,19
67521,15
67522,19
67523,5
67524,13
67525,15
67526,15
67527,19
67528,4
67529,4
67530,15
67531,13
67532,13
67533,19
67534,18
67535,15
67536,18
67537,15
67538,23
67539,18
67540,19
67541,13
67542,15
67543,5
67544,19
67545,19
67546,10
67547,6
67548,15
67549,19
67550,15
67551,5
67552,4
67553,15
67554,14
67555,6
67556,4
67557,15
67558,22
67559,15
67560,19
67561,11
67562,19
67563,22
67564,4
67565,22
67566,23
67567,4
67568,15
67569,11
67570,22
67571,19
67572,15
67573,19
67574,4
67575,15
67576,13
67577,4
67578,15
67579,15
67580,22
67581,15
67582,18
67583,13
67584,13
67585,15
67586,15
67587,19
67588,23
67589,10
67590,15
67591,19
67592,22
67593,4
67594,10
67595,13
67596,10
67597,23
67598,9
67599,15
67600,1
67601,19
67602,18
67603,13
67604,19
67605,16
67606,10
67607,4
67608,23
67609,9
67610,15
67611,15
67612,4
67613,15
67614,4
67615,15
67616,4
67617,15
67618,4
67619,4
67620,19
67621,15
67622,13
67623,13
67624,15
67625,23
67626,4
67627,1
67628,19
67629,13
67630,15
67631,13
67632,15
67633,4
67634,19
67635,19
67636,4
67637,10
67638,14
67639,19
67640,10
67641,15
67642,4
67643,22
67644,4
67645,15
67646,19
67647,19
67648,4
67649,9
67650,15
67651,15
67652,4
67653,4
67654,15
67655,19
67656,18
67657,15
67658,6
67659,15
67660,6
67661,19
67662,19
67663,4
67664,19
67665,23
67666,13
67667,18
67668,19
67669,4
67670,19
67671,15
67672,22
67673,13
67674,4
67675,11
67676,15
67677,0
67678,4
67679,19
67680,15
67681,4
67682,10
67683,19
67684,15
67685,15
67686,10
67687,15
67688,19
67689,18
67690,15
67691,15
67692,23
67693,18
67694,19
67695,13
67696,15
67697,19
67698,11
67699,4
67700,4
67701,15
67702,15
67703,9
67704,3
67705,15
67706,15
67707,22
67708,15
67709,15
67710,19
67711,13
67712,19
67713,22
67714,15
67715,9
67716,15
67717,19
67718,15
67719,15
67720,19
67721,19
67722,15
67723,18
67724,22
67725,15
67726,22
67727,4
67728,15
67729,4
67730,22
67731,15
67732,19
67733,6
67734,19
67735,15
67736,13
67737,2
67738,15
67739,15
67740,13
67741,15
67742,15
67743,19
67744,15
67745,15
67746,19
67747,4
67748,16
67749,13
67750,18
67751,19
67752,19
67753,19
67754,4
67755,15
67756,4
67757,13
67758,4
67759,4
67760,4
67761,4
67762,13
67763,4
67764,15
67765,2
67766,15
67767,15
67768,15
67769,4
67770,22
67771,6
67772,4
67773,9
67774,10
67775,15
67776,10
67777,22
67778,4
67779,19
67780,23
67781,13
67782,19
67783,13
67784,14
67785,15
67786,13
67787,1
67788,4
67789,13
67790,4
67791,15
67792,19
67793,15
67794,23
67795,15
67796,16
67797,11
67798,15
67799,15
67800,10
67801,4
67802,19
67803,15
67804,6
67805,15
67806,15
67807,15
67808,13
67809,15
67810,22
67811,22
67812,4
67813,22
67814,19
67815,15
67816,11
67817,22
67818,4
67819,15
67820,15
67821,15
67822,15
67823,15
67824,15
67825,15
67826,22
67827,4
67828,10
67829,19
67830,19
67831,13
67832,13
67833,4
67834,22
67835,19
67836,4
67837,15
67838,15
67839,4
67840,18
67841,4
67842,15
67843,6
67844,10
67845,19
67846,12
67847,10
67848,15
67849,15
67850,23
67851,15
67852,10
67853,23
67854,23
67855,15
67856,4
67857,4
67858,23
67859,15
67860,22
67861,18
67862,1
67863,4
67864,4
67865,19
67866,4
67867,19
67868,15
67869,19
67870,15
67871,23
67872,19
67873,22
67874,13
67875,15
67876,12
67877,15
67878,5
67879,4
67880,15
67881,19
67882,15
67883,15
67884,15
67885,15
67886,15
67887,4
67888,15
67889,19
67890,10
67891,22
67892,15
67893,4
67894,19
67895,19
67896,15
67897,19
67898,4
67899,15
67900,13
67901,4
67902,4
67903,10
67904,9
67905,13
67906,13
67907,15
67908,12
67909,22
67910,15
67911,15
67912,22
67913,4
67914,13
67915,23
67916,4
67917,4
67918,18
67919,5
67920,15
67921,13
67922,4
67923,4
67924,18
67925,22
67926,15
67927,4
67928,15
67929,4
67930,19
67931,19
67932,18
67933,22
67934,13
67935,19
67936,19
67937,15
67938,10
67939,15
67940,19
67941,15
67942,15
67943,4
67944,15
67945,23
67946,4
67947,15
67948,4
67949,15
67950,18
67951,15
67952,22
67953,15
67954,11
67955,13
67956,4
67957,22
67958,18
67959,13
67960,15
67961,19
67962,15
67963,22
67964,23
67965,4
67966,15
67967,15
67968,15
67969,22
67970,15
67971,15
67972,4
67973,13
67974,4
67975,15
67976,4
67977,15
67978,16
67979,15
67980,15
67981,15
67982,6
67983,15
67984,19
67985,4
67986,15
67987,22
67988,19
67989,15
67990,15
67991,15
67992,6
67993,10
67994,4
67995,15
67996,13
67997,15
67998,15
67999,13
68000,19
68001,15
68002,4
68003,15
68004,13
68005,15
68006,15
68007,4
68008,15
68009,11
68010,9
68011,15
68012,5
68013,19
68014,18
68015,22
68016,4
68017,19
68018,18
68019,15
68020,4
68021,11
68022,19
68023,19
68024,4
68025,4
68026,15
68027,4
68028,19
68029,15
68030,15
68031,15
68032,19
68033,15
68034,13
68035,2
68036,15
68037,15
68038,15
68039,13
68040,11
68041,19
68042,19
68043,5
68044,4
68045,19
68046,15
68047,19
68048,4
68049,18
68050,4
68051,15
68052,15
68053,12
68054,15
68055,4
68056,19
68057,4
68058,4
68059,19
68060,19
68061,13
68062,4
68063,15
68064,4
68065,4
68066,13
68067,4
68068,19
68069,23
68070,15
68071,19
68072,15
68073,13
68074,23
68075,15
68076,15
68077,15
68078,19
68079,15
68080,15
68081,4
68082,15
68083,19
68084,4
68085,4
68086,10
68087,19
68088,19
68089,15
68090,22
68091,19
68092,19
68093,22
68094,15
68095,13
68096,15
68097,23
68098,10
68099,13
68100,18
68101,13
68102,10
68103,15
68104,4
68105,22
68106,13
68107,15
68108,10
68109,4
68110,19
68111,18
68112,13
68113,15
68114,13
68115,15
68116,23
68117,10
68118,10
68119,13
68120,15
68121,4
68122,13
68123,15
68124,15
68125,18
68126,12
68127,19
68128,13
68129,15
68130,16
68131,21
68132,15
68133,15
68134,15
68135,18
68136,1
68137,22
68138,19
68139,15
68140,9
68141,15
68142,15
68143,4
68144,9
68145,13
68146,10
68147,13
68148,22
68149,4
68150,22
68151,15
68152,19
68153,4
68154,22
68155,22
68156,15
68157,23
68158,4
68159,15
68160,13
68161,22
68162,23
68163,13
68164,4
68165,13
68166,19
68167,15
68168,22
68169,15
68170,4
68171,10
68172,13
68173,23
68174,11
68175,19
68176,15
68177,4
68178,13
68179,15
68180,13
68181,13
68182,22
68183,15
68184,15
68185,18
68186,6
68187,15
68188,10
68189,15
68190,15
68191,19
68192,1
68193,15
68194,4
68195,15
68196,9
68197,22
68198,15
68199,13
68200,15
68201,4
68202,19
68203,4
68204,13
68205,4
68206,23
68207,4
68208,19
68209,15
68210,22
68211,19
68212,13
68213,4
68214,10
68215,4
68216,13
68217,19
68218,19
68219,19
68220,4
68221,4
68222,15
68223,4
68224,4
68225,13
68226,1
68227,20
68228,4
68229,15
68230,19
68231,15
68232,15
68233,16
68234,19
68235,15
68236,19
68237,19
68238,13
68239,15
68240,15
68241,4
68242,18
68243,15
68244,4
68245,19
68246,22
68247,15
68248,4
68249,15
68250,22
68251,10
68252,22
68253,19
68254,19
68255,15
68256,10
68257,13
68258,15
68259,19
68260,19
68261,15
68262,22
68263,23
68264,15
68265,13
68266,4
68267,19
68268,9
68269,7
68270,15
68271,23
68272,19
68273,15
68274,13
68275,15
68276,4
68277,15
68278,4
68279,15
68280,22
68281,6
68282,14
68283,4
68284,9
68285,12
68286,15
68287,15
68288,4
68289,19
68290,22
68291,22
68292,10
68293,19
68294,1
68295,15
68296,15
68297,4
68298,13
68299,15
68300,15
68301,15
68302,4
68303,19
68304,15
68305,15
68306,6
68307,13
68308,15
68309,15
68310,4
68311,15
68312,14
68313,4
68314,14
68315,22
68316,4
68317,19
68318,19
68319,4
68320,19
68321,22
68322,19
68323,13
68324,13
68325,19
68326,22
68327,13
68328,13
68329,15
68330,13
68331,15
68332,15
68333,15
68334,15
68335,14
68336,10
68337,6
68338,13
68339,22
68340,4
68341,22
68342,15
68343,13
68344,13
68345,4
68346,4
68347,23
68348,15
68349,18
68350,22
68351,4
68352,15
68353,15
68354,15
68355,13
68356,22
68357,22
68358,13
68359,4
68360,4
68361,15
68362,14
68363,4
68364,19
68365,9
68366,15
68367,10
68368,15
68369,15
68370,13
68371,19
68372,19
68373,23
68374,22
68375,13
68376,1
68377,4
68378,4
68379,18
68380,13
68381,13
68382,15
68383,22
68384,15
68385,15
68386,19
68387,13
68388,22
68389,15
68390,15
68391,15
68392,4
68393,4
68394,19
68395,15
68396,13
68397,15
68398,13
68399,14
68400,13
68401,13
68402,15
68403,19
68404,4
68405,19
68406,22
68407,15
68408,23
68409,14
68410,15
68411,19
68412,15
68413,19
68414,18
68415,15
68416,19
68417,18
68418,19
68419,15
68420,4
68421,11
68422,15
68423,13
68424,13
68425,19
68426,6
68427,15
68428,4
68429,13
68430,6
68431,15
68432,9
68433,4
68434,12
68435,9
68436,4
68437,4
68438,19
68439,4
68440,15
68441,22
68442,4
68443,15
68444,15
68445,13
68446,19
68447,19
68448,22
68449,19
68450,18
68451,22
68452,4
68453,4
68454,13
68455,1
68456,18
68457,19
68458,15
68459,15
68460,13
68461,10
68462,11
68463,11
68464,19
68465,15
68466,15
68467,15
68468,19
68469,15
68470,15
68471,18
68472,16
68473,15
68474,4
68475,19
68476,16
68477,19
68478,19
68479,14
68480,19
68481,16
68482,1
68483,10
68484,13
68485,5
68486,19
68487,19
68488,15
68489,1
68490,15
68491,15
68492,19
68493,13
68494,19
68495,1
68496,23
68497,4
68498,4
68499,10
68500,15
68501,4
68502,19
68503,19
68504,15
68505,15
68506,4
68507,12
68508,19
68509,15
68510,19
68511,15
68512,6
68513,19
68514,4
68515,2
68516,19
68517,23
68518,15
68519,6
68520,4
68521,18
68522,15
68523,4
68524,6
68525,4
68526,13
68527,13
68528,15
68529,15
68530,23
68531,15
68532,22
68533,4
68534,4
68535,4
68536,13
68537,22
68538,15
68539,12
68540,4
68541,15
68542,23
68543,15
68544,19
68545,23
68546,15
68547,4
68548,4
68549,13
68550,13
68551,19
68552,19
68553,9
68554,15
68555,15
68556,15
68557,19
68558,22
68559,15
68560,23
68561,19
68562,13
68563,11
68564,15
68565,0
68566,15
68567,4
68568,15
68569,15
68570,15
68571,15
68572,19
68573,2
68574,13
68575,15
68576,22
68577,22
68578,22
68579,15
68580,9
68581,13
68582,19
68583,4
68584,4
68585,15
68586,19
68587,19
68588,10
68589,15
68590,15
68591,15
68592,15
68593,19
68594,4
68595,23
68596,10
68597,15
68598,4
68599,3
68600,15
68601,19
68602,10
68603,22
68604,2
68605,10
68606,22
68607,15
68608,19
68609,15
68610,15
68611,19
68612,15
68613,15
68614,15
68615,13
68616,19
68617,19
68618,13
68619,15
68620,15
68621,15
68622,22
68623,15
68624,22
68625,9
68626,22
68627,19
68628,23
68629,22
68630,19
68631,13
68632,15
68633,15
68634,19
68635,4
68636,18
68637,1
68638,15
68639,19
68640,8
68641,4
68642,4
68643,15
68644,15
68645,19
68646,18
68647,19
68648,10
68649,19
68650,15
68651,19
68652,10
68653,4
68654,13
68655,18
68656,13
68657,4
68658,15
68659,13
68660,15
68661,4
68662,19
68663,10
68664,13
68665,19
68666,15
68667,4
68668,13
68669,19
68670,4
68671,22
68672,22
68673,15
68674,19
68675,15
68676,15
68677,22
68678,4
68679,19
68680,13
68681,23
68682,23
68683,19
68684,4
68685,4
68686,15
68687,15
68688,6
68689,13
68690,15
68691,19
68692,13
68693,4
68694,19
68695,22
68696,19
68697,4
68698,15
68699,15
68700,4
68701,15
68702,4
68703,19
68704,18
68705,19
68706,22
68707,19
68708,4
68709,4
68710,13
68711,15
68712,15
68713,19
68714,4
68715,5
68716,23
68717,15
68718,22
68719,15
68720,1
68721,19
68722,19
68723,19
68724,4
68725,15
68726,13
68727,22
68728,4
68729,19
68730,15
68731,15
68732,15
68733,13
68734,4
68735,22
68736,15
68737,18
68738,15
68739,15
68740,15
68741,13
68742,19
68743,12
68744,19
68745,13
68746,19
68747,15
68748,13
68749,13
68750,19
68751,22
68752,15
68753,4
68754,15
68755,13
68756,23
68757,19
68758,23
68759,15
68760,19
68761,19
68762,23
68763,15
68764,9
68765,19
68766,19
68767,19
68768,22
68769,23
68770,19
68771,10
68772,15
68773,19
68774,15
68775,22
68776,4
68777,10
68778,4
68779,15
68780,19
68781,4
68782,4
68783,4
68784,15
68785,15
68786,22
68787,15
68788,15
68789,15
68790,15
68791,10
68792,15
68793,18
68794,15
68795,2
68796,15
68797,13
68798,19
68799,19
68800,15
68801,15
68802,19
68803,14
68804,22
68805,13
68806,4
68807,13
68808,22
68809,4
68810,22
68811,19
68812,1
68813,23
68814,13
68815,10
68816,10
68817,10
68818,19
68819,4
68820,15
68821,4
68822,15
68823,19
68824,18
68825,11
68826,15
68827,15
68828,22
68829,15
68830,19
68831,22
68832,13
68833,15
68834,15
68835,15
68836,4
68837,6
68838,15
68839,15
68840,15
68841,19
68842,22
68843,19
68844,19
68845,15
68846,4
68847,19
68848,19
68849,15
68850,15
68851,10
68852,15
68853,19
68854,4
68855,22
68856,22
68857,13
68858,4
68859,15
68860,15
68861,4
68862,13
68863,18
68864,19
68865,15
68866,15
68867,15
68868,4
68869,11
68870,19
68871,19
68872,1
68873,15
68874,19
68875,15
68876,4
68877,4
68878,15
68879,6
68880,13
68881,15
68882,23
68883,19
68884,15
68885,22
68886,15
68887,4
68888,15
68889,4
68890,3
68891,15
68892,18
68893,22
68894,2
68895,10
68896,22
68897,19
68898,15
68899,4
68900,4
68901,23
68902,19
68903,19
68904,14
68905,15
68906,19
68907,5
68908,4
68909,15
68910,15
68911,19
68912,13
68913,16
68914,19
68915,14
68916,12
68917,19
68918,13
68919,15
68920,23
68921,15
68922,13
68923,15
68924,10
68925,15
68926,15
68927,4
68928,19
68929,10
68930,4
68931,10
68932,4
68933,6
68934,15
68935,19
68936,4
68937,5
68938,19
68939,15
68940,19
68941,4
68942,13
68943,22
68944,19
68945,19
68946,13
68947,13
68948,22
68949,15
68950,23
68951,13
68952,4
68953,15
68954,19
68955,15
68956,19
68957,15
68958,22
68959,15
68960,13
68961,1
68962,15
68963,4
68964,19
68965,1
68966,13
68967,15
68968,12
68969,4
68970,13
68971,15
68972,19
68973,4
68974,13
68975,18
68976,15
68977,19
68978,15
68979,4
68980,15
68981,23
68982,15
68983,13
68984,13
68985,19
68986,4
68987,19
68988,19
68989,15
68990,10
68991,13
68992,15
68993,15
68994,4
68995,15
68996,15
68997,13
68998,4
68999,15
69000,15
69001,22
69002,15
69003,15
69004,13
69005,15
69006,10
69007,15
69008,15
69009,19
69010,2
69011,15
69012,15
69013,10
69014,10
69015,4
69016,16
69017,4
69018,4
69019,19
69020,19
69021,19
69022,19
69023,10
69024,15
69025,15
69026,4
69027,22
69028,10
69029,23
69030,10
69031,4
69032,18
69033,22
69034,22
69035,1
69036,4
69037,9
69038,15
69039,19
69040,15
69041,15
69042,19
69043,15
69044,15
69045,19
69046,8
69047,2
69048,23
69049,13
69050,15
69051,9
69052,19
69053,13
69054,4
69055,15
69056,15
69057,10
69058,18
69059,5
69060,19
69061,18
69062,13
69063,4
69064,10
69065,4
69066,13
69067,4
69068,4
69069,13
69070,22
69071,4
69072,13
69073,22
69074,18
69075,19
69076,4
69077,19
69078,15
69079,10
69080,9
69081,15
69082,19
69083,15
69084,13
69085,15
69086,15
69087,22
69088,15
69089,19
69090,4
69091,15
69092,15
69093,4
69094,15
69095,22
69096,12
69097,22
69098,0
69099,23
69100,13
69101,15
69102,15
69103,4
69104,15
69105,4
69106,19
69107,15
69108,15
69109,4
69110,22
69111,19
69112,18
69113,15
69114,15
69115,23
69116,15
69117,13
69118,10
69119,15
69120,19
69121,15
69122,22
69123,15
69124,4
69125,15
69126,15
69127,19
69128,15
69129,6
69130,4
69131,4
69132,10
69133,19
69134,19
69135,12
69136,4
69137,15
69138,15
69139,6
69140,15
69141,16
69142,18
69143,15
69144,15
69145,14
69146,6
69147,10
69148,4
69149,19
69150,15
69151,4
69152,15
69153,13
69154,10
69155,15
69156,4
69157,9
69158,11
69159,23
69160,13
69161,13
69162,22
69163,19
69164,6
69165,14
69166,15
69167,23
69168,15
69169,15
69170,11
69171,22
69172,15
69173,15
69174,23
69175,9
69176,12
69177,19
69178,15
69179,15
69180,19
69181,10
69182,15
69183,15
69184,15
69185,22
69186,22
69187,12
69188,4
69189,18
69190,22
69191,15
69192,23
69193,19
69194,22
69195,12
69196,15
69197,13
69198,19
69199,22
69200,15
69201,4
69202,12
69203,19
69204,15
69205,15
69206,19
69207,19
69208,22
69209,19
69210,15
69211,11
69212,19
69213,4
69214,19
69215,19
69216,23
69217,22
69218,4
69219,19
69220,15
69221,15
69222,9
69223,15
69224,15
69225,22
69226,15
69227,19
69228,15
69229,4
69230,19
69231,15
69232,15
69233,10
69234,15
69235,4
69236,19
69237,22
69238,15
69239,15
69240,15
69241,4
69242,15
69243,4
69244,15
69245,19
69246,1
69247,15
69248,15
69249,15
69250,15
69251,22
69252,4
69253,15
69254,15
69255,4
69256,13
69257,9
69258,22
69259,14
69260,19
69261,22
69262,22
69263,19
69264,15
69265,16
69266,15
69267,19
69268,15
69269,15
69270,19
69271,19
69272,4
69273,15
69274,13
69275,18
69276,19
69277,15
69278,19
69279,19
69280,13
69281,15
69282,4
69283,15
69284,5
69285,13
69286,15
69287,15
69288,15
69289,12
69290,9
69291,22
69292,13
69293,4
69294,4
69295,19
69296,13
69297,4
69298,4
69299,15
69300,13
69301,15
69302,15
69303,12
69304,6
69305,15
69306,22
69307,19
69308,4
69309,15
69310,4
69311,4
69312,12
69313,4
69314,15
69315,15
69316,9
69317,15
69318,15
69319,15
69320,13
69321,23
69322,15
69323,23
69324,22
69325,22
69326,4
69327,15
69328,19
69329,15
69330,13
69331,4
69332,4
69333,15
69334,6
69335,15
69336,15
69337,4
69338,18
69339,15
69340,11
69341,15
69342,13
69343,23
69344,13
69345,13
69346,15
69347,4
69348,15
69349,13
69350,4
69351,4
69352,15
69353,4
69354,15
69355,15
69356,4
69357,15
69358,4
69359,13
69360,22
69361,23
69362,12
69363,19
69364,22
69365,15
69366,4
69367,22
69368,13
69369,13
69370,4
69371,4
69372,23
69373,19
69374,13
69375,15
69376,6
69377,15
69378,15
69379,4
69380,14
69381,15
69382,15
69383,15
69384,4
69385,14
69386,23
69387,6
69388,4
69389,23
69390,19
69391,22
69392,19
69393,23
69394,15
69395,19
69396,13
69397,13
69398,19
69399,15
69400,14
69401,4
69402,12
69403,13
69404,15
69405,15
69406,12
69407,15
69408,15
69409,19
69410,10
69411,13
69412,13
69413,12
69414,4
69415,15
69416,19
69417,15
69418,15
69419,19
69420,22
69421,22
69422,15
69423,23
69424,15
69425,15
69426,19
69427,13
69428,12
69429,15
69430,4
69431,4
69432,4
69433,15
69434,15
69435,15
69436,15
69437,15
69438,22
69439,19
69440,19
69441,15
69442,15
69443,18
69444,15
69445,19
69446,13
69447,15
69448,15
69449,19
69450,13
69451,15
69452,4
69453,22
69454,13
69455,11
69456,22
69457,22
69458,15
69459,23
69460,4
69461,1
69462,6
69463,15
69464,19
69465,19
69466,22
69467,4
69468,15
69469,19
69470,13
69471,4
69472,13
69473,23
69474,15
69475,4
69476,4
69477,4
69478,15
69479,6
69480,4
69481,4
69482,19
69483,15
69484,15
69485,6
69486,19
69487,19
69488,13
69489,15
69490,22
69491,1
69492,18
69493,13
69494,23
69495,18
69496,15
69497,4
69498,4
69499,15
69500,9
69501,18
69502,10
69503,19
69504,12
69505,15
69506,4
69507,19
69508,15
69509,19
69510,1
69511,4
69512,15
69513,19
69514,15
69515,16
69516,18
69517,0
69518,19
69519,19
69520,6
69521,18
69522,22
69523,15
69524,15
69525,19
69526,15
69527,19
69528,11
69529,13
69530,5
69531,4
69532,13
69533,12
69534,15
69535,10
69536,15
69537,19
69538,10
69539,15
69540,15
69541,13
69542,4
69543,15
69544,10
69545,19
69546,15
69547,4
69548,15
69549,15
69550,15
69551,13
69552,15
69553,15
69554,19
69555,19
69556,15
69557,13
69558,22
69559,3
69560,19
69561,15
69562,19
69563,10
69564,13
69565,15
69566,19
69567,15
69568,4
69569,15
69570,13
69571,15
69572,18
69573,19
69574,5
69575,14
69576,4
69577,19
69578,15
69579,23
69580,10
69581,23
69582,15
69583,4
69584,11
69585,15
69586,19
69587,15
69588,22
69589,19
69590,15
69591,11
69592,20
69593,19
69594,10
69595,15
69596,4
69597,19
69598,15
69599,15
69600,15
69601,12
69602,13
69603,4
69604,23
69605,22
69606,18
69607,13
69608,15
69609,4
69610,4
69611,23
69612,15
69613,22
69614,13
69615,4
69616,19
69617,10
69618,12
69619,15
69620,15
69621,18
69622,13
69623,4
69624,2
69625,15
69626,19
69627,15
69628,19
69629,13
69630,19
69631,6
69632,4
69633,15
69634,9
69635,13
69636,18
69637,11
69638,15
69639,19
69640,22
69641,4
69642,22
69643,4
69644,23
69645,4
69646,19
69647,4
69648,11
69649,15
69650,10
69651,4
69652,5
69653,4
69654,10
69655,18
69656,15
69657,6
69658,15
69659,15
69660,4
69661,4
69662,15
69663,4
69664,13
69665,22
69666,6
69667,13
69668,4
69669,23
69670,13
69671,19
69672,0
69673,15
69674,6
69675,13
69676,4
69677,4
69678,2
69679,14
69680,4
69681,15
69682,19
69683,4
69684,4
69685,13
69686,1
69687,15
69688,19
69689,12
69690,4
69691,19
69692,14
69693,4
69694,15
69695,22
69696,4
69697,13
69698,18
69699,22
69700,15
69701,13
69702,23
69703,13
69704,23
69705,15
69706,15
69707,22
69708,11
69709,23
69710,4
69711,15
69712,19
69713,15
69714,22
69715,19
69716,1
69717,13
69718,5
69719,15
69720,19
69721,15
69722,4
69723,4
69724,15
69725,13
69726,19
69727,23
69728,15
69729,19
69730,6
69731,22
69732,15
69733,4
69734,15
69735,15
69736,15
69737,4
69738,15
69739,6
69740,12
69741,19
69742,4
69743,10
69744,9
69745,18
69746,15
69747,13
69748,4
69749,15
69750,19
69751,15
69752,15
69753,4
69754,15
69755,19
69756,23
69757,15
69758,15
69759,13
69760,15
69761,18
69762,4
69763,15
69764,19
69765,18
69766,22
69767,19
69768,6
69769,4
69770,19
69771,15
69772,10
69773,13
69774,10
69775,15
69776,4
69777,15
69778,22
69779,22
69780,19
69781,13
69782,19
69783,15
69784,18
69785,19
69786,15
69787,4
69788,13
69789,4
69790,19
69791,4
69792,13
69793,22
69794,13
69795,22
69796,15
69797,0
69798,14
69799,18
69800,13
69801,10
69802,23
69803,19
69804,15
69805,23
69806,4
69807,2
69808,23
69809,12
69810,1
69811,15
69812,22
69813,15
69814,22
69815,13
69816,18
69817,22
69818,15
69819,4
69820,12
69821,4
69822,22
69823,15
69824,4
69825,23
69826,22
69827,15
69828,4
69829,18
69830,13
69831,19
69832,23
69833,15
69834,6
69835,15
69836,4
69837,15
69838,15
69839,4
69840,4
69841,15
69842,4
69843,22
69844,4
69845,4
69846,15
69847,23
69848,13
69849,4
69850,19
69851,13
69852,15
69853,19
69854,15
69855,19
69856,13
69857,15
69858,13
69859,23
69860,4
69861,15
69862,15
69863,18
69864,13
69865,15
69866,15
69867,15
69868,19
69869,23
69870,13
69871,15
69872,15
69873,4
69874,15
69875,4
69876,4
69877,15
69878,23
69879,7
69880,15
69881,10
69882,6
69883,19
69884,13
69885,13
69886,19
69887,13
69888,15
69889,18
69890,15
69891,11
69892,15
69893,19
69894,4
69895,6
69896,19
69897,15
69898,22
69899,4
69900,2
69901,15
69902,15
69903,15
69904,19
69905,18
69906,19
69907,4
69908,13
69909,15
69910,15
69911,15
69912,15
69913,4
69914,15
69915,22
69916,19
69917,12
69918,9
69919,5
69920,15
69921,0
69922,10
69923,4
69924,19
69925,2
69926,6
69927,15
69928,23
69929,22
69930,15
69931,19
69932,11
69933,22
69934,19
69935,4
69936,9
69937,19
69938,2
69939,15
69940,22
69941,4
69942,4
69943,4
69944,19
69945,13
69946,22
69947,22
69948,4
69949,15
69950,15
69951,22
69952,15
69953,15
69954,13
69955,19
69956,23
69957,11
69958,13
69959,15
69960,22
69961,19
69962,13
69963,15
69964,4
69965,23
69966,15
69967,13
69968,4
69969,15
69970,13
69971,22
69972,4
69973,15
69974,4
69975,13
69976,18
69977,15
69978,15
69979,13
69980,5
69981,19
69982,12
69983,19
69984,15
69985,13
69986,11
69987,13
69988,13
69989,22
69990,19
69991,15
69992,15
69993,15
69994,15
69995,13
69996,19
69997,13
69998,15
69999,13
70000,4
70001,13
70002,9
70003,15
70004,4
70005,13
70006,15
70007,15
70008,19
70009,15
70010,10
70011,10
70012,22
70013,4
70014,4
70015,15
70016,15
70017,4
70018,19
70019,15
70020,18
70021,23
70022,4
70023,13
70024,19
70025,19
70026,15
70027,15
70028,15
70029,9
70030,15
70031,15
70032,22
70033,23
70034,16
70035,18
70036,0
70037,13
70038,15
70039,13
70040,4
70041,19
70042,23
70043,13
70044,2
70045,15
70046,18
70047,19
70048,11
70049,4
70050,15
70051,19
70052,13
70053,4
70054,15
70055,13
70056,13
70057,19
70058,4
70059,15
70060,18
70061,15
70062,15
70063,15
70064,15
70065,4
70066,23
70067,13
70068,15
70069,4
70070,9
70071,15
70072,9
70073,4
70074,2
70075,15
70076,1
70077,15
70078,19
70079,22
70080,15
70081,22
70082,4
70083,22
70084,19
70085,19
70086,15
70087,15
70088,9
70089,15
70090,19
70091,1
70092,13
70093,19
70094,4
70095,15
70096,15
70097,19
70098,15
70099,13
70100,15
70101,13
70102,13
70103,4
70104,15
70105,19
70106,4
70107,15
70108,0
70109,4
70110,15
70111,15
70112,13
70113,22
70114,15
70115,22
70116,23
70117,15
70118,15
70119,4
70120,22
70121,13
70122,22
70123,4
70124,13
70125,22
70126,15
70127,18
70128,9
70129,15
70130,19
70131,19
70132,19
70133,14
70134,22
70135,15
70136,4
70137,13
70138,19
70139,15
70140,10
70141,22
70142,15
70143,15
70144,4
70145,19
70146,23
70147,13
70148,13
70149,18
70150,15
70151,3
70152,15
70153,18
70154,15
70155,18
70156,22
70157,15
70158,4
70159,19
70160,15
70161,19
70162,19
70163,15
70164,4
70165,22
70166,15
70167,23
70168,6
70169,10
70170,22
70171,4
70172,22
70173,18
70174,15
70175,4
70176,15
70177,9
70178,19
70179,13
70180,10
70181,23
70182,15
70183,15
70184,15
70185,15
70186,15
70187,22
70188,15
70189,15
70190,9
70191,15
70192,10
70193,4
70194,20
70195,11
70196,13
70197,23
70198,15
70199,19
70200,15
70201,10
70202,15
70203,15
70204,4
70205,19
70206,15
70207,13
70208,15
70209,15
70210,18
70211,15
70212,15
70213,14
70214,22
70215,10
70216,13
70217,13
70218,4
70219,19
70220,15
70221,22
70222,15
70223,19
70224,11
70225,15
70226,19
70227,15
70228,22
70229,22
70230,15
70231,15
70232,13
70233,15
70234,23
70235,4
70236,19
70237,14
70238,4
70239,15
70240,15
70241,15
70242,19
70243,15
70244,4
70245,18
70246,15
70247,13
70248,15
70249,13
70250,15
70251,15
70252,15
70253,4
70254,22
70255,15
70256,4
70257,10
70258,4
70259,15
70260,4
70261,22
70262,13
70263,22
70264,15
70265,15
70266,4
70267,23
70268,10
70269,19
70270,19
70271,15
70272,13
70273,4
70274,4
70275,15
70276,15
70277,15
70278,23
70279,19
70280,13
70281,19
70282,15
70283,19
70284,13
70285,19
70286,22
70287,15
70288,4
70289,15
70290,4
70291,23
70292,4
70293,13
70294,15
70295,15
70296,9
70297,15
70298,6
70299,23
70300,15
70301,4
70302,15
70303,22
70304,22
70305,19
70306,16
70307,15
70308,13
70309,15
70310,15
70311,4
70312,19
70313,4
70314,18
70315,15
70316,4
70317,15
70318,15
70319,13
70320,4
70321,22
70322,4
70323,13
70324,13
70325,15
70326,4
70327,15
70328,18
70329,15
70330,15
70331,5
70332,4
70333,4
70334,10
70335,10
70336,19
70337,19
70338,15
70339,15
70340,10
70341,13
70342,22
70343,23
70344,15
70345,4
70346,4
70347,23
70348,19
70349,19
70350,4
70351,15
70352,15
70353,15
70354,22
70355,15
70356,15
70357,13
70358,13
70359,4
70360,10
70361,15
70362,4
70363,19
70364,15
70365,15
70366,15
70367,15
70368,15
70369,22
70370,4
70371,4
70372,22
70373,15
70374,19
70375,1
70376,4
70377,15
70378,19
70379,10
70380,22
70381,4
70382,19
70383,15
70384,19
70385,19
70386,15
70387,13
70388,19
70389,13
70390,15
70391,5
70392,4
70393,15
70394,15
70395,4
70396,15
70397,4
70398,15
70399,10
70400,19
70401,15
70402,13
70403,18
70404,15
70405,13
70406,15
70407,19
70408,15
70409,4
70410,15
70411,15
70412,19
70413,4
70414,6
70415,23
70416,4
70417,2
70418,15
70419,4
70420,15
70421,15
70422,19
70423,19
70424,15
70425,4
70426,15
70427,15
70428,15
70429,4
70430,13
70431,15
70432,19
70433,15
70434,19
70435,4
70436,15
70437,4
70438,13
70439,13
70440,5
70441,19
70442,15
70443,15
70444,15
70445,15
70446,13
70447,1
70448,19
70449,12
70450,15
70451,13
70452,4
70453,15
70454,4
70455,15
70456,4
70457,19
70458,13
70459,22
70460,22
70461,15
70462,18
70463,15
70464,15
70465,19
70466,19
70467,15
70468,15
70469,19
70470,15
70471,15
70472,15
70473,15
70474,16
70475,15
70476,15
70477,15
70478,22
70479,19
70480,22
70481,19
70482,15
70483,15
70484,19
70485,4
70486,15
70487,15
70488,14
70489,13
70490,15
70491,22
70492,15
70493,19
70494,10
70495,2
70496,4
70497,15
70498,13
70499,22
70500,4
70501,12
70502,4
70503,22
70504,23
70505,15
70506,15
70507,14
70508,4
70509,13
70510,4
70511,5
70512,13
70513,13
70514,4
70515,9
70516,13
70517,9
70518,13
70519,16
70520,19
70521,4
70522,22
70523,4
70524,4
70525,19
70526,10
70527,15
70528,13
70529,4
70530,15
70531,15
70532,19
70533,18
70534,15
70535,2
70536,19
70537,4
70538,15
70539,4
70540,15
70541,23
70542,15
70543,15
70544,15
70545,13
70546,19
70547,15
70548,13
70549,13
70550,15
70551,19
70552,15
70553,4
70554,2
70555,22
70556,19
70557,15
70558,15
70559,15
70560,15
70561,4
70562,19
70563,19
70564,15
70565,15
70566,4
70567,2
70568,23
70569,19
70570,10
70571,10
70572,15
70573,19
70574,15
70575,19
70576,6
70577,4
70578,19
70579,23
70580,4
70581,15
70582,19
70583,15
70584,6
70585,18
70586,22
70587,19
70588,13
70589,15
70590,15
70591,15
70592,19
70593,13
70594,23
70595,4
70596,22
70597,15
70598,19
70599,19
70600,19
70601,5
70602,15
70603,4
70604,13
70605,13
70606,4
70607,15
70608,15
70609,15
70610,15
70611,15
70612,10
70613,5
70614,19
70615,4
70616,4
70617,11
70618,15
70619,13
70620,15
70621,4
70622,19
70623,15
70624,19
70625,15
70626,14
70627,19
70628,23
70629,15
70630,15
70631,15
70632,13
70633,15
70634,15
70635,19
70636,19
70637,15
70638,19
70639,11
70640,15
70641,23
70642,15
70643,10
70644,15
70645,19
70646,4
70647,19
70648,13
70649,15
70650,19
70651,19
70652,19
70653,15
70654,15
70655,22
70656,19
70657,4
70658,4
70659,4
70660,19
70661,15
70662,22
70663,15
70664,15
70665,4
70666,4
70667,13
70668,13
70669,4
70670,15
70671,15
70672,19
70673,18
70674,23
70675,13
70676,4
70677,15
70678,16
70679,13
70680,19
70681,19
70682,15
70683,15
70684,15
70685,19
70686,22
70687,13
70688,15
70689,6
70690,13
70691,5
70692,15
70693,19
70694,23
70695,15
70696,13
70697,15
70698,15
70699,13
70700,19
70701,19
70702,4
70703,22
70704,18
70705,15
70706,18
70707,13
70708,15
70709,1
70710,22
70711,4
70712,4
70713,22
70714,19
70715,19
70716,15
70717,15
70718,13
70719,15
70720,19
70721,13
70722,15
70723,13
70724,15
70725,22
70726,19
70727,19
70728,18
70729,15
70730,15
70731,19
70732,19
70733,19
70734,22
70735,4
70736,4
70737,18
70738,15
70739,4
70740,15
70741,4
70742,15
70743,10
70744,4
70745,13
70746,18
70747,4
70748,5
70749,13
70750,4
70751,15
70752,19
70753,18
70754,4
70755,4
70756,13
70757,15
70758,23
70759,19
70760,19
70761,18
70762,15
70763,19
70764,22
70765,18
70766,19
70767,4
70768,13
70769,6
70770,1
70771,15
70772,23
70773,15
70774,13
70775,15
70776,13
70777,15
70778,19
70779,15
70780,13
70781,15
70782,15
70783,15
70784,19
70785,15
70786,15
70787,13
70788,15
70789,4
70790,15
70791,4
70792,9
70793,22
70794,23
70795,13
70796,4
70797,4
70798,22
70799,4
70800,18
70801,1
70802,13
70803,23
70804,15
70805,15
70806,15
70807,19
70808,15
70809,22
70810,23
70811,15
70812,0
70813,18
70814,15
70815,15
70816,22
70817,10
70818,18
70819,19
70820,19
70821,19
70822,13
70823,15
70824,19
70825,13
70826,19
70827,11
70828,6
70829,15
70830,14
70831,15
70832,15
70833,17
70834,15
70835,6
70836,15
70837,19
70838,6
70839,19
70840,18
70841,22
70842,15
70843,23
70844,15
70845,19
70846,11
70847,10
70848,13
70849,15
70850,4
70851,1
70852,19
70853,4
70854,4
70855,15
70856,15
70857,4
70858,9
70859,19
70860,18
70861,19
70862,15
70863,13
70864,15
70865,19
70866,15
70867,15
70868,10
70869,15
70870,23
70871,22
70872,15
70873,15
70874,10
70875,15
70876,10
70877,13
70878,22
70879,15
70880,4
70881,19
70882,1
70883,10
70884,15
70885,18
70886,19
70887,10
70888,15
70889,19
70890,16
70891,9
70892,13
70893,15
70894,4
70895,15
70896,15
70897,22
70898,10
70899,15
70900,4
70901,15
70902,4
70903,15
70904,15
70905,15
70906,15
70907,15
70908,22
70909,15
70910,15
70911,19
70912,19
70913,9
70914,10
70915,4
70916,4
70917,13
70918,15
70919,15
70920,22
70921,18
70922,19
70923,15
70924,19
70925,19
70926,4
70927,9
70928,18
70929,15
70930,15
70931,15
70932,19
70933,22
70934,15
70935,15
70936,15
70937,15
70938,15
70939,15
70940,15
70941,13
70942,13
70943,23
70944,13
70945,2
70946,15
70947,22
70948,18
70949,4
70950,15
70951,10
70952,15
70953,15
70954,11
70955,15
70956,15
70957,19
70958,19
70959,13
70960,23
70961,22
70962,22
70963,22
70964,4
70965,19
70966,15
70967,15
70968,4
70969,22
70970,22
70971,13
70972,15
70973,14
70974,15
70975,16
70976,13
70977,15
70978,4
70979,4
70980,22
70981,15
70982,4
70983,19
70984,14
70985,15
70986,15
70987,19
70988,15
70989,15
70990,6
70991,22
70992,13
70993,4
70994,15
70995,22
70996,15
70997,22
70998,5
70999,15
71000,15
71001,18
71002,22
71003,11
71004,18
71005,23
71006,22
71007,22
71008,15
71009,4
71010,15
71011,19
71012,4
71013,22
71014,13
71015,13
71016,19
71017,19
71018,1
71019,15
71020,4
71021,15
71022,22
71023,15
71024,15
71025,15
71026,15
71027,15
71028,19
71029,13
71030,6
71031,4
71032,13
71033,19
71034,4
71035,19
71036,11
71037,9
71038,13
71039,15
71040,22
71041,18
71042,15
71043,13
71044,15
71045,10
71046,4
71047,12
71048,19
71049,15
71050,22
71051,6
71052,19
71053,15
71054,15
71055,15
71056,15
71057,13
71058,15
71059,9
71060,15
71061,18
71062,15
71063,15
71064,22
71065,15
71066,13
71067,15
71068,4
71069,15
71070,4
71071,9
71072,15
71073,4
71074,23
71075,0
71076,4
71077,4
71078,15
71079,9
71080,4
71081,10
71082,18
71083,4
71084,23
71085,4
71086,18
71087,19
71088,15
71089,4
71090,15
71091,15
71092,22
71093,19
71094,15
71095,19
71096,4
71097,15
71098,15
71099,15
71100,6
71101,15
71102,15
71103,4
71104,2
71105,15
71106,22
71107,19
71108,19
71109,22
71110,13
71111,4
71112,19
71113,19
71114,4
71115,19
71116,4
71117,19
71118,0
71119,15
71120,0
71121,4
71122,4
71123,4
71124,10
71125,4
71126,15
71127,4
71128,13
71129,19
71130,9
71131,15
71132,15
71133,1
71134,2
71135,6
71136,22
71137,15
71138,15
71139,15
71140,12
71141,15
71142,12
71143,13
71144,22
71145,20
71146,14
71147,16
71148,19
71149,15
71150,15
71151,15
71152,2
71153,19
71154,13
71155,1
71156,4
71157,23
71158,15
71159,13
71160,13
71161,15
71162,19
71163,15
71164,22
71165,19
71166,13
71167,15
71168,15
71169,9
71170,4
71171,15
71172,15
71173,22
71174,19
71175,4
71176,5
71177,10
71178,15
71179,10
71180,13
71181,19
71182,19
71183,4
71184,15
71185,15
71186,15
71187,15
71188,4
71189,19
71190,4
71191,23
71192,19
71193,10
71194,19
71195,22
71196,4
71197,19
71198,4
71199,4
71200,13
71201,4
71202,13
71203,6
71204,19
71205,19
71206,4
71207,6
71208,5
71209,15
71210,10
71211,15
71212,23
71213,4
71214,15
71215,15
71216,15
71217,15
71218,15
71219,15
71220,4
71221,23
71222,13
71223,10
71224,15
71225,19
71226,19
71227,10
71228,19
71229,15
71230,19
71231,10
71232,15
71233,19
71234,15
71235,22
71236,4
71237,11
71238,22
71239,15
71240,10
71241,13
71242,19
71243,2
71244,14
71245,10
71246,15
71247,13
71248,23
71249,4
71250,4
71251,4
71252,4
71253,15
71254,10
71255,23
71256,19
71257,4
71258,15
71259,13
71260,4
71261,15
71262,19
71263,14
71264,4
71265,15
71266,2
71267,15
71268,4
71269,13
71270,4
71271,19
71272,19
71273,22
71274,13
71275,19
71276,22
71277,23
71278,13
71279,4
71280,10
71281,4
71282,15
71283,13
71284,15
71285,13
71286,19
71287,18
71288,4
71289,23
71290,10
71291,15
71292,15
71293,15
71294,22
71295,22
71296,19
71297,22
71298,9
71299,2
71300,15
71301,19
71302,19
71303,19
71304,15
71305,16
71306,9
71307,19
71308,4
71309,23
71310,15
71311,4
71312,22
71313,23
71314,15
71315,18
71316,4
71317,16
71318,15
71319,15
71320,4
71321,1
71322,4
71323,13
71324,15
71325,4
71326,23
71327,15
71328,4
71329,15
71330,4
71331,13
71332,13
71333,15
71334,4
71335,10
71336,1
71337,6
71338,19
71339,19
71340,19
71341,22
71342,19
71343,4
71344,2
71345,19
71346,23
71347,14
71348,22
71349,15
71350,1
71351,4
71352,5
71353,4
71354,5
71355,15
71356,9
71357,15
71358,4
71359,22
71360,15
71361,4
71362,18
71363,4
71364,4
71365,22
71366,15
71367,15
71368,2
71369,4
71370,15
71371,4
71372,4
71373,19
71374,15
71375,15
71376,10
71377,4
71378,4
71379,15
71380,19
71381,15
71382,14
71383,13
71384,15
71385,13
71386,15
71387,15
71388,10
71389,15
71390,13
71391,22
71392,13
71393,15
71394,4
71395,4
71396,15
71397,15
71398,15
71399,13
71400,15
71401,15
71402,19
71403,19
71404,15
71405,15
71406,15
71407,5
71408,19
71409,4
71410,15
71411,19
71412,13
71413,18
71414,15
71415,15
71416,15
71417,15
71418,15
71419,22
71420,15
71421,13
71422,10
71423,15
71424,19
71425,13
71426,4
71427,19
71428,15
71429,15
71430,19
71431,13
71432,19
71433,4
71434,19
71435,1
71436,15
71437,15
71438,13
71439,14
71440,13
71441,15
71442,13
71443,15
71444,19
71445,4
71446,22
71447,15
71448,9
71449,4
71450,18
71451,15
71452,4
71453,19
71454,6
71455,13
71456,19
71457,12
71458,22
71459,4
71460,5
71461,4
71462,15
71463,22
71464,13
71465,15
71466,4
71467,22
71468,4
71469,19
71470,13
71471,4
71472,4
71473,23
71474,15
71475,15
71476,15
71477,15
71478,15
71479,4
71480,14
71481,18
71482,13
71483,22
71484,13
71485,4
71486,13
71487,18
71488,15
71489,15
71490,22
71491,15
71492,23
71493,4
71494,15
71495,19
71496,4
71497,15
71498,22
71499,4
71500,4
71501,15
71502,19
71503,11
71504,15
71505,13
71506,15
71507,0
71508,22
71509,4
71510,19
71511,19
71512,13
71513,4
71514,15
71515,18
71516,19
71517,18
71518,15
71519,13
71520,15
71521,4
71522,19
71523,19
71524,15
71525,1
71526,4
71527,4
71528,4
71529,19
71530,4
71531,15
71532,15
71533,15
71534,22
71535,4
71536,19
71537,19
71538,13
71539,15
71540,22
71541,4
71542,4
71543,19
71544,15
71545,22
71546,19
71547,19
71548,4
71549,23
71550,0
71551,19
71552,15
71553,23
71554,15
71555,13
71556,0
71557,15
71558,10
71559,15
71560,15
71561,23
71562,18
71563,15
71564,19
71565,22
71566,4
71567,15
71568,15
71569,18
71570,15
71571,19
71572,13
71573,4
71574,15
71575,13
71576,4
71577,13
71578,15
71579,22
71580,1
71581,13
71582,19
71583,15
71584,23
71585,19
71586,4
71587,13
71588,15
71589,18
71590,13
71591,1
71592,18
71593,14
71594,19
71595,15
71596,10
71597,23
71598,5
71599,15
71600,19
71601,15
71602,19
71603,2
71604,19
71605,22
71606,13
71607,15
71608,5
71609,15
71610,18
71611,19
71612,18
71613,15
71614,22
71615,13
71616,10
71617,4
71618,4
71619,13
71620,15
71621,4
71622,19
71623,15
71624,19
71625,15
71626,15
71627,15
71628,4
71629,19
71630,15
71631,4
71632,19
71633,22
71634,4
71635,15
71636,15
71637,15
71638,15
71639,15
71640,15
71641,4
71642,15
71643,22
71644,15
71645,10
71646,14
71647,23
71648,4
71649,13
71650,15
71651,18
71652,15
71653,15
71654,15
71655,15
71656,11
71657,22
71658,15
71659,15
71660,15
71661,13
71662,15
71663,4
71664,15
71665,13
71666,13
71667,19
71668,15
71669,12
71670,4
71671,5
71672,15
71673,15
71674,15
71675,4
71676,12
71677,15
71678,13
71679,4
71680,13
71681,13
71682,4
71683,22
71684,6
71685,15
71686,5
71687,15
71688,1
71689,22
71690,10
71691,19
71692,13
71693,4
71694,15
71695,4
71696,15
71697,15
71698,15
71699,19
71700,22
71701,9
71702,19
71703,15
71704,22
71705,4
71706,15
71707,4
71708,13
71709,6
71710,11
71711,15
71712,14
71713,4
71714,15
71715,15
71716,15
71717,22
71718,18
71719,22
71720,15
71721,5
71722,22
71723,13
71724,15
71725,22
71726,15
71727,3
71728,18
71729,9
71730,15
71731,19
71732,4
71733,15
71734,19
71735,15
71736,15
71737,5
71738,11
71739,19
71740,15
71741,19
71742,4
71743,4
71744,15
71745,19
71746,23
71747,15
71748,15
71749,4
71750,1
71751,23
71752,13
71753,13
71754,19
71755,19
71756,15
71757,13
71758,15
71759,22
71760,19
71761,14
71762,13
71763,19
71764,23
71765,9
71766,15
71767,23
71768,15
71769,15
71770,4
71771,13
71772,19
71773,15
71774,13
71775,19
71776,15
71777,4
71778,4
71779,19
71780,23
71781,15
71782,6
71783,13
71784,22
71785,13
71786,4
71787,4
71788,23
71789,4
71790,13
71791,4
71792,19
71793,13
71794,19
71795,19
71796,19
71797,19
71798,18
71799,10
71800,15
71801,15
71802,4
71803,4
71804,15
71805,15
71806,19
71807,4
71808,19
71809,15
71810,4
71811,15
71812,14
71813,4
71814,4
71815,15
71816,22
71817,15
71818,19
71819,15
71820,15
71821,23
71822,4
71823,4
71824,15
71825,13
71826,18
71827,4
71828,15
71829,4
71830,19
71831,15
71832,13
71833,5
71834,15
71835,13
71836,22
71837,19
71838,15
71839,15
71840,13
71841,22
71842,12
71843,15
71844,15
71845,4
71846,4
71847,4
71848,15
71849,15
71850,4
71851,15
71852,13
71853,19
71854,19
71855,22
71856,22
71857,19
71858,23
71859,4
71860,12
71861,15
71862,1
71863,19
71864,4
71865,15
71866,4
71867,14
71868,13
71869,19
71870,22
71871,23
71872,15
71873,13
71874,13
71875,4
71876,10
71877,10
71878,4
71879,4
71880,15
71881,13
71882,13
71883,4
71884,9
71885,15
71886,15
71887,4
71888,15
71889,22
71890,18
71891,13
71892,22
71893,4
71894,15
71895,13
71896,9
71897,4
71898,19
71899,19
71900,9
71901,18
71902,19
71903,1
71904,13
71905,4
71906,15
71907,15
71908,4
71909,16
71910,6
71911,15
71912,19
71913,15
71914,19
71915,16
71916,15
71917,4
71918,15
71919,19
71920,15
71921,19
71922,10
71923,4
71924,4
71925,23
71926,13
71927,15
71928,15
71929,4
71930,10
71931,23
71932,4
71933,4
71934,9
71935,22
71936,19
71937,22
71938,4
71939,15
71940,13
71941,22
71942,15
71943,4
71944,13
71945,15
71946,19
71947,23
71948,4
71949,9
71950,22
71951,18
71952,19
71953,15
71954,23
71955,23
71956,19
71957,4
71958,15
71959,15
71960,15
71961,15
71962,15
71963,22
71964,13
71965,10
71966,15
71967,4
71968,15
71969,12
71970,11
71971,12
71972,22
71973,23
71974,15
71975,15
71976,4
71977,15
71978,19
71979,4
71980,4
71981,19
71982,19
71983,22
71984,15
71985,19
71986,1
71987,10
71988,4
71989,15
71990,4
71991,22
71992,19
71993,15
71994,13
71995,22
71996,4
71997,22
71998,15
71999,15
72000,4
72001,14
72002,22
72003,4
72004,22
72005,19
72006,15
72007,15
72008,19
72009,10
72010,13
72011,15
72012,15
72013,22
72014,22
72015,15
72016,19
72017,22
72018,19
72019,6
72020,15
72021,15
72022,15
72023,6
72024,13
72025,4
72026,15
72027,15
72028,15
72029,15
72030,15
72031,15
72032,13
72033,15
72034,18
72035,15
72036,22
72037,19
72038,6
72039,19
72040,18
72041,15
72042,4
72043,4
72044,15
72045,13
72046,5
72047,15
72048,13
72049,4
72050,13
72051,15
72052,23
72053,18
72054,15
72055,15
72056,18
72057,13
72058,15
72059,15
72060,4
72061,13
72062,15
72063,13
72064,4
72065,22
72066,22
72067,19
72068,15
72069,15
72070,13
72071,2
72072,4
72073,15
72074,4
72075,15
72076,13
72077,9
72078,13
72079,4
72080,19
72081,13
72082,19
72083,15
72084,4
72085,6
72086,13
72087,18
72088,4
72089,15
72090,15
72091,15
72092,19
72093,4
72094,15
72095,19
72096,15
72097,15
72098,15
72099,19
72100,13
72101,15
72102,15
72103,4
72104,23
72105,15
72106,19
72107,19
72108,15
72109,4
72110,9
72111,19
72112,15
72113,18
72114,15
72115,19
72116,15
72117,22
72118,15
72119,4
72120,15
72121,13
72122,13
72123,23
72124,15
72125,15
72126,18
72127,13
72128,2
72129,4
72130,13
72131,22
72132,13
72133,15
72134,13
72135,15
72136,16
72137,15
72138,13
72139,0
72140,18
72141,4
72142,4
72143,15
72144,23
72145,22
72146,4
72147,23
72148,15
72149,4
72150,19
72151,19
72152,19
72153,15
72154,13
72155,19
72156,13
72157,10
72158,4
72159,15
72160,15
72161,22
72162,15
72163,15
72164,4
72165,15
72166,4
72167,10
72168,16
72169,15
72170,15
72171,22
72172,4
72173,16
72174,13
72175,10
72176,10
72177,19
72178,13
72179,19
72180,13
72181,13
72182,15
72183,22
72184,15
72185,19
72186,18
72187,13
72188,13
72189,15
72190,15
72191,4
72192,15
72193,15
72194,6
72195,9
72196,15
72197,19
72198,19
72199,15
72200,15
72201,19
72202,15
72203,15
72204,19
72205,22
72206,15
72207,15
72208,15
72209,4
72210,19
72211,6
72212,13
72213,9
72214,15
72215,4
72216,15
72217,10
72218,13
72219,15
72220,0
72221,19
72222,4
72223,15
72224,4
72225,4
72226,15
72227,15
72228,15
72229,13
72230,22
72231,15
72232,19
72233,19
72234,13
72235,10
72236,15
72237,15
72238,13
72239,18
72240,15
72241,15
72242,15
72243,10
72244,13
72245,19
72246,15
72247,15
72248,4
72249,15
72250,13
72251,15
72252,15
72253,19
72254,23
72255,15
72256,22
72257,11
72258,10
72259,22
72260,22
72261,23
72262,23
72263,18
72264,15
72265,15
72266,15
72267,22
72268,22
72269,5
72270,19
72271,19
72272,19
72273,15
72274,15
72275,14
72276,15
72277,15
72278,19
72279,9
72280,15
72281,19
72282,15
72283,9
72284,15
72285,15
72286,15
72287,13
72288,19
72289,15
72290,18
72291,4
72292,15
72293,19
72294,4
72295,13
72296,15
72297,6
72298,4
72299,5
72300,19
72301,15
72302,16
72303,15
72304,15
72305,15
72306,9
72307,19
72308,19
72309,10
72310,15
72311,15
72312,15
72313,23
72314,15
72315,18
72316,2
72317,12
72318,13
72319,4
72320,22
72321,9
72322,4
72323,4
72324,22
72325,4
72326,18
72327,4
72328,15
72329,15
72330,4
72331,15
72332,15
72333,4
72334,19
72335,18
72336,6
72337,15
72338,23
72339,15
72340,4
72341,4
72342,19
72343,6
72344,18
72345,4
72346,4
72347,10
72348,10
72349,15
72350,15
72351,15
72352,13
72353,15
72354,15
72355,13
72356,13
72357,15
72358,4
72359,10
72360,0
72361,15
72362,19
72363,10
72364,4
72365,4
72366,13
72367,13
72368,6
72369,4
72370,4
72371,13
72372,4
72373,15
72374,15
72375,23
72376,4
72377,23
72378,4
72379,19
72380,2
72381,6
72382,19
72383,4
72384,15
72385,4
72386,4
72387,19
72388,15
72389,19
72390,13
72391,15
72392,10
72393,4
72394,13
72395,15
72396,22
72397,15
72398,10
72399,19
72400,15
72401,13
72402,15
72403,15
72404,9
72405,22
72406,22
72407,19
72408,9
72409,18
72410,11
72411,4
72412,15
72413,15
72414,23
72415,18
72416,11
72417,4
72418,15
72419,15
72420,13
72421,15
72422,9
72423,18
72424,15
72425,15
72426,15
72427,15
72428,15
72429,15
72430,13
72431,19
72432,15
72433,4
72434,19
72435,15
72436,15
72437,4
72438,13
72439,15
72440,4
72441,4
72442,13
72443,15
72444,15
72445,15
72446,15
72447,15
72448,4
72449,23
72450,4
72451,13
72452,4
72453,15
72454,19
72455,10
72456,15
72457,4
72458,6
72459,19
72460,10
72461,19
72462,14
72463,19
72464,4
72465,10
72466,22
72467,15
72468,19
72469,4
72470,19
72471,4
72472,19
72473,23
72474,15
72475,13
72476,15
72477,4
72478,15
72479,15
72480,15
72481,10
72482,15
72483,23
72484,13
72485,5
72486,15
72487,22
72488,4
72489,4
72490,4
72491,4
72492,4
72493,19
72494,22
72495,9
72496,15
72497,19
72498,18
72499,18
72500,5
72501,15
72502,15
72503,15
72504,19
72505,11
72506,15
72507,19
72508,6
72509,15
72510,9
72511,9
72512,19
72513,4
72514,10
72515,19
72516,13
72517,19
72518,22
72519,4
72520,13
72521,18
72522,22
72523,19
72524,15
72525,15
72526,13
72527,19
72528,19
72529,15
72530,15
72531,4
72532,19
72533,5
72534,22
72535,11
72536,13
72537,13
72538,15
72539,4
72540,18
72541,15
72542,23
72543,23
72544,13
72545,3
72546,15
72547,15
72548,15
72549,15
72550,13
72551,4
72552,9
72553,13
72554,4
72555,19
72556,15
72557,9
72558,4
72559,19
72560,15
72561,15
72562,22
72563,13
72564,15
72565,23
72566,19
72567,19
72568,22
72569,10
72570,15
72571,13
72572,15
72573,22
72574,19
72575,19
72576,13
72577,19
72578,15
72579,4
72580,15
72581,9
72582,18
72583,10
72584,15
72585,15
72586,4
72587,15
72588,14
72589,23
72590,4
72591,18
72592,15
72593,15
72594,4
72595,19
72596,10
72597,15
72598,23
72599,15
72600,10
72601,19
72602,18
72603,15
72604,15
72605,5
72606,13
72607,13
72608,15
72609,15
72610,19
72611,4
72612,23
72613,4
72614,5
72615,15
72616,13
72617,19
72618,13
72619,15
72620,15
72621,2
72622,19
72623,13
72624,20
72625,4
72626,15
72627,19
72628,19
72629,22
72630,13
72631,15
72632,13
72633,22
72634,19
72635,19
72636,15
72637,13
72638,19
72639,22
72640,4
72641,15
72642,23
72643,4
72644,4
72645,13
72646,4
72647,14
72648,22
72649,4
72650,4
72651,15
72652,15
72653,13
72654,4
72655,19
72656,15
72657,4
72658,19
72659,12
72660,15
72661,4
72662,4
72663,4
72664,13
72665,19
72666,15
72667,13
72668,15
72669,4
72670,15
72671,15
72672,15
72673,5
72674,15
72675,15
72676,4
72677,15
72678,4
72679,15
72680,15
72681,4
72682,19
72683,19
72684,4
72685,22
72686,4
72687,10
72688,19
72689,13
72690,22
72691,13
72692,18
72693,15
72694,19
72695,16
72696,4
72697,4
72698,22
72699,15
72700,15
72701,23
72702,19
72703,4
72704,4
72705,15
72706,4
72707,19
72708,19
72709,9
72710,10
72711,4
72712,23
72713,11
72714,4
72715,13
72716,23
72717,15
72718,1
72719,16
72720,19
72721,19
72722,13
72723,15
72724,22
72725,10
72726,19
72727,15
72728,12
72729,15
72730,15
72731,15
72732,13
72733,15
72734,4
72735,4
72736,23
72737,19
72738,13
72739,4
72740,13
72741,19
72742,23
72743,15
72744,19
72745,23
72746,13
72747,18
72748,13
72749,19
72750,15
72751,22
72752,15
72753,15
72754,9
72755,4
72756,19
72757,4
72758,22
72759,4
72760,13
72761,4
72762,15
72763,22
72764,4
72765,22
72766,19
72767,5
72768,4
72769,15
72770,19
72771,18
72772,19
72773,19
72774,22
72775,15
72776,19
72777,19
72778,19
72779,13
72780,15
72781,22
72782,19
72783,18
72784,19
72785,22
72786,15
72787,15
72788,13
72789,19
72790,19
72791,15
72792,15
72793,22
72794,15
72795,15
72796,4
72797,15
72798,15
72799,12
72800,4
72801,15
72802,15
72803,15
72804,13
72805,15
72806,0
72807,13
72808,22
72809,15
72810,19
72811,4
72812,4
72813,15
72814,19
72815,23
72816,15
72817,10
72818,15
72819,4
72820,18
72821,4
72822,15
72823,15
72824,4
72825,15
72826,19
72827,15
72828,19
72829,4
72830,19
72831,10
72832,15
72833,18
72834,4
72835,15
72836,10
72837,15
72838,5
72839,18
72840,15
72841,15
72842,15
72843,19
72844,15
72845,4
72846,4
72847,13
72848,15
72849,15
72850,23
72851,4
72852,4
72853,4
72854,14
72855,14
72856,19
72857,4
72858,15
72859,15
72860,4
72861,19
72862,15
72863,18
72864,13
72865,23
72866,13
72867,19
72868,18
72869,18
72870,18
72871,22
72872,23
72873,22
72874,10
72875,10
72876,10
72877,21
72878,19
72879,4
72880,15
72881,23
72882,19
72883,4
72884,9
72885,22
72886,11
72887,15
72888,4
72889,4
72890,22
72891,9
72892,19
72893,23
72894,19
72895,19
72896,15
72897,15
72898,22
72899,14
72900,15
72901,15
72902,19
72903,15
72904,15
72905,23
72906,6
72907,15
72908,15
72909,19
72910,15
72911,19
72912,15
72913,10
72914,23
72915,15
72916,15
72917,10
72918,10
72919,4
72920,14
72921,15
72922,4
72923,4
72924,15
72925,4
72926,12
72927,19
72928,19
72929,18
72930,10
72931,5
72932,9
72933,22
72934,18
72935,15
72936,19
72937,13
72938,15
72939,19
72940,15
72941,4
72942,1
72943,15
72944,4
72945,10
72946,15
72947,19
72948,13
72949,19
72950,10
72951,22
72952,15
72953,4
72954,15
72955,4
72956,22
72957,13
72958,15
72959,23
72960,22
72961,4
72962,15
72963,15
72964,11
72965,13
72966,10
72967,15
72968,10
72969,15
72970,19
72971,6
72972,10
72973,15
72974,14
72975,13
72976,2
72977,19
72978,15
72979,15
72980,1
72981,12
72982,12
72983,15
72984,15
72985,4
72986,10
72987,15
72988,5
72989,15
72990,13
72991,15
72992,15
72993,4
72994,13
72995,4
72996,19
72997,22
72998,22
72999,15
73000,19
73001,19
73002,13
73003,4
73004,4
73005,4
73006,19
73007,10
73008,15
73009,15
73010,15
73011,4
73012,1
73013,13
73014,15
73015,19
73016,22
73017,13
73018,19
73019,17
73020,15
73021,10
73022,4
73023,10
73024,19
73025,4
73026,10
73027,13
73028,13
73029,18
73030,23
73031,4
73032,22
73033,19
73034,15
73035,10
73036,19
73037,19
73038,15
73039,22
73040,13
73041,15
73042,15
73043,15
73044,23
73045,15
73046,15
73047,4
73048,19
73049,15
73050,15
73051,19
73052,15
73053,15
73054,13
73055,15
73056,4
73057,4
73058,10
73059,13
73060,15
73061,10
73062,22
73063,15
73064,11
73065,15
73066,15
73067,15
73068,13
73069,15
73070,15
73071,15
73072,19
73073,4
73074,18
73075,22
73076,15
73077,15
73078,15
73079,15
73080,13
73081,15
73082,13
73083,10
73084,19
73085,19
73086,6
73087,15
73088,22
73089,4
73090,19
73091,15
73092,15
73093,22
73094,18
73095,6
73096,19
73097,15
73098,13
73099,15
73100,13
73101,22
73102,19
73103,4
73104,15
73105,13
73106,15
73107,4
73108,4
73109,11
73110,15
73111,15
73112,4
73113,15
73114,9
73115,15
73116,22
73117,15
73118,19
73119,15
73120,18
73121,2
73122,4
73123,22
73124,15
73125,15
73126,5
73127,18
73128,11
73129,15
73130,15
73131,23
73132,22
73133,9
73134,4
73135,15
73136,19
73137,15
73138,10
73139,15
73140,23
73141,4
73142,4
73143,4
73144,23
73145,19
73146,22
73147,4
73148,23
73149,15
73150,4
73151,22
73152,15
73153,15
73154,13
73155,6
73156,19
73157,0
73158,15
73159,1
73160,22
73161,15
73162,12
73163,4
73164,11
73165,18
73166,4
73167,15
73168,13
73169,15
73170,15
73171,19
73172,11
73173,4
73174,15
73175,15
73176,9
73177,19
73178,22
73179,18
73180,15
73181,19
73182,15
73183,23
73184,10
73185,4
73186,4
73187,15
73188,22
73189,18
73190,15
73191,23
73192,4
73193,15
73194,13
73195,16
73196,4
73197,19
73198,13
73199,4
73200,19
73201,15
73202,4
73203,15
73204,4
73205,13
73206,18
73207,15
73208,19
73209,11
73210,18
73211,6
73212,15
73213,13
73214,13
73215,22
73216,15
73217,22
73218,19
73219,15
73220,19
73221,11
73222,13
73223,15
73224,19
73225,15
73226,15
73227,15
73228,15
73229,15
73230,13
73231,13
73232,22
73233,13
73234,19
73235,14
73236,15
73237,13
73238,23
73239,19
73240,4
73241,15
73242,15
73243,22
73244,15
73245,4
73246,13
73247,4
73248,19
73249,4
73250,4
73251,19
73252,13
73253,19
73254,15
73255,23
73256,22
73257,4
73258,15
73259,15
73260,4
73261,4
73262,1
73263,4
73264,6
73265,23
73266,23
73267,23
73268,15
73269,22
73270,4
73271,15
73272,19
73273,15
73274,15
73275,19
73276,15
73277,4
73278,10
73279,6
73280,13
73281,18
73282,19
73283,15
73284,23
73285,9
73286,15
73287,19
73288,15
73289,19
73290,4
73291,19
73292,19
73293,19
73294,6
73295,15
73296,19
73297,18
73298,18
73299,15
73300,19
73301,4
73302,19
73303,23
73304,15
73305,15
73306,4
73307,13
73308,15
73309,19
73310,19
73311,19
73312,10
73313,4
73314,4
73315,10
73316,15
73317,15
73318,22
73319,4
73320,19
73321,6
73322,18
73323,19
73324,15
73325,15
73326,4
73327,1
73328,3
73329,12
73330,19
73331,4
73332,22
73333,15
73334,4
73335,19
73336,15
73337,4
73338,22
73339,15
73340,2
73341,15
73342,19
73343,14
73344,13
73345,15
73346,19
73347,15
73348,13
73349,10
73350,4
73351,15
73352,19
73353,19
73354,15
73355,17
73356,22
73357,1
73358,15
73359,5
73360,4
73361,15
73362,13
73363,15
73364,13
73365,6
73366,14
73367,22
73368,15
73369,19
73370,19
73371,13
73372,15
73373,15
73374,15
73375,4
73376,4
73377,15
73378,15
73379,15
73380,4
73381,4
73382,16
73383,4
73384,15
73385,13
73386,15
73387,15
73388,14
73389,9
73390,13
73391,15
73392,19
73393,15
73394,22
73395,13
73396,19
73397,15
73398,16
73399,15
73400,4
73401,15
73402,13
73403,15
73404,19
73405,23
73406,22
73407,22
73408,19
73409,4
73410,23
73411,13
73412,18
73413,4
73414,4
73415,15
73416,11
73417,15
73418,19
73419,4
73420,22
73421,19
73422,15
73423,13
73424,4
73425,15
73426,11
73427,22
73428,15
73429,15
73430,12
73431,15
73432,15
73433,19
73434,22
73435,15
73436,15
73437,10
73438,0
73439,19
73440,15
73441,15
73442,15
73443,18
73444,13
73445,10
73446,18
73447,19
73448,19
73449,15
73450,19
73451,19
73452,13
73453,2
73454,13
73455,15
73456,15
73457,15
73458,15
73459,6
73460,13
73461,15
73462,22
73463,4
73464,19
73465,13
73466,23
73467,15
73468,4
73469,4
73470,19
73471,15
73472,19
73473,15
73474,22
73475,22
73476,15
73477,15
73478,15
73479,15
73480,4
73481,4
73482,4
73483,23
73484,15
73485,15
73486,23
73487,15
73488,15
73489,15
73490,15
73491,4
73492,4
73493,15
73494,22
73495,22
73496,19
73497,18
73498,1
73499,15
73500,19
73501,4
73502,15
73503,22
73504,9
73505,4
73506,4
73507,13
73508,15
73509,23
73510,13
73511,15
73512,4
73513,18
73514,13
73515,15
73516,4
73517,15
73518,22
73519,15
73520,15
73521,13
73522,10
73523,22
73524,15
73525,15
73526,15
73527,19
73528,9
73529,22
73530,13
73531,15
73532,19
73533,4
73534,18
73535,13
73536,13
73537,19
73538,15
73539,19
73540,15
73541,4
73542,15
73543,19
73544,19
73545,4
73546,15
73547,13
73548,19
73549,1
73550,14
73551,4
73552,13
73553,19
73554,16
73555,19
73556,13
73557,4
73558,19
73559,13
73560,10
73561,4
73562,8
73563,15
73564,18
73565,15
73566,19
73567,19
73568,19
73569,15
73570,22
73571,15
73572,1
73573,9
73574,5
73575,19
73576,13
73577,23
73578,6
73579,19
73580,10
73581,15
73582,15
73583,15
73584,10
73585,4
73586,4
73587,15
73588,19
73589,19
73590,15
73591,15
73592,4
73593,22
73594,4
73595,15
73596,15
73597,15
73598,4
73599,19
73600,6
73601,5
73602,22
73603,4
73604,13
73605,12
73606,13
73607,19
73608,4
73609,11
73610,15
73611,19
73612,15
73613,10
73614,15
73615,4
73616,15
73617,15
73618,23
73619,11
73620,15
73621,10
73622,15
73623,11
73624,4
73625,10
73626,0
73627,15
73628,15
73629,15
73630,15
73631,13
73632,19
73633,11
73634,15
73635,19
73636,22
73637,3
73638,4
73639,15
73640,15
73641,13
73642,9
73643,22
73644,15
73645,13
73646,4
73647,19
73648,23
73649,19
73650,19
73651,19
73652,2
73653,15
73654,13
73655,13
73656,19
73657,4
73658,19
73659,10
73660,13
73661,4
73662,22
73663,4
73664,10
73665,19
73666,15
73667,4
73668,13
73669,15
73670,6
73671,4
73672,13
73673,15
73674,4
73675,18
73676,4
73677,4
73678,9
73679,15
73680,4
73681,22
73682,6
73683,10
73684,15
73685,14
73686,15
73687,13
73688,23
73689,19
73690,15
73691,19
73692,4
73693,22
73694,9
73695,15
73696,4
73697,15
73698,4
73699,15
73700,19
73701,22
73702,4
73703,15
73704,15
73705,19
73706,15
73707,19
73708,13
73709,12
73710,15
73711,4
73712,22
73713,4
73714,22
73715,18
73716,13
73717,15
73718,4
73719,13
73720,4
73721,10
73722,15
73723,15
73724,15
73725,15
73726,15
73727,4
73728,12
73729,23
73730,4
73731,15
73732,4
73733,10
73734,19
73735,19
73736,13
73737,15
73738,4
73739,13
73740,4
73741,12
73742,13
73743,4
73744,18
73745,15
73746,22
73747,4
73748,19
73749,19
73750,15
73751,15
73752,15
73753,19
73754,15
73755,15
73756,13
73757,15
73758,22
73759,13
73760,15
73761,15
73762,15
73763,19
73764,4
73765,22
73766,15
73767,4
73768,15
73769,15
73770,13
73771,4
73772,4
73773,15
73774,22
73775,15
73776,18
73777,19
73778,15
73779,0
73780,4
73781,15
73782,18
73783,15
73784,15
73785,23
73786,22
73787,19
73788,13
73789,4
73790,17
73791,15
73792,15
73793,9
73794,15
73795,5
73796,4
73797,15
73798,23
73799,19
73800,13
73801,19
73802,23
73803,15
73804,19
73805,9
73806,15
73807,4
73808,22
73809,16
73810,18
73811,19
73812,10
73813,4
73814,0
73815,4
73816,13
73817,4
73818,15
73819,19
73820,19
73821,13
73822,19
73823,13
73824,4
73825,19
73826,11
73827,15
73828,15
73829,15
73830,4
73831,22
73832,4
73833,19
73834,15
73835,10
73836,13
73837,9
73838,13
73839,23
73840,23
73841,4
73842,19
73843,22
73844,19
73845,13
73846,19
73847,18
73848,15
73849,4
73850,19
73851,15
73852,19
73853,19
73854,15
73855,4
73856,5
73857,19
73858,18
73859,19
73860,18
73861,22
73862,18
73863,13
73864,15
73865,4
73866,6
73867,9
73868,10
73869,4
73870,15
73871,15
73872,22
73873,15
73874,13
73875,19
73876,19
73877,18
73878,15
73879,19
73880,15
73881,15
73882,2
73883,4
73884,4
73885,13
73886,15
73887,19
73888,4
73889,15
73890,18
73891,10
73892,19
73893,15
73894,10
73895,6
73896,4
73897,19
73898,19
73899,15
73900,13
73901,5
73902,15
73903,4
73904,15
73905,4
73906,19
73907,15
73908,15
73909,13
73910,6
73911,6
73912,19
73913,15
73914,13
73915,15
73916,15
73917,13
73918,15
73919,4
73920,9
73921,15
73922,15
73923,13
73924,13
73925,4
73926,22
73927,9
73928,15
73929,15
73930,15
73931,16
73932,15
73933,15
73934,13
73935,13
73936,15
73937,15
73938,22
73939,22
73940,3
73941,4
73942,15
73943,19
73944,4
73945,23
73946,19
73947,4
73948,15
73949,4
73950,19
73951,13
73952,10
73953,4
73954,19
73955,4
73956,4
73957,15
73958,15
73959,15
73960,15
73961,15
73962,15
73963,19
73964,22
73965,13
73966,10
73967,4
73968,15
73969,15
73970,15
73971,13
73972,15
73973,15
73974,19
73975,15
73976,22
73977,15
73978,15
73979,19
73980,9
73981,19
73982,15
73983,19
73984,22
73985,19
73986,22
73987,5
73988,15
73989,23
73990,18
73991,10
73992,22
73993,15
73994,15
73995,13
73996,19
73997,15
73998,22
73999,19
74000,13
74001,15
74002,6
74003,15
74004,18
74005,18
74006,4
74007,22
74008,15
74009,18
74010,4
74011,15
74012,15
74013,5
74014,15
74015,14
74016,15
74017,15
74018,19
74019,4
74020,19
74021,19
74022,15
74023,15
74024,22
74025,15
74026,4
74027,4
74028,22
74029,15
74030,15
74031,9
74032,4
74033,15
74034,10
74035,4
74036,10
74037,19
74038,18
74039,19
74040,10
74041,15
74042,18
74043,15
74044,19
74045,19
74046,23
74047,19
74048,13
74049,15
74050,4
74051,1
74052,15
74053,4
74054,11
74055,19
74056,23
74057,15
74058,13
74059,15
74060,19
74061,4
74062,15
74063,13
74064,18
74065,22
74066,19
74067,2
74068,15
74069,15
74070,15
74071,18
74072,13
74073,15
74074,15
74075,15
74076,19
74077,15
74078,19
74079,4
74080,22
74081,13
74082,19
74083,15
74084,22
74085,5
74086,15
74087,15
74088,23
74089,15
74090,4
74091,15
74092,13
74093,9
74094,13
74095,15
74096,4
74097,19
74098,16
74099,19
74100,13
74101,10
74102,13
74103,15
74104,19
74105,19
74106,2
74107,15
74108,19
74109,18
74110,11
74111,22
74112,9
74113,2
74114,19
74115,19
74116,19
74117,5
74118,15
74119,15
74120,4
74121,11
74122,0
74123,19
74124,13
74125,10
74126,2
74127,13
74128,15
74129,18
74130,11
74131,19
74132,19
74133,12
74134,15
74135,15
74136,4
74137,22
74138,19
74139,19
74140,15
74141,19
74142,13
74143,19
74144,16
74145,15
74146,0
74147,18
74148,4
74149,15
74150,4
74151,15
74152,23
74153,15
74154,4
74155,15
74156,23
74157,16
74158,13
74159,22
74160,15
74161,15
74162,9
74163,15
74164,10
74165,4
74166,19
74167,2
74168,13
74169,4
74170,15
74171,15
74172,15
74173,6
74174,15
74175,13
74176,15
74177,19
74178,15
74179,19
74180,19
74181,15
74182,19
74183,15
74184,10
74185,1
74186,15
74187,19
74188,22
74189,9
74190,4
74191,4
74192,4
74193,11
74194,13
74195,19
74196,19
74197,15
74198,15
74199,4
74200,23
74201,15
74202,15
74203,19
74204,19
74205,4
74206,4
74207,19
74208,15
74209,4
74210,13
74211,13
74212,9
74213,18
74214,22
74215,22
74216,15
74217,19
74218,22
74219,15
74220,15
74221,22
74222,22
74223,15
74224,19
74225,18
74226,19
74227,10
74228,19
74229,22
74230,9
74231,19
74232,19
74233,23
74234,15
74235,15
74236,4
74237,22
74238,19
74239,22
74240,23
74241,15
74242,14
74243,4
74244,19
74245,22
74246,15
74247,13
74248,19
74249,22
74250,12
74251,4
74252,19
74253,19
74254,19
74255,5
74256,22
74257,22
74258,15
74259,12
74260,15
74261,4
74262,15
74263,19
74264,22
74265,19
74266,15
74267,22
74268,19
74269,19
74270,18
74271,22
74272,4
74273,4
74274,23
74275,15
74276,5
74277,15
74278,22
74279,13
74280,4
74281,23
74282,6
74283,19
74284,19
74285,15
74286,19
74287,4
74288,13
74289,15
74290,15
74291,15
74292,15
74293,15
74294,10
74295,19
74296,15
74297,15
74298,23
74299,4
74300,4
74301,15
74302,22
74303,15
74304,15
74305,13
74306,15
74307,19
74308,22
74309,19
74310,4
74311,15
74312,19
74313,15
74314,15
74315,18
74316,15
74317,15
74318,15
74319,13
74320,19
74321,6
74322,10
74323,4
74324,15
74325,15
74326,15
74327,13
74328,10
74329,15
74330,22
74331,19
74332,19
74333,15
74334,19
74335,15
74336,4
74337,4
74338,1
74339,15
74340,13
74341,15
74342,13
74343,4
74344,4
74345,4
74346,15
74347,19
74348,15
74349,18
74350,15
74351,13
74352,15
74353,15
74354,13
74355,4
74356,15
74357,18
74358,15
74359,19
74360,22
74361,5
74362,4
74363,23
74364,4
74365,13
74366,15
74367,15
74368,18
74369,19
74370,6
74371,22
74372,19
74373,13
74374,15
74375,15
74376,22
74377,19
74378,15
74379,15
74380,15
74381,19
74382,22
74383,4
74384,10
74385,13
74386,19
74387,19
74388,13
74389,17
74390,23
74391,15
74392,13
74393,13
74394,15
74395,19
74396,15
74397,6
74398,22
74399,13
74400,15
74401,15
74402,22
74403,15
74404,9
74405,4
74406,15
74407,15
74408,4
74409,22
74410,15
74411,4
74412,19
74413,15
74414,18
74415,4
74416,19
74417,4
74418,15
74419,15
74420,15
74421,23
74422,15
74423,19
74424,15
74425,4
74426,19
74427,22
74428,4
74429,15
74430,13
74431,19
74432,4
74433,1
74434,4
74435,4
74436,19
74437,15
74438,19
74439,15
74440,15
74441,15
74442,13
74443,4
74444,15
74445,15
74446,4
74447,4
74448,15
74449,13
74450,4
74451,19
74452,4
74453,4
74454,6
74455,6
74456,19
74457,4
74458,15
74459,15
74460,9
74461,15
74462,15
74463,15
74464,10
74465,19
74466,15
74467,6
74468,15
74469,4
74470,13
74471,4
74472,15
74473,4
74474,2
74475,15
74476,13
74477,15
74478,4
74479,3
74480,15
74481,15
74482,13
74483,11
74484,10
74485,19
74486,15
74487,15
74488,15
74489,4
74490,4
74491,15
74492,4
74493,15
74494,13
74495,4
74496,13
74497,12
74498,15
74499,22
74500,22
74501,13
74502,13
74503,4
74504,13
74505,13
74506,13
74507,23
74508,22
74509,15
74510,4
74511,4
74512,4
74513,15
74514,19
74515,15
74516,13
74517,9
74518,15
74519,15
74520,19
74521,11
74522,18
74523,15
74524,15
74525,5
74526,6
74527,10
74528,15
74529,19
74530,4
74531,13
74532,15
74533,4
74534,22
74535,10
74536,15
74537,14
74538,1
74539,4
74540,15
74541,7
74542,19
74543,4
74544,15
74545,23
74546,15
74547,15
74548,1
74549,13
74550,4
74551,4
74552,22
74553,15
74554,18
74555,15
74556,10
74557,5
74558,4
74559,4
74560,23
74561,1
74562,19
74563,4
74564,6
74565,4
74566,15
74567,19
74568,19
74569,15
74570,10
74571,13
74572,12
74573,13
74574,22
74575,15
74576,19
74577,15
74578,15
74579,19
74580,15
74581,4
74582,18
74583,14
74584,19
74585,4
74586,15
74587,9
74588,15
74589,19
74590,18
74591,19
74592,13
74593,19
74594,19
74595,4
74596,16
74597,5
74598,19
74599,13
74600,10
74601,15
74602,19
74603,15
74604,23
74605,19
74606,22
74607,10
74608,13
74609,15
74610,19
74611,14
74612,4
74613,23
74614,15
74615,15
74616,19
74617,4
74618,13
74619,15
74620,15
74621,4
74622,15
74623,15
74624,15
74625,4
74626,15
74627,13
74628,15
74629,18
74630,15
74631,15
74632,4
74633,15
74634,19
74635,9
74636,15
74637,13
74638,22
74639,22
74640,15
74641,15
74642,13
74643,19
74644,19
74645,22
74646,13
74647,15
74648,18
74649,4
74650,6
74651,22
74652,15
74653,13
74654,10
74655,4
74656,23
74657,19
74658,18
74659,19
74660,15
74661,4
74662,19
74663,4
74664,4
74665,15
74666,15
74667,23
74668,4
74669,15
74670,4
74671,15
74672,10
74673,22
74674,19
74675,15
74676,22
74677,13
74678,19
74679,15
74680,19
74681,4
74682,4
74683,15
74684,15
74685,4
74686,19
74687,22
74688,22
74689,10
74690,15
74691,15
74692,19
74693,15
74694,15
74695,19
74696,13
74697,13
74698,15
74699,15
74700,15
74701,22
74702,23
74703,15
74704,13
74705,4
74706,15
74707,19
74708,6
74709,4
74710,4
74711,23
74712,19
74713,15
74714,19
74715,13
74716,19
74717,19
74718,13
74719,4
74720,15
74721,15
74722,4
74723,15
74724,15
74725,22
74726,9
74727,13
74728,15
74729,15
74730,15
74731,13
74732,4
74733,6
74734,22
74735,18
74736,4
74737,22
74738,19
74739,13
74740,4
74741,13
74742,15
74743,23
74744,10
74745,19
74746,10
74747,15
74748,15
74749,15
74750,19
74751,15
74752,15
74753,15
74754,14
74755,15
74756,19
74757,4
74758,15
74759,10
74760,18
74761,23
74762,9
74763,10
74764,9
74765,19
74766,15
74767,4
74768,19
74769,4
74770,15
74771,4
74772,18
74773,15
74774,11
74775,15
74776,19
74777,15
74778,22
74779,19
74780,15
74781,4
74782,22
74783,1
74784,15
74785,18
74786,23
74787,15
74788,6
74789,19
74790,6
74791,15
74792,13
74793,10
74794,23
74795,15
74796,13
74797,13
74798,10
74799,4
74800,19
74801,4
74802,13
74803,19
74804,22
74805,4
74806,1
74807,6
74808,15
74809,19
74810,14
74811,15
74812,15
74813,15
74814,2
74815,15
74816,19
74817,19
74818,13
74819,15
74820,3
74821,13
74822,19
74823,13
74824,4
74825,15
74826,19
74827,15
74828,15
74829,19
74830,19
74831,19
74832,16
74833,15
74834,13
74835,4
74836,4
74837,15
74838,15
74839,4
74840,15
74841,15
74842,4
74843,15
74844,22
74845,13
74846,22
74847,13
74848,15
74849,18
74850,4
74851,19
74852,23
74853,15
74854,19
74855,15
74856,4
74857,5
74858,13
74859,4
74860,10
74861,1
74862,18
74863,15
74864,15
74865,13
74866,22
74867,15
74868,13
74869,19
74870,16
74871,19
74872,19
74873,13
74874,10
74875,15
74876,4
74877,19
74878,2
74879,5
74880,15
74881,15
74882,13
74883,15
74884,10
74885,4
74886,19
74887,12
74888,15
74889,18
74890,4
74891,23
74892,1
74893,23
74894,13
74895,18
74896,15
74897,19
74898,15
74899,15
74900,15
74901,15
74902,18
74903,4
74904,19
74905,19
74906,15
74907,22
74908,19
74909,15
74910,4
74911,22
74912,13
74913,4
74914,22
74915,19
74916,18
74917,22
74918,19
74919,15
74920,15
74921,19
74922,13
74923,15
74924,10
74925,15
74926,19
74927,15
74928,15
74929,6
74930,15
74931,22
74932,0
74933,4
74934,19
74935,19
74936,4
74937,19
74938,15
74939,19
74940,22
74941,15
74942,13
74943,15
74944,4
74945,15
74946,22
74947,13
74948,13
74949,19
74950,4
74951,8
74952,4
74953,18
74954,4
74955,22
74956,15
74957,19
74958,19
74959,15
74960,15
74961,4
74962,10
74963,4
74964,15
74965,19
74966,11
74967,4
74968,14
74969,15
74970,13
74971,13
74972,22
74973,13
74974,15
74975,19
74976,15
74977,23
74978,19
74979,15
74980,15
74981,18
74982,15
74983,15
74984,13
74985,2
74986,19
74987,13
74988,13
74989,15
74990,23
74991,4
74992,22
74993,13
74994,22
74995,4
74996,18
74997,19
74998,15
74999,18
75000,19
75001,4
75002,19
75003,13
75004,15
75005,19
75006,9
75007,4
75008,22
75009,19
75010,19
75011,22
75012,19
75013,15
75014,19
75015,19
75016,15
75017,4
75018,22
75019,15
75020,22
75021,22
75022,15
75023,15
75024,19
75025,13
75026,23
75027,6
75028,19
75029,23
75030,13
75031,4
75032,4
75033,15
75034,15
75035,4
75036,15
75037,18
75038,15
75039,15
75040,13
75041,9
75042,4
75043,23
75044,19
75045,13
75046,4
75047,19
75048,23
75049,15
75050,22
75051,23
75052,15
75053,15
75054,19
75055,15
75056,15
75057,9
75058,16
75059,15
75060,14
75061,13
75062,15
75063,19
75064,15
75065,22
75066,5
75067,15
75068,22
75069,15
75070,23
75071,22
75072,5
75073,18
75074,13
75075,16
75076,4
75077,13
75078,19
75079,15
75080,15
75081,11
75082,15
75083,15
75084,15
75085,5
75086,4
75087,15
75088,13
75089,15
75090,15
75091,15
75092,5
75093,4
75094,15
75095,5
75096,13
75097,15
75098,19
75099,19
75100,5
75101,15
75102,22
75103,15
75104,2
75105,19
75106,19
75107,4
75108,15
75109,22
75110,22
75111,15
75112,15
75113,13
75114,23
75115,1
75116,15
75117,22
75118,15
75119,15
75120,22
75121,22
75122,15
75123,13
75124,19
75125,1
75126,4
75127,4
75128,4
75129,13
75130,13
75131,10
75132,15
75133,19
75134,15
75135,19
75136,19
75137,13
75138,19
75139,19
75140,9
75141,15
75142,15
75143,19
75144,23
75145,14
75146,15
75147,13
75148,15
75149,19
75150,19
75151,13
75152,22
75153,4
75154,9
75155,15
75156,13
75157,15
75158,15
75159,13
75160,4
75161,4
75162,19
75163,19
75164,22
75165,13
75166,4
75167,13
75168,4
75169,15
75170,15
75171,15
75172,19
75173,14
75174,23
75175,15
75176,4
75177,15
75178,19
75179,19
75180,4
75181,4
75182,19
75183,15
75184,19
75185,10
75186,19
75187,4
75188,15
75189,22
75190,22
75191,15
75192,19
75193,4
75194,15
75195,4
75196,15
75197,4
75198,15
75199,13
75200,15
75201,19
75202,15
75203,4
75204,15
75205,19
75206,22
75207,10
75208,10
75209,22
75210,19
75211,19
75212,15
75213,15
75214,13
75215,15
75216,15
75217,13
75218,19
75219,13
75220,12
75221,4
75222,15
75223,13
75224,10
75225,4
75226,4
75227,15
75228,5
75229,15
75230,15
75231,15
75232,10
75233,23
75234,13
75235,15
75236,13
75237,15
75238,15
75239,15
75240,18
75241,15
75242,19
75243,15
75244,23
75245,13
75246,15
75247,23
75248,23
75249,19
75250,19
75251,15
75252,18
75253,15
75254,5
75255,15
75256,22
75257,10
75258,15
75259,19
75260,22
75261,13
75262,4
75263,12
75264,23
75265,13
75266,23
75267,16
75268,15
75269,19
75270,11
75271,15
75272,4
75273,22
75274,15
75275,4
75276,11
75277,23
75278,15
75279,19
75280,15
75281,13
75282,19
75283,13
75284,15
75285,15
75286,15
75287,15
75288,13
75289,2
75290,22
75291,15
75292,23
75293,13
75294,15
75295,15
75296,13
75297,19
75298,19
75299,19
75300,15
75301,15
75302,19
75303,1
75304,4
75305,4
75306,18
75307,19
75308,15
75309,4
75310,4
75311,22
75312,15
75313,19
75314,13
75315,9
75316,23
75317,4
75318,13
75319,23
75320,4
75321,9
75322,15
75323,10
75324,18
75325,22
75326,15
75327,2
75328,15
75329,15
75330,10
75331,4
75332,22
75333,1
75334,23
75335,19
75336,19
75337,15
75338,4
75339,4
75340,4
75341,19
75342,19
75343,13
75344,10
75345,15
75346,19
75347,19
75348,23
75349,23
75350,19
75351,15
75352,15
75353,19
75354,22
75355,4
75356,19
75357,15
75358,15
75359,15
75360,15
75361,15
75362,4
75363,19
75364,19
75365,4
75366,19
75367,13
75368,15
75369,6
75370,4
75371,2
75372,15
75373,9
75374,4
75375,15
75376,4
75377,15
75378,15
75379,19
75380,23
75381,23
75382,19
75383,15
75384,23
75385,15
75386,22
75387,10
75388,22
75389,15
75390,15
75391,15
75392,2
75393,13
75394,4
75395,4
75396,10
75397,4
75398,19
75399,10
75400,15
75401,13
75402,4
75403,4
75404,15
75405,4
75406,19
75407,23
75408,22
75409,7
75410,13
75411,23
75412,15
75413,6
75414,13
75415,4
75416,15
75417,4
75418,22
75419,19
75420,15
75421,15
75422,15
75423,4
75424,13
75425,19
75426,4
75427,13
75428,22
75429,15
75430,19
75431,15
75432,15
75433,18
75434,5
75435,4
75436,15
75437,13
75438,18
75439,13
75440,15
75441,19
75442,23
75443,15
75444,15
75445,12
75446,14
75447,15
75448,22
75449,22
75450,15
75451,15
75452,10
75453,19
75454,22
75455,19
75456,15
75457,15
75458,19
75459,19
75460,15
75461,15
75462,4
75463,13
75464,15
75465,23
75466,5
75467,13
75468,22
75469,4
75470,15
75471,19
75472,15
75473,4
75474,9
75475,2
75476,22
75477,10
75478,15
75479,15
75480,15
75481,15
75482,15
75483,15
75484,15
75485,6
75486,11
75487,19
75488,13
75489,19
75490,15
75491,5
75492,4
75493,15
75494,18
75495,15
75496,14
75497,22
75498,9
75499,23
75500,13
75501,22
75502,4
75503,22
75504,13
75505,15
75506,19
75507,15
75508,10
75509,15
75510,22
75511,19
75512,11
75513,19
75514,4
75515,15
75516,13
75517,15
75518,15
75519,4
75520,15
75521,15
75522,15
75523,15
75524,19
75525,4
75526,19
75527,15
75528,13
75529,13
75530,4
75531,4
75532,15
75533,13
75534,15
75535,22
75536,19
75537,2
75538,15
75539,13
75540,4
75541,15
75542,4
75543,5
75544,15
75545,15
75546,4
75547,4
75548,15
75549,15
75550,15
75551,10
75552,13
75553,15
75554,15
75555,15
75556,23
75557,22
75558,23
75559,19
75560,13
75561,15
75562,22
75563,6
75564,19
75565,4
75566,4
75567,19
75568,1
75569,15
75570,19
75571,10
75572,18
75573,15
75574,15
75575,22
75576,19
75577,9
75578,6
75579,19
75580,15
75581,4
75582,19
75583,15
75584,4
75585,23
75586,4
75587,19
75588,22
75589,15
75590,15
75591,4
75592,4
75593,15
75594,4
75595,15
75596,15
75597,18
75598,19
75599,19
75600,22
75601,18
75602,15
75603,4
75604,15
75605,15
75606,15
75607,18
75608,4
75609,15
75610,15
75611,19
75612,22
75613,10
75614,4
75615,15
75616,15
75617,15
75618,15
75619,15
75620,14
75621,13
75622,10
75623,15
75624,22
75625,15
75626,15
75627,18
75628,13
75629,13
75630,4
75631,19
75632,19
75633,15
75634,19
75635,18
75636,15
75637,15
75638,4
75639,4
75640,22
75641,15
75642,15
75643,23
75644,15
75645,22
75646,22
75647,19
75648,15
75649,15
75650,4
75651,19
75652,18
75653,4
75654,15
75655,22
75656,15
75657,4
75658,13
75659,13
75660,11
75661,4
75662,15
75663,9
75664,19
75665,5
75666,19
75667,22
75668,15
75669,15
75670,22
75671,22
75672,15
75673,4
75674,18
75675,19
75676,13
75677,4
75678,15
75679,15
75680,13
75681,4
75682,11
75683,6
75684,15
75685,15
75686,10
75687,13
75688,11
75689,4
75690,22
75691,4
75692,19
75693,23
75694,15
75695,19
75696,19
75697,4
75698,22
75699,15
75700,13
75701,10
75702,19
75703,14
75704,19
75705,15
75706,18
75707,18
75708,16
75709,15
75710,15
75711,15
75712,4
75713,6
75714,15
75715,4
75716,18
75717,15
75718,23
75719,4
75720,15
75721,13
75722,4
75723,13
75724,15
75725,10
75726,22
75727,15
75728,4
75729,13
75730,4
75731,15
75732,15
75733,4
75734,4
75735,19
75736,12
75737,15
75738,13
75739,0
75740,19
75741,19
75742,4
75743,15
75744,15
75745,22
75746,22
75747,22
75748,15
75749,9
75750,15
75751,15
75752,15
75753,15
75754,15
75755,16
75756,15
75757,15
75758,19
75759,10
75760,23
75761,15
75762,15
75763,15
75764,15
75765,15
75766,19
75767,15
75768,23
75769,4
75770,15
75771,4
75772,23
75773,23
75774,15
75775,15
75776,15
75777,15
75778,22
75779,19
75780,4
75781,4
75782,4
75783,5
75784,19
75785,15
75786,22
75787,19
75788,15
75789,19
75790,4
75791,13
75792,13
75793,13
75794,15
75795,13
75796,18
75797,4
75798,15
75799,18
75800,6
75801,13
75802,4
75803,13
75804,15
75805,15
75806,15
75807,4
75808,4
75809,9
75810,22
75811,6
75812,15
75813,4
75814,15
75815,13
75816,13
75817,19
75818,4
75819,22
75820,4
75821,15
75822,22
75823,4
75824,15
75825,22
75826,15
75827,18
75828,15
75829,22
75830,10
75831,13
75832,10
75833,13
75834,4
75835,22
75836,15
75837,15
75838,4
75839,13
75840,4
75841,15
75842,15
75843,15
75844,13
75845,12
75846,15
75847,4
75848,15
75849,5
75850,13
75851,4
75852,14
75853,22
75854,22
75855,4
75856,13
75857,13
75858,4
75859,15
75860,12
75861,15
75862,13
75863,19
75864,2
75865,18
75866,15
75867,4
75868,15
75869,19
75870,4
75871,2
75872,15
75873,15
75874,15
75875,12
75876,15
75877,15
75878,22
75879,15
75880,15
75881,15
75882,22
75883,23
75884,13
75885,15
75886,4
75887,4
75888,15
75889,4
75890,15
75891,13
75892,19
75893,12
75894,4
75895,22
75896,0
75897,4
75898,19
75899,15
75900,15
75901,15
75902,12
75903,19
75904,15
75905,15
75906,10
75907,4
75908,19
75909,12
75910,4
75911,15
75912,19
75913,14
75914,4
75915,19
75916,13
75917,4
75918,4
75919,22
75920,4
75921,15
75922,4
75923,18
75924,19
75925,22
75926,19
75927,13
75928,19
75929,17
75930,23
75931,18
75932,13
75933,19
75934,13
75935,15
75936,13
75937,15
75938,13
75939,15
75940,15
75941,15
75942,13
75943,19
75944,15
75945,4
75946,15
75947,15
75948,15
75949,14
75950,15
75951,15
75952,4
75953,15
75954,10
75955,18
75956,15
75957,15
75958,5
75959,12
75960,15
75961,15
75962,15
75963,15
75964,19
75965,15
75966,19
75967,15
75968,15
75969,13
75970,4
75971,15
75972,15
75973,15
75974,15
75975,4
75976,4
75977,15
75978,4
75979,15
75980,19
75981,19
75982,19
75983,2
75984,2
75985,4
75986,4
75987,4
75988,9
75989,19
75990,13
75991,15
75992,4
75993,15
75994,15
75995,22
75996,4
75997,15
75998,15
75999,19
76000,5
76001,13
76002,2
76003,15
76004,6
76005,15
76006,4
76007,11
76008,15
76009,4
76010,22
76011,13
76012,9
76013,13
76014,4
76015,13
76016,13
76017,22
76018,15
76019,4
76020,19
76021,15
76022,18
76023,4
76024,18
76025,15
76026,15
76027,10
76028,23
76029,22
76030,4
76031,15
76032,13
76033,10
76034,15
76035,15
76036,4
76037,15
76038,23
76039,1
76040,4
76041,19
76042,13
76043,13
76044,10
76045,19
76046,16
76047,13
76048,19
76049,13
76050,10
76051,22
76052,4
76053,4
76054,23
76055,15
76056,15
76057,15
76058,15
76059,22
76060,15
76061,15
76062,12
76063,4
76064,14
76065,15
76066,15
76067,15
76068,13
76069,15
76070,4
76071,5
76072,22
76073,19
76074,13
76075,15
76076,13
76077,15
76078,4
76079,15
76080,13
76081,13
76082,4
76083,4
76084,22
76085,4
76086,18
76087,15
76088,4
76089,15
76090,15
76091,15
76092,18
76093,13
76094,23
76095,18
76096,4
76097,15
76098,15
76099,15
76100,18
76101,15
76102,5
76103,15
76104,4
76105,15
76106,4
76107,13
76108,4
76109,22
76110,15
76111,4
76112,13
76113,19
76114,3
76115,15
76116,10
76117,13
76118,4
76119,22
76120,13
76121,4
76122,23
76123,15
76124,23
76125,22
76126,19
76127,19
76128,19
76129,19
76130,22
76131,19
76132,4
76133,15
76134,13
76135,19
76136,18
76137,4
76138,19
76139,4
76140,4
76141,15
76142,13
76143,4
76144,19
76145,4
76146,4
76147,15
76148,15
76149,18
76150,15
76151,19
76152,15
76153,12
76154,15
76155,13
76156,12
76157,15
76158,15
76159,15
76160,22
76161,19
76162,10
76163,15
76164,4
76165,15
76166,4
76167,15
76168,13
76169,13
76170,22
76171,19
76172,18
76173,4
76174,4
76175,1
76176,4
76177,4
76178,22
76179,15
76180,10
76181,19
76182,15
76183,4
76184,15
76185,15
76186,15
76187,4
76188,15
76189,15
76190,13
76191,10
76192,23
76193,4
76194,19
76195,4
76196,19
76197,15
76198,19
76199,15
76200,22
76201,23
76202,15
76203,4
76204,15
76205,22
76206,14
76207,19
76208,2
76209,15
76210,15
76211,10
76212,1
76213,13
76214,15
76215,6
76216,4
76217,23
76218,1
76219,13
76220,18
76221,4
76222,22
76223,15
76224,15
76225,19
76226,15
76227,19
76228,19
76229,6
76230,22
76231,15
76232,15
76233,16
76234,4
76235,4
76236,15
76237,15
76238,19
76239,4
76240,4
76241,19
76242,19
76243,15
76244,4
76245,4
76246,13
76247,15
76248,19
76249,4
76250,4
76251,15
76252,15
76253,11
76254,4
76255,23
76256,15
76257,4
76258,13
76259,15
76260,15
76261,5
76262,5
76263,15
76264,19
76265,4
76266,4
76267,18
76268,15
76269,15
76270,15
76271,23
76272,22
76273,10
76274,13
76275,4
76276,15
76277,22
76278,19
76279,15
76280,19
76281,4
76282,13
76283,13
76284,4
76285,4
76286,10
76287,15
76288,15
76289,22
76290,4
76291,15
76292,18
76293,4
76294,15
76295,15
76296,15
76297,15
76298,19
76299,19
76300,15
76301,23
76302,4
76303,15
76304,15
76305,19
76306,15
76307,15
76308,13
76309,15
76310,4
76311,19
76312,15
76313,15
76314,15
76315,13
76316,23
76317,19
76318,15
76319,15
76320,15
76321,19
76322,4
76323,13
76324,15
76325,15
76326,4
76327,15
76328,13
76329,15
76330,19
76331,19
76332,13
76333,11
76334,19
76335,15
76336,15
76337,10
76338,19
76339,19
76340,0
76341,15
76342,18
76343,13
76344,15
76345,19
76346,4
76347,23
76348,6
76349,12
76350,5
76351,4
76352,6
76353,8
76354,4
76355,4
76356,15
76357,15
76358,15
76359,15
76360,15
76361,15
76362,22
76363,15
76364,4
76365,13
76366,4
76367,4
76368,22
76369,15
76370,15
76371,13
76372,22
76373,2
76374,18
76375,9
76376,15
76377,15
76378,4
76379,4
76380,18
76381,19
76382,15
76383,15
76384,18
76385,15
76386,4
76387,15
76388,13
76389,19
76390,19
76391,14
76392,12
76393,15
76394,15
76395,9
76396,22
76397,22
76398,15
76399,22
76400,18
76401,4
76402,22
76403,22
76404,23
76405,13
76406,15
76407,15
76408,15
76409,23
76410,22
76411,14
76412,4
76413,13
76414,4
76415,4
76416,4
76417,4
76418,15
76419,2
76420,4
76421,4
76422,19
76423,22
76424,22
76425,4
76426,10
76427,15
76428,10
76429,22
76430,10
76431,19
76432,1
76433,15
76434,4
76435,22
76436,13
76437,23
76438,10
76439,15
76440,15
76441,4
76442,11
76443,19
76444,10
76445,12
76446,23
76447,13
76448,4
76449,15
76450,15
76451,15
76452,13
76453,15
76454,19
76455,18
76456,15
76457,11
76458,4
76459,15
76460,11
76461,19
76462,19
76463,22
76464,13
76465,19
76466,15
76467,15
76468,13
76469,23
76470,15
76471,15
76472,4
76473,15
76474,19
76475,13
76476,10
76477,10
76478,15
76479,19
76480,4
76481,22
76482,15
76483,4
76484,13
76485,9
76486,13
76487,11
76488,10
76489,9
76490,19
76491,19
76492,4
76493,15
76494,19
76495,4
76496,19
76497,4
76498,15
76499,4
76500,19
76501,19
76502,4
76503,19
76504,9
76505,19
76506,4
76507,10
76508,15
76509,22
76510,22
76511,4
76512,15
76513,13
76514,4
76515,4
76516,4
76517,15
76518,4
76519,23
76520,10
76521,4
76522,4
76523,13
76524,22
76525,15
76526,13
76527,13
76528,22
76529,15
76530,4
76531,4
76532,14
76533,2
76534,18
76535,4
76536,13
76537,15
76538,19
76539,19
76540,15
76541,4
76542,4
76543,22
76544,23
76545,19
76546,15
76547,19
76548,15
76549,13
76550,19
76551,22
76552,13
76553,19
76554,4
76555,15
76556,15
76557,13
76558,23
76559,13
76560,15
76561,4
76562,22
76563,2
76564,4
76565,4
76566,4
76567,19
76568,19
76569,13
76570,19
76571,19
76572,4
76573,15
76574,15
76575,19
76576,15
76577,15
76578,19
76579,15
76580,4
76581,4
76582,15
76583,4
76584,23
76585,22
76586,19
76587,4
76588,4
76589,13
76590,15
76591,13
76592,10
76593,13
76594,4
76595,4
76596,15
76597,22
76598,19
76599,4
76600,19
76601,15
76602,19
76603,22
76604,15
76605,15
76606,15
76607,9
76608,4
76609,15
76610,18
76611,4
76612,15
76613,15
76614,13
76615,15
76616,22
76617,15
76618,13
76619,2
76620,18
76621,15
76622,19
76623,13
76624,19
76625,15
76626,15
76627,4
76628,23
76629,19
76630,23
76631,22
76632,15
76633,23
76634,13
76635,13
76636,14
76637,22
76638,4
76639,15
76640,15
76641,15
76642,15
76643,4
76644,15
76645,4
76646,4
76647,19
76648,5
76649,19
76650,23
76651,2
76652,22
76653,15
76654,4
76655,19
76656,10
76657,22
76658,19
76659,13
76660,13
76661,22
76662,13
76663,18
76664,11
76665,9
76666,13
76667,20
76668,15
76669,15
76670,12
76671,0
76672,19
76673,4
76674,9
76675,15
76676,15
76677,18
76678,10
76679,19
76680,15
76681,15
76682,19
76683,23
76684,19
76685,4
76686,18
76687,13
76688,2
76689,13
76690,13
76691,4
76692,13
76693,0
76694,6
76695,19
76696,19
76697,4
76698,22
76699,4
76700,16
76701,15
76702,12
76703,4
76704,13
76705,15
76706,10
76707,13
76708,15
76709,19
76710,4
76711,13
76712,15
76713,10
76714,15
76715,13
76716,19
76717,13
76718,18
76719,4
76720,18
76721,10
76722,19
76723,15
76724,15
76725,15
76726,1
76727,5
76728,13
76729,15
76730,15
76731,4
76732,10
76733,15
76734,19
76735,15
76736,4
76737,10
76738,15
76739,4
76740,13
76741,22
76742,15
76743,15
76744,15
76745,11
76746,4
76747,13
76748,15
76749,15
76750,4
76751,15
76752,15
76753,15
76754,15
76755,19
76756,22
76757,15
76758,4
76759,12
76760,15
76761,15
76762,19
76763,19
76764,13
76765,19
76766,22
76767,5
76768,15
76769,4
76770,22
76771,15
76772,4
76773,15
76774,15
76775,15
76776,13
76777,13
76778,15
76779,19
76780,4
76781,4
76782,15
76783,4
76784,15
76785,9
76786,15
76787,13
76788,15
76789,15
76790,13
76791,15
76792,19
76793,10
76794,10
76795,15
76796,4
76797,19
76798,15
76799,18
76800,13
76801,4
76802,15
76803,13
76804,14
76805,15
76806,18
76807,15
76808,4
76809,19
76810,15
76811,13
76812,14
76813,15
76814,15
76815,15
76816,15
76817,23
76818,4
76819,15
76820,4
76821,13
76822,15
76823,22
76824,22
76825,19
76826,23
76827,4
76828,5
76829,15
76830,15
76831,4
76832,15
76833,4
76834,15
76835,4
76836,15
76837,15
76838,13
76839,15
76840,15
76841,13
76842,9
76843,18
76844,19
76845,12
76846,15
76847,12
76848,4
76849,15
76850,15
76851,15
76852,13
76853,23
76854,23
76855,19
76856,4
76857,19
76858,13
76859,18
76860,14
76861,13
76862,15
76863,10
76864,13
76865,12
76866,13
76867,4
76868,18
76869,4
76870,19
76871,6
76872,15
76873,19
76874,19
76875,18
76876,15
76877,4
76878,4
76879,19
76880,15
76881,15
76882,4
76883,23
76884,19
76885,23
76886,15
76887,4
76888,19
76889,15
76890,22
76891,10
76892,10
76893,15
76894,4
76895,15
76896,4
76897,4
76898,13
76899,15
76900,13
76901,15
76902,4
76903,15
76904,19
76905,4
76906,15
76907,4
76908,4
76909,4
76910,15
76911,4
76912,23
76913,15
76914,10
76915,18
76916,15
76917,10
76918,15
76919,15
76920,23
76921,19
76922,23
76923,4
76924,19
76925,4
76926,15
76927,15
76928,4
76929,19
76930,13
76931,22
76932,15
76933,19
76934,4
76935,15
76936,12
76937,23
76938,22
76939,15
76940,19
76941,13
76942,4
76943,19
76944,15
76945,15
76946,18
76947,19
76948,16
76949,4
76950,6
76951,15
76952,15
76953,19
76954,16
76955,18
76956,15
76957,10
76958,10
76959,4
76960,5
76961,15
76962,19
76963,15
76964,15
76965,18
76966,23
76967,9
76968,4
76969,12
76970,22
76971,15
76972,15
76973,23
76974,15
76975,22
76976,19
76977,15
76978,13
76979,19
76980,13
76981,19
76982,14
76983,6
76984,4
76985,22
76986,19
76987,4
76988,13
76989,13
76990,22
76991,6
76992,13
76993,5
76994,22
76995,15
76996,22
76997,19
76998,15
76999,13
77000,15
77001,4
77002,13
77003,15
77004,15
77005,19
77006,15
77007,16
77008,15
77009,14
77010,13
77011,19
77012,15
77013,4
77014,19
77015,15
77016,18
77017,15
77018,22
77019,19
77020,13
77021,6
77022,6
77023,15
77024,4
77025,15
77026,23
77027,19
77028,15
77029,2
77030,5
77031,22
77032,13
77033,12
77034,19
77035,9
77036,4
77037,19
77038,15
77039,11
77040,22
77041,19
77042,13
77043,13
77044,15
77045,22
77046,4
77047,15
77048,4
77049,19
77050,4
77051,4
77052,15
77053,19
77054,13
77055,4
77056,13
77057,23
77058,9
77059,22
77060,22
77061,15
77062,10
77063,13
77064,19
77065,15
77066,10
77067,15
77068,23
77069,19
77070,13
77071,19
77072,13
77073,18
77074,4
77075,22
77076,19
77077,13
77078,15
77079,15
77080,22
77081,15
77082,15
77083,23
77084,6
77085,18
77086,19
77087,1
77088,15
77089,10
77090,22
77091,15
77092,15
77093,15
77094,19
77095,18
77096,13
77097,6
77098,14
77099,4
77100,19
77101,13
77102,4
77103,19
77104,19
77105,15
77106,15
77107,15
77108,15
77109,22
77110,4
77111,15
77112,4
77113,18
77114,19
77115,15
77116,4
77117,15
77118,4
77119,23
77120,19
77121,15
77122,15
77123,15
77124,15
77125,12
77126,22
77127,15
77128,19
77129,4
77130,23
77131,19
77132,19
77133,4
77134,15
77135,4
77136,10
77137,4
77138,15
77139,15
77140,4
77141,15
77142,15
77143,15
77144,13
77145,19
77146,15
77147,13
77148,22
77149,19
77150,4
77151,10
77152,19
77153,15
77154,15
77155,22
77156,4
77157,15
77158,19
77159,2
77160,15
77161,4
77162,15
77163,13
77164,15
77165,15
77166,4
77167,13
77168,19
77169,23
77170,4
77171,6
77172,18
77173,15
77174,15
77175,22
77176,23
77177,15
77178,15
77179,18
77180,15
77181,19
77182,15
77183,4
77184,18
77185,15
77186,4
77187,15
77188,10
77189,10
77190,4
77191,22
77192,19
77193,22
77194,10
77195,12
77196,9
77197,16
77198,22
77199,13
77200,13
77201,14
77202,15
77203,22
77204,4
77205,18
77206,19
77207,4
77208,22
77209,15
77210,13
77211,23
77212,18
77213,15
77214,19
77215,14
77216,22
77217,15
77218,18
77219,18
77220,13
77221,4
77222,22
77223,4
77224,22
77225,13
77226,4
77227,23
77228,12
77229,19
77230,23
77231,4
77232,4
77233,4
77234,15
77235,15
77236,15
77237,19
77238,13
77239,15
77240,12
77241,15
77242,13
77243,19
77244,15
77245,1
77246,22
77247,4
77248,15
77249,15
77250,19
77251,5
77252,13
77253,15
77254,15
77255,19
77256,15
77257,22
77258,9
77259,19
77260,15
77261,19
77262,15
77263,4
77264,10
77265,15
77266,15
77267,4
77268,6
77269,15
77270,12
77271,4
77272,4
77273,15
77274,15
77275,13
77276,12
77277,15
77278,19
77279,4
77280,15
77281,14
77282,15
77283,4
77284,23
77285,13
77286,4
77287,19
77288,19
77289,23
77290,15
77291,13
77292,4
77293,15
77294,19
77295,15
77296,22
77297,4
77298,15
77299,23
77300,19
77301,13
77302,22
77303,15
77304,22
77305,15
77306,15
77307,15
77308,15
77309,15
77310,15
77311,12
77312,22
77313,13
77314,10
77315,4
77316,15
77317,19
77318,15
77319,15
77320,11
77321,4
77322,4
77323,19
77324,10
77325,23
77326,23
77327,15
77328,22
77329,4
77330,15
77331,15
77332,13
77333,10
77334,11
77335,13
77336,10
77337,19
77338,13
77339,19
77340,15
77341,15
77342,19
77343,18
77344,13
77345,19
77346,13
77347,13
77348,19
77349,9
77350,4
77351,9
77352,19
77353,10
77354,15
77355,15
77356,10
77357,10
77358,19
77359,19
77360,4
77361,4
77362,15
77363,13
77364,15
77365,19
77366,23
77367,19
77368,13
77369,9
77370,15
77371,13
77372,10
77373,15
77374,15
77375,13
77376,22
77377,15
77378,4
77379,10
77380,4
77381,1
77382,19
77383,4
77384,15
77385,15
77386,15
77387,4
77388,15
77389,15
77390,4
77391,4
77392,4
77393,15
77394,15
77395,15
77396,19
77397,23
77398,19
77399,15
77400,15
77401,19
77402,4
77403,13
77404,19
77405,13
77406,16
77407,15
77408,15
77409,19
77410,19
77411,19
77412,4
77413,4
77414,4
77415,15
77416,1
77417,19
77418,22
77419,15
77420,18
77421,19
77422,22
77423,15
77424,19
77425,15
77426,15
77427,15
77428,22
77429,18
77430,18
77431,12
77432,19
77433,22
77434,4
77435,4
77436,10
77437,4
77438,5
77439,15
77440,4
77441,4
77442,19
77443,22
77444,10
77445,18
77446,15
77447,15
77448,4
77449,12
77450,1
77451,19
77452,19
77453,15
77454,15
77455,15
77456,22
77457,19
77458,2
77459,15
77460,15
77461,23
77462,15
77463,4
77464,4
77465,15
77466,15
77467,15
77468,6
77469,15
77470,4
77471,15
77472,15
77473,4
77474,1
77475,15
77476,19
77477,4
77478,13
77479,15
77480,13
77481,4
77482,15
77483,23
77484,19
77485,19
77486,4
77487,18
77488,15
77489,19
77490,15
77491,22
77492,22
77493,10
77494,15
77495,15
77496,4
77497,3
77498,15
77499,16
77500,19
77501,19
77502,9
77503,14
77504,15
77505,4
77506,15
77507,19
77508,13
77509,15
77510,15
77511,16
77512,4
77513,4
77514,19
77515,18
77516,4
77517,19
77518,19
77519,23
77520,19
77521,15
77522,15
77523,15
77524,4
77525,22
77526,5
77527,13
77528,11
77529,19
77530,22
77531,9
77532,15
77533,19
77534,4
77535,19
77536,15
77537,19
77538,13
77539,15
77540,15
77541,15
77542,22
77543,4
77544,4
77545,22
77546,15
77547,13
77548,19
77549,11
77550,1
77551,9
77552,18
77553,13
77554,4
77555,15
77556,15
77557,15
77558,15
77559,18
77560,13
77561,22
77562,0
77563,22
77564,19
77565,15
77566,4
77567,13
77568,15
77569,22
77570,19
77571,4
77572,15
77573,13
77574,13
77575,19
77576,15
77577,15
77578,22
77579,22
77580,15
77581,15
77582,15
77583,15
77584,22
77585,14
77586,19
77587,19
77588,10
77589,4
77590,4
77591,13
77592,19
77593,8
77594,19
77595,9
77596,23
77597,15
77598,15
77599,4
77600,4
77601,15
77602,11
77603,4
77604,1
77605,4
77606,15
77607,10
77608,4
77609,12
77610,4
77611,15
77612,19
77613,23
77614,15
77615,18
77616,19
77617,19
77618,19
77619,19
77620,15
77621,15
77622,15
77623,6
77624,4
77625,4
77626,4
77627,4
77628,12
77629,12
77630,13
77631,9
77632,13
77633,4
77634,15
77635,19
77636,15
77637,15
77638,13
77639,15
77640,19
77641,22
77642,15
77643,19
77644,22
77645,4
77646,19
77647,13
77648,15
77649,19
77650,15
77651,15
77652,15
77653,15
77654,15
77655,0
77656,13
77657,19
77658,6
77659,4
77660,10
77661,23
77662,15
77663,15
77664,4
77665,15
77666,14
77667,18
77668,19
77669,15
77670,18
77671,18
77672,15
77673,15
77674,4
77675,13
77676,4
77677,15
77678,15
77679,22
77680,1
77681,4
77682,19
77683,4
77684,4
77685,4
77686,15
77687,22
77688,15
77689,15
77690,15
77691,13
77692,19
77693,4
77694,15
77695,22
77696,15
77697,23
77698,19
77699,19
77700,6
77701,13
77702,15
77703,15
77704,2
77705,22
77706,4
77707,19
77708,15
77709,12
77710,19
77711,13
77712,13
77713,11
77714,22
77715,4
77716,4
77717,4
77718,4
77719,18
77720,4
77721,15
77722,1
77723,4
77724,15
77725,15
77726,15
77727,19
77728,13
77729,5
77730,4
77731,15
77732,4
77733,10
77734,15
77735,14
77736,19
77737,13
77738,6
77739,15
77740,19
77741,19
77742,15
77743,19
77744,15
77745,10
77746,19
77747,15
77748,23
77749,13
77750,15
77751,14
77752,13
77753,4
77754,4
77755,13
77756,15
77757,23
77758,15
77759,15
77760,10
77761,6
77762,1
77763,18
77764,15
77765,15
77766,13
77767,19
77768,13
77769,13
77770,22
77771,4
77772,15
77773,15
77774,4
77775,23
77776,4
77777,13
77778,18
77779,15
77780,10
77781,13
77782,15
77783,13
77784,22
77785,4
77786,12
77787,19
77788,19
77789,5
77790,16
77791,10
77792,19
77793,15
77794,4
77795,15
77796,19
77797,15
77798,15
77799,9
77800,4
77801,15
77802,19
77803,19
77804,23
77805,9
77806,2
77807,15
77808,15
77809,22
77810,19
77811,4
77812,19
77813,19
77814,22
77815,13
77816,23
77817,19
77818,15
77819,11
77820,4
77821,15
77822,10
77823,15
77824,4
77825,13
77826,14
77827,15
77828,15
77829,15
77830,13
77831,19
77832,15
77833,15
77834,10
77835,4
77836,15
77837,4
77838,13
77839,19
77840,9
77841,18
77842,4
77843,4
77844,15
77845,5
77846,4
77847,15
77848,18
77849,19
77850,13
77851,19
77852,4
77853,2
77854,19
77855,4
77856,19
77857,15
77858,19
77859,2
77860,13
77861,4
77862,19
77863,4
77864,13
77865,16
77866,15
77867,9
77868,13
77869,15
77870,19
77871,15
77872,15
77873,2
77874,13
77875,14
77876,15
77877,22
77878,15
77879,13
77880,15
77881,4
77882,19
77883,18
77884,11
77885,15
77886,4
77887,15
77888,23
77889,15
77890,15
77891,15
77892,4
77893,19
77894,0
77895,19
77896,13
77897,18
77898,15
77899,15
77900,15
77901,15
77902,13
77903,15
77904,19
77905,15
77906,15
77907,15
77908,19
77909,15
77910,19
77911,4
77912,19
77913,14
77914,15
77915,4
77916,10
77917,19
77918,23
77919,15
77920,15
77921,15
77922,15
77923,18
77924,19
77925,15
77926,15
77927,13
77928,19
77929,4
77930,15
77931,13
77932,18
77933,22
77934,13
77935,13
77936,15
77937,4
77938,15
77939,15
77940,19
77941,15
77942,19
77943,23
77944,9
77945,19
77946,15
77947,15
77948,4
77949,4
77950,16
77951,15
77952,13
77953,22
77954,22
77955,15
77956,22
77957,15
77958,22
77959,19
77960,4
77961,15
77962,4
77963,23
77964,18
77965,15
77966,6
77967,15
77968,18
77969,19
77970,18
77971,15
77972,19
77973,4
77974,15
77975,13
77976,15
77977,19
77978,13
77979,19
77980,15
77981,11
77982,4
77983,10
77984,22
77985,4
77986,14
77987,4
77988,15
77989,19
77990,1
77991,15
77992,19
77993,18
77994,15
77995,2
77996,23
77997,18
77998,19
77999,22
78000,19
78001,19
78002,13
78003,15
78004,23
78005,4
78006,22
78007,18
78008,19
78009,19
78010,15
78011,4
78012,11
78013,15
78014,4
78015,22
78016,14
78017,15
78018,10
78019,13
78020,13
78021,15
78022,13
78023,15
78024,19
78025,4
78026,23
78027,10
78028,4
78029,15
78030,22
78031,13
78032,13
78033,19
78034,15
78035,19
78036,18
78037,15
78038,19
78039,1
78040,15
78041,4
78042,19
78043,15
78044,4
78045,13
78046,6
78047,22
78048,19
78049,15
78050,10
78051,23
78052,19
78053,4
78054,19
78055,15
78056,9
78057,19
78058,15
78059,19
78060,23
78061,13
78062,9
78063,15
78064,13
78065,1
78066,19
78067,4
78068,15
78069,15
78070,1
78071,15
78072,19
78073,22
78074,15
78075,13
78076,13
78077,15
78078,19
78079,13
78080,15
78081,8
78082,13
78083,13
78084,13
78085,4
78086,15
78087,1
78088,22
78089,22
78090,4
78091,4
78092,13
78093,15
78094,10
78095,15
78096,18
78097,11
78098,4
78099,18
78100,15
78101,15
78102,15
78103,19
78104,14
78105,15
78106,19
78107,19
78108,0
78109,15
78110,4
78111,22
78112,18
78113,15
78114,13
78115,15
78116,22
78117,4
78118,18
78119,4
78120,4
78121,19
78122,15
78123,15
78124,19
78125,19
78126,5
78127,19
78128,4
78129,22
78130,4
78131,15
78132,18
78133,18
78134,4
78135,19
78136,15
78137,22
78138,15
78139,13
78140,15
78141,22
78142,19
78143,19
78144,15
78145,18
78146,15
78147,4
78148,10
78149,15
78150,15
78151,15
78152,22
78153,13
78154,11
78155,4
78156,15
78157,15
78158,15
78159,6
78160,18
78161,15
78162,10
78163,15
78164,22
78165,4
78166,4
78167,15
78168,19
78169,19
78170,13
78171,4
78172,15
78173,15
78174,4
78175,6
78176,6
78177,15
78178,4
78179,15
78180,1
78181,18
78182,13
78183,10
78184,4
78185,15
78186,15
78187,12
78188,15
78189,15
78190,15
78191,15
78192,15
78193,15
78194,15
78195,1
78196,15
78197,9
78198,19
78199,22
78200,13
78201,15
78202,23
78203,14
78204,19
78205,18
78206,4
78207,15
78208,19
78209,4
78210,15
78211,19
78212,19
78213,4
78214,15
78215,4
78216,11
78217,15
78218,19
78219,4
78220,19
78221,19
78222,15
78223,19
78224,9
78225,15
78226,4
78227,4
78228,13
78229,22
78230,15
78231,19
78232,15
78233,19
78234,15
78235,15
78236,4
78237,22
78238,19
78239,15
78240,15
78241,15
78242,5
78243,15
78244,13
78245,9
78246,19
78247,11
78248,19
78249,15
78250,0
78251,22
78252,4
78253,15
78254,15
78255,15
78256,13
78257,12
78258,15
78259,23
78260,10
78261,4
78262,9
78263,16
78264,13
78265,4
78266,19
78267,4
78268,15
78269,4
78270,4
78271,10
78272,15
78273,15
78274,13
78275,4
78276,15
78277,15
78278,22
78279,18
78280,19
78281,15
78282,13
78283,23
78284,22
78285,19
78286,19
78287,23
78288,13
78289,4
78290,19
78291,15
78292,23
78293,6
78294,15
78295,15
78296,16
78297,15
78298,15
78299,13
78300,15
78301,15
78302,15
78303,4
78304,4
78305,23
78306,15
78307,22
78308,12
78309,4
78310,19
78311,4
78312,18
78313,15
78314,22
78315,0
78316,13
78317,22
78318,15
78319,4
78320,15
78321,19
78322,15
78323,23
78324,19
78325,4
78326,15
78327,4
78328,15
78329,4
78330,4
78331,15
78332,15
78333,19
78334,15
78335,12
78336,15
78337,15
78338,15
78339,22
78340,15
78341,14
78342,19
78343,15
78344,19
78345,15
78346,22
78347,19
78348,15
78349,4
78350,4
78351,14
78352,4
78353,1
78354,4
78355,19
78356,22
78357,18
78358,0
78359,14
78360,15
78361,19
78362,4
78363,19
78364,4
78365,22
78366,4
78367,19
78368,4
78369,19
78370,11
78371,19
78372,4
78373,18
78374,12
78375,10
78376,15
78377,15
78378,4
78379,5
78380,22
78381,19
78382,19
78383,13
78384,13
78385,14
78386,9
78387,13
78388,23
78389,19
78390,15
78391,15
78392,19
78393,19
78394,3
78395,4
78396,4
78397,1
78398,13
78399,15
78400,15
78401,19
78402,4
78403,4
78404,5
78405,19
78406,22
78407,18
78408,1
78409,15
78410,19
78411,15
78412,13
78413,15
78414,19
78415,1
78416,15
78417,19
78418,15
78419,10
78420,19
78421,13
78422,15
78423,19
78424,18
78425,1
78426,15
78427,19
78428,15
78429,13
78430,15
78431,15
78432,15
78433,15
78434,4
78435,4
78436,22
78437,14
78438,4
78439,15
78440,15
78441,13
78442,15
78443,15
78444,19
78445,13
78446,15
78447,1
78448,4
78449,1
78450,4
78451,13
78452,15
78453,22
78454,19
78455,4
78456,15
78457,13
78458,23
78459,9
78460,9
78461,4
78462,15
78463,19
78464,14
78465,6
78466,19
78467,10
78468,4
78469,19
78470,6
78471,18
78472,15
78473,15
78474,19
78475,23
78476,15
78477,15
78478,13
78479,4
78480,19
78481,19
78482,22
78483,13
78484,22
78485,13
78486,4
78487,4
78488,19
78489,4
78490,22
78491,6
78492,4
78493,15
78494,6
78495,22
78496,4
78497,4
78498,15
78499,19
78500,15
78501,22
78502,15
78503,15
78504,23
78505,15
78506,22
78507,10
78508,19
78509,15
78510,4
78511,19
78512,15
78513,15
78514,19
78515,19
78516,13
78517,4
78518,15
78519,19
78520,15
78521,19
78522,1
78523,22
78524,15
78525,18
78526,23
78527,15
78528,13
78529,15
78530,4
78531,15
78532,15
78533,15
78534,15
78535,4
78536,15
78537,13
78538,23
78539,15
78540,15
78541,4
78542,15
78543,15
78544,19
78545,19
78546,19
78547,19
78548,19
78549,22
78550,16
78551,15
78552,13
78553,4
78554,4
78555,15
78556,15
78557,4
78558,23
78559,15
78560,23
78561,4
78562,13
78563,13
78564,4
78565,4
78566,15
78567,22
78568,22
78569,15
78570,22
78571,9
78572,13
78573,15
78574,4
78575,13
78576,19
78577,15
78578,15
78579,19
78580,15
78581,4
78582,13
78583,15
78584,9
78585,15
78586,15
78587,15
78588,13
78589,4
78590,19
78591,23
78592,4
78593,19
78594,11
78595,19
78596,4
78597,15
78598,19
78599,15
78600,19
78601,15
78602,4
78603,15
78604,15
78605,13
78606,4
78607,15
78608,4
78609,15
78610,15
78611,18
78612,15
78613,6
78614,4
78615,15
78616,22
78617,13
78618,10
78619,15
78620,15
78621,15
78622,15
78623,15
78624,9
78625,13
78626,19
78627,15
78628,19
78629,18
78630,4
78631,23
78632,13
78633,15
78634,14
78635,11
78636,15
78637,19
78638,4
78639,15
78640,15
78641,15
78642,15
78643,4
78644,15
78645,19
78646,15
78647,23
78648,15
78649,4
78650,9
78651,4
78652,13
78653,19
78654,22
78655,4
78656,22
78657,15
78658,10
78659,4
78660,4
78661,4
78662,4
78663,19
78664,19
78665,15
78666,15
78667,15
78668,15
78669,15
78670,13
78671,15
78672,19
78673,4
78674,19
78675,10
78676,23
78677,19
78678,15
78679,13
78680,18
78681,15
78682,18
78683,19
78684,22
78685,15
78686,10
78687,15
78688,22
78689,13
78690,4
78691,15
78692,22
78693,15
78694,13
78695,15
78696,15
78697,4
78698,4
78699,15
78700,15
78701,4
78702,15
78703,15
78704,18
78705,9
78706,15
78707,23
78708,23
78709,19
78710,15
78711,19
78712,19
78713,13
78714,15
78715,22
78716,19
78717,15
78718,15
78719,15
78720,4
78721,19
78722,22
78723,19
78724,13
78725,1
78726,19
78727,19
78728,13
78729,15
78730,19
78731,18
78732,15
78733,15
78734,19
78735,4
78736,13
78737,15
78738,20
78739,14
78740,22
78741,2
78742,18
78743,10
78744,15
78745,15
78746,15
78747,4
78748,4
78749,0
78750,13
78751,19
78752,4
78753,23
78754,4
78755,15
78756,15
78757,13
78758,23
78759,4
78760,4
78761,4
78762,15
78763,15
78764,15
78765,19
78766,11
78767,4
78768,4
78769,18
78770,22
78771,23
78772,15
78773,15
78774,4
78775,22
78776,13
78777,5
78778,15
78779,15
78780,19
78781,10
78782,4
78783,15
78784,15
78785,19
78786,4
78787,19
78788,13
78789,4
78790,15
78791,22
78792,15
78793,15
78794,15
78795,15
78796,6
78797,10
78798,15
78799,15
78800,15
78801,19
78802,23
78803,15
78804,22
78805,15
78806,23
78807,23
78808,15
78809,15
78810,4
78811,19
78812,19
78813,14
78814,10
78815,15
78816,15
78817,23
78818,15
78819,19
78820,13
78821,19
78822,10
78823,15
78824,19
78825,15
78826,19
78827,15
78828,4
78829,1
78830,4
78831,15
78832,22
78833,19
78834,15
78835,15
78836,4
78837,19
78838,19
78839,15
78840,15
78841,22
78842,19
78843,11
78844,19
78845,4
78846,15
78847,10
78848,15
78849,15
78850,15
78851,15
78852,15
78853,13
78854,15
78855,19
78856,15
78857,15
78858,19
78859,4
78860,10
78861,19
78862,23
78863,13
78864,19
78865,15
78866,4
78867,13
78868,22
78869,11
78870,19
78871,19
78872,22
78873,5
78874,19
78875,15
78876,15
78877,15
78878,18
78879,23
78880,22
78881,13
78882,19
78883,22
78884,15
78885,15
78886,10
78887,10
78888,4
78889,22
78890,14
78891,15
78892,13
78893,23
78894,15
78895,4
78896,23
78897,19
78898,11
78899,15
78900,23
78901,15
78902,18
78903,23
78904,15
78905,15
78906,19
78907,11
78908,19
78909,19
78910,22
78911,9
78912,15
78913,19
78914,19
78915,19
78916,18
78917,19
78918,4
78919,18
78920,19
78921,19
78922,19
78923,4
78924,4
78925,4
78926,4
78927,13
78928,13
78929,15
78930,12
78931,13
78932,15
78933,19
78934,15
78935,15
78936,15
78937,9
78938,15
78939,22
78940,13
78941,4
78942,15
78943,19
78944,13
78945,15
78946,15
78947,15
78948,15
78949,19
78950,15
78951,22
78952,15
78953,6
78954,0
78955,4
78956,19
78957,19
78958,13
78959,15
78960,15
78961,15
78962,15
78963,15
78964,5
78965,15
78966,19
78967,1
78968,13
78969,4
78970,4
78971,19
78972,10
78973,22
78974,18
78975,10
78976,15
78977,15
78978,15
78979,15
78980,4
78981,15
78982,16
78983,13
78984,4
78985,12
78986,4
78987,4
78988,15
78989,13
78990,19
78991,19
78992,19
78993,19
78994,19
78995,18
78996,4
78997,9
78998,15
78999,4
79000,22
79001,15
79002,15
79003,19
79004,19
79005,15
79006,19
79007,15
79008,15
79009,3
79010,14
79011,15
79012,4
79013,4
79014,4
79015,15
79016,23
79017,18
79018,19
79019,13
79020,12
79021,19
79022,4
79023,19
79024,15
79025,13
79026,19
79027,19
79028,19
79029,15
79030,13
79031,6
79032,15
79033,19
79034,4
79035,23
79036,15
79037,22
79038,4
79039,15
79040,23
79041,10
79042,19
79043,18
79044,4
79045,22
79046,15
79047,19
79048,15
79049,15
79050,12
79051,23
79052,19
79053,23
79054,10
79055,4
79056,19
79057,19
79058,18
79059,6
79060,15
79061,15
79062,4
79063,15
79064,15
79065,4
79066,23
79067,15
79068,15
79069,13
79070,19
79071,15
79072,19
79073,4
79074,15
79075,5
79076,19
79077,18
79078,6
79079,15
79080,19
79081,19
79082,5
79083,15
79084,15
79085,15
79086,19
79087,22
79088,15
79089,13
79090,10
79091,19
79092,13
79093,12
79094,15
79095,15
79096,15
79097,22
79098,15
79099,18
79100,18
79101,4
79102,15
79103,15
79104,4
79105,19
79106,22
79107,15
79108,4
79109,15
79110,23
79111,13
79112,19
79113,15
79114,15
79115,4
79116,10
79117,4
79118,9
79119,15
79120,11
79121,1
79122,23
79123,19
79124,13
79125,0
79126,15
79127,12
79128,15
79129,19
79130,15
79131,15
79132,19
79133,15
79134,15
79135,15
79136,15
79137,13
79138,23
79139,15
79140,23
79141,4
79142,19
79143,15
79144,19
79145,15
79146,19
79147,19
79148,15
79149,15
79150,4
79151,15
79152,15
79153,13
79154,22
79155,19
79156,15
79157,22
79158,23
79159,15
79160,13
79161,15
79162,19
79163,4
79164,16
79165,15
79166,19
79167,13
79168,15
79169,19
79170,19
79171,5
79172,15
79173,4
79174,13
79175,15
79176,15
79177,15
79178,23
79179,13
79180,15
79181,19
79182,15
79183,15
79184,5
79185,19
79186,13
79187,13
79188,19
79189,23
79190,19
79191,9
79192,4
79193,4
79194,19
79195,15
79196,15
79197,13
79198,4
79199,4
79200,15
79201,5
79202,4
79203,4
79204,15
79205,18
79206,19
79207,18
79208,22
79209,15
79210,18
79211,15
79212,15
79213,23
79214,10
79215,15
79216,15
79217,4
79218,15
79219,10
79220,15
79221,4
79222,15
79223,13
79224,23
79225,4
79226,13
79227,15
79228,4
79229,4
79230,4
79231,19
79232,15
79233,15
79234,19
79235,18
79236,15
79237,15
79238,4
79239,19
79240,15
79241,15
79242,15
79243,15
79244,15
79245,6
79246,15
79247,15
79248,19
79249,15
79250,15
79251,15
79252,22
79253,4
79254,6
79255,4
79256,13
79257,15
79258,4
79259,15
79260,22
79261,15
79262,15
79263,15
79264,19
79265,23
79266,19
79267,4
79268,9
79269,11
79270,14
79271,15
79272,4
79273,15
79274,10
79275,6
79276,12
79277,11
79278,15
79279,22
79280,23
79281,12
79282,19
79283,4
79284,18
79285,15
79286,13
79287,19
79288,15
79289,2
79290,4
79291,10
79292,9
79293,13
79294,10
79295,13
79296,15
79297,15
79298,4
79299,19
79300,19
79301,15
79302,13
79303,18
79304,5
79305,10
79306,4
79307,15
79308,15
79309,15
79310,15
79311,15
79312,4
79313,14
79314,15
79315,15
79316,4
79317,22
79318,23
79319,18
79320,5
79321,23
79322,4
79323,4
79324,6
79325,13
79326,10
79327,22
79328,15
79329,15
79330,15
79331,15
79332,13
79333,15
79334,15
79335,15
79336,15
79337,15
79338,22
79339,13
79340,15
79341,15
79342,15
79343,18
79344,4
79345,22
79346,19
79347,23
79348,19
79349,15
79350,13
79351,22
79352,19
79353,19
79354,15
79355,15
79356,10
79357,4
79358,15
79359,13
79360,15
79361,22
79362,15
79363,19
79364,22
79365,10
79366,0
79367,23
79368,15
79369,13
79370,22
79371,15
79372,13
79373,4
79374,23
79375,13
79376,15
79377,10
79378,15
79379,4
79380,13
79381,6
79382,5
79383,5
79384,10
79385,15
79386,10
79387,4
79388,4
79389,19
79390,15
79391,15
79392,4
79393,22
79394,2
79395,18
79396,4
79397,16
79398,22
79399,19
79400,15
79401,15
79402,15
79403,19
79404,15
79405,13
79406,4
79407,4
79408,19
79409,15
79410,15
79411,15
79412,15
79413,4
79414,4
79415,15
79416,15
79417,15
79418,6
79419,15
79420,15
79421,23
79422,19
79423,4
79424,18
79425,22
79426,15
79427,4
79428,4
79429,22
79430,19
79431,15
79432,1
79433,15
79434,18
79435,13
79436,15
79437,19
79438,13
79439,15
79440,19
79441,15
79442,5
79443,23
79444,13
79445,13
79446,18
79447,23
79448,15
79449,19
79450,4
79451,13
79452,23
79453,4
79454,4
79455,23
79456,23
79457,23
79458,4
79459,13
79460,13
79461,13
79462,15
79463,4
79464,4
79465,6
79466,1
79467,5
79468,15
79469,19
79470,15
79471,15
79472,4
79473,4
79474,19
79475,4
79476,15
79477,9
79478,4
79479,15
79480,15
79481,4
79482,15
79483,11
79484,13
79485,15
79486,4
79487,4
79488,4
79489,12
79490,9
79491,4
79492,15
79493,4
79494,4
79495,4
79496,19
79497,15
79498,15
79499,13
79500,19
79501,15
79502,15
79503,4
79504,4
79505,15
79506,23
79507,13
79508,23
79509,15
79510,5
79511,19
79512,23
79513,12
79514,15
79515,4
79516,9
79517,15
79518,10
79519,19
79520,9
79521,22
79522,15
79523,4
79524,18
79525,4
79526,19
79527,19
79528,4
79529,15
79530,15
79531,15
79532,4
79533,9
79534,22
79535,15
79536,19
79537,15
79538,22
79539,10
79540,18
79541,18
79542,10
79543,15
79544,19
79545,23
79546,15
79547,15
79548,22
79549,4
79550,4
79551,15
79552,4
79553,4
79554,4
79555,10
79556,10
79557,15
79558,4
79559,13
79560,15
79561,15
79562,4
79563,4
79564,15
79565,15
79566,4
79567,15
79568,19
79569,18
79570,9
79571,19
79572,15
79573,4
79574,9
79575,15
79576,19
79577,4
79578,18
79579,10
79580,13
79581,4
79582,15
79583,15
79584,14
79585,11
79586,22
79587,15
79588,4
79589,15
79590,15
79591,15
79592,19
79593,10
79594,13
79595,15
79596,22
79597,15
79598,22
79599,15
79600,15
79601,4
79602,19
79603,19
79604,6
79605,15
79606,19
79607,4
79608,13
79609,13
79610,13
79611,15
79612,15
79613,15
79614,19
79615,22
79616,10
79617,15
79618,15
79619,13
79620,19
79621,15
79622,4
79623,15
79624,19
79625,15
79626,13
79627,4
79628,4
79629,15
79630,19
79631,15
79632,22
79633,19
79634,15
79635,14
79636,9
79637,15
79638,13
79639,15
79640,19
79641,22
79642,15
79643,4
79644,15
79645,15
79646,4
79647,11
79648,19
79649,13
79650,19
79651,13
79652,15
79653,19
79654,13
79655,22
79656,19
79657,11
79658,22
79659,19
79660,22
79661,15
79662,19
79663,22
79664,15
79665,4
79666,15
79667,13
79668,4
79669,13
79670,11
79671,22
79672,4
79673,4
79674,22
79675,4
79676,19
79677,19
79678,15
79679,4
79680,15
79681,15
79682,15
79683,7
79684,4
79685,19
79686,15
79687,15
79688,15
79689,19
79690,23
79691,13
79692,13
79693,13
79694,19
79695,15
79696,4
79697,16
79698,13
79699,19
79700,10
79701,19
79702,15
79703,19
79704,4
79705,13
79706,4
79707,15
79708,4
79709,23
79710,15
79711,9
79712,6
79713,4
79714,6
79715,16
79716,15
79717,18
79718,0
79719,15
79720,18
79721,13
79722,4
79723,15
79724,23
79725,15
79726,23
79727,22
79728,13
79729,23
79730,15
79731,15
79732,13
79733,5
79734,4
79735,15
79736,6
79737,19
79738,5
79739,19
79740,4
79741,15
79742,15
79743,2
79744,10
79745,11
79746,19
79747,19
79748,13
79749,9
79750,15
79751,13
79752,15
79753,15
79754,19
79755,13
79756,22
79757,4
79758,19
79759,2
79760,11
79761,4
79762,15
79763,15
79764,15
79765,19
79766,15
79767,4
79768,22
79769,15
79770,19
79771,9
79772,15
79773,15
79774,20
79775,4
79776,15
79777,15
79778,23
79779,4
79780,10
79781,22
79782,19
79783,2
79784,19
79785,15
79786,15
79787,15
79788,15
79789,15
79790,10
79791,23
79792,15
79793,15
79794,9
79795,23
79796,15
79797,13
79798,13
79799,12
79800,15
79801,15
79802,10
79803,15
79804,13
79805,9
79806,15
79807,13
79808,4
79809,15
79810,15
79811,4
79812,22
79813,19
79814,15
79815,15
79816,10
79817,2
79818,18
79819,15
79820,4
79821,22
79822,19
79823,15
79824,13
79825,23
79826,13
79827,15
79828,19
79829,15
79830,19
79831,22
79832,4
79833,12
79834,10
79835,19
79836,19
79837,22
79838,4
79839,10
79840,15
79841,4
79842,4
79843,4
79844,19
79845,13
79846,4
79847,15
79848,4
79849,23
79850,15
79851,15
79852,18
79853,22
79854,10
79855,4
79856,12
79857,15
79858,15
79859,13
79860,15
79861,15
79862,15
79863,4
79864,15
79865,4
79866,13
79867,18
79868,13
79869,6
79870,16
79871,19
79872,4
79873,13
79874,15
79875,15
79876,19
79877,19
79878,18
79879,10
79880,19
79881,0
79882,5
79883,15
79884,4
79885,15
79886,15
79887,19
79888,22
79889,4
79890,23
79891,15
79892,4
79893,23
79894,13
79895,15
79896,22
79897,4
79898,6
79899,15
79900,1
79901,15
79902,13
79903,10
79904,15
79905,19
79906,15
79907,4
79908,13
79909,15
79910,15
79911,22
79912,4
79913,15
79914,22
79915,19
79916,22
79917,4
79918,19
79919,4
79920,15
79921,15
79922,22
79923,15
79924,15
79925,19
79926,4
79927,4
79928,13
79929,15
79930,19
79931,13
79932,15
79933,19
79934,19
79935,13
79936,19
79937,15
79938,16
79939,6
79940,18
79941,4
79942,23
79943,15
79944,13
79945,18
79946,19
79947,15
79948,19
79949,4
79950,10
79951,15
79952,15
79953,4
79954,19
79955,4
79956,4
79957,4
79958,12
79959,19
79960,4
79961,19
79962,19
79963,19
79964,4
79965,15
79966,5
79967,15
79968,4
79969,15
79970,4
79971,4
79972,4
79973,4
79974,18
79975,4
79976,4
79977,1
79978,19
79979,23
79980,10
79981,23
79982,15
79983,18
79984,14
79985,18
79986,3
79987,13
79988,19
79989,15
79990,15
79991,4
79992,15
79993,15
79994,19
79995,15
79996,15
79997,15
79998,4
79999,23
80000,23
80001,4
80002,18
80003,13
80004,19
80005,18
80006,22
80007,23
80008,13
80009,14
80010,9
80011,15
80012,15
80013,10
80014,15
80015,19
80016,19
80017,13
80018,15
80019,5
80020,4
80021,15
80022,15
80023,19
80024,15
80025,4
80026,19
80027,15
80028,18
80029,15
80030,13
80031,10
80032,18
80033,19
80034,10
80035,15
80036,4
80037,19
80038,13
80039,22
80040,13
80041,19
80042,15
80043,1
80044,19
80045,23
80046,15
80047,15
80048,19
80049,4
80050,19
80051,15
80052,4
80053,4
80054,13
80055,22
80056,13
80057,23
80058,15
80059,15
80060,19
80061,19
80062,19
80063,5
80064,4
80065,15
80066,13
80067,15
80068,14
80069,14
80070,15
80071,19
80072,13
80073,4
80074,15
80075,22
80076,4
80077,10
80078,15
80079,19
80080,15
80081,15
80082,4
80083,13
80084,4
80085,22
80086,15
80087,5
80088,0
80089,4
80090,13
80091,15
80092,19
80093,4
80094,15
80095,4
80096,23
80097,4
80098,15
80099,15
80100,19
80101,19
80102,12
80103,19
80104,19
80105,16
80106,11
80107,15
80108,15
80109,22
80110,15
80111,4
80112,15
80113,15
80114,15
80115,6
80116,4
80117,15
80118,19
80119,13
80120,15
80121,10
80122,15
80123,4
80124,15
80125,15
80126,15
80127,4
80128,15
80129,11
80130,15
80131,13
80132,23
80133,4
80134,19
80135,15
80136,13
80137,13
80138,15
80139,15
80140,18
80141,22
80142,13
80143,15
80144,10
80145,10
80146,4
80147,22
80148,15
80149,15
80150,19
80151,15
80152,15
80153,15
80154,6
80155,19
80156,15
80157,15
80158,4
80159,10
80160,15
80161,15
80162,15
80163,10
80164,14
80165,15
80166,22
80167,11
80168,15
80169,15
80170,22
80171,15
80172,15
80173,14
80174,13
80175,23
80176,19
80177,10
80178,19
80179,9
80180,19
80181,22
80182,15
80183,13
80184,22
80185,15
80186,13
80187,15
80188,10
80189,19
80190,4
80191,4
80192,15
80193,4
80194,4
80195,19
80196,13
80197,22
80198,22
80199,4
80200,22
80201,4
80202,4
80203,19
80204,4
80205,19
80206,23
80207,4
80208,18
80209,1
80210,15
80211,22
80212,13
80213,15
80214,13
80215,15
80216,13
80217,13
80218,4
80219,19
80220,19
80221,4
80222,19
80223,19
80224,13
80225,4
80226,10
80227,15
80228,4
80229,19
80230,19
80231,15
80232,19
80233,15
80234,18
80235,15
80236,4
80237,9
80238,13
80239,19
80240,22
80241,22
80242,15
80243,15
80244,19
80245,22
80246,19
80247,19
80248,15
80249,19
80250,4
80251,19
80252,13
80253,15
80254,15
80255,15
80256,15
80257,13
80258,19
80259,15
80260,22
80261,15
80262,15
80263,15
80264,5
80265,15
80266,15
80267,15
80268,15
80269,4
80270,23
80271,15
80272,15
80273,15
80274,23
80275,15
80276,15
80277,4
80278,13
80279,23
80280,15
80281,15
80282,10
80283,19
80284,13
80285,19
80286,15
80287,19
80288,6
80289,15
80290,4
80291,15
80292,23
80293,19
80294,18
80295,4
80296,19
80297,19
80298,13
80299,19
80300,13
80301,22
80302,19
80303,15
80304,15
80305,10
80306,5
80307,19
80308,15
80309,23
80310,4
80311,19
80312,15
80313,13
80314,15
80315,15
80316,19
80317,19
80318,13
80319,15
80320,8
80321,18
80322,4
80323,4
80324,13
80325,5
80326,19
80327,15
80328,4
80329,13
80330,15
80331,15
80332,15
80333,4
80334,19
80335,19
80336,4
80337,13
80338,15
80339,22
80340,19
80341,19
80342,10
80343,15
80344,15
80345,13
80346,13
80347,13
80348,23
80349,15
80350,15
80351,15
80352,15
80353,4
80354,4
80355,19
80356,4
80357,4
80358,18
80359,15
80360,4
80361,4
80362,15
80363,15
80364,15
80365,15
80366,1
80367,13
80368,12
80369,6
80370,22
80371,4
80372,15
80373,19
80374,13
80375,15
80376,10
80377,19
80378,19
80379,9
80380,15
80381,15
80382,19
80383,15
80384,15
80385,19
80386,15
80387,6
80388,15
80389,18
80390,15
80391,15
80392,15
80393,19
80394,4
80395,13
80396,15
80397,19
80398,13
80399,9
80400,15
80401,15
80402,4
80403,22
80404,13
80405,11
80406,19
80407,15
80408,15
80409,15
80410,13
80411,19
80412,4
80413,4
80414,22
80415,23
80416,22
80417,15
80418,6
80419,15
80420,5
80421,5
80422,19
80423,19
80424,15
80425,4
80426,4
80427,15
80428,18
80429,15
80430,22
80431,4
80432,19
80433,15
80434,6
80435,4
80436,19
80437,13
80438,19
80439,6
80440,13
80441,15
80442,4
80443,4
80444,23
80445,15
80446,15
80447,4
80448,4
80449,15
80450,4
80451,13
80452,15
80453,15
80454,15
80455,4
80456,19
80457,13
80458,15
80459,13
80460,9
80461,22
80462,4
80463,19
80464,15
80465,15
80466,11
80467,15
80468,22
80469,19
80470,15
80471,4
80472,15
80473,4
80474,4
80475,4
80476,13
80477,19
80478,13
80479,9
80480,5
80481,18
80482,10
80483,19
80484,15
80485,15
80486,15
80487,0
80488,13
80489,18
80490,19
80491,4
80492,18
80493,19
80494,4
80495,13
80496,13
80497,13
80498,15
80499,15
80500,4
80501,4
80502,15
80503,22
80504,15
80505,15
80506,5
80507,13
80508,15
80509,15
80510,15
80511,19
80512,11
80513,15
80514,15
80515,23
80516,4
80517,19
80518,18
80519,15
80520,13
80521,4
80522,15
80523,13
80524,23
80525,4
80526,4
80527,8
80528,10
80529,15
80530,13
80531,23
80532,23
80533,22
80534,13
80535,23
80536,13
80537,13
80538,11
80539,4
80540,10
80541,15
80542,13
80543,15
80544,15
80545,15
80546,14
80547,4
80548,4
80549,15
80550,15
80551,15
80552,15
80553,23
80554,15
80555,15
80556,5
80557,15
80558,19
80559,19
80560,18
80561,4
80562,4
80563,23
80564,9
80565,4
80566,4
80567,15
80568,15
80569,22
80570,4
80571,6
80572,13
80573,4
80574,13
80575,3
80576,19
80577,4
80578,4
80579,22
80580,13
80581,13
80582,6
80583,13
80584,4
80585,4
80586,15
80587,18
80588,19
80589,4
80590,19
80591,4
80592,19
80593,19
80594,15
80595,22
80596,23
80597,15
80598,6
80599,13
80600,15
80601,5
80602,4
80603,13
80604,15
80605,19
80606,23
80607,13
80608,22
80609,4
80610,19
80611,4
80612,18
80613,15
80614,5
80615,23
80616,19
80617,13
80618,4
80619,22
80620,4
80621,15
80622,19
80623,4
80624,4
80625,10
80626,15
80627,15
80628,15
80629,13
80630,15
80631,15
80632,19
80633,15
80634,15
80635,19
80636,23
80637,15
80638,13
80639,11
80640,13
80641,15
80642,4
80643,10
80644,23
80645,3
80646,15
80647,15
80648,13
80649,15
80650,13
80651,4
80652,15
80653,19
80654,4
80655,5
80656,13
80657,23
80658,4
80659,15
80660,4
80661,4
80662,19
80663,0
80664,6
80665,15
80666,19
80667,6
80668,15
80669,2
80670,18
80671,19
80672,15
80673,4
80674,19
80675,23
80676,13
80677,15
80678,23
80679,19
80680,4
80681,15
80682,19
80683,10
80684,15
80685,13
80686,15
80687,18
80688,15
80689,15
80690,15
80691,13
80692,4
80693,15
80694,15
80695,19
80696,19
80697,18
80698,18
80699,13
80700,13
80701,10
80702,4
80703,13
80704,15
80705,4
80706,4
80707,19
80708,19
80709,19
80710,22
80711,6
80712,23
80713,4
80714,15
80715,4
80716,13
80717,15
80718,4
80719,4
80720,15
80721,19
80722,15
80723,1
80724,14
80725,15
80726,4
80727,15
80728,15
80729,19
80730,15
80731,15
80732,15
80733,18
80734,22
80735,19
80736,23
80737,15
80738,15
80739,22
80740,4
80741,4
80742,22
80743,19
80744,19
80745,19
80746,22
80747,13
80748,15
80749,4
80750,18
80751,13
80752,4
80753,15
80754,22
80755,4
80756,10
80757,17
80758,4
80759,19
80760,12
80761,15
80762,22
80763,4
80764,18
80765,22
80766,19
80767,22
80768,15
80769,13
80770,4
80771,19
80772,4
80773,22
80774,15
80775,19
80776,4
80777,22
80778,13
80779,15
80780,23
80781,13
80782,13
80783,13
80784,4
80785,2
80786,15
80787,1
80788,19
80789,19
80790,22
80791,19
80792,15
80793,15
80794,15
80795,9
80796,13
80797,19
80798,15
80799,22
80800,15
80801,19
80802,6
80803,4
80804,15
80805,15
80806,15
80807,22
80808,19
80809,13
80810,1
80811,18
80812,15
80813,15
80814,15
80815,10
80816,15
80817,1
80818,5
80819,19
80820,22
80821,15
80822,13
80823,13
80824,19
80825,4
80826,19
80827,19
80828,15
80829,6
80830,15
80831,19
80832,4
80833,10
80834,4
80835,19
80836,15
80837,15
80838,5
80839,4
80840,15
80841,4
80842,19
80843,14
80844,15
80845,15
80846,15
80847,15
80848,15
80849,15
80850,15
80851,4
80852,15
80853,22
80854,19
80855,4
80856,4
80857,22
80858,13
80859,13
80860,4
80861,15
80862,23
80863,23
80864,15
80865,15
80866,15
80867,4
80868,22
80869,4
80870,13
80871,10
80872,13
80873,18
80874,18
80875,4
80876,15
80877,4
80878,10
80879,6
80880,10
80881,4
80882,19
80883,23
80884,15
80885,15
80886,15
80887,4
80888,13
80889,19
80890,19
80891,15
80892,15
80893,4
80894,15
80895,4
80896,12
80897,6
80898,4
80899,15
80900,12
80901,23
80902,15
80903,15
80904,13
80905,15
80906,4
80907,9
80908,19
80909,13
80910,4
80911,15
80912,4
80913,15
80914,15
80915,15
80916,4
80917,14
80918,5
80919,4
80920,15
80921,18
80922,13
80923,19
80924,23
80925,18
80926,13
80927,4
80928,18
80929,4
80930,15
80931,15
80932,4
80933,22
80934,15
80935,19
80936,15
80937,4
80938,10
80939,15
80940,13
80941,13
80942,13
80943,15
80944,15
80945,13
80946,23
80947,18
80948,22
80949,4
80950,22
80951,4
80952,9
80953,15
80954,15
80955,5
80956,15
80957,4
80958,15
80959,19
80960,15
80961,4
80962,14
80963,4
80964,19
80965,15
80966,4
80967,18
80968,23
80969,9
80970,1
80971,14
80972,6
80973,13
80974,22
80975,15
80976,15
80977,15
80978,19
80979,22
80980,13
80981,15
80982,15
80983,15
80984,15
80985,13
80986,15
80987,4
80988,13
80989,13
80990,22
80991,15
80992,10
80993,14
80994,13
80995,15
80996,15
80997,4
80998,23
80999,10
81000,15
81001,19
81002,15
81003,4
81004,18
81005,15
81006,15
81007,13
81008,19
81009,19
81010,13
81011,13
81012,11
81013,15
81014,15
81015,15
81016,5
81017,15
81018,15
81019,11
81020,4
81021,15
81022,15
81023,19
81024,19
81025,19
81026,19
81027,22
81028,13
81029,13
81030,4
81031,15
81032,13
81033,4
81034,15
81035,17
81036,15
81037,19
81038,15
81039,19
81040,15
81041,15
81042,10
81043,5
81044,19
81045,13
81046,23
81047,4
81048,19
81049,15
81050,19
81051,12
81052,19
81053,15
81054,10
81055,19
81056,19
81057,13
81058,15
81059,13
81060,19
81061,10
81062,15
81063,13
81064,13
81065,15
81066,15
81067,13
81068,4
81069,23
81070,19
81071,4
81072,23
81073,6
81074,18
81075,18
81076,4
81077,13
81078,4
81079,22
81080,19
81081,4
81082,10
81083,15
81084,4
81085,15
81086,15
81087,19
81088,15
81089,22
81090,4
81091,15
81092,15
81093,22
81094,15
81095,4
81096,11
81097,15
81098,18
81099,15
81100,6
81101,1
81102,15
81103,18
81104,10
81105,4
81106,13
81107,14
81108,5
81109,10
81110,15
81111,15
81112,4
81113,5
81114,12
81115,19
81116,4
81117,4
81118,15
81119,4
81120,19
81121,22
81122,22
81123,5
81124,15
81125,23
81126,15
81127,15
81128,15
81129,15
81130,22
81131,15
81132,22
81133,23
81134,19
81135,12
81136,11
81137,4
81138,10
81139,22
81140,1
81141,19
81142,9
81143,15
81144,13
81145,18
81146,15
81147,13
81148,4
81149,15
81150,22
81151,4
81152,4
81153,4
81154,22
81155,15
81156,15
81157,19
81158,15
81159,15
81160,23
81161,19
81162,22
81163,4
81164,15
81165,15
81166,4
81167,5
81168,18
81169,4
81170,23
81171,15
81172,13
81173,13
81174,22
81175,23
81176,15
81177,15
81178,15
81179,15
81180,4
81181,4
81182,4
81183,15
81184,15
81185,11
81186,22
81187,13
81188,19
81189,15
81190,1
81191,18
81192,19
81193,15
81194,23
81195,22
81196,22
81197,4
81198,15
81199,6
81200,15
81201,4
81202,15
81203,4
81204,22
81205,23
81206,13
81207,15
81208,13
81209,4
81210,18
81211,4
81212,23
81213,15
81214,19
81215,4
81216,4
81217,19
81218,4
81219,15
81220,23
81221,15
81222,22
81223,22
81224,15
81225,15
81226,19
81227,13
81228,15
81229,22
81230,15
81231,14
81232,13
81233,4
81234,15
81235,22
81236,15
81237,12
81238,19
81239,15
81240,19
81241,23
81242,18
81243,15
81244,18
81245,15
81246,13
81247,19
81248,15
81249,15
81250,19
81251,22
81252,19
81253,15
81254,19
81255,19
81256,15
81257,4
81258,13
81259,15
81260,15
81261,15
81262,15
81263,10
81264,19
81265,19
81266,15
81267,19
81268,19
81269,4
81270,23
81271,4
81272,22
81273,13
81274,22
81275,17
81276,12
81277,4
81278,1
81279,15
81280,19
81281,4
81282,19
81283,13
81284,15
81285,4
81286,4
81287,19
81288,19
81289,19
81290,4
81291,4
81292,15
81293,15
81294,15
81295,15
81296,12
81297,15
81298,4
81299,13
81300,23
81301,12
81302,4
81303,15
81304,10
81305,4
81306,4
81307,13
81308,15
81309,2
81310,18
81311,19
81312,22
81313,15
81314,14
81315,10
81316,19
81317,15
81318,19
81319,15
81320,1
81321,15
81322,4
81323,13
81324,15
81325,19
81326,2
81327,16
81328,10
81329,19
81330,19
81331,4
81332,19
81333,2
81334,13
81335,12
81336,4
81337,15
81338,22
81339,19
81340,4
81341,19
81342,13
81343,23
81344,2
81345,13
81346,15
81347,15
81348,4
81349,13
81350,15
81351,13
81352,13
81353,15
81354,15
81355,15
81356,19
81357,22
81358,15
81359,15
81360,13
81361,9
81362,4
81363,19
81364,15
81365,15
81366,15
81367,4
81368,23
81369,15
81370,4
81371,4
81372,13
81373,14
81374,9
81375,10
81376,15
81377,4
81378,13
81379,11
81380,18
81381,6
81382,19
81383,15
81384,13
81385,19
81386,15
81387,22
81388,10
81389,19
81390,2
81391,4
81392,22
81393,4
81394,4
81395,22
81396,19
81397,4
81398,22
81399,15
81400,10
81401,13
81402,11
81403,19
81404,15
81405,15
81406,4
81407,22
81408,15
81409,15
81410,1
81411,4
81412,18
81413,4
81414,19
81415,15
81416,15
81417,15
81418,15
81419,18
81420,13
81421,22
81422,13
81423,15
81424,4
81425,15
81426,10
81427,15
81428,19
81429,22
81430,15
81431,19
81432,14
81433,13
81434,19
81435,4
81436,9
81437,23
81438,13
81439,13
81440,4
81441,11
81442,22
81443,15
81444,19
81445,2
81446,13
81447,15
81448,15
81449,15
81450,22
81451,15
81452,4
81453,13
81454,4
81455,15
81456,10
81457,15
81458,22
81459,4
81460,13
81461,19
81462,4
81463,22
81464,13
81465,15
81466,4
81467,22
81468,4
81469,18
81470,15
81471,19
81472,6
81473,23
81474,18
81475,19
81476,4
81477,4
81478,13
81479,18
81480,10
81481,6
81482,15
81483,19
81484,13
81485,4
81486,15
81487,4
81488,13
81489,15
81490,13
81491,15
81492,4
81493,15
81494,13
81495,22
81496,6
81497,15
81498,20
81499,4
81500,15
81501,15
81502,18
81503,4
81504,4
81505,10
81506,13
81507,4
81508,13
81509,19
81510,23
81511,15
81512,13
81513,15
81514,4
81515,5
81516,23
81517,6
81518,22
81519,19
81520,15
81521,10
81522,13
81523,19
81524,19
81525,23
81526,13
81527,15
81528,15
81529,1
81530,15
81531,4
81532,10
81533,18
81534,13
81535,2
81536,13
81537,19
81538,13
81539,15
81540,22
81541,15
81542,15
81543,9
81544,4
81545,15
81546,9
81547,23
81548,15
81549,2
81550,4
81551,15
81552,13
81553,4
81554,15
81555,23
81556,11
81557,14
81558,23
81559,15
81560,19
81561,4
81562,15
81563,13
81564,22
81565,15
81566,5
81567,0
81568,14
81569,4
81570,18
81571,4
81572,14
81573,19
81574,15
81575,15
81576,6
81577,19
81578,9
81579,14
81580,19
81581,15
81582,15
81583,15
81584,15
81585,22
81586,13
81587,15
81588,23
81589,19
81590,18
81591,19
81592,10
81593,15
81594,15
81595,22
81596,22
81597,23
81598,13
81599,15
